player,name_key,team,position,sleeper_id,sleeper_ppr_adp,sleeper_half_adp,sleeper_std_adp
Cameron Latu,cameron latu,NE,TE,10210,673.1,666.7,
Camerun Peoples,camerun peoples,,RB,10211,,647.4,
Josh Whyle,josh whyle,GB,TE,10212,695.5,685.2,
Tre Tucker,tre tucker,LV,WR,10213,202.0,181.5,187.5
Davis Allen,davis allen,LAR,TE,10214,660.7,676.6,
Jake Haener,jake haener,NYG,QB,10215,654.7,659.3,
Kenny McIntosh,kenny mcintosh,,RB,10216,684.4,667.8,
Clayton Tune,clayton tune,,QB,10217,,643.8,
Xavier Hutchinson,xavier hutchinson,HOU,WR,10218,,679.1,
Chris Rodriguez,chris rodriguez,JAX,RB,10219,139.9,125.8,142.5
Will Mallory,will mallory,IND,TE,10220,698.5,681.4,
Ronnie Bell,ronnie bell,,WR,10221,686.6,683.3,
Jayden Reed,jayden reed,GB,WR,10222,109.9,101.3,118.6
Eric Gray,eric gray,,RB,10223,,658.0,
Brayden Willis,brayden willis,SF,TE,10224,682.8,695.5,
Jonathan Mingo,jonathan mingo,DAL,WR,10225,699.9,693.3,
Andrei Iosivas,andrei iosivas,CIN,WR,10226,,700.9,
Payne Durham,payne durham,TB,TE,10227,564.0,620.5,
Charlie Jones,charlie jones,NYG,WR,10228,,659.8,
Rashee Rice,rashee rice,KC,WR,10229,29.0,29.2,34.2
Jalen Wayne,jalen wayne,,WR,10230,687.5,503.0,
Elijah Higgins,elijah higgins,ARI,TE,10231,,668.1,
Michael Wilson,michael wilson,ARI,WR,10232,85.3,89.4,75.2
Max Duggan,max duggan,,QB,10233,,647.7,
Derius Davis,derius davis,LAC,WR,10234,,615.3,
Roschon Johnson,roschon johnson,CHI,RB,10235,,670.7,
Dalton Kincaid,dalton kincaid,BUF,TE,10236,87.6,91.5,81.1
Nick Foles,nick foles,,QB,1029,,686.5,
Brandon Bolden,brandon bolden,,RB,1034,634.3,666.7,
Cedric Tillman,cedric tillman,NO,WR,10444,667.4,697.6,
Lamar Miller,lamar miller,,RB,1048,699.5,655.8,
Ryan Tannehill,ryan tannehill,,QB,1049,623.1,677.8,
Mohamed Ibrahim,mohamed ibrahim,,RB,10651,696.7,700.3,
Marvin Jones,marvin jones,,WR,1067,650.5,470.6,
Mohamed Sanu,mohamed sanu,,WR,1071,697.7,641.7,
Travis Benjamin,travis benjamin,,WR,1077,673.0,689.0,
Stetson Bennett,stetson bennett,LAR,QB,10857,,699.3,
Sam LaPorta,sam laporta,DET,TE,10859,58.8,64.5,79.4
Malik Cunningham,malik cunningham,,WR,10860,669.0,671.5,
Xazavian Valladay,xazavian valladay,,RB,10861,562.0,681.1,
Dorian Thompson-Robinson,dorian thompson robinson,,QB,10862,664.4,578.8,
A.T. Perry,a t perry,,WR,10863,631.0,654.0,
Travis Dye,travis dye,,RB,10865,694.1,634.7,
Aidan O'Connell,aidan o connell,LV,QB,10866,662.3,620.0,
Jake Bobo,jake bobo,SEA,WR,10867,,635.9,
Matt Landers,matt landers,,WR,10869,593.0,695.0,
Deneric Prince,deneric prince,,RB,10870,692.4,694.0,
Luke Schoonmaker,luke schoonmaker,DAL,TE,10871,,668.8,
Sean Clifford,sean clifford,SF,QB,10983,,618.5,
Grant DuBose,grant dubose,,WR,11024,,629.2,
Jalen Brooks,jalen brooks,ARI,WR,11034,691.3,661.0,
Colton Dowell,colton dowell,,WR,11046,274.0,476.3,
Antoine Green,antoine green,,WR,11053,671.8,662.0,
Jared Wayne,jared wayne,HOU,WR,11056,682.0,675.0,
Robert Burns,robert burns,,RB,11060,431.2,654.3,
Adrian Martinez,adrian martinez,,QB,11065,635.0,651.8,
Mitch Tinsley,mitch tinsley,HOU,WR,11068,,607.9,
Kazmeir Allen,kazmeir allen,,WR,11070,671.6,669.5,
Thayer Thomas,thayer thomas,,WR,11073,264.0,677.0,
Malik Knowles,malik knowles,,WR,11080,445.3,685.4,
Cephus Johnson,cephus johnson,,WR,11081,566.1,682.5,
Ben Sims,ben sims,MIA,TE,11082,468.0,677.2,
Jordan Byrd,jordan byrd,,WR,11089,575.7,697.3,
Kearis Jackson,kearis jackson,,WR,11099,645.1,639.6,
Marcedes Lewis,marcedes lewis,,TE,111,631.1,700.0,
T.Y. Hilton,t y hilton,,WR,1110,,461.4,
Charles McClelland,charles mcclelland,,RB,11102,494.8,663.8,
SaRodorick Thompson,sarodorick thompson,,RB,11104,673.0,692.4,
Shaquan Davis,shaquan davis,,WR,11105,559.5,661.1,
Sy Barnett,sy barnett,,WR,11111,564.8,681.3,
Joel Wilson,joel wilson,TEN,TE,11113,408.1,691.9,
Elijah Dotson,elijah dotson,,RB,11114,658.3,668.8,
Terrell Bynum,terrell bynum,,WR,11115,505.1,658.2,
Tyler Hoosman,tyler hoosman,,RB,11123,659.5,624.0,
Michael Ezeike,michael ezeike,,TE,11126,631.7,590.5,
Pokey Wilson,pokey wilson,,WR,11130,700.8,493.0,
Jaray Jenkins,jaray jenkins,,WR,11133,659.4,609.0,
Oliver Martin,oliver martin,,WR,11136,650.0,566.0,
Elijah Cooks,elijah cooks,,WR,11139,235.0,611.5,
Leonard Taylor,leonard taylor,,TE,11140,668.0,564.3,
Tyler Hudson,tyler hudson,,WR,11148,,492.5,
Christian Sims,christian sims,,TE,11155,547.1,610.4,
Brycen Tremayne,brycen tremayne,CAR,WR,11157,675.5,613.5,
Jalen Sample,jalen sample,,WR,11158,,675.2,
Zion Bowens,zion bowens,,WR,11159,681.5,293.5,
Tim DeMorat,tim demorat,,QB,11163,671.5,655.0,
Xavier Smith,xavier smith,LAR,WR,11168,551.0,588.8,
Dresser Winn,dresser winn,,QB,11169,655.8,661.0,
Shae Wyatt,shae wyatt,,WR,11172,454.0,692.4,
Khalan Laborn,khalan laborn,,RB,11176,629.0,699.3,
Ronald Awatt,ronald awatt,,RB,11182,656.5,612.9,
Daniel Arias,daniel arias,,WR,11184,676.0,609.3,
Carlos Washington,carlos washington,,RB,11186,270.0,677.8,
Zay Malone,zay malone,,WR,11189,372.5,670.2,
Keilahn Harris,keilahn harris,,WR,11190,631.3,529.0,
Justin Marshall,justin marshall,,WR,11191,,385.7,
Malik Flowers,malik flowers,,WR,11192,614.6,622.9,
Joel Honigford,joel honigford,,TE,11197,647.9,554.8,
Emari Demercado,emari demercado,DAL,RB,11199,,678.5,
Blake Whiteheart,blake whiteheart,CLE,TE,11201,,617.8,
Duece Watts,duece watts,,WR,11204,695.0,688.8,
Malik Heath,malik heath,ATL,WR,11210,637.0,391.5,
Camren McDonald,camren mcdonald,,TE,11213,582.1,615.5,
Tanner Morgan,tanner morgan,,QB,11214,693.0,683.8,
Holton Ahlers,holton ahlers,,QB,11216,636.8,683.5,
Marcus Cooper,marcus cooper,,RB,11222,623.7,600.0,
John Hall,john hall,,WR,11223,,541.2,
Griffin Hebert,griffin hebert,,TE,11224,609.2,608.5,
Noah Gindorff,noah gindorff,,TE,11225,699.8,304.0,
Tyjon Lindsey,tyjon lindsey,,WR,11226,,694.3,
Calvin Tyler,calvin tyler,,RB,11229,657.6,696.6,
Christian Trahan,christian trahan,,TE,11231,305.3,509.3,
Isaiah Winstead,isaiah winstead,,WR,11232,679.8,521.8,
Jacob Saylors,jacob saylors,DET,RB,11237,556.7,492.8,
Patrick Murtagh,patrick murtagh,,TE,11245,540.0,686.6,
Mac Hippenhammer,mac hippenhammer,,WR,11247,,690.0,
Chris Smith,chris smith,,RB,11249,608.9,669.4,
Tyson Bagent,tyson bagent,CHI,QB,11256,,606.0,
Shedrick Jackson,shedrick jackson,,WR,11257,587.0,608.0,
Damien Caffrey,damien caffrey,,TE,11262,620.5,510.3,
Thyrick Pitts,thyrick pitts,,WR,11266,631.0,620.0,
Aron Cruickshank,aron cruickshank,,WR,11267,,618.6,
Hassan Hall,hassan hall,,RB,11270,615.7,507.5,
Joseph Ngata,joseph ngata,,WR,11276,421.0,680.3,
Brady Russell,brady russell,SEA,RB,11280,636.0,540.9,
Johnny King,johnny king,,WR,11282,662.0,614.7,
Darius Hagans,darius hagans,,RB,11283,430.0,479.7,
Cody Chrest,cody chrest,,WR,11284,383.0,661.5,
Tommy DeVito,tommy devito,NE,QB,11292,,655.5,
Ryan Jones,ryan jones,,TE,11298,350.5,603.9,
Zavier Scott,zavier scott,CHI,RB,11299,693.0,691.0,
Braxton Westfield,braxton westfield,,WR,11301,341.7,687.0,
E.J. Jenkins,e j jenkins,PHI,TE,11304,359.3,593.5,
Xavier Gipson,xavier gipson,,WR,11306,531.0,565.6,
Jason Brownlee,jason brownlee,,WR,11311,,518.1,
T.J. Luther,t j luther,,WR,11312,643.1,447.3,
Nikko Remigio,nikko remigio,KC,WR,11320,,498.0,
Josh Vann,josh vann,,WR,11329,,429.3,
Keytaon Thompson,keytaon thompson,,WR,11344,287.5,493.8,
Chase Cota,chase cota,,WR,11347,640.0,469.0,
Thomas Greaney,thomas greaney,,TE,11351,471.8,639.0,
Tyler Adams,tyler adams,,WR,11357,280.5,431.7,
Kody Case,kody case,,WR,11359,649.0,293.3,
Chris Coleman,chris coleman,,WR,11366,642.8,671.5,
Daewood Davis,daewood davis,,WR,11367,402.4,464.3,
Chris Brooks,chris brooks,GB,RB,11370,,695.2,
Julian Hill,julian hill,NE,TE,11371,668.8,638.9,
James Blackman,james blackman,,QB,11374,,626.5,
Tyrell Shavers,tyrell shavers,BUF,WR,11377,651.4,421.0,
Jordan Mims,jordan mims,,RB,11378,463.7,478.6,
Johnny Lumpkin,johnny lumpkin,,TE,11380,602.0,528.3,
Travis Vokolek,travis vokolek,ARI,TE,11381,,457.8,
Dontay Demus,dontay demus,,WR,11382,628.0,512.2,
Owen Wright,owen wright,,RB,11384,700.4,546.0,
Brian Walker,brian walker,,TE,11385,454.0,685.3,
Sean Ryan,sean ryan,,WR,11387,625.8,425.8,
Nolan Henderson,nolan henderson,,QB,11388,670.7,664.5,
Braxton Burmeister,braxton burmeister,,WR,11410,643.9,557.2,
Ronnie Brown,ronnie brown,,RB,11413,643.0,476.4,
Tanner Taula,tanner taula,,TE,11415,436.0,673.0,
Taye Barber,taye barber,,WR,11418,,310.7,
Kade Warner,kade warner,,WR,11419,,345.7,
Ryan Miller,ryan miller,MIA,WR,11421,639.7,399.0,
Isaiah Bowser,isaiah bowser,,RB,11431,507.2,676.0,
Nate Adkins,nate adkins,DEN,TE,11433,627.5,651.7,
Emanuel Wilson,emanuel wilson,SEA,RB,11435,250.3,265.7,160.6
Dallas Daniels,dallas daniels,,WR,11438,,394.0,
Jaleel McLaughlin,jaleel mclaughlin,CLE,RB,11439,,660.9,
Cole Beasley,cole beasley,,WR,1144,,636.0,
Taylor Grimes,taylor grimes,,WR,11445,639.3,284.0,
Kris Leach,kris leach,,TE,11447,497.0,675.0,
Jesse Matthews,jesse matthews,,WR,11452,403.0,255.0,
Tre'Shaun Harrison,tre shaun harrison,,WR,11456,681.1,289.0,
John Samuel Shenker,john samuel shenker,,TE,11467,657.9,683.5,
Alfonzo Graham,alfonzo graham,,RB,11472,,652.5,
Dylan Drummond,dylan drummond,ATL,WR,11474,251.0,290.0,
Ellis Merriweather,ellis merriweather,,RB,11483,291.2,373.0,
Alshon Jeffery,alshon jeffery,,WR,1149,,651.2,
Austin Aune,austin aune,,QB,11491,663.2,698.3,
Jordan Murray,jordan murray,,TE,11493,,490.0,
Bryan Thompson,bryan thompson,,WR,11495,448.3,,
Braydon Johnson,braydon johnson,,WR,11496,645.3,,
Brian Cobbs,brian cobbs,,WR,11502,678.2,677.8,
Jose Barbon,jose barbon,,WR,11504,692.0,,
Jalen Moreno-Cropper,jalen moreno cropper,NO,WR,11506,,699.8,
Princeton Fant,princeton fant,DAL,TE,11508,256.0,560.5,
John Stephens,john stephens,,TE,11511,,646.5,
Lucky Jackson,lucky jackson,DET,WR,11520,666.6,619.9,
Jadakis Bonds,jadakis bonds,,WR,11521,495.0,,
Jerome Kapp,jerome kapp,,WR,11522,635.0,,
Cody Chrest,cody chrest,,WR,11523,,682.5,
Izaiah Gathings,izaiah gathings,,TE,11524,,556.0,
Garett Maag,garett maag,,WR,11528,241.0,,
Ed Lee,ed lee,,WR,11529,648.0,287.0,
Milton Wright,milton wright,,WR,11536,464.0,,
Wayne Taulapapa,wayne taulapapa,,RB,11537,652.2,629.5,
La'Michael Pettway,la michael pettway,,TE,11540,,290.5,
Lachlan Pitts,lachlan pitts,,TE,11543,694.8,316.6,
Aaron Dykes,aaron dykes,,RB,11548,596.1,499.3,
Chase Cota,chase cota,,WR,11554,603.5,,
Devin Leary,devin leary,,QB,11556,677.3,569.0,
Joe Milton,joe milton,DAL,QB,11557,,684.4,
Sam Hartman,sam hartman,WAS,QB,11558,660.9,690.1,
Michael Penix,michael penix,ATL,QB,11559,227.9,694.7,230.6
Caleb Williams,caleb williams,CHI,QB,11560,71.5,74.2,91.7
Michael Pratt,michael pratt,,QB,11561,695.2,683.2,
Spencer Rattler,spencer rattler,NO,QB,11562,,686.3,
Bo Nix,bo nix,DEN,QB,11563,117.0,118.3,121.1
Drake Maye,drake maye,NE,QB,11564,48.6,51.0,49.6
J.J. McCarthy,j j mccarthy,MIN,QB,11565,224.2,653.9,227.1
Jayden Daniels,jayden daniels,WAS,QB,11566,66.7,69.9,65.7
Jordan Travis,jordan travis,,QB,11567,,607.2,
Blake Watson,blake watson,,RB,11568,502.3,252.0,
Jarquez Hunter,jarquez hunter,,RB,11569,240.6,698.4,191.4
Rasheen Ali,rasheen ali,BAL,RB,11570,,682.0,
Isaiah Davis,isaiah davis,NYJ,RB,11571,,695.4,
Frank Gore,frank gore,BUF,RB,11573,,650.4,
Dylan Laube,dylan laube,LV,RB,11574,,606.8,
Ray Davis,ray davis,BUF,RB,11575,224.5,205.6,167.3
Braelon Allen,braelon allen,NYJ,RB,11576,205.0,186.6,134.7
Will Shipley,will shipley,PHI,RB,11577,,685.8,
Audric Estime,audric estime,NO,RB,11579,237.4,692.6,189.8
Dillon Johnson,dillon johnson,,RB,11580,649.3,,
MarShawn Lloyd,marshawn lloyd,GB,RB,11581,159.4,136.4,
Carson Steele,carson steele,PHI,RB,11582,629.5,624.6,
Jonathon Brooks,jonathon brooks,CAR,RB,11583,100.0,87.0,143.7
Bucky Irving,bucky irving,TB,RB,11584,43.9,47.3,32.3
Blake Corum,blake corum,LAR,RB,11586,101.0,92.3,68.1
Jawhar Jordan,jawhar jordan,HOU,RB,11588,,642.8,
Trey Benson,trey benson,ARI,RB,11589,255.2,263.6,114.3
Jase McClellan,jase mcclellan,,RB,11590,474.0,,
Erick All,erick all,CIN,TE,11592,,565.3,
Jared Wiley,jared wiley,KC,TE,11595,677.5,435.0,
Ben Sinnott,ben sinnott,WAS,TE,11596,,671.5,
Theo Johnson,theo johnson,NYG,TE,11597,232.2,262.8,144.2
Tanner McLachlan,tanner mclachlan,,TE,11598,697.7,554.5,
Cade Stover,cade stover,HOU,TE,11599,,592.7,
Ja'Tavion Sanders,ja tavion sanders,CAR,TE,11600,,694.3,
Trey Knox,trey knox,,TE,11601,,514.8,
AJ Barner,aj barner,SEA,TE,11603,182.6,196.2,125.9
Brock Bowers,brock bowers,LV,TE,11604,23.1,23.6,30.2
Jaheim Bell,jaheim bell,,TE,11605,,647.5,
Hayden Hatten,hayden hatten,,WR,11607,500.0,,
Isaiah Williams,isaiah williams,NYJ,WR,11608,,649.5,
Malik Washington,malik washington,MIA,WR,11610,176.4,179.5,
Jacob Cowing,jacob cowing,SF,WR,11616,,693.9,
Malachi Corley,malachi corley,CLE,WR,11617,242.0,564.2,
Jalen McMillan,jalen mcmillan,TB,WR,11618,210.8,210.7,165.4
Ja'Lynn Polk,ja lynn polk,,WR,11619,689.5,340.5,
Rome Odunze,rome odunze,CHI,WR,11620,65.7,62.7,67.6
Brenden Rice,brenden rice,,WR,11621,677.5,678.7,
Jordan Whittington,jordan whittington,LAR,WR,11623,,647.5,
Xavier Worthy,xavier worthy,KC,WR,11624,138.4,127.4,121.5
Adonai Mitchell,adonai mitchell,NYJ,WR,11625,231.0,223.2,162.2
Xavier Legette,xavier legette,CAR,WR,11626,,686.5,
Troy Franklin,troy franklin,DEN,WR,11627,241.8,263.6,170.5
Marvin Harrison,marvin harrison,ARI,WR,11628,76.7,73.9,82.6
Devontez Walker,devontez walker,BAL,WR,11629,,650.1,
Roman Wilson,roman wilson,PIT,WR,11630,,688.0,
Brian Thomas,brian thomas,JAX,WR,11631,74.9,75.3,78.9
Malik Nabers,malik nabers,NYG,WR,11632,26.0,28.5,30.3
Ladd McConkey,ladd mcconkey,LAC,WR,11635,35.5,35.2,46.8
Johnny Wilson,johnny wilson,PHI,WR,11636,,700.0,
Keon Coleman,keon coleman,BUF,WR,11637,234.8,242.2,205.5
Ricky Pearsall,ricky pearsall,SF,WR,11638,244.4,693.0,400.0
Jermaine Burton,jermaine burton,,WR,11640,594.0,535.0,
Jaylen Wright,jaylen wright,MIA,RB,11643,247.9,225.0,173.8
Cody Schrader,cody schrader,DEN,RB,11644,,664.7,
Javon Baker,javon baker,,WR,11645,665.9,483.3,
Jalen Coker,jalen coker,CAR,WR,11646,147.4,145.5,131.8
Kimani Vidal,kimani vidal,LAC,RB,11647,237.8,228.2,140.7
Kedon Slovis,kedon slovis,GB,QB,11648,664.0,590.6,
Kendall Milton,kendall milton,CIN,RB,11649,687.3,657.0,
Luke McCaffrey,luke mccaffrey,WAS,WR,11650,,620.4,
Isaac Guerendo,isaac guerendo,SF,RB,11651,,677.5,
Louis Rees-Zammit,louis rees zammit,,RB,11652,697.7,496.9,
Dante Miller,dante miller,,RB,11654,487.7,,
Tyrone Tracy,tyrone tracy,NYG,RB,11655,174.5,152.1,109.5
Kirk Cousins,kirk cousins,LV,QB,1166,,685.6,
Robert Griffin,robert griffin,,QB,1169,668.5,698.0,
Alfred Morris,alfred morris,,RB,1170,463.4,629.9,
Sione Vaki,sione vaki,DET,RB,11729,,527.3,
Bub Means,bub means,,WR,11748,688.0,663.0,
Anthony Gould,anthony gould,IND,WR,11762,,368.7,
Ryan Flournoy,ryan flournoy,DAL,WR,11783,230.7,231.7,198.5
Casey Washington,casey washington,CAR,WR,11806,243.0,261.0,
Jha'Quan Jackson,jha quan jackson,,WR,11808,688.4,356.3,
Cornelius Johnson,cornelius johnson,,WR,11815,634.9,,
Devin Culp,devin culp,TB,TE,11820,668.9,,
Tahj Washington,tahj washington,,WR,11821,,657.4,
Devaughn Vele,devaughn vele,NO,WR,11834,239.8,680.1,208.6
Casey Bauman,casey bauman,,QB,11848,485.3,593.5,
Carter Bradley,carter bradley,JAX,QB,11851,418.5,278.0,
Daijun Edwards,daijun edwards,,RB,11857,659.0,,
John Rhys Plumlee,john rhys plumlee,,QB,11859,643.5,642.3,
Luke Benson,luke benson,,TE,11862,,257.0,
Leon Johnson,leon johnson,,WR,11863,676.5,,
Zach Heins,zach heins,,TE,11864,549.0,,
Jaelen Gill,jaelen gill,,WR,11867,618.4,,
Jaylen Johnson,jaylen johnson,,WR,11874,266.9,,
Ramel Keyton,ramel keyton,,WR,11885,247.0,659.5,
Mason Tipton,mason tipton,NO,WR,11895,490.0,473.0,
Jermaine Jackson,jermaine jackson,,WR,11897,650.0,418.7,
Jacob Kibodi,jacob kibodi,,RB,11900,365.5,,
Kyle Sheets,kyle sheets,,WR,11901,685.3,,
Jeshaun Jones,jeshaun jones,MIN,WR,11911,496.8,495.8,
Devron Harper,devron harper,,WR,11913,424.0,,
Ahmarean Brown,ahmarean brown,,WR,11918,666.1,686.0,
Xavier Weaver,xavier weaver,,WR,11921,647.0,437.0,
Tanner Mordecai,tanner mordecai,,QB,11924,623.9,501.0,
Terique Owens,terique owens,,WR,11925,,682.8,
Austin Reed,austin reed,,QB,11931,674.0,607.8,
Mike DiLiello,mike diliello,,QB,11932,690.5,655.7,
JaQuae Jackson,jaquae jackson,,WR,11940,656.5,302.0,
Isaiah Wooden,isaiah wooden,,WR,11941,636.0,,
Colson Yankoff,colson yankoff,WAS,TE,11942,,678.1,
Michael Wiley,michael wiley,,RB,11943,465.0,,
Marcus Rosemy-Jacksaint,marcus rosemy jacksaint,,WR,11946,488.0,379.0,
Austin Jones,austin jones,,RB,11947,388.0,629.9,
Sam Schnee,sam schnee,,WR,11957,428.0,,
Bryce Oliver,bryce oliver,CLE,WR,11959,656.0,,
Steven Stilianos,steven stilianos,,TE,11960,688.5,628.0,
Emory Jones,emory jones,,QB,11961,655.5,672.0,
Tayvion Robinson,tayvion robinson,,WR,11962,683.0,,
Chris Collier,chris collier,LV,RB,11963,654.2,670.1,
Dayton Wade,dayton wade,,WR,11964,444.4,469.4,
Xavier Johnson,xavier johnson,,WR,11969,469.4,,
Jordan Terrell,jordan terrell,,RB,11975,566.2,,
Isaiah Washington,isaiah washington,,WR,11982,248.0,,
D.J. Williams,d j williams,,RB,11989,689.6,,
Kameron Johnson,kameron johnson,TB,WR,11994,,652.0,
Zack Annexstad,zack annexstad,,QB,11995,500.7,615.8,
Gunnar Watson,gunnar watson,,QB,12003,555.6,663.0,
Nathaniel Peat,nathaniel peat,,RB,12007,316.7,,
Jack Plummer,jack plummer,,QB,12009,661.2,585.0,
Devin Carter,devin carter,,WR,12019,669.1,,
Kobe Lewis,kobe lewis,,RB,12026,244.5,,
TaMerik Williams,tamerik williams,,RB,12028,319.5,,
Tyler Harrell,tyler harrell,,WR,12029,236.0,,
Ian Wheeler,ian wheeler,,RB,12036,687.3,,
TD Ayo-Durojaiye,td ayo durojaiye,,RB,12039,610.5,676.4,
Jack Westover,jack westover,WAS,TE,12045,625.5,263.0,
Chevan Cordeiro,chevan cordeiro,,QB,12046,547.2,610.7,
George Holani,george holani,SEA,RB,12048,,700.0,
Noah Cain,noah cain,,RB,12061,357.0,,
Cam Grandy,cam grandy,MIN,TE,12062,599.7,,
Rocky Lombardi,rocky lombardi,,QB,12063,,532.8,
Elijah Collins,elijah collins,,RB,12066,380.5,,
Mason Pline,mason pline,,TE,12068,607.0,,
McCallan Castles,mccallan castles,,TE,12070,,250.0,
Talik Keaton,talik keaton,,WR,12074,661.8,,
Lincoln Victor,lincoln victor,,WR,12077,668.0,,
Treyton Welch,treyton welch,NO,TE,12079,516.5,,
Aidan Robbins,aidan robbins,,RB,12080,690.3,,
Alec Holler,alec holler,,TE,12085,670.0,,
Cam Johnson,cam johnson,,WR,12086,601.3,,
Jjay Mcafee,jjay mcafee,,TE,12095,670.0,331.0,
Chris Autman-Bell,chris autman bell,,WR,12100,287.7,457.3,
Dylan Leonard,dylan leonard,,TE,12107,659.8,,
Rhett Ellison,rhett ellison,,TE,1211,674.5,286.7,
Thomas Yassmin,thomas yassmin,GB,TE,12113,628.9,,
Joshua Cephus,joshua cephus,,WR,12114,586.0,,
Jacob Warren,jacob warren,,TE,12118,616.8,665.3,
Isaac Rex,isaac rex,,TE,12126,507.5,296.0,
Jalon Calhoun,jalon calhoun,,WR,12129,606.0,,
Drake Stoops,drake stoops,,WR,12133,683.7,,
Sam Wiglusz,sam wiglusz,,WR,12134,537.4,,
Neal Johnson,neal johnson,,TE,12135,633.8,,
Je'Quan Burton,je quan burton,,WR,12144,487.0,245.0,
Gavin Hardison,gavin hardison,,QB,12149,671.7,365.0,
Jarius Wright,jarius wright,,WR,1215,535.0,,
Jarveon Howard,jarveon howard,,RB,12150,248.0,,
Julian Hicks,julian hicks,SEA,WR,12151,573.0,,
Messiah Swinson,messiah swinson,CLE,TE,12154,335.2,,
Spencer Sanders,spencer sanders,,QB,12165,,644.8,
Trey Potts,trey potts,,RB,12166,615.0,,
Zach Mathis,zach mathis,,WR,12168,614.3,,
Reggie Brown,reggie brown,,WR,12169,690.1,,
Jaaron Hayek,jaaron hayek,,WR,12170,664.8,272.0,
British Brooks,british brooks,HOU,RB,12171,390.3,668.9,
Jaxon Janke,jaxon janke,,WR,12173,666.5,,
Malcolm Epps,malcolm epps,,TE,12187,643.5,530.0,
Justin Strong,justin strong,,RB,12188,304.2,,
Xavier White,xavier white,,WR,12189,389.2,551.7,
Jason Bean,jason bean,,QB,12190,662.0,512.4,
Trent Pennix,trent pennix,,TE,12191,696.0,428.0,
John Paddock,john paddock,,QB,12197,674.0,672.3,
Cole Burgess,cole burgess,PIT,WR,12210,572.2,479.0,
Austin Stogner,austin stogner,,TE,12212,673.3,,
Kevin Foelsch,kevin foelsch,,TE,12215,643.4,,
Shawn Bowman,shawn bowman,ARI,TE,12217,638.2,698.2,
Jalen Jackson,jalen jackson,,RB,12218,244.0,501.8,
Joseph Scates,joseph scates,,WR,12222,685.1,,
David White,david white,,WR,12224,,519.0,
Lorenzo Lingard,lorenzo lingard,,RB,12226,618.0,,
Garrett Celek,garrett celek,,TE,1223,653.5,,
JJ Laap,jj laap,,WR,12231,455.1,606.8,
Marcus Riley,marcus riley,,WR,12235,623.6,,
Lincoln Sefcik,lincoln sefcik,,TE,12237,249.0,315.0,
Peewee Jarrett,peewee jarrett,,QB,12239,591.5,662.7,
DeAngelo Hardy,deangelo hardy,,WR,12244,615.1,,
Jelani Baker,jelani baker,,WR,12245,669.9,442.0,
Mike Rigerman,mike rigerman,,TE,12246,653.3,,
Riley Sharp,riley sharp,,TE,12250,653.3,,
Phillip Brooks,phillip brooks,,WR,12254,669.0,,
Baylor Cupp,baylor cupp,,TE,12256,646.7,275.0,
Taulia Tagovailoa,taulia tagovailoa,,QB,12259,690.4,669.5,
Mason Fairchild,mason fairchild,,TE,12260,621.0,,
Cole Beck,cole beck,,WR,12264,662.5,,
Qadir Ismail,qadir ismail,CHI,WR,12267,548.5,,
Colby Suits,colby suits,,QB,12268,636.5,397.0,
Andrew Peasley,andrew peasley,,QB,12270,651.4,445.0,
RJ Mobley,rj mobley,,WR,12276,682.7,,
John Matocha,john matocha,,QB,12277,678.0,422.0,
Jacob Sirmon,jacob sirmon,,QB,12278,650.0,,
Dimitri Stanley,dimitri stanley,,WR,12281,246.0,,
Dylan McDuffie,dylan mcduffie,,RB,12283,611.4,,
Michael Herzog,michael herzog,,RB,12284,678.7,,
Cade Peterson,cade peterson,,QB,12285,636.1,,
Mathieu Severance,mathieu severance,,RB,12288,485.7,,
Dakota Caton,dakota caton,,WR,12291,514.0,,
Kaylon Horton,kaylon horton,,WR,12296,601.2,,
Joshua Lingenfelter,joshua lingenfelter,,TE,12300,694.5,,
La'Damian Webb,la damian webb,,RB,12306,628.5,,
Samson Evans,samson evans,,RB,12308,439.8,,
Daniel George,daniel george,,WR,12311,413.9,533.4,
Beau Corrales,beau corrales,,WR,12314,552.0,,
Robert Turbin,robert turbin,,RB,1232,581.0,,
Treyton Pickering,treyton pickering,,TE,12320,428.7,412.9,
William Thompson,william thompson,,QB,12324,564.6,303.0,
Dakereon Joyner,dakereon joyner,,WR,12333,697.8,,
Russell Wilson,russell wilson,,QB,1234,694.8,662.3,
Alex Larson,alex larson,,TE,12340,664.0,,
Jeremy Moussa,jeremy moussa,,QB,12352,554.2,,
Treveyon Pratt,treveyon pratt,,WR,12355,470.8,667.8,
Jabari Small,jabari small,DET,RB,12356,491.0,,
Latreal Jones,latreal jones,,WR,12360,279.0,,
Aeneas Dennis,aeneas dennis,,QB,12361,669.0,,
Praise Olatoke,praise olatoke,,WR,12370,698.0,672.0,
Hayden Rucci,hayden rucci,JAX,TE,12389,466.0,,
Tanner Knue,tanner knue,,WR,12395,237.0,288.0,
Jadon Janke,jadon janke,,WR,12398,566.0,,
Ramon Jefferson,ramon jefferson,,RB,12402,684.0,359.7,
Michael Hiers,michael hiers,,QB,12408,682.0,323.0,
John Jackson,john jackson,,WR,12410,,548.0,
Hamze El-Zayat,hamze el zayat,,WR,12413,351.0,,
Ben Bryant,ben bryant,,QB,12433,678.3,,
Kairee Robinson,kairee robinson,,RB,12434,638.7,443.0,
Geor'Quarius Spivey,geor quarius spivey,,TE,12435,437.2,643.2,
Josh Gordon,josh gordon,,WR,1244,684.0,652.8,
Devon Garrison,devon garrison,,TE,12443,366.6,,
Brashard Smith,brashard smith,KC,RB,12455,226.3,669.4,182.4
Jaydon Blue,jaydon blue,PHI,RB,12457,228.6,233.1,188.8
Damien Martinez,damien martinez,,RB,12462,,393.8,
Jordan James,jordan james,SF,RB,12467,,222.0,
Dylan Sampson,dylan sampson,CLE,RB,12469,190.4,195.1,128.5
Riley Leonard,riley leonard,IND,QB,12470,,683.3,
DJ Giddens,dj giddens,IND,RB,12471,,694.0,
Raheim Sanders,raheim sanders,CLE,RB,12472,,690.0,
Mitchell Evans,mitchell evans,CAR,TE,12473,,626.3,
Woody Marks,woody marks,HOU,RB,12474,149.0,141.9,104.9
Ricky White,ricky white,SEA,WR,12475,676.5,,
Devin Neal,devin neal,NO,RB,12476,211.9,685.9,168.5
Kurtis Rourke,kurtis rourke,SF,QB,12477,649.1,615.5,
Ja'Quinden Jackson,ja quinden jackson,PHI,RB,12479,,417.4,
Cam Skattebo,cam skattebo,NYG,RB,12481,42.4,37.5,41.3
Savion Williams,savion williams,GB,WR,12482,,678.8,
Jack Bech,jack bech,LV,WR,12483,238.2,676.7,207.7
Jayden Higgins,jayden higgins,HOU,WR,12484,214.3,214.2,126.3
Tez Johnson,tez johnson,TB,WR,12485,,673.8,
Dillon Gabriel,dillon gabriel,CLE,QB,12486,,522.0,
Terrance Ferguson,terrance ferguson,LAR,TE,12487,206.8,206.2,141.1
RJ Harvey,rj harvey,DEN,RB,12489,79.3,82.4,56.4
Bhayshul Tuten,bhayshul tuten,JAX,RB,12490,61.1,59.4,43.6
Corey Kiner,corey kiner,NE,RB,12491,487.0,695.2,
Pat Bryant,pat bryant,DEN,WR,12492,227.2,226.5,171.6
Oronde Gadsden,oronde gadsden,LAC,TE,12493,142.7,172.4,83.1
Kyle McCord,kyle mccord,MIA,QB,12494,,588.6,
Ollie Gordon,ollie gordon,MIA,RB,12495,,665.9,
Tai Felton,tai felton,MIN,WR,12496,692.7,700.0,
Tory Horton,tory horton,SEA,WR,12497,228.7,260.2,199.4
Mason Taylor,mason taylor,NYJ,TE,12498,224.3,667.6,137.5
Elic Ayomanor,elic ayomanor,TEN,WR,12499,241.5,699.1,184.8
Quinn Ewers,quinn ewers,JAX,QB,12500,,697.4,
Matthew Golden,matthew golden,GB,WR,12501,125.5,119.7,158.4
Gunnar Helm,gunnar helm,TEN,TE,12502,233.1,244.1,152.6
Isaiah Bond,isaiah bond,CLE,WR,12503,,682.5,
Kaleb Johnson,kaleb johnson,GB,RB,12504,215.5,638.1,172.7
Jalen Royals,jalen royals,KC,WR,12505,,686.3,
Harold Fannin,harold fannin,CLE,TE,12506,70.0,76.4,62.6
Omarion Hampton,omarion hampton,LAC,RB,12507,15.5,16.3,12.2
Jaxson Dart,jaxson dart,NYG,QB,12508,94.5,104.6,83.6
Tre' Harris,tre harris,LAC,WR,12509,230.5,229.3,178.7
Jalen Milroe,jalen milroe,SEA,QB,12510,,663.0,
Will Howard,will howard,PIT,QB,12511,,609.5,
Quinshon Judkins,quinshon judkins,CLE,RB,12512,53.7,49.4,44.8
Emeka Egbuka,emeka egbuka,TB,WR,12514,39.3,41.3,54.1
Donovan Edwards,donovan edwards,,RB,12515,631.8,638.6,
Kalel Mullings,kalel mullings,TEN,RB,12516,690.0,,
Colston Loveland,colston loveland,CHI,TE,12517,40.5,43.7,46.6
Tyler Warren,tyler warren,IND,TE,12518,49.1,50.3,56.8
Luther Burden,luther burden,CHI,WR,12519,55.9,60.6,39.7
Xavier Restrepo,xavier restrepo,TEN,WR,12520,675.0,633.1,
Elijah Arroyo,elijah arroyo,SEA,TE,12521,,667.7,
Cam Ward,cam ward,TEN,QB,12522,229.5,230.2,191.2
Jimmy Horn,jimmy horn,CAR,WR,12523,,663.1,
Shedeur Sanders,shedeur sanders,CLE,QB,12524,236.1,682.2,227.4
Tetairoa McMillan,tetairoa mcmillan,CAR,WR,12526,37.6,35.8,37.5
Ashton Jeanty,ashton jeanty,LV,RB,12527,14.0,14.9,11.5
Ajou Ajou,ajou ajou,,WR,12528,,630.8,
TreVeyon Henderson,treveyon henderson,NE,RB,12529,57.2,56.9,39.4
Travis Hunter,travis hunter,JAX,WR,12530,169.0,188.3,157.4
Trevor Etienne,trevor etienne,CAR,RB,12531,,690.4,
Ja'Corey Brooks,ja corey brooks,,WR,12532,677.1,689.5,
Jacory Croskey-Merritt,jacory croskey merritt,WAS,RB,12533,115.8,98.1,94.8
Kyle Monangai,kyle monangai,CHI,RB,12534,102.1,96.6,61.2
Isaac TeSlaa,isaac teslaa,DET,WR,12535,227.7,235.0,183.7
Jaylin Noel,jaylin noel,HOU,WR,12536,213.7,664.2,190.1
Brady Cook,brady cook,,QB,12538,,673.0,
Arian Smith,arian smith,NYJ,WR,12539,438.4,,
Chimere Dike,chimere dike,TEN,WR,12540,229.4,657.8,174.6
Dont'e Thornton,dont e thornton,LV,WR,12541,,677.0,
Efton Chism,efton chism,NE,WR,12542,,572.4,
Tahj Brooks,tahj brooks,CIN,RB,12543,,686.8,
LeQuint Allen,lequint allen,JAX,RB,12544,,690.0,
Tyler Shough,tyler shough,NO,QB,12545,188.6,188.3,147.5
Marcus Yarns,marcus yarns,,RB,12546,356.9,,
Kyle Williams,kyle williams,NE,WR,12547,222.1,683.8,195.2
Alex Tanney,alex tanney,,QB,1262,435.6,,
Jaylin Lane,jaylin lane,WAS,WR,12641,,691.0,
Robbie Ouzts,robbie ouzts,SEA,RB,12656,610.8,,
Jackson Hawes,jackson hawes,BUF,TE,12658,613.5,661.1,
KeAndre Lambert-Smith,keandre lambert smith,LAC,WR,12670,,647.5,
Cam Miller,cam miller,,QB,12688,666.4,,
Tommy Mellott,tommy mellott,,WR,12690,694.1,685.7,
LaJohntay Wester,lajohntay wester,BAL,WR,12699,,688.9,
Gavin Bartholomew,gavin bartholomew,MIN,TE,12700,667.2,,
Graham Mertz,graham mertz,HOU,QB,12705,521.5,640.0,
Thomas Fidone,thomas fidone,NYG,TE,12715,365.0,,
Konata Mumpfield,konata mumpfield,LAR,WR,12718,,678.2,
Kaden Prather,kaden prather,,WR,12721,593.5,,
Luke Lachey,luke lachey,,TE,12725,633.4,,
Francis Owusu,francis owusu,,WR,1273,317.0,,
Dominic Lovett,dominic lovett,DET,WR,12732,589.0,602.2,
Phil Mafah,phil mafah,,RB,12738,,665.1,
Junior Bergen,junior bergen,,WR,12743,673.4,268.0,
JP Richardson,jp richardson,CHI,WR,12746,662.5,,
Jamoi Mayes,jamoi mayes,,WR,12753,385.8,,
Kelly Akharaiyi,kelly akharaiyi,,WR,12755,333.0,,
Stephen Gosnell,stephen gosnell,BUF,WR,12756,589.1,386.7,
Hal Presley,hal presley,,WR,12757,301.0,,
Rashod Owens,rashod owens,,WR,12760,573.2,324.0,
Jordan Moore,jordan moore,CIN,WR,12761,634.3,,
Payton Thorne,payton thorne,,QB,12762,,543.0,
Keleki Latu,keleki latu,BUF,TE,12765,676.0,,
Courtney Jackson,courtney jackson,,WR,12772,637.0,300.7,
DJ Uiagalelei,dj uiagalelei,LAC,QB,12773,,693.5,
Max Brosmer,max brosmer,MIN,QB,12775,,559.9,
Connor Bazelak,connor bazelak,,QB,12776,654.6,,
Joaquin Davis,joaquin davis,,WR,12777,660.0,,
Jerjuan Newton,jerjuan newton,,WR,12778,650.0,,
Anthony Landphere,anthony landphere,,TE,12786,,500.0,
Josh Williams,josh williams,TB,RB,12787,655.4,663.0,
Will Sheppard,will sheppard,MIA,WR,12788,666.0,499.8,
Garrett Greene,garrett greene,TB,QB,12792,692.3,369.0,
Oscar Cardenas,oscar cardenas,,TE,12800,240.0,,
Mac Dalena,mac dalena,,WR,12809,476.5,,
Stevo Klotz,stevo klotz,,TE,12815,694.1,,
Jake Briningstool,jake briningstool,KC,TE,12817,536.6,692.8,
Ulysses Bentley,ulysses bentley,,RB,12826,644.1,259.0,
Coleman Owen,coleman owen,IND,WR,12829,244.0,,
Blayne Taylor,blayne taylor,,WR,12832,511.4,,
Jimmy Bell,jimmy bell,,TE,12834,663.8,487.0,
Josh Kelly,josh kelly,HOU,WR,12848,603.0,537.3,
Traeshon Holden,traeshon holden,,WR,12849,460.2,,
Rivaldo Fairweather,rivaldo fairweather,,TE,12851,683.3,,
Theo Wease,theo wease,LAC,WR,12860,,665.5,
AJ Henning,aj henning,MIA,WR,12865,686.6,489.0,
Jalin Conyers,jalin conyers,,TE,12866,686.2,,
Joshua Simon,joshua simon,WAS,TE,12883,441.5,,
Quincy Skinner,quincy skinner,,WR,12884,615.9,,
Dalen Cambre,dalen cambre,NYG,WR,12888,686.5,,
Beaux Collins,beaux collins,ATL,WR,12889,679.9,,
Jordan Bly,jordan bly,,WR,12891,669.5,,
Da'Quan Felton,da quan felton,,WR,12892,647.0,491.0,
Nathan Carter,nathan carter,KC,RB,12897,699.0,609.0,
Seth Henigan,seth henigan,,QB,12898,269.0,,
Jermaine Kearse,jermaine kearse,,WR,1290,661.3,424.6,
Patrick Herbert,patrick herbert,LAC,TE,12901,530.7,581.5,
John Copenhaver,john copenhaver,,TE,12905,467.5,,
Quentin Skinner,quentin skinner,,WR,12907,574.0,,
Chandler Brayboy,chandler brayboy,,WR,12908,653.3,,
J.J. Jones,j j jones,,WR,12913,695.4,,
Jamaal Pritchett,jamaal pritchett,NYJ,WR,12925,637.8,,
Amar Johnson,amar johnson,LAC,RB,12928,699.5,453.8,
Caden Prieskorn,caden prieskorn,,TE,12933,613.4,,
Jakobie Keeney-James,jakobie keeney james,,WR,12935,700.4,637.8,
Jackson Meeks,jackson meeks,DET,TE,12938,677.8,602.2,
Anthony Tyus,anthony tyus,CAR,RB,12939,572.0,,
Tre Stewart,tre stewart,,RB,12940,392.0,,
Bryson Nesbit,bryson nesbit,MIN,TE,12941,651.0,,
Dontae Fleming,dontae fleming,MIN,WR,12946,534.8,,
Kye Robichaux,kye robichaux,,RB,12954,455.0,657.3,
Kayron Lynch-Adams,kayron lynch adams,,RB,12963,394.7,,
Ethan Garbers,ethan garbers,,QB,12965,549.3,662.5,
Moose Muhammad,moose muhammad,,WR,12966,,680.0,
Jacolby George,jacolby george,,WR,12967,619.4,,
Lan Larison,lan larison,NE,RB,12969,,662.0,
Ke'Shawn Williams,ke shawn williams,CIN,WR,12971,636.0,660.3,
JJ Galbreath,jj galbreath,,TE,12975,575.2,,
DeMeer Blankumsee,demeer blankumsee,,WR,12976,,628.5,
Gee Scott,gee scott,,TE,12981,,592.0,
CJ Dippre,cj dippre,TB,TE,12984,617.1,,
Mario Williams,mario williams,,WR,13001,261.0,,
Anthony Torres,anthony torres,,TE,13005,655.0,,
Jordan Waters,jordan waters,LAR,RB,13010,,559.0,
Brennan Presley,brennan presley,LAR,WR,13011,646.5,502.0,
Mark Redman,mark redman,GB,TE,13013,323.1,,
Pat Conroy,pat conroy,,TE,13014,620.8,,
Hajj-Malik Williams,hajj malik williams,,QB,13017,642.4,334.8,
Sone Ntoh,sone ntoh,,RB,13022,689.8,551.3,
Moochie Dixon,moochie dixon,,WR,13026,658.1,539.6,
Tyrone Broden,tyrone broden,,WR,13034,659.0,,
Jahmal Banks,jahmal banks,,WR,13041,663.9,,
Xavier Guillory,xavier guillory,BAL,WR,13042,577.0,,
Chris Tyree,chris tyree,,WR,13043,232.0,,
Jacardia Wright,jacardia wright,SEA,RB,13047,677.2,659.3,
Daniel Jackson,daniel jackson,,WR,13053,238.0,527.5,
Ben Wooldridge,ben wooldridge,,QB,13065,273.0,,
Isaiah Neyor,isaiah neyor,GB,WR,13074,674.8,,
Myles Price,myles price,MIN,WR,13075,,699.5,
Jahdae Walker,jahdae walker,CHI,WR,13079,,663.9,
Kole Taylor,kole taylor,,TE,13085,659.0,,
Quali Conley,quali conley,,RB,13088,238.0,,
Gage Larvadain,gage larvadain,,WR,13101,648.0,,
Julian Fleming,julian fleming,,WR,13108,681.4,,
Zach Horton,zach horton,,TE,13110,691.3,697.5,
Dante Wright,dante wright,,WR,13113,661.8,,
Tre Watson,tre watson,MIA,TE,13116,636.9,,
Collin Schlee,collin schlee,,QB,13119,636.5,,
Josh Bellamy,josh bellamy,,WR,1312,679.0,,
Jacoby Jones,jacoby jones,WAS,WR,13120,604.6,,
Carter Runyon,carter runyon,LV,TE,13122,363.0,414.0,
Jeremiah Webb,jeremiah webb,NE,WR,13124,467.0,,
Rushawn Baker,rushawn baker,,RB,13128,,458.3,
Jermaine Terry,jermaine terry,,TE,13129,671.5,,
ShunDerrick Powell,shunderrick powell,,RB,13145,638.0,,
Darius Cooper,darius cooper,PHI,WR,13150,,657.8,
Nick Kallerup,nick kallerup,SEA,TE,13151,414.0,,
Giles Jackson,giles jackson,,WR,13153,678.8,,
Sam Pitz,sam pitz,,TE,13158,598.0,,
Reggie Brown,reggie brown,,TE,13160,688.8,,
Zakhari Franklin,zakhari franklin,,WR,13161,681.3,,
Maximilian Mang,maximilian mang,,TE,13162,464.5,,
Kisean Johnson,kisean johnson,,WR,13166,407.0,,
Jimmy Holiday,jimmy holiday,KC,WR,13173,563.0,680.5,
Kinkead Dent,kinkead dent,,QB,13175,,546.3,
Ja'seem Reed,ja seem reed,CAR,WR,13179,676.8,679.2,
Luke Floriea,luke floriea,,WR,13189,,676.5,
Taylor Elgersma,taylor elgersma,,QB,13190,685.3,574.7,
TJ Sheffield,tj sheffield,,WR,13191,633.5,,
Key'Shawn Smith,key shawn smith,,WR,13194,642.3,,
Montorie Foster,montorie foster,SEA,WR,13199,647.0,693.5,
Luke Deal,luke deal,,TE,13205,307.8,,
Drake Dabney,drake dabney,GB,TE,13210,409.3,,
Cade McDonald,cade mcdonald,,WR,13212,325.3,,
Hunter Dekkers,hunter dekkers,,QB,13217,678.6,,
Brett Gabbert,brett gabbert,,QB,13221,671.6,679.5,
Montana Lemonious-Craig,montana lemonious craig,,WR,13222,,647.8,
Sam Brown,sam brown,,WR,13225,622.0,,
Mitch Van Vooren,mitch van vooren,DAL,WR,13227,471.3,659.5,
Toa Taua,toa taua,,RB,13240,353.4,,
Jaden Smith,jaden smith,,WR,13246,,322.0,
Thomas Gordon,thomas gordon,DET,TE,13249,512.0,,
Nay'Quan Wright,nay quan wright,,RB,13250,433.5,,
Gunnar Oakes,gunnar oakes,,TE,13251,295.0,,
Shane Watts,shane watts,,RB,13255,467.2,,
Roderick Daniels,roderick daniels,,WR,13256,370.3,,
Phil Lutz,phil lutz,,WR,13258,532.7,,
Dohnte Meyers,dohnte meyers,CIN,WR,13264,627.5,686.4,
Elijah Sarratt,elijah sarratt,BAL,WR,13268,229.2,695.8,200.6
Fernando Mendoza,fernando mendoza,LV,QB,13269,187.0,204.2,188.5
CJ Daniels,cj daniels,LAR,WR,13270,,649.6,
Carson Beck,carson beck,ARI,QB,13272,,692.7,
Josh Cuevas,josh cuevas,BAL,TE,13273,697.1,671.5,
Germie Bernard,germie bernard,PIT,WR,13274,229.8,241.4,193.6
Ty Simpson,ty simpson,LAR,QB,13275,241.8,673.1,243.2
Omar Cooper,omar cooper,NYJ,WR,13276,194.9,197.5,150.9
CJ Donaldson,cj donaldson,NO,RB,13277,465.5,403.3,
Max Klare,max klare,LAR,TE,13278,248.8,694.2,211.5
Carnell Tate,carnell tate,TEN,WR,13279,67.7,68.1,60.8
Chamon Metayer,chamon metayer,,TE,13280,260.5,,
Jordyn Tyson,jordyn tyson,NO,WR,13281,104.9,109.7,62.4
Jack Endries,jack endries,CIN,TE,13282,,508.3,
Dylan Devezin,dylan devezin,,RB,13284,529.8,,
Malachi Fields,malachi fields,NYG,WR,13285,218.2,199.2,210.2
Jadarian Price,jadarian price,SEA,RB,13286,64.5,57.4,80.0
Jeremiyah Love,jeremiyah love,ARI,RB,13287,26.5,26.3,15.2
Nicholas Singleton,nicholas singleton,TEN,RB,13288,212.8,212.4,166.7
Drew Allar,drew allar,PIT,QB,13289,699.6,656.9,
Chris Hogan,chris hogan,,WR,1329,632.8,,
Jalen Moss,jalen moss,,WR,13290,692.0,,
Kejon Owens,kejon owens,,RB,13291,404.7,,
Lake McRee,lake mcree,PIT,TE,13292,700.3,470.0,
Ja'Kobi Lane,ja kobi lane,BAL,WR,13293,161.8,143.4,168.3
Makai Lemon,makai lemon,PHI,WR,13294,90.0,88.6,
Behren Morton,behren morton,NE,QB,13295,,684.0,
Caleb Douglas,caleb douglas,MIA,WR,13296,197.4,201.5,
Reggie Virgil,reggie virgil,ARI,WR,13297,,698.6,
KC Concepcion,kc concepcion,CLE,WR,13298,120.2,111.9,129.3
Nate Boerkircher,nate boerkircher,JAX,TE,13299,,673.5,
Le'Veon Moss,le veon moss,,RB,13300,,538.0,
Antonio Williams,antonio williams,WAS,WR,13301,235.8,238.2,155.5
Adam Randall,adam randall,BAL,RB,13302,,616.7,
Cade Klubnik,cade klubnik,NYJ,QB,13303,,649.6,
O'Mega Blake,o mega blake,,WR,13304,696.8,,
Mike Washington,mike washington,LV,RB,13305,160.2,137.0,138.5
Taylen Green,taylen green,CLE,QB,13306,,641.0,
Marlin Klein,marlin klein,HOU,TE,13307,,663.1,
Bauer Sharp,bauer sharp,TB,TE,13308,588.2,472.3,
Aaron Anderson,aaron anderson,,WR,13309,674.9,681.4,
Miller Moss,miller moss,,QB,13310,,573.0,
Chris Bell,chris bell,MIA,WR,13311,240.9,215.3,202.9
Josh Kattus,josh kattus,,TE,13312,699.2,,
Dean Connors,dean connors,LAR,RB,13315,666.2,699.0,
Eric Rivers,eric rivers,TB,WR,13316,695.3,,
Ted Hurst,ted hurst,TB,WR,13317,239.6,239.6,196.2
Noah Thomas,noah thomas,CIN,WR,13318,646.8,696.8,
Oscar Delp,oscar delp,NO,TE,13319,,677.9,
Zachariah Branch,zachariah branch,ATL,WR,13320,211.9,231.0,185.1
Dan Villari,dan villari,LAR,TE,13321,677.3,533.0,
Sam Roush,sam roush,CHI,TE,13322,,630.0,
Rahsul Faison,rahsul faison,,RB,13323,282.0,,
Matt Hibner,matt hibner,BAL,TE,13324,,685.5,
Jordan Hudson,jordan hudson,DAL,WR,13325,695.8,663.9,
DT Sheffield,dt sheffield,,WR,13326,,681.5,
Desmond Reid,desmond reid,,RB,13327,652.5,,
Anthony Hankerson,anthony hankerson,,RB,13328,671.8,,
Malik Benson,malik benson,LV,WR,13329,,543.5,
Kenyon Sadiq,kenyon sadiq,NYJ,TE,13330,173.3,193.7,108.5
Dae'Quan Wright,dae quan wright,,TE,13331,568.3,606.6,
Deion Burks,deion burks,IND,WR,13333,,670.0,
Cole Payton,cole payton,PHI,QB,13335,,643.2,
Emmett Johnson,emmett johnson,KC,RB,13337,208.1,183.3,112.5
Kevin Coleman,kevin coleman,MIA,WR,13338,,674.7,
Davon Booth,davon booth,IND,RB,13339,,353.0,
John Michael Gyllenborg,john michael gyllenborg,KC,TE,13342,611.2,696.3,
Jonah Coleman,jonah coleman,DEN,RB,13345,168.4,147.9,117.5
Denzel Boston,denzel boston,CLE,WR,13346,170.1,170.2,153.3
Demond Claiborne,demond claiborne,MIN,RB,13347,242.0,243.6,175.7
J'Mari Taylor,j mari taylor,JAX,RB,13348,,614.1,
Eli Stowers,eli stowers,PHI,TE,13349,238.9,248.9,139.8
Joe Fagnano,joe fagnano,BAL,QB,13350,664.0,655.6,
Junior Vandeross,junior vandeross,,WR,13351,239.0,,
Chris Brazzell,chris brazzell,CAR,WR,13353,400.0,689.1,400.0
Eric McAlister,eric mcalister,,WR,13354,330.0,,
Trebor Pena,trebor pena,JAX,WR,13356,662.5,643.8,
Lance Mason,lance mason,,TE,13357,685.2,,
Matt Barkley,matt barkley,,QB,1338,508.8,659.8,
Brenen Thompson,brenen thompson,LAC,WR,13380,,662.8,
Zach Ertz,zach ertz,,TE,1339,,646.0,
Jeff Caldwell,jeff caldwell,KC,WR,13392,679.4,574.5,
Josh Cameron,josh cameron,JAX,WR,13394,,655.8,
Justin Joly,justin joly,,TE,13400,,683.8,
Michael Trigg,michael trigg,DAL,TE,13401,249.7,689.9,212.3
Skyler Bell,skyler bell,BUF,WR,13402,,691.0,
Jam Miller,jam miller,,RB,13403,,679.0,
Garrett Nussmeier,garrett nussmeier,KC,QB,13404,668.0,677.9,
Kaytron Allen,kaytron allen,WAS,RB,13405,239.1,233.6,156.6
Carson Towt,carson towt,IND,TE,13407,,476.5,
Donaven McCulley,donaven mcculley,,WR,13409,674.3,,
Chase Roberts,chase roberts,LV,WR,13410,350.0,673.3,
Zavion Thomas,zavion thomas,CHI,WR,13411,,673.4,
Cyrus Allen,cyrus allen,KC,WR,13413,177.1,182.0,
Kaelon Black,kaelon black,SF,RB,13414,195.8,161.2,
Haynes King,haynes king,CAR,QB,13415,,691.9,
Roman Hemby,roman hemby,LV,RB,13416,691.0,700.0,
De'Zhaun Stribling,de zhaun stribling,SF,WR,13417,137.7,116.4,213.9
Robert Henry,robert henry,WAS,RB,13418,534.0,688.4,
Jaydn Ott,jaydn ott,KC,RB,13419,635.8,548.0,
Bryce Lance,bryce lance,NO,WR,13420,,571.1,
Eli Raridon,eli raridon,NE,TE,13421,,695.1,
Jaren Kanak,jaren kanak,TEN,TE,13422,530.2,,
Eli Heidenreich,eli heidenreich,PIT,RB,13423,,691.4,
Seth McGowan,seth mcgowan,IND,RB,13424,,692.6,
Jalon Daniels,jalon daniels,TB,QB,13425,659.3,646.9,
Sawyer Robertson,sawyer robertson,,QB,13426,454.0,,
Diego Pavia,diego pavia,,QB,13427,,694.0,
Joey Aguilar,joey aguilar,JAX,QB,13428,684.4,577.0,
Seydou Traore,seydou traore,MIA,TE,13429,668.6,699.0,
Miles Kitselman,miles kitselman,,TE,13431,694.9,,
Khalil Dinkins,khalil dinkins,SF,TE,13432,612.7,460.0,
Riley Nowakowski,riley nowakowski,PIT,TE,13433,643.4,640.4,
Will Kacmarek,will kacmarek,MIA,TE,13434,,537.3,
Joe Royer,joe royer,CLE,TE,13435,683.0,553.0,
Kentrel Bullock,kentrel bullock,CIN,RB,13436,615.3,625.9,
Noah Whittington,noah whittington,HOU,RB,13437,655.9,626.4,
DeaMonte Trayanum,deamonte trayanum,NYJ,RB,13438,448.6,,
Damien Alford,damien alford,,WR,13440,579.0,,
Marquise Goodwin,marquise goodwin,,WR,1346,645.0,615.8,
Colbie Young,colbie young,CIN,WR,13477,,643.8,
Kaden Wetjen,kaden wetjen,PIT,WR,13491,,635.6,
Max Bredeson,max bredeson,MIN,RB,13516,667.3,452.4,
Barion Brown,barion brown,NO,WR,13533,,668.3,
Lewis Bond,lewis bond,HOU,WR,13541,678.4,683.5,
CJ Williams,cj williams,JAX,WR,13554,,285.0,
Athan Kaliakmanis,athan kaliakmanis,WAS,QB,13557,670.2,641.7,
Dallen Bentley,dallen bentley,DEN,TE,13577,298.6,436.8,
Carsen Ryan,carsen ryan,CLE,TE,13580,539.5,,
Anthony Smith,anthony smith,DAL,WR,13582,,570.0,
Chandler Morris,chandler morris,,QB,13592,621.0,,
Cash Jones,cash jones,ATL,RB,13595,646.0,604.2,
Matthew Caldwell,matthew caldwell,LAR,QB,13597,671.2,,
Kyron Drones,kyron drones,,QB,13599,670.3,406.0,
Tyren Montgomery,tyren montgomery,TEN,WR,13600,667.4,674.5,
Jack Strand,jack strand,ATL,QB,13602,,687.7,
Gregory Desrosiers,gregory desrosiers,LAC,RB,13603,,689.6,
Sincere Brown,sincere brown,LAC,WR,13604,611.6,,
Jerand Bradley,jerand bradley,,WR,13608,589.5,,
Luke Wysong,luke wysong,,WR,13617,610.6,,
Marcus Sanders,marcus sanders,,WR,13619,674.4,,
Dillon Bell,dillon bell,MIN,WR,13621,,633.0,
Evan Svoboda,evan svoboda,LAC,TE,13630,493.0,570.0,
Michael Wortham,michael wortham,JAX,WR,13645,618.7,646.3,
Ben Patterson,ben patterson,,WR,13647,666.9,,
Brady Boyd,brady boyd,,WR,13658,652.5,,
Ethan Conner,ethan conner,,TE,13661,,256.0,
Will Pauling,will pauling,SF,WR,13662,694.0,,
Wesley Grimes,wesley grimes,SF,WR,13663,,607.8,
Harrison Wallace,harrison wallace,ARI,WR,13670,688.3,614.7,
Trent Battle,trent battle,,RB,13673,638.8,,
Chris Hilton,chris hilton,GB,WR,13674,599.0,,
Noah Short,noah short,,WR,13677,573.0,,
Kaidon Salter,kaidon salter,,QB,13681,689.9,294.5,
Jake Retzlaff,jake retzlaff,,QB,13685,,325.0,
Ja'Mori Maclin,ja mori maclin,BUF,WR,13696,671.4,,
Max Tomczak,max tomczak,,WR,13698,698.0,693.0,
Malik Rutherford,malik rutherford,,WR,13702,569.0,,
Kobe Prentice,kobe prentice,,WR,13708,540.0,,
Hayden Large,hayden large,CHI,TE,13712,632.5,,
Dominic Richardson,dominic richardson,NYJ,RB,13725,417.3,,
Camden Brown,camden brown,DAL,WR,13726,637.3,608.2,
Geno Smith,geno smith,NYJ,QB,1373,,257.0,
Joseph Manjack,joseph manjack,,WR,13743,650.0,,
Cameron Ross,cameron ross,,WR,13744,601.0,,
Kole Wilson,kole wilson,CLE,WR,13749,670.3,486.0,
Jaden Bradley,jaden bradley,WAS,WR,13760,658.5,273.0,
Josh Pitsenburger,josh pitsenburger,,RB,13768,645.8,,
J. Michael Sturdivant,j michael sturdivant,GB,WR,13770,683.9,601.3,
Eni Falayi,eni falayi,,TE,13772,697.3,,
Isaiah Jacobs,isaiah jacobs,,RB,13773,561.9,,
Hank Beatty,hank beatty,,WR,13776,661.6,,
Ademola Faleye,ademola faleye,,TE,13777,398.0,,
EJ Smith,ej smith,KC,RB,13778,,639.0,
Al-Jay Henderson,al jay henderson,NYJ,RB,13779,671.7,,
Terion Stewart,terion stewart,,RB,13780,637.1,,
Ken Seals,ken seals,,QB,13781,669.9,336.4,
Ben Roethlisberger,ben roethlisberger,PIT,QB,138,,690.7,
Jacob Clark,jacob clark,,QB,13802,677.0,371.4,
E.J. Williams,e j williams,,WR,13805,641.3,583.4,
Matt Lauter,matt lauter,,TE,13806,685.5,,
Rohan Jones,rohan jones,,TE,13810,527.7,338.0,
Mark Gronowski,mark gronowski,,QB,13816,,296.6,
Romello Brinson,romello brinson,,WR,13818,696.0,,
Malik McClain,malik mcclain,NYJ,WR,13825,580.0,,
Caullin Lacy,caullin lacy,,WR,13826,439.5,,
Tanner Arkin,tanner arkin,NE,TE,13827,593.5,,
Kyle Dixon,kyle dixon,NE,WR,13830,630.0,514.8,
Kevorian Barnes,kevorian barnes,,RB,13831,567.5,,
Cody Hardy,cody hardy,,TE,13834,699.5,,
Mekhi Mews,mekhi mews,,WR,13835,655.1,,
Coleman Bennett,coleman bennett,,RB,13844,485.0,,
Jack Velling,jack velling,ATL,TE,13846,664.6,551.0,
Cortez Braham,cortez braham,,WR,13849,525.0,695.5,
Octavian Smith,octavian smith,,WR,13850,663.0,541.0,
Dontae McMillan,dontae mcmillan,,RB,13852,692.9,485.4,
Jalen Walthall,jalen walthall,,WR,13859,499.7,,
Giovani Bernard,giovani bernard,,RB,1386,676.6,648.4,
Daniel Sobkowicz,daniel sobkowicz,HOU,WR,13861,,467.3,
Treyvhon Saunders,treyvhon saunders,,WR,13862,646.5,426.0,
Sean Brown,sean brown,,WR,13867,647.5,,
Rex Burkhead,rex burkhead,,RB,1387,,669.0,
Quentin Moore,quentin moore,WAS,TE,13870,545.0,,
Sam Scott,sam scott,,RB,13873,643.9,,
Jameson Geers,jameson geers,ARI,TE,13879,619.0,,
Tyler Eifert,tyler eifert,,TE,1388,639.1,,
DeShawn Hanika,deshawn hanika,,TE,13888,,549.0,
Levi Wentz,levi wentz,,WR,13889,487.7,655.0,
Michael Briscoe,michael briscoe,MIN,WR,13890,452.6,,
Corey Rucker,corey rucker,LV,WR,13898,613.0,563.3,
Jacob De Jesus,jacob de jesus,,WR,13904,671.9,692.5,
Omari Evans,omari evans,KC,WR,13905,624.9,589.4,
Jaden Nixon,jaden nixon,,RB,13906,655.5,522.5,
Elijah Tau-Tolliver,elijah tau tolliver,,RB,13909,476.3,568.8,
Patrick Gurd,patrick gurd,,TE,13913,571.8,,
Xavier Loyd,xavier loyd,,WR,13916,643.0,563.3,
Jonathan Brady,jonathan brady,,WR,13920,265.9,,
Joshua Pitsenberger,joshua pitsenberger,,RB,13923,669.2,,
Sahmir Hagans,sahmir hagans,,WR,13929,694.0,,
Jordon Vaughn,jordon vaughn,,RB,13930,699.4,,
E.J. Horton,e j horton,,WR,13931,628.0,,
Gabriel Benyard,gabriel benyard,,WR,13939,629.0,,
Omari Kelly,omari kelly,,WR,13941,700.8,,
Squirrel White,squirrel white,,WR,13943,680.3,692.3,
Jamal Haynes,jamal haynes,,RB,13946,,683.1,
Cameron Dorner,cameron dorner,NE,WR,13962,697.2,,
Nick DeGennaro,nick degennaro,,WR,13963,556.9,448.5,
Myles Montgomery,myles montgomery,,RB,13964,668.9,621.3,
Jimmy Kibble,jimmy kibble,NE,WR,13967,,378.0,
Brandon Frazier,brandon frazier,,TE,13972,367.9,,
Keelan Marion,keelan marion,,WR,13973,610.8,,
Le'Meke Brockington,le meke brockington,,WR,13975,,639.2,
Kolbe Katsis,kolbe katsis,DEN,WR,13981,663.7,,
Stone Eby,stone eby,,TE,13988,676.0,,
E.J. Warner,e j warner,,QB,13989,627.9,,
Julius Davis,julius davis,,RB,14001,608.0,,
Tommy Thomas,tommy thomas,,WR,14005,602.5,308.0,
Rodney Hammond,rodney hammond,,RB,14008,687.4,672.4,
Brett Weaver,brett weaver,,TE,14017,637.0,544.0,
Jordan Nubin,jordan nubin,,RB,14018,231.0,,
Dean Patterson,dean patterson,TB,WR,14020,695.5,,
Kadarius Calloway,kadarius calloway,,RB,14021,661.5,,
Johnny Pascuzzi,johnny pascuzzi,,TE,14029,603.2,434.0,
Kyron Hudson,kyron hudson,,WR,14031,496.0,,
Brock Rechsteiner,brock rechsteiner,,WR,14034,,698.4,
Rashad Rochelle,rashad rochelle,,WR,14037,,679.1,
Trayvon Rudolph,trayvon rudolph,MIN,WR,14038,514.0,,
Mante Morrow,mante morrow,,WR,14039,597.8,,
Anderson Castle,anderson castle,IND,RB,14041,624.0,,
Heinrich Haarberg,heinrich haarberg,,TE,14047,664.5,,
Brandon Hayes,brandon hayes,,WR,14049,,287.0,
Louis Hansen,louis hansen,,TE,14055,610.0,649.0,
Malick Meiga,malick meiga,,WR,14058,654.6,656.0,
Jeremiah Franklin,jeremiah franklin,,TE,14061,527.5,,
Tyler Moore,tyler moore,,TE,14062,653.3,,
Roydell Williams,roydell williams,,RB,14064,,697.2,
Jeff Weimer,jeff weimer,,WR,14067,,638.0,
Connor Hulstein,connor hulstein,NYJ,TE,14069,,661.7,
Le'Veon Bell,le veon bell,,RB,1408,,691.9,
Barika Kpeenu,barika kpeenu,,RB,14080,663.0,697.0,
Alex Tecza,alex tecza,,RB,14082,414.3,651.8,
Matthew Henry,matthew henry,,WR,14085,486.0,,
Ryan Griffin,ryan griffin,,TE,1425,489.0,,
DeAndre Hopkins,deandre hopkins,,WR,1426,,636.7,
C.J. Anderson,c j anderson,,RB,1451,696.8,688.0,
Travis Kelce,travis kelce,KC,TE,1466,89.8,93.7,106.1
DeSean Jackson,desean jackson,,WR,147,697.2,615.4,
Latavius Murray,latavius murray,,RB,1476,692.1,,
Keenan Allen,keenan allen,IND,WR,1479,200.9,178.3,204.9
Jordan Reed,jordan reed,,TE,1500,498.8,,
Chris Thompson,chris thompson,,RB,1502,449.2,683.6,
Theo Riddick,theo riddick,,RB,1517,449.6,,
Cordarrelle Patterson,cordarrelle patterson,,RB,1535,651.9,604.0,
Kenjon Barner,kenjon barner,,RB,1546,249.0,454.0,
Ryan Griffin,ryan griffin,,QB,1550,616.0,286.2,
Kenny Stills,kenny stills,,WR,1555,588.0,,
Mike Glennon,mike glennon,,QB,1559,685.0,634.0,
Tavon Austin,tavon austin,,WR,1567,,363.0,
Vance McDonald,vance mcdonald,,TE,1587,635.7,,
Spencer Ware,spencer ware,,RB,1601,627.1,,
Luke Willson,luke willson,,TE,1603,506.2,682.5,
Tyler Bray,tyler bray,,QB,1612,,307.8,
Levine Toilolo,levine toilolo,NYG,TE,1642,234.0,,
Tom Brady,tom brady,,QB,167,,664.3,
Uzoma Nwachukwu,uzoma nwachukwu,,WR,1678,,687.6,
Adam Thielen,adam thielen,,WR,1689,668.8,653.5,
Derek Carrier,derek carrier,,TE,1718,692.5,,
Case Keenum,case keenum,CHI,QB,1737,662.0,664.7,
Josh Hill,josh hill,,TE,1777,431.6,,
Matt Schaub,matt schaub,,QB,178,656.5,692.8,
Trey Burton,trey burton,,TE,1793,,678.0,
Jordan Matthews,jordan matthews,,TE,1800,638.5,,
Drew Stanton,drew stanton,,QB,181,,685.0,
Sammy Watkins,sammy watkins,,WR,1817,679.9,664.6,
Jarvis Landry,jarvis landry,,WR,1825,694.3,550.2,
Jimmy Garoppolo,jimmy garoppolo,,QB,1837,685.4,597.0,
Adrian Peterson,adrian peterson,,RB,184,,646.2,
James White,james white,,RB,1848,,676.4,
Quincy Enunwa,quincy enunwa,,WR,1854,336.3,,
AJ McCarron,aj mccarron,,QB,1895,700.0,684.0,
Joe Flacco,joe flacco,CIN,QB,19,,698.8,
Willie Snead,willie snead,,WR,1911,695.3,,
Martavis Bryant,martavis bryant,,WR,1916,608.7,680.0,
Donte Moncrief,donte moncrief,,WR,1971,641.5,,
Blake Bortles,blake bortles,NO,QB,1979,624.7,683.7,
Allen Hurns,allen hurns,MIA,WR,1984,590.5,,
Marqise Lee,marqise lee,,WR,1987,485.7,,
Allen Robinson,allen robinson,,WR,1992,627.9,656.2,
Bennie Fowler,bennie fowler,,WR,2003,635.0,,
Cody Latimer,cody latimer,,WR,2004,656.5,,
De'Anthony Thomas,de anthony thomas,,WR,2023,670.0,,
Derek Carr,derek carr,,QB,2028,,674.1,
Brelan Chancellor,brelan chancellor,,WR,2044,659.5,611.5,
Odell Beckham,odell beckham,NYG,WR,2078,,690.4,
Josh McCown,josh mccown,,QB,208,677.6,636.6,
David Fales,david fales,,QB,2106,458.5,,
Senorise Perry,senorise perry,,RB,2114,386.0,,
Eric Ebron,eric ebron,PIT,TE,2118,646.1,,
James Franklin,james franklin,,QB,2119,690.6,663.2,
Davante Adams,davante adams,LAR,WR,2133,50.3,55.8,45.6
Richard Rodgers,richard rodgers,,TE,2146,636.7,614.5,
Teddy Bridgewater,teddy bridgewater,,QB,2152,,687.4,
Devonta Freeman,devonta freeman,,RB,2168,687.3,627.6,
Brandin Cooks,brandin cooks,,WR,2197,,683.0,
Timothy Flanders,timothy flanders,,RB,2200,644.0,691.9,
Cameron Brate,cameron brate,,TE,2214,,687.0,
Mike Evans,mike evans,SF,WR,2216,62.5,62.1,59.5
Garrett Gilbert,garrett gilbert,,QB,2229,619.6,,
Larry Fitzgerald,larry fitzgerald,,WR,223,,613.7,
John Brown,john brown,,WR,2238,673.5,,
Carlos Hyde,carlos hyde,,RB,2257,,669.0,
Jason Witten,jason witten,,TE,23,,611.7,
Jerome Cunningham,jerome cunningham,,TE,2304,616.0,,
Jameis Winston,jameis winston,NYG,QB,2306,,664.4,
Marcus Mariota,marcus mariota,WAS,QB,2307,,507.5,
Amari Cooper,amari cooper,,WR,2309,,673.0,
Kevin White,kevin white,,WR,2312,355.8,,
Todd Gurley,todd gurley,,RB,2315,678.1,649.9,
DeVante Parker,devante parker,,WR,2319,466.5,,
Frank Gore,frank gore,,RB,232,,683.4,
Melvin Gordon,melvin gordon,,RB,2320,548.4,644.5,
Nelson Agholor,nelson agholor,,WR,2325,,367.0,
Matt Moore,matt moore,,QB,233,,608.5,
Breshad Perriman,breshad perriman,,WR,2331,,632.7,
Devin Smith,devin smith,,WR,2342,521.6,611.7,
Devin Funchess,devin funchess,,TE,2346,688.7,695.5,
Ameer Abdullah,ameer abdullah,JAX,RB,2359,612.4,598.8,
Maxx Williams,maxx williams,,TE,2360,413.0,,
Clive Walford,clive walford,,TE,2373,626.3,,
Tyler Lockett,tyler lockett,,WR,2374,,699.0,
Tevin Coleman,tevin coleman,,RB,2378,602.9,613.1,
Duke Johnson,duke johnson,,RB,2382,673.5,,
Tyler Kroft,tyler kroft,,TE,2390,649.3,,
David Johnson,david johnson,,RB,2391,,530.4,
Sean Mannion,sean mannion,,QB,2394,694.7,689.5,
Jeff Heuerman,jeff heuerman,,TE,2397,420.0,,
Ty Montgomery,ty montgomery,,RB,2399,391.4,,
Matt Ryan,matt ryan,,QB,24,,692.1,
Jamison Crowder,jamison crowder,,WR,2410,690.0,,
Justin Hardy,justin hardy,,WR,2412,498.0,,
Javorius Allen,javorius allen,,RB,2430,384.0,,
Mike Davis,mike davis,,RB,2431,638.0,,
MyCole Pruitt,mycole pruitt,,TE,2446,263.0,649.0,
Stefon Diggs,stefon diggs,WAS,WR,2449,107.5,110.8,115.5
Brett Hundley,brett hundley,,QB,2450,656.8,,
Jay Ajayi,jay ajayi,,RB,2452,667.1,615.3,
Darren Sproles,darren sproles,,RB,246,,339.3,
C.J. Uzomah,c j uzomah,,TE,2460,242.0,644.3,
J.J. Nelson,j j nelson,,WR,2462,611.0,,
Jesse James,jesse james,,TE,2463,636.8,510.0,
Kenny Bell,kenny bell,,WR,2465,678.8,,
James O'Shaughnessy,james o shaughnessy,,TE,2476,656.8,,
Nick O'Leary,nick o leary,,TE,2495,335.0,519.3,
Bud Sasser,bud sasser,,WR,2502,637.5,,
Darren Waller,darren waller,CAR,TE,2505,,680.2,
Ben Koyack,ben koyack,,TE,2528,674.5,,
Da'Ron Brown,da ron brown,,WR,2532,657.5,,
Trevor Siemian,trevor siemian,,QB,2549,646.9,301.0,
Jerry Lovelocke,jerry lovelocke,,QB,2557,697.6,,
Zach Zenner,zach zenner,,RB,2560,698.2,647.5,
Anthony Boone,anthony boone,,QB,2561,656.0,,
Bryan Bennett,bryan bennett,,QB,2567,692.9,,
DaVaris Daniels,davaris daniels,,WR,2573,266.0,,
Devante Davis,devante davis,,WR,2577,627.3,444.0,
Jahwan Edwards,jahwan edwards,,RB,2581,700.8,,
Cole Stoudt,cole stoudt,,QB,2582,,330.0,
Tyrell Williams,tyrell williams,,WR,2583,692.0,,
Dres Anderson,dres anderson,,WR,2587,652.5,,
Malcolm Brown,malcolm brown,,RB,2588,245.0,,
Antwan Goodley,antwan goodley,,WR,2593,519.5,,
Tim Semisch,tim semisch,,TE,2595,378.7,,
Michael Dyer,michael dyer,,RB,2597,445.5,,
Josh Johnson,josh johnson,CIN,QB,260,544.0,,
Ricky Seale,ricky seale,,RB,2600,583.8,,
Darius Jennings,darius jennings,,WR,2602,693.0,,
Jake Heaps,jake heaps,,QB,2620,629.6,,
Phillip Sims,phillip sims,,QB,2651,337.4,350.5,
Paul Browning,paul browning,,WR,2674,263.5,,
Alex Smith,alex smith,,QB,268,654.3,653.4,
Ezell Ruffin,ezell ruffin,,WR,2703,241.0,,
Taylor Heinicke,taylor heinicke,,QB,2711,661.0,438.0,
Josh Harper,josh harper,,WR,2713,689.0,,
Kenneth Harper,kenneth harper,,RB,2730,652.6,,
Kasey Closs,kasey closs,,WR,2733,240.0,,
Raheem Mostert,raheem mostert,,RB,2749,,635.0,
Daniel Brown,daniel brown,,TE,2751,620.1,,
Michael Johnson,michael johnson,,WR,2754,693.3,,
Eric Tomlinson,eric tomlinson,,TE,2755,514.0,,
Andrew Gleichert,andrew gleichert,,TE,2756,,509.8,
Jawon Chisholm,jawon chisholm,,RB,2767,493.6,,
Braylon Heard,braylon heard,,RB,2768,253.0,,
Harold Spears,harold spears,,TE,2770,620.5,,
Gus Johnson,gus johnson,,RB,2785,311.0,,
David Porter,david porter,,WR,2787,633.3,,
DeAndrew White,deandrew white,,WR,2801,661.8,,
Daniel Rodriguez,daniel rodriguez,,WR,2817,296.5,342.0,
Dominique Brown,dominique brown,,RB,2820,375.2,,
Jake Kumerow,jake kumerow,,WR,2821,344.0,,
Adam Humphries,adam humphries,,WR,2822,242.0,,
Kenny Cook,kenny cook,,WR,2836,698.0,,
Marquez Clark,marquez clark,,WR,2846,629.4,,
Ray Hamilton,ray hamilton,,TE,2870,236.0,671.0,
Justin Sinz,justin sinz,,TE,2886,640.0,,
Drew Brees,drew brees,,QB,289,,665.5,
Tyler Rutenbeck,tyler rutenbeck,,WR,2910,247.0,656.2,
Luke Lundy,luke lundy,,RB,2914,395.0,,
Ify Umodu,ify umodu,,WR,2916,648.0,,
Brian Vogler,brian vogler,,TE,2917,663.0,652.3,
Demetrius Wilson,demetrius wilson,,WR,2918,661.9,,
Jeret Smith,jeret smith,,WR,2920,654.0,423.0,
Devin Mahina,devin mahina,,TE,2922,638.3,,
Connor Neighbors,connor neighbors,,RB,2923,670.7,,
Darius Davis,darius davis,,WR,2925,546.0,,
Keshawn Hill,keshawn hill,,RB,2927,650.0,,
Adrian Coxson,adrian coxson,,WR,2929,630.0,670.5,
Justin Tukes,justin tukes,,TE,2930,579.3,,
Eric Frohnapfel,eric frohnapfel,,TE,2932,467.3,,
Jonathon Rumph,jonathon rumph,,WR,2934,443.0,,
Ricky Collins,ricky collins,,WR,2935,429.0,254.0,
Rasheed Williams,rasheed williams,,RB,2936,272.0,,
Cam Worthy,cam worthy,,WR,2938,553.0,464.5,
Javess Blue,javess blue,,WR,2939,519.3,692.0,
Des Lawrence,des lawrence,,WR,2940,,267.0,
Mark Weisman,mark weisman,,RB,2943,607.9,,
Synjyn Days,synjyn days,,RB,2949,,629.5,
Zach D'Orazio,zach d orazio,,WR,2962,277.0,,
Ross Scheuerman,ross scheuerman,,RB,2981,680.0,,
Logan Stokes,logan stokes,,TE,2996,688.5,,
Ross Travis,ross travis,,TE,3041,642.5,,
Chris Manhertz,chris manhertz,NYG,TE,3048,625.3,665.0,
Matthew Slater,matthew slater,,WR,312,650.1,,
Laquon Treadwell,laquon treadwell,IND,WR,3155,645.4,676.3,
William Fuller,william fuller,,WR,3157,667.0,,
Carson Wentz,carson wentz,MIN,QB,3161,,633.3,
Jared Goff,jared goff,DET,QB,3163,132.4,143.5,132.9
Ezekiel Elliott,ezekiel elliott,,RB,3164,692.4,698.6,
Paxton Lynch,paxton lynch,,QB,3170,633.6,625.0,
Corey Coleman,corey coleman,,WR,3177,653.4,413.2,
Josh Doctson,josh doctson,,WR,3178,373.6,,
Derrick Henry,derrick henry,BAL,RB,3198,19.0,15.2,7.4
Michael Thomas,michael thomas,,WR,3199,688.3,675.3,
Sterling Shepard,sterling shepard,,WR,3200,507.0,580.3,
Austin Hooper,austin hooper,ATL,TE,3202,430.0,629.7,
C.J. Prosise,c j prosise,,RB,3204,684.0,,
Cody Kessler,cody kessler,,QB,3205,501.0,,
Kenneth Dixon,kenneth dixon,,RB,3208,348.5,,
Devontae Booker,devontae booker,,RB,3209,303.2,,
Paul Perkins,paul perkins,,RB,3211,458.0,,
Hunter Henry,hunter henry,NE,TE,3214,141.0,148.5,91.9
Tyler Boyd,tyler boyd,,WR,3225,605.0,648.0,
Kenyan Drake,kenyan drake,,RB,3242,512.5,658.3,
Jacoby Brissett,jacoby brissett,ARI,QB,3257,243.0,251.2,203.4
Nick Vannett,nick vannett,BAL,TE,3258,666.0,,
Tyler Higbee,tyler higbee,LAR,TE,3271,,651.9,
Tyler Ervin,tyler ervin,,RB,3280,632.0,,
Demarcus Robinson,demarcus robinson,SF,WR,3286,,679.0,
Dak Prescott,dak prescott,DAL,QB,3294,77.8,86.1,97.7
Tajae Sharpe,tajae sharpe,,WR,3297,271.0,,
DeAndre Washington,deandre washington,,RB,3300,666.0,,
Jordan Howard,jordan howard,,RB,3306,,536.0,
Wendell Smallwood,wendell smallwood,WAS,RB,3309,,352.0,
Philip Rivers,philip rivers,,QB,331,,688.3,
Jonathan Williams,jonathan williams,,RB,3312,629.2,,
Kevin Hogan,kevin hogan,,QB,3318,643.8,,
Trevor Davis,trevor davis,,WR,3319,327.5,,
Tyreek Hill,tyreek hill,,WR,3321,226.2,232.9,145.9
Rashard Higgins,rashard higgins,,WR,3328,678.6,,
Ryan Fitzpatrick,ryan fitzpatrick,,QB,333,682.4,666.0,
Temarrick Hemingway,temarrick hemingway,WAS,TE,3333,472.0,,
Moritz Bohringer,moritz bohringer,,TE,3336,473.0,650.7,
Jerell Adams,jerell adams,,TE,3340,657.5,624.0,
Nate Sudfeld,nate sudfeld,,QB,3343,698.5,682.5,
Jake Rudock,jake rudock,,QB,3347,637.2,,
Brandon Allen,brandon allen,,QB,3357,,623.3,
Jeff Driskel,jeff driskel,,QB,3362,459.0,605.3,
Devin Lucien,devin lucien,,WR,3380,502.5,,
Dwayne Washington,dwayne washington,,RB,3391,629.5,,
Kenny Lawler,kenny lawler,,WR,3398,660.2,,
Jake Coker,jake coker,,QB,3410,670.0,627.5,
Devon Johnson,devon johnson,,RB,3412,691.4,,
Mekale McKay,mekale mckay,,WR,3418,286.8,,
Robbie Chosen,robbie chosen,,WR,3423,,698.0,
Alex Erickson,alex erickson,,WR,3433,629.3,,
Julian Edelman,julian edelman,,WR,344,,698.8,
Cayleb Jones,cayleb jones,,WR,3447,,505.2,
Brian Hoyer,brian hoyer,,QB,345,682.6,604.0,
Josh Ferguson,josh ferguson,,RB,3453,652.6,,
Danny Anthrop,danny anthrop,,WR,3454,,544.9,
Joel Stave,joel stave,,QB,3456,674.5,663.0,
Jared Dangerfield,jared dangerfield,,WR,3462,649.0,,
Ben Braunecker,ben braunecker,,TE,3465,409.6,,
Keyarris Garrett,keyarris garrett,,WR,3475,,471.1,
Chris Brown,chris brown,,WR,3486,686.7,628.9,
D.J. Foster,d j foster,,RB,3488,247.0,,
Mike Bercovici,mike bercovici,,QB,3495,615.8,,
Stephen Anderson,stephen anderson,,TE,3496,395.2,,
Darion Griswold,darion griswold,,TE,3497,,238.0,
Geronimo Allison,geronimo allison,,WR,3503,695.0,,
Steven Scheu,steven scheu,,TE,3504,695.2,,
Jake McGee,jake mcgee,,TE,3514,667.3,,
K.J. Maye,k j maye,,WR,3515,666.0,,
Mitch Mathews,mitch mathews,,WR,3516,409.5,,
Jay Lee,jay lee,,WR,3520,626.5,,
Marquise Williams,marquise williams,,QB,3524,641.3,,
Marshaun Coprich,marshaun coprich,,RB,3531,660.5,,
Jamaal Jones,jamaal jones,,WR,3540,343.0,,
Jamal Robinson,jamal robinson,,WR,3548,633.0,,
Max Wittek,max wittek,,QB,3551,397.0,,
Bryce Williams,bryce williams,,TE,3561,635.6,,
Brandon Ross,brandon ross,,RB,3570,683.5,,
Chester Rogers,chester rogers,,WR,3582,503.0,,
Peyton Barber,peyton barber,,RB,3594,,449.7,
Tommylee Lewis,tommylee lewis,,WR,3614,538.9,395.0,
Sione Houma,sione houma,,RB,3615,521.0,389.0,
Jordan Williams-Lambert,jordan williams lambert,,WR,3621,250.0,,
Durron Neal,durron neal,,WR,3630,659.3,,
Kalif Raymond,kalif raymond,CHI,WR,3634,,645.2,
Quayvon Hicks,quayvon hicks,,RB,3646,594.5,,
Matt Weiser,matt weiser,,TE,3648,613.5,,
Mike Thomas,mike thomas,,WR,3652,655.5,,
Reggie Diggs,reggie diggs,,WR,3655,653.0,,
Valdez Showers,valdez showers,,WR,3660,683.9,,
J.D. McKissic,j d mckissic,,RB,3664,658.0,670.1,
Joshua Perkins,joshua perkins,NYJ,TE,3668,,320.5,
Jared Cook,jared cook,,TE,367,654.2,639.1,
Tra Carson,tra carson,,RB,3688,377.3,,
Tevin Jones,tevin jones,,WR,3730,258.0,,
Brandon Shippen,brandon shippen,,WR,3762,674.5,,
Quenton Bundrage,quenton bundrage,,WR,3770,310.0,,
Jason Vander Laan,jason vander laan,,TE,3774,565.0,,
Alstevis Squirewell,alstevis squirewell,,RB,3811,,545.0,
Brandon Brown-Dukes,brandon brown dukes,,RB,3816,617.4,671.5,
Marcus Tucker,marcus tucker,,WR,3817,404.2,,
Alex Ellis,alex ellis,,TE,3824,614.7,,
Jalen Simmons,jalen simmons,,RB,3859,472.0,,
Jalen Richard,jalen richard,LV,RB,3868,641.3,,
M.J. McFarland,m j mcfarland,,TE,3880,640.0,,
Marvin Hall,marvin hall,,WR,3895,,411.0,
Eric Wallace,eric wallace,,TE,3908,527.0,,
Kendal Thompson,kendal thompson,,WR,3917,625.3,,
Harvey Binford,harvey binford,,WR,3920,457.3,,
Blake Sims,blake sims,,QB,3957,608.0,,
Leonard Fournette,leonard fournette,,RB,3969,660.2,695.8,
Mitchell Trubisky,mitchell trubisky,TEN,QB,3976,,654.8,
Jacob Huesman,jacob huesman,,QB,3978,676.8,,
Chris Briggs,chris briggs,,TE,4004,541.9,,
Deshaun Watson,deshaun watson,CLE,QB,4017,,655.5,
Joe Mixon,joe mixon,,RB,4018,227.3,666.1,163.9
DeShone Kizer,deshone kizer,,QB,4026,680.3,608.0,
Dalvin Cook,dalvin cook,,RB,4029,633.6,659.5,
David Njoku,david njoku,LAC,TE,4033,223.3,224.6,130.6
Christian McCaffrey,christian mccaffrey,SF,RB,4034,5.8,4.8,4.9
Alvin Kamara,alvin kamara,NO,RB,4035,166.4,159.5,119.3
Corey Davis,corey davis,,WR,4036,604.3,,
Chris Godwin,chris godwin,TB,WR,4037,93.8,90.0,88.4
John Ross,john ross,,WR,4038,,699.0,
Cooper Kupp,cooper kupp,SEA,WR,4039,198.0,203.7,206.4
JuJu Smith-Schuster,juju smith schuster,,WR,4040,,579.9,
Patrick Mahomes,patrick mahomes,KC,QB,4046,111.3,115.0,102.3
Cyril Grayson,cyril grayson,,WR,4050,292.3,,
Chad Kelly,chad kelly,,QB,4051,670.8,,
Mo Alie-Cox,mo alie cox,IND,TE,4054,527.6,613.0,
Davis Webb,davis webb,,QB,4061,590.3,619.8,
Evan Engram,evan engram,DEN,TE,4066,,699.6,
Mike Williams,mike williams,,WR,4068,563.6,550.4,
Zay Jones,zay jones,,WR,4080,643.0,647.4,
Curtis Samuel,curtis samuel,,WR,4082,688.8,,
Adam Shaheen,adam shaheen,,TE,4085,494.5,529.5,
Gerald Everett,gerald everett,,TE,4089,540.0,502.5,
Kareem Hunt,kareem hunt,,RB,4098,,685.6,
Carlos Henderson,carlos henderson,,WR,4108,395.5,561.8,
D'Onta Foreman,d onta foreman,,RB,4111,631.5,,
Taywan Taylor,taywan taylor,,WR,4125,645.8,,
Chad Williams,chad williams,,WR,4128,698.3,,
Kenny Golladay,kenny golladay,,WR,4131,,675.8,
James Conner,james conner,ARI,RB,4137,230.0,227.5,92.4
Amara Darboh,amara darboh,,WR,4139,278.3,,
Jonnu Smith,jonnu smith,GB,TE,4144,,661.4,
Samaje Perine,samaje perine,CIN,RB,4147,,629.6,
Jamaal Williams,jamaal williams,,RB,4149,,390.0,
Wayne Gallman,wayne gallman,,RB,4150,626.0,602.5,
Jake Butt,jake butt,,TE,4151,,689.9,
Marlon Mack,marlon mack,,RB,4152,693.0,675.8,
Jordan Leggett,jordan leggett,,TE,4153,259.0,,
Tarik Cohen,tarik cohen,,RB,4157,,506.0,
Ryan Switzer,ryan switzer,,WR,4162,592.0,,
Josh Reynolds,josh reynolds,,WR,4171,314.5,410.0,
Chad Hansen,chad hansen,,WR,4175,345.1,,
Mack Hollins,mack hollins,NE,WR,4177,,697.0,
Joshua Dobbs,joshua dobbs,DET,QB,4179,692.3,692.8,
Nathan Peterman,nathan peterman,,QB,4183,693.2,666.7,
Bucky Hodges,bucky hodges,,TE,4184,697.0,669.4,
Eric Saubert,eric saubert,SEA,TE,4189,575.5,538.5,
Aaron Jones,aaron jones,MIN,RB,4199,127.6,116.9,84.7
Rodney Adams,rodney adams,,WR,4208,281.5,,
Matthew Stafford,matthew stafford,LAR,QB,421,95.4,106.9,117.6
Shelton Gibson,shelton gibson,,WR,4214,627.6,674.7,
George Kittle,george kittle,SF,TE,4217,83.3,84.7,99.2
Trent Taylor,trent taylor,,WR,4218,522.0,,
Jeremy McNichols,jeremy mcnichols,WAS,RB,4219,,557.0,
Jeremy Sprinkle,jeremy sprinkle,,TE,4221,537.8,666.9,
Noah Brown,noah brown,,WR,4234,633.8,,
Isaiah Ford,isaiah ford,,WR,4252,,681.0,
Elijah McGuire,elijah mcguire,KC,RB,4263,573.3,,
Chris Carson,chris carson,,RB,4273,685.1,,
David Moore,david moore,CAR,WR,4274,575.5,650.7,
Khalfani Muhammad,khalfani muhammad,,RB,4283,,671.7,
Robert Davis,robert davis,,WR,4285,318.3,,
Scott Orndoff,scott orndoff,,TE,4309,382.0,,
Johnny Mundt,johnny mundt,PHI,TE,4314,699.8,698.6,
Zach Pascal,zach pascal,,WR,4319,596.0,,
James Quick,james quick,,WR,4320,,298.0,
Dalton Crossan,dalton crossan,,RB,4322,476.5,,
Darrell Daniels,darrell daniels,,TE,4323,662.0,,
Bug Howard,bug howard,,TE,4326,648.0,,
Colin Jeter,colin jeter,,TE,4327,650.8,,
Jerome Lane,jerome lane,,WR,4328,681.0,668.3,
P.J. Walker,p j walker,,QB,4335,,672.5,
Levern Jacobs,levern jacobs,,WR,4338,338.4,,
Taquan Mizzell,taquan mizzell,NYG,RB,4349,609.0,498.3,
Tim Patrick,tim patrick,NYJ,WR,4351,573.0,655.2,
Austin Duke,austin duke,,WR,4358,665.0,,
Karel Hamilton,karel hamilton,,WR,4364,544.3,,
Stanley Williams,stanley williams,,RB,4373,,626.0,
Taysom Hill,taysom hill,,TE,4381,,688.6,
Aaron Peck,aaron peck,,TE,4384,675.9,,
Damore'ea Stringfellow,damore ea stringfellow,,WR,4401,694.0,619.3,
Terrell Newby,terrell newby,,RB,4408,626.0,,
Josiah Price,josiah price,,TE,4409,694.8,683.5,
Jacob Hollister,jacob hollister,,TE,4421,653.6,,
Anthony Firkser,anthony firkser,,TE,4435,580.5,,
Pharaoh Brown,pharaoh brown,IND,TE,4443,452.7,431.6,
Kendrick Bourne,kendrick bourne,ARI,WR,4454,,672.6,
Matt Breida,matt breida,,RB,4455,649.3,347.7,
Tyler McCloskey,tyler mccloskey,,RB,4463,698.7,,
Nick Mullens,nick mullens,JAX,QB,4464,660.0,570.0,
Antony Auclair,antony auclair,,TE,4468,655.0,,
Sefo Liufau,sefo liufau,,QB,4475,698.4,,
Bobo Wilson,bobo wilson,,WR,4480,678.0,,
William Stanback,william stanback,,RB,4485,,694.6,
Alonzo Moore,alonzo moore,,WR,4494,275.0,,
Tony Stevens,tony stevens,,WR,4497,374.0,,
John Robinson-Woodgett,john robinson woodgett,,RB,4504,569.7,449.1,
Gabe Marks,gabe marks,,WR,4508,254.0,,
Krishawn Hogan,krishawn hogan,,WR,4526,649.0,,
Trevor Knight,trevor knight,,QB,4528,655.6,,
Ricky Seals-Jones,ricky seals jones,,TE,4531,,556.5,
Steven Wroblewski,steven wroblewski,,TE,4535,637.7,641.4,
Jordan Johnson,jordan johnson,,RB,4537,617.0,,
Keith Towbridge,keith towbridge,,TE,4545,363.2,,
Michael Crabtree,michael crabtree,,WR,455,,692.0,
Tanner Gentry,tanner gentry,,WR,4551,246.0,666.0,
Brian Brown,brian brown,,WR,4569,530.7,,
Blake Jarwin,blake jarwin,,TE,4571,696.0,,
Cooper Rush,cooper rush,ATL,QB,4574,681.8,698.0,
Kyle Sloter,kyle sloter,,QB,4588,477.0,,
Noel Thomas,noel thomas,,WR,4600,,615.5,
Robert Tonyan,robert tonyan,PIT,TE,4602,687.9,517.0,
Deante' Gray,deante gray,,WR,4610,470.0,,
Shaq Hill,shaq hill,,WR,4613,289.3,,
Caleb Bluiett,caleb bluiett,,TE,4621,,649.0,
Keelan Cole,keelan cole,,WR,4622,267.0,,
Tim Cook,tim cook,,RB,4623,653.5,,
Amba Etta-Tawo,amba etta tawo,,WR,4626,,480.2,
I'Tavius Mathers,i tavius mathers,,RB,4630,341.3,,
Colin Thompson,colin thompson,,TE,4647,641.0,,
Billy Brown,billy brown,,TE,4650,534.5,,
Corey Clement,corey clement,,RB,4651,699.5,,
Austin Ekeler,austin ekeler,,RB,4663,,632.2,
Artavis Scott,artavis scott,,WR,4670,570.8,,
Tyrone Swoopes,tyrone swoopes,,TE,4678,381.9,688.0,
Aaron Bailey,aaron bailey,BAL,QB,4683,254.0,,
Tyler Ferguson,tyler ferguson,,QB,4704,698.0,627.5,
Gio Pascascio,gio pascascio,,WR,4710,260.7,539.3,
Dare Ogunbowale,dare ogunbowale,LV,RB,4718,,684.8,
Phazahn Odom,phazahn odom,,TE,4725,,673.0,
Mitchell Paige,mitchell paige,,WR,4727,233.0,,
Bart Houston,bart houston,,QB,4728,700.9,,
Sam Cotton,sam cotton,,TE,4730,684.0,649.5,
Alex Gray,alex gray,,TE,4733,679.6,687.0,
Dan Arnold,dan arnold,,TE,4741,671.9,567.0,
Barrett Burns,barrett burns,BAL,TE,4744,640.3,656.5,
Stevie Donatell,stevie donatell,,TE,4747,,601.0,
Adam Zaruba,adam zaruba,,TE,4768,,485.0,
De'Mard Llorens,de mard llorens,,RB,4774,339.5,,
David Olson,david olson,,QB,4775,656.3,,
De'Chavon Hayes,de chavon hayes,,RB,4777,642.5,689.0,
Bra'Lon Cherry,bra lon cherry,,WR,4779,411.0,,
Kermit Whitfield,kermit whitfield,,WR,4785,314.5,,
Jordan Westerkamp,jordan westerkamp,,WR,4787,678.5,496.0,
Robert Wheelwright,robert wheelwright,,WR,4790,,319.0,
Tommy Armstrong Jr.,tommy armstrong,,QB,4794,,260.0,
Josh Rounds,josh rounds,,RB,4797,323.6,,
C.J. Germany,c j germany,,WR,4798,649.5,622.2,
Nate Iese,nate iese,,TE,4803,,681.5,
Pig Howard,pig howard,,WR,4805,,590.9,
Mike Estes,mike estes,,TE,4807,,643.0,
De'Quan Hampton,de quan hampton,,WR,4814,482.0,442.7,
Brian Riley,brian riley,,WR,4815,695.5,,
Germone Hopper,germone hopper,,WR,4827,691.1,,
Daniel Williams,daniel williams,,WR,4829,663.8,,
Mitch Leidner,mitch leidner,,QB,4839,431.5,554.7,
Jerod Evans,jerod evans,,QB,4853,656.5,,
Josh Rosen,josh rosen,,QB,4863,658.3,659.5,
Jevoni Robinson,jevoni robinson,,TE,4864,611.7,,
Saquon Barkley,saquon barkley,PHI,RB,4866,12.3,10.2,13.4
Chris Bazile,chris bazile,,TE,4874,369.0,,
Brandon Zylstra,brandon zylstra,,WR,4878,,381.7,
Lamar Jackson,lamar jackson,BAL,QB,4881,31.9,34.7,23.4
Baker Mayfield,baker mayfield,TB,QB,4892,143.5,155.6,143.6
Chase Daniel,chase daniel,,QB,490,690.5,582.2,
Danny Amendola,danny amendola,,WR,491,,645.5,
Quincy McDuffie,quincy mcduffie,,WR,4910,526.0,,
Daryl Virgies,daryl virgies,,RB,4917,453.0,,
Garrett Scantling,garrett scantling,ATL,WR,4922,394.0,,
Zach Terrell,zach terrell,BAL,QB,4924,700.0,,
Ahmad Fulwood,ahmad fulwood,,WR,4929,657.3,,
Franko House,franko house,CHI,TE,4930,,667.3,
Austin Appleby,austin appleby,,QB,4931,676.6,319.3,
Jalen Williams,jalen williams,,WR,4934,692.5,,
Skyler Howard,skyler howard,SEA,QB,4936,388.4,327.5,
Speedy Noil,speedy noil,,WR,4938,274.0,,
DeSean Smith,desean smith,,TE,4940,657.0,,
Sam Darnold,sam darnold,SEA,QB,4943,163.7,185.4,168.4
Derrius Guice,derrius guice,,RB,4949,662.5,,
Christian Kirk,christian kirk,SF,WR,4950,241.7,692.7,209.5
Ronald Jones,ronald jones,,RB,4955,473.0,,
Sony Michel,sony michel,,RB,4962,672.0,277.0,
Mason Rudolph,mason rudolph,PIT,QB,4972,,655.3,
Hayden Hurst,hayden hurst,,TE,4973,697.0,661.5,
Calvin Ridley,calvin ridley,TEN,WR,4981,253.2,250.7,180.2
DJ Moore,dj moore,BUF,WR,4983,53.8,52.9,58.5
Josh Allen,josh allen,BUF,QB,4984,21.4,20.3,15.0
Rashaad Penny,rashaad penny,,RB,4985,642.6,690.5,
Nick Chubb,nick chubb,,RB,4988,,656.8,
Dante Pettis,dante pettis,,WR,4992,636.7,,
Mike Gesicki,mike gesicki,CIN,TE,4993,,659.6,
Kalen Ballage,kalen ballage,,RB,4994,665.0,573.5,
Ian Thomas,ian thomas,LV,TE,4995,377.6,612.9,
Kyle Lauletta,kyle lauletta,,QB,4996,600.6,292.0,
Mark Walton,mark walton,,RB,4997,557.0,,
Chase Edmonds,chase edmonds,,RB,5000,578.1,346.6,
Dalton Schultz,dalton schultz,HOU,TE,5001,184.0,207.0,97.6
Ito Smith,ito smith,DAL,RB,5004,681.3,,
Durham Smythe,durham smythe,BAL,TE,5008,663.1,684.0,
Chris Herndon,chris herndon,,TE,5009,682.0,239.0,
Will Dissly,will dissly,,TE,5010,647.0,,
Mark Andrews,mark andrews,BAL,TE,5012,128.3,122.9,95.9
Anthony Miller,anthony miller,,WR,5013,237.0,,
Dallas Goedert,dallas goedert,PHI,TE,5022,121.6,124.4,93.6
James Washington,james washington,,WR,5024,681.9,321.0,
Jordan Akins,jordan akins,,TE,5032,285.8,,
Michael Gallup,michael gallup,,WR,5038,,364.0,
Courtland Sutton,courtland sutton,DEN,WR,5045,80.7,80.2,71.9
Royce Freeman,royce freeman,,RB,5046,489.7,,
Ronald Jones,ronald jones,,RB,5052,490.0,564.0,
Kerryon Johnson,kerryon johnson,,RB,5068,,601.9,
John Kelly,john kelly,,RB,5076,523.9,,
Marquez Valdes-Scantling,marquez valdes scantling,,WR,5086,629.8,632.5,
Mike White,mike white,,QB,5089,658.3,,
Troy Fumagalli,troy fumagalli,,TE,5092,566.0,,
Ryan Izzo,ryan izzo,,TE,5094,407.5,295.0,
Ray-Ray McCloud,ray ray mccloud,CHI,WR,5096,,675.5,
Deon Cain,deon cain,,WR,5101,687.5,,
Daurice Fountain,daurice fountain,,WR,5102,593.0,,
Dylan Cantrell,dylan cantrell,,TE,5103,523.0,,
Jaylen Samuels,jaylen samuels,,RB,5107,654.0,643.5,
Luke Falk,luke falk,,QB,5108,690.7,,
Russell Gage,russell gage,,WR,5110,498.0,,
Javon Wims,javon wims,,WR,5111,683.8,,
Bo Scarbrough,bo scarbrough,,RB,5112,682.7,,
Cedrick Wilson,cedrick wilson,,WR,5113,622.9,539.0,
Jordan Thomas,jordan thomas,,TE,5117,663.0,,
Danny Etling,danny etling,,QB,5120,599.1,,
Braxton Berrios,braxton berrios,NYG,WR,5121,691.1,689.9,
Boston Scott,boston scott,,RB,5122,682.6,631.5,
Trenton Cannon,trenton cannon,,RB,5123,264.0,536.3,
Alex McGough,alex mcgough,,QB,5124,663.8,,
Damoun Patterson,damoun patterson,,WR,5125,697.5,,
Austin Proehl,austin proehl,,WR,5126,579.7,,
Kyle Allen,kyle allen,BUF,QB,5127,665.6,672.0,
Logan Woodside,logan woodside,,QB,5128,595.6,,
Adonis Jennings,adonis jennings,,WR,5129,249.0,467.7,
Auden Tate,auden tate,,WR,5130,688.8,,
Justin Jackson,justin jackson,,RB,5131,639.3,404.7,
Steven Mitchell,steven mitchell,,WR,5132,,384.5,
Tyler Conklin,tyler conklin,DET,TE,5133,676.4,644.8,
Keith Kirkwood,keith kirkwood,,WR,5134,655.7,660.8,
Josh Adams,josh adams,,RB,5136,253.0,682.3,
Richie James,richie james,,WR,5137,441.0,,
Martez Carter,martez carter,,RB,5138,630.0,,
Trey Quinn,trey quinn,,WR,5139,644.0,,
Kurt Benkert,kurt benkert,,QB,5142,,615.2,
Demario Richard,demario richard,,RB,5143,676.0,,
Malik Williams,malik williams,,RB,5144,632.6,,
Rob Gronkowski,rob gronkowski,,TE,515,,617.5,
Trent Sherfield,trent sherfield,BUF,WR,5154,699.3,,
Reggie Bonnafon,reggie bonnafon,,RB,5162,492.0,,
Ryan Nall,ryan nall,,RB,5163,695.0,466.3,
Da'Mari Scott,da mari scott,,WR,5166,649.0,,
Malik Earl,malik earl,,WR,5169,480.5,,
Phillip Lindsay,phillip lindsay,,RB,5170,,658.5,
Allen Lazard,allen lazard,,WR,5185,694.8,676.5,
Ethan Wolf,ethan wolf,,TE,5196,,577.3,
Byron Pringle,byron pringle,,WR,5199,667.1,375.3,
Terry Swanson,terry swanson,,RB,5201,682.0,,
Marchie Murdock,marchie murdock,,WR,5207,565.0,,
Mike Boone,mike boone,,RB,5209,435.3,671.2,
Jake Wieneke,jake wieneke,,WR,5211,,382.0,
Jason Reese,jason reese,,TE,5217,,312.0,
Godwin Igwebuike,godwin igwebuike,,RB,5220,532.3,617.0,
Caleb Scott,caleb scott,TEN,WR,5223,,279.0,
Taj Williams,taj williams,,WR,5224,376.0,251.0,
J.T. Barrett,j t barrett,,QB,5228,696.6,380.0,
Cole Hunt,cole hunt,,TE,5231,453.0,262.0,
Marcus Baugh,marcus baugh,,TE,5233,284.0,482.7,
David Wells,david wells,,TE,5235,,265.0,
Kyle Lewis,kyle lewis,,WR,5236,346.0,242.0,
Lamar Jordan,lamar jordan,,QB,5239,622.2,625.3,
Christian Blake,christian blake,,WR,5241,644.4,354.0,
Dontez Byrd,dontez byrd,,WR,5242,283.0,309.0,
Detrich Clark,detrich clark,,WR,5243,679.5,647.5,
Devin Gray,devin gray,,WR,5244,268.0,377.0,
Troy Mangen,troy mangen,,TE,5245,329.0,455.0,
Jake Roh,jake roh,,TE,5246,416.0,,
Gus Edwards,gus edwards,,RB,5248,656.4,567.8,
Ray Lawry,ray lawry,,RB,5252,361.8,269.0,
Jordan Franks,jordan franks,,TE,5253,296.8,,
Jimmy Williams,jimmy williams,,WR,5254,660.7,525.8,
Teo Redding,teo redding,,WR,5255,255.0,,
Tim Boyle,tim boyle,,QB,5257,503.9,488.0,
Vyncint Smith,vyncint smith,,WR,5260,687.7,,
Jester Weah,jester weah,,WR,5261,539.5,335.0,
Nic Shimonek,nic shimonek,,QB,5265,392.4,,
Buddy Howell,buddy howell,,RB,5271,667.0,,
Kamryn Pettway,kamryn pettway,,RB,5273,687.7,,
Tyler Hoppes,tyler hoppes,,TE,5276,680.0,,
Deon Yelder,deon yelder,,TE,5277,245.0,,
Jarvion Franklin,jarvion franklin,,RB,5278,660.5,,
Ka'Raun White,ka raun white,,WR,5283,246.0,699.8,
Jeff Wilson,jeff wilson,,RB,5284,650.3,497.0,
Ross Dwelley,ross dwelley,,TE,5285,579.8,,
Deontay Burnett,deontay burnett,,WR,5290,494.1,,
Jordan Veasy,jordan veasy,,WR,5293,607.6,,
Mikah Holder,mikah holder,,WR,5294,349.5,,
De'Mornay Pierson-El,de mornay pierson el,,WR,5295,570.0,531.0,
Antonio Callaway,antonio callaway,,WR,5310,,660.5,
Equanimeous St. Brown,equanimeous st brown,,WR,5323,,555.3,
Colt McCoy,colt mccoy,,QB,533,658.7,668.0,
Nyheim Miller-Hines,nyheim miller hines,,RB,5347,,630.0,
Dorren Miller,dorren miller,,WR,5359,584.9,,
Antonio Brown,antonio brown,,WR,536,,693.0,
Justin Watson,justin watson,,WR,5374,695.2,631.3,
Emmanuel Sanders,emmanuel sanders,,WR,538,697.4,526.0,
Jack Heneghan,jack heneghan,,QB,5392,453.0,,
Armanti Foreman,armanti foreman,,WR,5401,692.9,,
Peter Pujals,peter pujals,,QB,5403,517.3,,
Sergio Bailey,sergio bailey,,WR,5408,276.0,,
Tanner Hudson,tanner hudson,CIN,TE,5409,,632.1,
John Diarse,john diarse,,WR,5425,416.0,,
Christopher Ezeala,christopher ezeala,,RB,5462,,658.8,
Mark Thompson,mark thompson,,RB,5463,680.0,,
Christian Scotland-Williamson,christian scotland williamson,,TE,5468,,517.3,
Evan Berry,evan berry,,WR,5530,659.0,,
Derrick Willies,derrick willies,,WR,5539,647.7,,
Elijah Marks,elijah marks,,WR,5548,487.0,,
Darrel Williams,darrel williams,,RB,5549,331.5,,
John David Moore,john david moore,,RB,5550,387.0,,
Chad Beebe,chad beebe,,WR,5570,671.1,,
Tim Tebow,tim tebow,,TE,559,,691.8,
Jordan Smallwood,jordan smallwood,,WR,5590,680.9,645.1,
Brogan Roback,brogan roback,,QB,5597,559.0,337.8,
Anthony Mahoungou,anthony mahoungou,,WR,5612,606.5,,
Larry Rose,larry rose,,RB,5618,672.6,,
Dalyn Dawkins,dalyn dawkins,,RB,5619,610.2,237.0,
Shaq Roland,shaq roland,CHI,WR,5638,535.0,,
Shane Wimann,shane wimann,,RB,5663,542.0,,
Zach Olstad,zach olstad,,RB,5697,699.0,,
Matt Fleming,matt fleming,,WR,5699,675.5,,
Robert Martin,robert martin,,RB,5700,483.0,,
Deontez Alexander,deontez alexander,,WR,5703,692.0,398.3,
John Franklin,john franklin,,WR,5705,601.5,,
Luis Perez,luis perez,,QB,5709,691.8,,
Tim Wilson,tim wilson,,WR,5714,675.7,,
Ryan Yurachek,ryan yurachek,,TE,5718,313.5,,
C.J. Duncan,c j duncan,,WR,5734,326.5,,
Dez Bryant,dez bryant,,WR,574,,667.3,
Eldridge Massington,eldridge massington,NO,WR,5744,637.6,,
Sherman Badie,sherman badie,,RB,5752,,698.3,
Jaeden Graham,jaeden graham,,TE,5754,,650.5,
Garrett Dickerson,garrett dickerson,,TE,5756,641.5,650.9,
Josh Smith,josh smith,,WR,5762,400.0,,
Aaron Lacombe,aaron lacombe,,WR,5772,656.5,,
Cam Serigne,cam serigne,,TE,5774,488.7,,
Mark Chapman,mark chapman,,WR,5776,690.0,326.0,
Malachi Jones,malachi jones,,WR,5777,680.2,,
Malik Turner,malik turner,,WR,5781,685.0,,
James Butler,james butler,,RB,5785,583.0,274.0,
Marcus Peterson,marcus peterson,,WR,5786,675.2,,
Gerald Holmes,gerald holmes,,RB,5791,659.3,,
Austin Wolf,austin wolf,,WR,5796,687.5,,
Darren Carrington,darren carrington,,WR,5798,699.5,,
Darius Prince,darius prince,,WR,5799,655.1,,
Justin Stockton,justin stockton,,RB,5800,682.5,,
Kobe McCrary,kobe mccrary,,RB,5801,652.5,,
Julian Williams,julian williams,,WR,5804,665.6,,
John Wolford,john wolford,,QB,5806,608.3,,
Connor Jessop,connor jessop,,QB,5808,689.7,,
Ja'Quan Gardner,ja quan gardner,,RB,5809,626.5,,
Diontae Spencer,diontae spencer,,WR,5828,515.7,,
Bryant Mitchell,bryant mitchell,,WR,5831,651.3,,
T.J. Hockenson,t j hockenson,MIN,TE,5844,165.4,184.8,127.7
DK Metcalf,dk metcalf,PIT,WR,5846,75.4,77.0,73.3
Marquise Brown,marquise brown,PHI,WR,5848,,684.9,
Kyler Murray,kyler murray,MIN,QB,5849,151.3,149.2,154.5
Josh Jacobs,josh jacobs,GB,RB,5850,38.4,38.7,20.2
Drew Lock,drew lock,SEA,QB,5854,692.7,691.4,
Noah Fant,noah fant,NO,TE,5857,,642.2,
A.J. Brown,a j brown,NE,WR,5859,17.5,19.5,33.2
J.J. Arcega-Whiteside,j j arcega whiteside,,WR,5863,600.0,,
Daniel Jones,daniel jones,IND,QB,5870,203.2,220.1,197.1
Deebo Samuel,deebo samuel,SF,WR,5872,130.4,131.2,138.4
Riley Ridley,riley ridley,,WR,5873,622.5,,
N'Keal Harry,n keal harry,,TE,5878,599.5,581.0,
Parris Campbell,parris campbell,,WR,5880,631.3,,
Ryan Finley,ryan finley,,QB,5885,667.6,598.3,
Hakeem Butler,hakeem butler,,TE,5886,,571.0,
Bryce Love,bryce love,,RB,5889,426.5,615.0,
Damien Harris,damien harris,,RB,5890,654.0,,
David Montgomery,david montgomery,HOU,RB,5892,47.2,44.0,48.3
Penny Hart,penny hart,,WR,5902,563.9,,
Will Grier,will grier,,QB,5903,,677.0,
Dawson Knox,dawson knox,BUF,TE,5906,,683.5,
Jalen Hurd,jalen hurd,,WR,5911,262.0,,
Andy Isabella,andy isabella,,WR,5915,607.0,,
Darrell Henderson,darrell henderson,,RB,5916,698.3,,
Mecole Hardman,mecole hardman,,WR,5917,649.3,623.0,
Rodney Anderson,rodney anderson,,RB,5918,250.0,,
Elijah Holyfield,elijah holyfield,,RB,5919,481.7,678.7,
Emanuel Hall,emanuel hall,,WR,5924,648.2,,
Terry McLaurin,terry mclaurin,WAS,WR,5927,56.3,53.7,55.6
Diontae Johnson,diontae johnson,,WR,5937,695.6,624.6,
Lil'Jordan Humphrey,lil jordan humphrey,DEN,WR,5938,,629.9,
Jakobi Meyers,jakobi meyers,JAX,WR,5947,124.9,132.5,77.2
Hunter Renfrow,hunter renfrow,,WR,5955,694.1,662.8,
Jalin Moore,jalin moore,,RB,5961,447.8,,
KeeSean Johnson,keesean johnson,,WR,5962,625.3,,
Tony Pollard,tony pollard,TEN,RB,5967,84.5,78.1,63.4
Greg Dortch,greg dortch,BUF,WR,5970,,584.5,
Josh Oliver,josh oliver,MIN,TE,5973,,647.4,
Trace McSorley,trace mcsorley,,QB,5974,,692.0,
Alize Mack,alize mack,,TE,5975,614.6,,
Terry Godwin,terry godwin,,WR,5977,645.2,622.0,
Myles Gaskin,myles gaskin,,RB,5980,691.3,264.0,
Anthony Ratliff-Williams,anthony ratliff williams,,WR,5984,652.4,298.0,
Foster Moreau,foster moreau,HOU,TE,5985,638.3,689.5,
Alexander Mattison,alexander mattison,,RB,5987,516.5,547.5,
Justice Hill,justice hill,BAL,RB,5995,,218.2,
Drew Sample,drew sample,CIN,TE,6001,,454.2,
Qadree Ollison,qadree ollison,,RB,6002,422.5,541.8,
Ryquell Armstead,ryquell armstead,,RB,6007,606.5,,
Gardner Minshew,gardner minshew,ARI,QB,6011,677.8,650.1,
Travis Homer,travis homer,PIT,RB,6012,695.2,,
DaMarkus Lodge,damarkus lodge,,WR,6017,657.2,,
Alex Barnes,alex barnes,,RB,6031,661.5,,
Keelan Doss,keelan doss,,WR,6032,639.0,,
Ryan Davis,ryan davis,,WR,6036,364.0,,
Brett Rypien,brett rypien,,QB,6037,664.3,,
Ty Johnson,ty johnson,BUF,RB,6039,,668.0,
Tyree Jackson,tyree jackson,,TE,6040,620.5,,
Gary Jennings,gary jennings,LAC,WR,6045,673.3,,
Dillon Mitchell,dillon mitchell,,WR,6047,609.0,562.0,
Tyre Brady,tyre brady,,WR,6049,687.8,433.5,
Travis Fulgham,travis fulgham,,WR,6059,668.1,,
Joe Webb,joe webb,,QB,606,671.3,682.3,
Devine Ozigbo,devine ozigbo,,RB,6068,682.8,,
Bruce Anderson,bruce anderson,,RB,6072,,491.5,
Kendall Blanton,kendall blanton,,TE,6081,543.8,,
Bisi Johnson,bisi johnson,,WR,6088,677.1,,
Daniel Helm,daniel helm,,TE,6089,528.2,650.5,
Emmanuel Butler,emmanuel butler,,WR,6107,578.3,,
Jacques Patrick,jacques patrick,,RB,6108,322.3,,
Jake Browning,jake browning,,QB,6111,,640.0,
Wes Hills,wes hills,,RB,6115,638.6,,
Irv Smith,irv smith,,TE,6126,644.0,,
Devin Singletary,devin singletary,NYG,RB,6130,,660.1,
Jarrett Stidham,jarrett stidham,DEN,QB,6136,,325.0,
Tommy Sweeney,tommy sweeney,,TE,6137,262.0,699.0,
Jace Sternberger,jace sternberger,,TE,6139,515.2,,
Caleb Wilson,caleb wilson,,TE,6142,,485.7,
Trayveon Williams,trayveon williams,,RB,6144,683.1,663.4,
Clayton Thorson,clayton thorson,NYG,QB,6147,672.5,648.0,
Preston Williams,preston williams,,WR,6148,514.8,,
Darius Slayton,darius slayton,NYG,WR,6149,,668.0,
Miles Sanders,miles sanders,,RB,6151,634.9,,
Dexter Williams,dexter williams,,RB,6153,621.9,640.7,
David Sills,david sills,TB,WR,6154,405.0,456.0,
Jaylen Smith,jaylen smith,,WR,6155,664.8,343.0,
Benny Snell,benny snell,,RB,6156,644.8,,
Mike Weber,mike weber,,RB,6159,689.0,,
Jimmy Graham,jimmy graham,,TE,616,604.8,616.1,
L.J. Scott,l j scott,,RB,6161,602.0,,
Alex Wesley,alex wesley,,WR,6163,642.5,,
Kahale Warring,kahale warring,,TE,6164,680.0,,
Antoine Wesley,antoine wesley,,WR,6165,689.7,,
Jordan Scarlett,jordan scarlett,MIA,RB,6167,619.0,,
John Ursua,john ursua,,WR,6168,626.5,,
Cody Thompson,cody thompson,,WR,6171,539.0,446.7,
Kerrith Whyte,kerrith whyte,GB,RB,6175,686.0,,
Darwin Thompson,darwin thompson,,RB,6178,657.5,,
Trevon Wesco,trevon wesco,,TE,6181,693.0,,
Easton Stick,easton stick,TB,QB,6185,602.2,671.5,
Aca'Cedric Ware,aca cedric ware,,RB,6187,612.0,458.2,
Damon Sheehy-Guiseppi,damon sheehy guiseppi,,WR,6195,,664.2,
Christian Wade,christian wade,,RB,6196,688.5,,
Valentine Holmes,valentine holmes,,RB,6203,686.2,685.8,
Brandon Silvers,brandon silvers,,QB,6205,550.6,,
Ishmael Hyman,ishmael hyman,,WR,6209,,299.4,
Juwann Winfree,juwann winfree,,WR,6223,,552.5,
Nick Easley,nick easley,,WR,6227,649.3,456.8,
John Lovett,john lovett,,QB,6231,575.7,607.0,
Matt Sokol,matt sokol,,TE,6233,,388.5,
Deonte Harty,deonte harty,,WR,6234,,542.5,
Travon McMillian,travon mcmillian,,RB,6236,458.9,580.1,
Wilton Speight,wilton speight,,QB,6237,692.5,,
Tyree Mayfield,tyree mayfield,,TE,6238,261.0,,
Malik Taylor,malik taylor,,WR,6239,,461.5,
Jeremy Cox,jeremy cox,,RB,6246,,628.9,
Jason Moore,jason moore,,WR,6247,641.3,,
Reggie White,reggie white,,WR,6261,262.0,,
Kyle Shurmur,kyle shurmur,,QB,6269,679.0,,
Olamide Zaccheaus,olamide zaccheaus,ATL,WR,6271,,697.7,
Brandon Dillon,brandon dillon,,TE,6279,678.5,,
Scotty Miller,scotty miller,CHI,WR,6290,697.5,549.4,
Cullen Gillaspia,cullen gillaspia,,RB,6293,669.0,,
Ian Bunting,ian bunting,,TE,6308,635.8,,
Patrick Laird,patrick laird,,RB,6311,636.9,,
Jacob Dolegala,jacob dolegala,,QB,6317,656.2,643.5,
Jordan Ellis,jordan ellis,,RB,6318,465.5,,
Xavier Ubosi,xavier ubosi,,WR,6322,674.3,,
Andrew Beck,andrew beck,NYJ,RB,6323,614.0,664.3,
Damarea Crockett,damarea crockett,,RB,6334,671.6,,
Manny Wilkins,manny wilkins,,QB,6343,510.3,,
Matt Colburn,matt colburn,,RB,6352,583.8,,
Kahlil Lewis,kahlil lewis,,WR,6358,552.8,,
C.J. Worton,c j worton,,WR,6359,672.0,,
Raphael Leonard,raphael leonard,,WR,6361,695.0,,
Dredrick Snelson,dredrick snelson,,WR,6362,,692.8,
Papi White,papi white,,WR,6364,660.0,,
Carson Meier,carson meier,,TE,6365,261.5,,
Damion Jeanpiere,damion jeanpiere,,WR,6370,354.5,,
Drew Anderson,drew anderson,,QB,6371,674.7,,
Xavier Turner,xavier turner,,RB,6372,637.5,,
A.J. Richardson,a j richardson,,WR,6373,,669.6,
Jerome Washington,jerome washington,,TE,6375,681.6,,
Alexander Hollins,alexander hollins,,WR,6381,527.1,,
Matt Colburn,matt colburn,,RB,6385,263.0,,
Alex Bachman,alex bachman,LAR,WR,6386,670.3,,
Nsimba Webster,nsimba webster,,WR,6387,633.0,,
Romello Brooker,romello brooker,,TE,6388,682.0,,
Johnathan Lloyd,johnathan lloyd,,WR,6392,595.2,642.8,
Trinity Benson,trinity benson,,WR,6395,300.0,,
Austin Fort,austin fort,,TE,6396,275.5,,
Kano Dillon,kano dillon,,TE,6399,422.4,,
Golden Tate,golden tate,,WR,642,694.5,392.8,
Jalen Guyton,jalen guyton,,WR,6421,564.0,,
Ashton Dulin,ashton dulin,IND,WR,6427,,696.8,
Kelvin McKnight,kelvin mcknight,,WR,6438,699.3,,
Hale Hentges,hale hentges,,TE,6439,445.8,,
Eric Dungey,eric dungey,,QB,6443,479.8,,
Jon Hilliman,jon hilliman,,RB,6446,393.0,,
Darrin Hall,darrin hall,,RB,6448,590.9,618.8,
Dorian Baker,dorian baker,,WR,6449,243.0,,
David Blough,david blough,,QB,6450,647.6,674.0,
D.J. Montgomery,d j montgomery,IND,WR,6453,641.7,696.6,
Sean Modster,sean modster,,WR,6459,670.0,,
Cole Herdman,cole herdman,,TE,6460,535.5,,
Ellis Richardson,ellis richardson,,TE,6462,565.8,,
Matthew Eaton,matthew eaton,,WR,6468,598.1,,
Davis Koppenhaver,davis koppenhaver,,TE,6469,427.5,278.0,
Charles Scarff,charles scarff,,TE,6487,650.5,,
Taryn Christion,taryn christion,,QB,6489,657.2,,
Mik'Quan Deane,mik quan deane,,TE,6490,662.0,,
Adam Choice,adam choice,,RB,6491,497.3,,
Justin Johnson,justin johnson,,TE,6493,668.8,,
C.J. Conrad,c j conrad,,TE,6501,481.0,634.0,
Trayone Gray,trayone gray,,RB,6506,263.0,,
Darrius Shepherd,darrius shepherd,,WR,6519,623.1,,
T.J. Linta,t j linta,,QB,6522,689.5,,
Jamire Jordan,jamire jordan,,WR,6524,574.5,,
Chris Myarick,chris myarick,LV,TE,6529,680.0,370.0,
Nate Becker,nate becker,,TE,6535,656.1,,
Devontae Jackson,devontae jackson,,RB,6539,479.4,,
DeAndre Thompkins,deandre thompkins,GB,WR,6540,393.7,666.0,
Marcus Marshall,marcus marshall,,RB,6548,415.0,,
Damion Willis,damion willis,,WR,6549,637.0,,
Malik Henry,malik henry,,WR,6552,663.0,,
Austin Walter,austin walter,,RB,6553,462.0,,
Shawn Poindexter,shawn poindexter,,WR,6554,663.0,665.8,
Jeff Smith,jeff smith,,WR,6557,664.2,407.0,
Tony Brooks-James,tony brooks james,,RB,6585,309.8,,
Moral Stephens,moral stephens,,TE,6586,321.0,,
Tom Kennedy,tom kennedy,DET,WR,6588,652.8,650.1,
Michael Colubiale,michael colubiale,,TE,6590,640.0,258.0,
Charles Jones,charles jones,,TE,6591,,619.5,
Dontae Strickland,dontae strickland,,RB,6592,,344.0,
Devlin Hodges,devlin hodges,,QB,6595,668.8,591.5,
Jalan McClendon,jalan mcclendon,,QB,6596,,561.0,
Trenton Irwin,trenton irwin,,WR,6598,482.0,358.6,
Nick Fitzgerald,nick fitzgerald,,QB,6606,456.2,,
Andre Lindsey,andre lindsey,,WR,6617,401.0,,
Ventell Bryant,ventell bryant,,WR,6628,692.2,,
Brian Burt,brian burt,,WR,6629,,317.0,
Benjamin Watson,benjamin watson,,TE,663,611.5,,
Nico Evans,nico evans,,RB,6637,677.1,,
Craig Reynolds,craig reynolds,WAS,RB,6659,646.0,511.8,
Joseph Parker,joseph parker,,WR,6661,619.8,,
Parker Hesse,parker hesse,,TE,6662,,465.3,
A.J. Ouellette,a j ouellette,,RB,6664,434.6,693.9,
Jalen Greene,jalen greene,,WR,6685,594.0,,
D'Ernest Johnson,d ernest johnson,,RB,6694,455.0,415.1,
Floyd Allen,floyd allen,,WR,6697,697.0,,
Gunner Olszewski,gunner olszewski,NYG,WR,6699,,657.7,
Marcelias Sutton,marcelias sutton,,RB,6700,671.2,503.2,
Fred Trevillion,fred trevillion,,WR,6701,631.8,,
Taj McGowan,taj mcgowan,,RB,6705,667.3,,
Josh Caldwell,josh caldwell,,RB,6710,642.2,,
Marcus Simms,marcus simms,,WR,6712,612.0,,
Jamarius Way,jamarius way,,WR,6713,684.7,435.7,
Vincent Testaverde,vincent testaverde,,QB,6723,689.1,679.1,
Joe Walker,joe walker,,WR,6727,654.3,,
Jackson Harris,jackson harris,,TE,6728,677.3,,
Jordan Ta'amu,jordan ta amu,,QB,6730,688.5,,
Micky Crum,micky crum,,TE,6737,553.3,,
Marquis Young,marquis young,,RB,6742,256.0,,
Greg Ward,greg ward,,WR,6744,437.0,515.2,
Derrick Gore,derrick gore,,RB,6753,692.5,,
Tavonn Salter,tavonn salter,,WR,6755,664.5,268.0,
LeSean McCoy,lesean mccoy,,RB,676,,700.9,
Darion Clark,darion clark,,TE,6762,635.0,,
Reggie Begelton,reggie begelton,,WR,6763,629.0,,
Tua Tagovailoa,tua tagovailoa,ATL,QB,6768,236.5,258.4,238.8
Joe Burrow,joe burrow,CIN,QB,6770,52.2,53.9,54.0
Chris Streveler,chris streveler,,QB,6778,679.0,694.0,
Jerry Jeudy,jerry jeudy,CLE,WR,6783,186.9,211.6,159.5
CeeDee Lamb,ceedee lamb,DAL,WR,6786,10.5,11.9,14.3
Henry Ruggs,henry ruggs,,WR,6789,,667.2,
D'Andre Swift,d andre swift,CHI,RB,6790,51.0,48.7,47.1
Justin Jefferson,justin jefferson,MIN,WR,6794,11.6,12.2,18.5
Justin Herbert,justin herbert,LAC,QB,6797,82.3,80.2,86.3
Jalen Reagor,jalen reagor,,WR,6798,442.0,291.3,
Tee Higgins,tee higgins,CIN,WR,6801,35.5,39.5,35.8
Brandon Aiyuk,brandon aiyuk,SF,WR,6803,251.4,267.4,176.7
Jordan Love,jordan love,GB,QB,6804,153.0,164.8,126.8
J.K. Dobbins,j k dobbins,DEN,RB,6806,92.5,85.1,68.3
Jonathan Taylor,jonathan taylor,IND,RB,6813,7.2,5.4,3.8
Michael Pittman,michael pittman,PIT,WR,6819,105.3,103.4,107.5
Clyde Edwards-Helaire,clyde edwards helaire,,RB,6820,,572.7,
Jake Fromm,jake fromm,,QB,6822,664.4,451.0,
Jacob Eason,jacob eason,,QB,6823,678.5,,
Donovan Peoples-Jones,donovan peoples jones,,WR,6824,665.3,,
Cole Kmet,cole kmet,CHI,TE,6826,,683.3,
AJ Dillon,aj dillon,CAR,RB,6828,,688.3,
Kalija Lipscomb,kalija lipscomb,,WR,6832,247.0,636.6,
Jared Pinkney,jared pinkney,,TE,6834,299.0,677.2,
Albert Okwuegbunam,albert okwuegbunam,LV,TE,6843,,638.6,
Zack Moss,zack moss,,RB,6845,,659.4,
Hunter Bryant,hunter bryant,,TE,6846,449.3,,
Devin Duvernay,devin duvernay,ARI,WR,6847,,636.2,
Denzel Mims,denzel mims,,WR,6849,633.5,,
Harrison Bryant,harrison bryant,,TE,6850,631.5,,
Van Jefferson,van jefferson,,WR,6853,646.8,524.6,
Colby Parkinson,colby parkinson,LAR,TE,6865,251.4,261.8,135.7
KJ Hill,kj hill,LAC,WR,6866,663.3,528.0,
Adam Trautman,adam trautman,DEN,TE,6869,682.8,675.3,
Bryan Edwards,bryan edwards,,WR,6870,623.0,637.0,
Quartney Davis,quartney davis,,WR,6879,475.0,,
Ke'Shawn Vaughn,ke shawn vaughn,,RB,6885,600.0,,
Chase Claypool,chase claypool,,WR,6886,672.9,687.7,
Quintez Cephus,quintez cephus,,WR,6895,581.0,,
Anthony Gordon,anthony gordon,,QB,6898,421.2,,
Jalen Hurts,jalen hurts,PHI,QB,6904,59.6,61.8,69.4
La'Mical Perine,la mical perine,,RB,6908,630.0,,
Lynn Bowden,lynn bowden,,WR,6909,653.5,,
Joe Reed,joe reed,,WR,6913,,669.6,
Salvon Ahmed,salvon ahmed,CHI,RB,6918,640.0,527.5,
Thaddeus Moss,thaddeus moss,,TE,6919,623.1,660.4,
Brycen Hopkins,brycen hopkins,,TE,6926,657.8,,
DeeJay Dallas,deejay dallas,MIN,RB,6931,677.3,,
Charlie Taumoepeau,charlie taumoepeau,,TE,6932,,663.4,
Cam Akers,cam akers,,RB,6938,652.9,587.0,
Gabe Davis,gabe davis,,WR,6943,479.8,562.8,
Antonio Gibson,antonio gibson,,RB,6945,,676.4,
Ted Ginn,ted ginn,,WR,695,695.7,606.5,
Eno Benjamin,eno benjamin,,RB,6951,320.8,,
James Robinson,james robinson,,RB,6955,645.0,311.0,
Devin Asiasi,devin asiasi,,TE,6956,546.0,,
LeVante Bellamy,levante bellamy,,RB,6959,607.0,,
Tyler Johnson,tyler johnson,,WR,6960,537.5,,
Patrick Taylor,patrick taylor,,RB,6963,671.6,246.0,
Sean McKeon,sean mckeon,IND,TE,6964,524.0,,
Javon Leake,javon leake,,RB,6966,629.2,483.9,
Aaron Fuller,aaron fuller,,WR,6967,648.0,,
Stephen Sullivan,stephen sullivan,,TE,6970,637.0,,
J.J. Taylor,j j taylor,,RB,6973,256.0,637.1,
Dezmon Patmon,dezmon patmon,,WR,6985,334.0,,
Marquez Callaway,marquez callaway,,WR,6989,605.3,,
Michael Warren,michael warren,DET,RB,6992,451.6,374.1,
Dominick Wood-Anderson,dominick wood anderson,,TE,6993,252.0,,
JaMycal Hasty,jamycal hasty,,RB,6996,625.0,685.0,
Juwan Johnson,juwan johnson,NO,TE,7002,179.5,161.6,102.6
Scottie Phillips,scottie phillips,,RB,7005,446.7,,
Brian Lewerke,brian lewerke,,QB,7008,614.9,,
Trishton Jackson,trishton jackson,,WR,7009,251.7,,
Steven Montez,steven montez,,QB,7013,694.9,,
Jacob Breeland,jacob breeland,,TE,7015,611.4,,
Rico Dowdle,rico dowdle,PIT,RB,7021,86.2,83.2,65.2
Tyrie Cleveland,tyrie cleveland,,WR,7032,,673.0,
Cody White,cody white,LV,WR,7039,664.0,,
Joshua Kelley,joshua kelley,,RB,7045,698.0,,
Jauan Jennings,jauan jennings,MIN,WR,7049,213.8,213.1,123.2
Josiah Deguara,josiah deguara,,TE,7050,239.0,,
Darrell Stewart,darrell stewart,,WR,7056,,526.8,
Shea Patterson,shea patterson,,QB,7063,587.0,674.0,
Darrynton Evans,darrynton evans,,RB,7064,683.0,,
Eli Wolf,eli wolf,,TE,7065,,518.2,
K.J. Osborn,k j osborn,TEN,WR,7066,270.0,,
Charlie Woerner,charlie woerner,ATL,TE,7075,641.5,611.5,
Pete Guerriero,pete guerriero,,RB,7079,491.0,624.6,
Omar Bayless,omar bayless,,WR,7080,,629.8,
Dalton Keene,dalton keene,,TE,7082,687.2,,
Tyler Huntley,tyler huntley,BAL,QB,7083,,690.0,
Isaiah Coulter,isaiah coulter,,WR,7085,631.0,,
Jonathan Ward,jonathan ward,BAL,RB,7087,,691.4,
Xavier Jones,xavier jones,,RB,7088,451.8,523.3,
Darnell Mooney,darnell mooney,NYG,WR,7090,249.2,259.3,194.4
Aaron Parker,aaron parker,,WR,7091,656.1,,
Adrian Killins,adrian killins,DEN,RB,7093,688.0,,
Derrick Dillon,derrick dillon,,WR,7100,371.3,,
Rodney Smith,rodney smith,,RB,7101,643.8,475.5,
Tavien Feaster,tavien feaster,ARI,RB,7103,490.3,,
Malcolm Perry,malcolm perry,,WR,7109,308.5,,
Ben DiNucci,ben dinucci,,QB,7143,,653.5,
Tommy Stevens,tommy stevens,NYG,TE,7149,679.5,,
J'Mar Smith,j mar smith,,QB,7156,,651.3,
Josh Love,josh love,,QB,7157,691.9,674.9,
Riley Neal,riley neal,,QB,7158,651.7,,
Shane Leatherbury,shane leatherbury,,WR,7161,691.7,,
Mikey Daniel,mikey daniel,,RB,7172,689.8,,
Jalen McCleskey,jalen mccleskey,,WR,7173,675.8,,
Caleb Repp,caleb repp,,TE,7176,685.1,,
Bronson Rechsteiner,bronson rechsteiner,,RB,7190,669.5,,
Jaylon Moore,jaylon moore,,WR,7191,622.6,,
Reggie Gilliam,reggie gilliam,NE,RB,7204,,625.0,
Kendall Hinton,kendall hinton,,WR,7210,,535.0,
Zimari Manning,zimari manning,,WR,7211,641.6,680.3,
Trevontae Hights,trevontae hights,,WR,7217,597.2,,
Cam Sutton,cam sutton,,TE,7218,650.4,600.8,
Artavis Pierce,artavis pierce,,RB,7227,586.0,,
Ahmad Wagner,ahmad wagner,,WR,7228,674.7,,
Andre Baccellia,andre baccellia,,WR,7233,678.5,,
Maurice Ffrench,maurice ffrench,,WR,7234,673.2,692.5,
Aleva Hifo,aleva hifo,,WR,7235,512.7,,
Devwah Whaley,devwah whaley,,RB,7236,577.0,,
Kevin Davidson,kevin davidson,,QB,7243,332.7,329.7,
Nate Wieting,nate wieting,,TE,7245,639.8,,
Jalen Morton,jalen morton,IND,QB,7262,646.7,,
Josh Hammond,josh hammond,,WR,7287,700.0,,
Ben Ellefson,ben ellefson,,TE,7288,659.8,376.0,
Justice Shelton-Mosley,justice shelton mosley,,WR,7299,611.3,243.0,
Nick Bowers,nick bowers,,TE,7308,551.8,681.7,
Siaosi Mariner,siaosi mariner,,WR,7309,665.0,,
Darius Bradwell,darius bradwell,,RB,7316,577.0,,
Jared Rice,jared rice,,TE,7317,627.5,500.7,
Jeff Cotton,jeff cotton,,WR,7319,646.0,,
Earnest Edwards,earnest edwards,,WR,7334,672.8,,
Bryce Perkins,bryce perkins,,QB,7335,677.3,671.5,
James Gilbert,james gilbert,,RB,7336,579.0,,
J.J. Koski,j j koski,,WR,7339,696.0,,
Brandon Polk,brandon polk,,WR,7340,429.0,,
Kirk Merritt,kirk merritt,,WR,7351,700.0,689.6,
Dan Chisena,dan chisena,,WR,7357,611.5,,
Nakia Griffin-Stewart,nakia griffin stewart,,TE,7359,695.3,592.9,
Sean Riley,sean riley,,WR,7368,652.2,,
Case Cookus,case cookus,,QB,7376,679.3,,
Kyle Markway,kyle markway,,TE,7378,678.0,,
Rysen John,rysen john,,TE,7379,489.0,,
George Campbell,george campbell,,WR,7387,268.0,594.3,
Jermiah Braswell,jermiah braswell,,WR,7394,293.5,,
Parker Houston,parker houston,,TE,7397,517.8,583.0,
Khalil Tate,khalil tate,,WR,7401,663.9,604.8,
Sandro Platzgummer,sandro platzgummer,,RB,7412,681.9,684.5,
Johnathon Johnson,johnathon johnson,,WR,7414,665.7,,
Broc Rutter,broc rutter,,QB,7418,689.5,,
Anthony Jones,anthony jones,,RB,7424,641.2,,
Patrick Carr,patrick carr,,RB,7425,553.3,,
Tyler Mabry,tyler mabry,,TE,7427,639.5,,
Cameron Scarlett,cameron scarlett,,RB,7435,371.4,409.0,
Mason Kinsey,mason kinsey,,WR,7436,525.0,,
Kristian Wilkerson,kristian wilkerson,,WR,7438,669.6,647.5,
Tommy Hudson,tommy hudson,,TE,7439,673.8,,
Marshawn Lynch,marshawn lynch,,RB,745,,640.1,
Josh Pearson,josh pearson,,WR,7452,302.0,689.0,
John Hurst,john hurst,,WR,7455,679.9,662.0,
Michael Dereus,michael dereus,,WR,7457,660.7,,
Isaiah Zuber,isaiah zuber,,WR,7458,,679.5,
Jake Burt,jake burt,,TE,7460,581.8,,
Connor Slomka,connor slomka,,RB,7464,677.0,,
Napoleon Maxwell,napoleon maxwell,,RB,7475,633.0,,
Chase Harrell,chase harrell,,TE,7481,692.7,,
Nick Westbrook-Ikhine,nick westbrook ikhine,IND,WR,7496,,687.2,
Paul Quessenberry,paul quessenberry,,TE,7499,,629.9,
Dominique Dafney,dominique dafney,,TE,7502,560.3,,
Chris Blair,chris blair,ATL,WR,7521,634.5,,
Hunter Thedford,hunter thedford,,TE,7522,333.0,,
Trevor Lawrence,trevor lawrence,JAX,QB,7523,98.6,98.2,94.6
DeVonta Smith,devonta smith,PHI,WR,7525,32.3,33.2,53.2
Jaylen Waddle,jaylen waddle,DEN,WR,7526,44.9,46.6,42.3
Mac Jones,mac jones,SF,QB,7527,,685.8,
Najee Harris,najee harris,NYG,RB,7528,220.3,657.2,169.8
Gary Brightwell,gary brightwell,,RB,7529,558.5,616.0,
Frank Darby,frank darby,,WR,7530,,699.5,
Feleipe Franks,feleipe franks,CAR,TE,7531,,396.0,
Rakeem Boyd,rakeem boyd,,RB,7532,,527.0,
Seth Williams,seth williams,,WR,7534,654.5,,
Hunter Long,hunter long,ARI,TE,7535,673.3,566.7,
Quintin Morris,quintin morris,JAX,TE,7536,484.5,,
Jaret Patterson,jaret patterson,,RB,7537,677.0,,
Zach Wilson,zach wilson,NO,QB,7538,,684.2,
Gerrid Doaks,gerrid doaks,,RB,7539,640.5,,
Amari Rodgers,amari rodgers,,WR,7540,631.5,,
Cornell Powell,cornell powell,,WR,7541,670.8,682.6,
Travis Etienne,travis etienne,NO,RB,7543,44.0,40.2,34.4
Tre Nixon,tre nixon,,WR,7546,290.0,,
Amon-Ra St. Brown,amon ra st brown,DET,WR,7547,8.7,7.0,16.8
Tyler Vaughns,tyler vaughns,,WR,7548,,662.0,
CJ Marable,cj marable,,RB,7549,699.5,,
Warren Jackson,warren jackson,,WR,7550,640.7,,
Blake Proehl,blake proehl,,WR,7552,639.0,,
Kyle Pitts,kyle pitts,ATL,TE,7553,68.8,71.7,72.9
Tre' McKitty,tre mckitty,,TE,7554,695.2,,
Jamie Newman,jamie newman,,QB,7555,673.0,,
Marquez Stevenson,marquez stevenson,,WR,7556,253.0,,
Whop Philyor,whop philyor,,WR,7558,,587.3,
Ihmir Smith-Marsette,ihmir smith marsette,ARI,WR,7559,358.2,,
Pooka Williams,pooka williams,,RB,7560,656.0,402.3,
Elijah Mitchell,elijah mitchell,,RB,7561,692.5,614.0,
Tutu Atwell,tutu atwell,LAR,WR,7562,,690.5,
Ja'Marr Chase,ja marr chase,CIN,WR,7564,3.7,3.5,6.6
Terrace Marshall,terrace marshall,,WR,7565,653.8,,
Kenny Gainwell,kenny gainwell,TB,RB,7567,112.7,107.4,86.1
Brevin Jordan,brevin jordan,HOU,TE,7568,651.3,,
Nico Collins,nico collins,HOU,WR,7569,25.6,22.5,26.7
Rashod Bateman,rashod bateman,BAL,WR,7571,232.7,700.9,203.3
Damon Hazelton,damon hazelton,,WR,7573,605.8,,
Larry Rountree,larry rountree,,RB,7574,640.0,,
Sage Surratt,sage surratt,,TE,7576,256.0,440.4,
Austin Watkins,austin watkins,,WR,7579,687.5,,
Khalil McClain,khalil mcclain,,WR,7580,,511.0,
Kellen Mond,kellen mond,,QB,7581,692.0,607.8,
Sam Ehlinger,sam ehlinger,DEN,QB,7583,666.3,,
Brennan Eagles,brennan eagles,,WR,7584,677.5,694.0,
Davis Mills,davis mills,HOU,QB,7585,,676.3,
Dyami Brown,dyami brown,WAS,WR,7587,,515.3,
Javonte Williams,javonte williams,DAL,RB,7588,33.6,32.1,32.1
Ian Book,ian book,,QB,7589,676.9,,
Justin Fields,justin fields,KC,QB,7591,,683.5,
Trey Sermon,trey sermon,ATL,RB,7593,649.0,,
Chuba Hubbard,chuba hubbard,CAR,RB,7594,78.7,79.3,66.3
Tylan Wallace,tylan wallace,CLE,WR,7595,669.8,,
Elijah Moore,elijah moore,PHI,WR,7596,700.0,467.4,
Kenny Yeboah,kenny yeboah,,TE,7597,645.0,,
Jermar Jefferson,jermar jefferson,MIN,RB,7599,653.9,611.5,
Pat Freiermuth,pat freiermuth,PIT,TE,7600,239.9,230.3,
Kylen Granson,kylen granson,TEN,TE,7602,505.0,,
Kyle Trask,kyle trask,,QB,7605,673.2,660.5,
Kadarius Toney,kadarius toney,,WR,7606,685.1,508.6,
Michael Carter,michael carter,TEN,RB,7607,686.5,659.5,
Khalil Herbert,khalil herbert,,RB,7608,,689.2,
Trey Lance,trey lance,LAC,QB,7610,,639.6,
Rhamondre Stevenson,rhamondre stevenson,NE,RB,7611,80.9,71.6,57.5
Dee Eskridge,dee eskridge,,WR,7612,,670.5,
Jonathan Adams,jonathan adams,,WR,7613,646.8,637.6,
Kai Locksley,kai locksley,,WR,7616,461.3,,
Micah Simon,micah simon,CAR,WR,7618,625.0,,
Mathew Sexton,mathew sexton,,WR,7619,662.9,430.5,
Sammis Reyes,sammis reyes,,TE,7622,637.0,248.0,
Darece Roberson,darece roberson,,WR,7623,,400.3,
Joshua Palmer,joshua palmer,BUF,WR,7670,,624.0,
Tommy Tremble,tommy tremble,CAR,TE,7694,,597.0,
Jaelon Darden,jaelon darden,,WR,7713,577.0,,
John Bates,john bates,WAS,TE,7716,,620.3,
Kene Nwangwu,kene nwangwu,NYJ,RB,7720,,696.0,
Dez Fitzpatrick,dez fitzpatrick,,WR,7729,685.8,,
Josh Pederson,josh pederson,,TE,7733,582.8,,
Bruno Labelle,bruno labelle,,TE,7734,492.8,622.4,
Cary Angeline,cary angeline,,TE,7735,562.8,,
Caleb Huntley,caleb huntley,,RB,7741,,478.7,
Antonio Nunn,antonio nunn,,WR,7744,362.0,,
Austin Trammell,austin trammell,JAX,WR,7746,658.0,,
Kawaan Baker,kawaan baker,,WR,7752,696.0,449.5,
Ben Skowronek,ben skowronek,PIT,WR,7757,667.7,654.6,
Jake Funk,jake funk,,RB,7771,459.0,586.6,
Jalen Camp,jalen camp,,WR,7789,654.0,,
Racey McMath,racey mcmath,,WR,7793,497.0,383.0,
Chris Evans,chris evans,,RB,7794,533.5,,
Avery Williams,avery williams,,RB,7809,503.9,584.0,
Simi Fehoko,simi fehoko,ARI,WR,7812,,426.7,
Noah Gray,noah gray,KC,TE,7828,,683.3,
Luke Farrell,luke farrell,SF,TE,7842,491.0,,
Scooter Harrington,scooter harrington,,TE,7848,653.0,,
Miller Forristall,miller forristall,,TE,7854,646.3,,
Nick Eubanks,nick eubanks,,TE,7859,676.5,643.8,
Osirus Mitchell,osirus mitchell,,WR,7860,509.1,,
T.J. Vasher,t j vasher,,WR,7862,457.3,,
JaQuan Hardy,jaquan hardy,,RB,7863,650.8,440.5,
Artayvious Lynn,artayvious lynn,,TE,7864,257.0,,
Brandon Smith,brandon smith,PIT,WR,7865,645.0,,
Spencer Brown,spencer brown,,RB,7867,604.9,,
Jeremiah Haydel,jeremiah haydel,,WR,7874,634.4,,
Dion Lewis,dion lewis,,RB,788,591.8,,
Bailey Gaither,bailey gaither,,WR,7885,630.0,,
Javon McKinley,javon mckinley,,WR,7890,626.3,247.0,
Brock Wright,brock wright,DET,TE,7891,690.8,697.6,
Dedrick Mills,dedrick mills,,RB,7893,683.4,,
Roland Rivers,roland rivers,,QB,7897,697.4,490.2,
Isaiah McKoy,isaiah mckoy,,WR,7899,658.7,240.0,
Rico Bussey,rico bussey,,WR,7901,,617.3,
Briley Moore,briley moore,,TE,7903,679.8,,
Stevie Scott,stevie scott,,RB,7904,639.5,,
Dylan Soehner,dylan soehner,,TE,7905,638.3,,
Landen Akers,landen akers,,WR,7915,683.0,,
A.J. Rose,a j rose,,RB,7918,,695.8,
Carl Tucker,carl tucker,,TE,7926,576.0,,
Eli Stove,eli stove,,WR,7935,686.8,,
Hunter Kampmoyer,hunter kampmoyer,,TE,7938,628.3,,
Nick Ralston,nick ralston,,RB,7941,646.5,,
Zach Davidson,zach davidson,,TE,7943,635.3,,
Michael Strachan,michael strachan,,WR,7944,677.8,633.8,
Jack Stoll,jack stoll,,TE,7946,621.3,,
Trevon Grimes,trevon grimes,,WR,7949,687.5,,
B.J. Emmons,b j emmons,,RB,7951,657.5,,
Connor Wedington,connor wedington,,WR,7954,691.3,,
Cade Johnson,cade johnson,,WR,7956,656.5,,
T.J. Simmons,t j simmons,,WR,7960,687.2,,
Tony Poljan,tony poljan,,TE,7972,548.5,,
Tre Walker,tre walker,,WR,7978,,697.7,
Collin Hill,collin hill,,QB,7983,669.0,,
Pro Wells,pro wells,,TE,7985,,695.5,
DJ Turner,dj turner,,WR,7989,259.0,266.0,
Garrett Groshek,garrett groshek,,RB,7990,586.5,,
Matt Bushman,matt bushman,,TE,7992,653.7,599.5,
Dillon Stoner,dillon stoner,,WR,7996,664.5,439.0,
Shane Buechele,shane buechele,BUF,QB,8002,691.3,,
Tarik Black,tarik black,,WR,8005,,405.0,
Josh Imatorbhebhe,josh imatorbhebhe,,WR,8008,683.1,687.5,
Charles Clay,charles clay,,TE,801,678.5,543.5,
Tim Jones,tim jones,JAX,WR,8013,642.0,,
Devontres Dukes,devontres dukes,,WR,8019,681.3,,
Branden Mack,branden mack,,WR,8021,675.3,,
Landon Rice,landon rice,,TE,8026,626.8,553.8,
Tre Harbison,tre harbison,,RB,8027,684.0,,
Bernhard Seikovits,bernhard seikovits,,TE,8033,,613.5,
Jibri Blount,jibri blount,,TE,8039,644.9,,
Donte Sylencieux,donte sylencieux,,WR,8052,,673.3,
Kenji Bahar,kenji bahar,,QB,8057,655.6,,
Nate McCrary,nate mccrary,,RB,8058,699.9,,
Travis Toivonen,travis toivonen,,WR,8070,651.3,,
Matt Seybert,matt seybert,,TE,8074,259.0,,
K.J. Costello,k j costello,,QB,8087,662.9,,
Kalif Jackson,kalif jackson,MIA,TE,8088,693.5,,
Sal Cannella,sal cannella,,TE,8089,667.9,674.0,
Corey Taylor,corey taylor,,RB,8092,557.8,506.4,
Michael Jacobson,michael jacobson,,TE,8094,616.3,,
Graham Adomitis,graham adomitis,,TE,8095,667.5,,
Mark Vital,mark vital,,TE,8101,654.8,,
DeShon Williams,deshon williams,,TE,8102,635.6,,
Ryan Willis,ryan willis,,QB,8103,467.3,,
Brayden Lenius,brayden lenius,,TE,8105,608.5,,
Nikola Kalinic,nikola kalinic,CHI,TE,8107,557.1,,
DeVonte Dedmon,devonte dedmon,,WR,8108,512.2,,
Jake Ferguson,jake ferguson,DAL,TE,8110,98.8,113.7,96.9
Cade Otton,cade otton,TB,TE,8111,233.1,246.0,147.5
Drake London,drake london,ATL,WR,8112,17.9,21.1,19.1
Erik Ezukanma,erik ezukanma,,WR,8114,476.2,,
Jalen Wydermyer,jalen wydermyer,,TE,8115,328.7,,
Pierre Strong,pierre strong,GB,RB,8116,682.0,631.2,
Jalen Tolbert,jalen tolbert,MIA,WR,8117,,617.2,
David Bell,david bell,,WR,8118,632.0,,
Jahan Dotson,jahan dotson,ATL,WR,8119,,686.3,
Lee Smith,lee smith,ATL,TE,812,671.3,607.3,
Jerrion Ealy,jerrion ealy,,RB,8120,,452.7,
Romeo Doubs,romeo doubs,NE,WR,8121,131.8,128.4,116.6
Zonovan Knight,zonovan knight,ARI,RB,8122,,668.5,
Calvin Austin,calvin austin,NYG,WR,8125,,698.3,
Wan'Dale Robinson,wan dale robinson,TEN,WR,8126,119.0,120.6,105.4
Charlie Kolar,charlie kolar,LAC,TE,8127,,660.8,
Dameon Pierce,dameon pierce,PHI,RB,8129,,665.5,
Trey McBride,trey mcbride,ARI,TE,8130,24.8,26.5,21.7
Isaiah Likely,isaiah likely,NYG,TE,8131,107.1,108.0,113.2
Tyler Allgeier,tyler allgeier,ARI,RB,8132,143.3,130.9,89.4
Khalil Shakir,khalil shakir,BUF,WR,8134,145.7,152.6,120.2
Treylon Burks,treylon burks,WAS,WR,8135,,678.8,
Rachaad White,rachaad white,WAS,RB,8136,133.5,123.1,124.8
George Pickens,george pickens,DAL,WR,8137,22.0,25.6,28.6
James Cook,james cook,BUF,RB,8138,8.9,9.0,5.1
Zamir White,zamir white,NO,RB,8139,631.7,691.1,
Justyn Ross,justyn ross,,WR,8140,584.1,,
Alec Pierce,alec pierce,IND,WR,8142,97.7,94.0,93.6
Jerome Ford,jerome ford,WAS,RB,8143,,636.6,
Chris Olave,chris olave,NO,WR,8144,30.1,30.9,31.2
Jeremy Ruckert,jeremy ruckert,NYJ,TE,8145,,576.0,
Garrett Wilson,garrett wilson,NYJ,WR,8146,46.7,44.9,38.4
John Metchie,john metchie,CAR,WR,8147,,696.9,
Jameson Williams,jameson williams,DET,WR,8148,60.0,58.2,52.6
Master Teague,master teague,,RB,8149,424.3,,
Kyren Williams,kyren williams,LAR,RB,8150,28.1,24.3,12.8
Kenneth Walker,kenneth walker,KC,RB,8151,20.1,17.8,22.7
Kennedy Brooks,kennedy brooks,,RB,8152,689.8,,
Isaiah Spiller,isaiah spiller,,RB,8153,,341.0,
Brian Robinson,brian robinson,ATL,RB,8154,172.0,174.1,80.1
Breece Hall,breece hall,NYJ,RB,8155,34.1,31.8,27.1
Bailey Zappe,bailey zappe,NYJ,QB,8157,,599.8,
Desmond Ridder,desmond ridder,,QB,8159,,372.0,
Kenny Pickett,kenny pickett,CAR,QB,8160,,665.5,
Malik Willis,malik willis,MIA,QB,8161,209.5,191.3,139.9
Sam Howell,sam howell,DAL,QB,8162,,689.0,
Christian Watson,christian watson,GB,WR,8167,69.3,65.9,64.2
Skyy Moore,skyy moore,GB,WR,8168,685.4,608.2,
Kyle Philips,kyle philips,,WR,8171,673.5,,
Greg Dulcich,greg dulcich,MIA,TE,8172,229.7,242.8,
Kevin Harris,kevin harris,,RB,8174,588.5,671.5,
Danny Gray,danny gray,PHI,WR,8176,621.7,,
Grant Calcaterra,grant calcaterra,PHI,TE,8177,685.8,668.3,
Snoop Conner,snoop conner,,RB,8179,399.0,662.0,
Bilal Powell,bilal powell,,RB,818,610.3,654.8,
Jalen Nailor,jalen nailor,LV,WR,8180,183.5,167.1,197.3
Connor Heyward,connor heyward,LV,TE,8181,682.0,612.2,
Chase Allen,chase allen,,TE,8182,538.0,635.0,
Brock Purdy,brock purdy,SF,QB,8183,122.7,125.4,106.2
D'Vonte Price,d vonte price,,RB,8184,529.5,681.5,
Devon Williams,devon williams,,WR,8186,264.7,571.5,
CJ Verdell,cj verdell,,RB,8187,607.2,,
Tyquan Thornton,tyquan thornton,KC,WR,8188,,698.5,
Trestan Ebner,trestan ebner,,RB,8189,440.0,,
Abram Smith,abram smith,,RB,8190,673.5,605.0,
Slade Bolden,slade bolden,,WR,8191,419.5,,
Curtis Hodges,curtis hodges,,TE,8192,519.2,,
Jashaun Corbin,jashaun corbin,,RB,8194,,672.0,
Ronnie Rivers,ronnie rivers,LAR,RB,8195,,494.8,
Ty Fryfogle,ty fryfogle,,WR,8196,649.8,676.5,
Charleston Rambo,charleston rambo,,WR,8198,561.3,627.3,
D'Eriq King,d eriq king,,QB,8199,655.9,484.0,
Michael Woods,michael woods,DEN,WR,8202,524.3,,
Bo Melton,bo melton,GB,WR,8204,695.0,667.8,
Isiah Pacheco,isiah pacheco,DET,RB,8205,191.5,176.8,151.4
Tyler Goodson,tyler goodson,ATL,RB,8207,683.8,479.7,
Tyler Badie,tyler badie,DEN,RB,8208,,474.5,
Makai Polk,makai polk,,WR,8209,518.1,,
Chig Okonkwo,chig okonkwo,WAS,TE,8210,192.0,192.1,136.9
Tyrion Davis-Price,tyrion davis price,,RB,8211,695.8,,
Dustin Crum,dustin crum,,QB,8212,,658.0,
Dai'Jean Dixon,dai jean dixon,,WR,8213,638.6,,
Cole Turner,cole turner,MIA,TE,8214,666.3,,
Austin Allen,austin allen,,TE,8215,599.0,642.5,
Leddie Brown,leddie brown,,RB,8217,,699.5,
Max Borghi,max borghi,,RB,8218,,609.2,
Jelani Woods,jelani woods,NYJ,TE,8219,243.0,307.0,
Sincere McCormick,sincere mccormick,SF,RB,8220,,657.5,
Keaontay Ingram,keaontay ingram,,RB,8221,,690.8,
Josh Johnson,josh johnson,,WR,8222,,636.0,
Velus Jones,velus jones,SEA,WR,8223,693.3,549.0,
Cole Kelley,cole kelley,,QB,8224,,583.5,
Daniel Bellinger,daniel bellinger,TEN,TE,8225,,680.8,
Greg Bell,greg bell,,RB,8226,,599.3,
Teagan Quitoriano,teagan quitoriano,ARI,TE,8227,,611.5,
Jaylen Warren,jaylen warren,PIT,RB,8228,71.4,67.5,51.9
Isaiah Weston,isaiah weston,,WR,8229,,634.8,
Ty Chandler,ty chandler,NO,RB,8230,,647.7,
Jaquarii Roberson,jaquarii roberson,,WR,8232,667.3,485.3,
Mataeo Durant,mataeo durant,,RB,8233,,660.8,
Jaivon Heiligh,jaivon heiligh,,WR,8234,499.0,585.7,
Samori Toure,samori toure,,WR,8235,394.8,,
Jerreth Sterns,jerreth sterns,,WR,8236,691.0,,
Emeka Emezie,emeka emezie,,WR,8238,673.5,649.7,
BJ Baylor,bj baylor,,RB,8240,629.0,,
Anthony Brown,anthony brown,,QB,8241,,534.3,
Derrick Deese,derrick deese,,TE,8245,,589.7,
Bryant Koback,bryant koback,,RB,8246,667.0,,
Kalil Pimpleton,kalil pimpleton,,WR,8248,,530.3,
Tay Martin,tay martin,DET,WR,8250,534.0,,
Calvin Jackson,calvin jackson,,WR,8251,678.0,361.5,
Travell Harris,travell harris,,WR,8252,675.8,,
Deven Thompkins,deven thompkins,LV,WR,8253,698.8,,
Julius Chestnut,julius chestnut,TEN,RB,8254,,650.8,
Raheem Blackshear,raheem blackshear,,RB,8255,,653.5,
Tyrod Taylor,tyrod taylor,GB,QB,827,658.2,610.6,
Andy Dalton,andy dalton,PHI,QB,829,,657.2,
A.J. Green,a j green,,WR,830,688.3,654.0,
Jordan Mason,jordan mason,MIN,RB,8408,110.8,95.2,100.2
Tyler Snead,tyler snead,,WR,8409,478.0,,
Jequez Ezzard,jequez ezzard,,WR,8410,242.0,,
Devon Allen,devon allen,,WR,8411,622.1,629.0,
Britain Covey,britain covey,PHI,WR,8414,,355.0,
Jalen Virgil,jalen virgil,,WR,8416,618.0,,
Jared Smart,jared smart,,WR,8418,294.7,,
Stanley Berryhill,stanley berryhill,,WR,8419,340.0,671.7,
Jack Sorenson,jack sorenson,,WR,8420,671.5,,
Mike Harley,mike harley,,WR,8421,623.0,,
Brittain Brown,brittain brown,CHI,RB,8423,,366.0,
Kevin Marks,kevin marks,,RB,8424,,520.7,
Cade Brewer,cade brewer,,TE,8433,,427.8,
Neil Pau'u,neil pau u,,WR,8436,647.1,,
Thomas Hennigan,thomas hennigan,,WR,8437,635.8,,
Corey Sutton,corey sutton,,WR,8438,,674.8,
Demetris Robertson,demetris robertson,,WR,8439,656.4,578.0,
Justin Hall,justin hall,,WR,8441,676.8,,
Montrell Washington,montrell washington,,WR,8475,678.8,651.0,
Ko Kieft,ko kieft,TB,TE,8484,,641.0,
Drew Ogletree,drew ogletree,IND,TE,8489,,494.0,
John FitzPatrick,john fitzpatrick,,TE,8500,628.2,459.0,
Dareke Young,dareke young,LV,WR,8527,676.0,,
Seth Green,seth green,,TE,8539,700.6,,
Drew Estrada,drew estrada,,WR,8543,414.0,,
Trevon Clark,trevon clark,,WR,8549,654.0,,
Josh Babicz,josh babicz,,TE,8559,520.8,,
Davis Cheek,davis cheek,,QB,8560,,618.0,
John Lovett,john lovett,,RB,8568,,695.3,
Derek Wright,derek wright,,WR,8570,657.6,295.4,
Ra'Shaun Henry,ra shaun henry,,WR,8571,615.9,,
Talolo Limi-Jones,talolo limi jones,,WR,8573,,362.0,
Erik Krommenhoek,erik krommenhoek,,TE,8575,658.7,651.1,
Brandon Peters,brandon peters,,QB,8579,,642.0,
Trevon Bradford,trevon bradford,,WR,8581,644.9,,
Marcus Santos-Silva,marcus santos silva,,TE,8589,,690.0,
Blaine Gabbert,blaine gabbert,,QB,862,,664.0,
Garrett Walston,garrett walston,,TE,8621,516.3,,
Changa Hodge,changa hodge,,WR,8624,629.5,584.0,
JaVonta Payton,javonta payton,,WR,8632,653.0,,
Tyshaun James,tyshaun james,,WR,8656,593.5,,
Armani Rogers,armani rogers,,TE,8665,,691.7,
Rashid Shaheed,rashid shaheed,SEA,WR,8676,148.8,150.8,161.9
Jake Herslow,jake herslow,,WR,8690,518.0,,
Henry Litwin,henry litwin,,WR,8694,662.8,,
Kevin Shaa,kevin shaa,,WR,8697,632.2,,
Jake Tonges,jake tonges,SF,TE,8698,241.4,253.0,177.5
Cyrus Holder,cyrus holder,,WR,8699,532.0,,
Savon Scarver,savon scarver,,WR,8700,463.0,,
Kehinde Oginni,kehinde oginni,,TE,8706,680.0,,
Tayon Fleet-Davis,tayon fleet davis,,RB,8707,,632.3,
De'Montre Tuggle,de montre tuggle,,RB,8721,,679.8,
Jamal Pettigrew,jamal pettigrew,,TE,8741,678.8,,
Tyreik McAllister,tyreik mcallister,,RB,8749,,656.8,
Kaden Davis,kaden davis,CHI,WR,8755,,646.1,
Brandon Johnson,brandon johnson,PIT,WR,8756,632.8,,
Rodney Williams,rodney williams,,TE,8757,,668.5,
Josh Bist,josh bist,,TE,8769,,530.9,
Malik Williams,malik williams,,WR,8770,,654.5,
Kendric Pryor,kendric pryor,,WR,8783,,487.5,
Felix Harper,felix harper,,QB,8798,,618.9,
Malik Davis,malik davis,DAL,RB,8800,,629.7,
Aaron Shampklin,aaron shampklin,,RB,8809,,271.5,
Troy Hairston,troy hairston,,RB,8820,,503.6,
Samson Nacua,samson nacua,,WR,8824,,646.8,
Kekoa Crawford,kekoa crawford,,WR,8825,687.0,,
Cole Fotheringham,cole fotheringham,,TE,8840,,667.3,
Tanner Conner,tanner conner,,TE,8849,,681.0,
Taiwan Jones,taiwan jones,,RB,886,,658.0,
Willie Johnson,willie johnson,,WR,8881,,618.0,
Naz Bohannon,naz bohannon,,TE,8890,,685.5,
Chad Henne,chad henne,,QB,89,690.8,671.0,
Travis Koontz,travis koontz,,TE,8905,,644.2,
Brandon Lewis,brandon lewis,,WR,8908,,587.0,
Drew Plitt,drew plitt,,QB,8915,,663.0,
KaVontae Turpin,kavontae turpin,DAL,WR,8917,,693.4,
Maurice Alexander,maurice alexander,,WR,8921,,656.5,
Nathan Rourke,nathan rourke,,QB,8938,,305.5,
Evan Hull,evan hull,ARI,RB,9220,,685.5,
Jahmyr Gibbs,jahmyr gibbs,DET,RB,9221,1.2,1.5,2.7
Tiyon Evans,tiyon evans,,RB,9223,,492.3,
Chase Brown,chase brown,CIN,RB,9224,16.7,17.8,17.8
Tank Bigsby,tank bigsby,PHI,RB,9225,179.5,163.0,146.5
De'Von Achane,de von achane,MIA,RB,9226,13.1,13.9,8.0
Israel Abanikanda,israel abanikanda,DAL,RB,9227,,678.7,
Bryce Young,bryce young,CAR,QB,9228,226.3,234.6,197.9
Anthony Richardson,anthony richardson,IND,QB,9229,,657.4,
Tanner McKee,tanner mckee,PHI,QB,9230,,676.6,
Jaren Hall,jaren hall,,QB,9231,,595.0,
Randall Cobb,randall cobb,,WR,928,,645.5,
Kyle Rudolph,kyle rudolph,,TE,943,,520.0,
Julio Jones,julio jones,,WR,947,,605.9,
Darnell Washington,darnell washington,PIT,TE,9479,,674.8,
Brenton Strange,brenton strange,JAX,TE,9480,155.2,170.3,103.7
Luke Musgrave,luke musgrave,GB,TE,9481,,687.3,
Michael Mayer,michael mayer,LV,TE,9482,,695.9,
Zack Kuntz,zack kuntz,,TE,9483,,681.3,
Tucker Kraft,tucker kraft,GB,TE,9484,62.6,66.4,70.7
Dontayvion Wicks,dontayvion wicks,PHI,WR,9486,,202.8,
Parker Washington,parker washington,JAX,WR,9487,73.3,70.0,74.4
Jaxon Smith-Njigba,jaxon smith njigba,SEA,WR,9488,6.5,8.4,9.2
Justin Shorter,justin shorter,LV,WR,9489,698.5,695.5,
Tyler Scott,tyler scott,,WR,9490,,694.8,
Ty Scott,ty scott,,WR,9491,,678.2,
Trey Palmer,trey palmer,NO,WR,9492,,674.2,
Puka Nacua,puka nacua,LAR,WR,9493,4.3,6.9,8.9
Marvin Mims,marvin mims,DEN,WR,9494,219.5,700.8,192.2
Rakim Jarrett,rakim jarrett,,WR,9495,,699.3,
Sam James,sam james,,WR,9496,,682.0,
Jalin Hyatt,jalin hyatt,NYG,WR,9497,,685.9,
Jadon Haselwood,jadon haselwood,,WR,9498,,688.5,
Bryce Ford-Wheaton,bryce ford wheaton,,WR,9499,,530.9,
Josh Downs,josh downs,IND,WR,9500,113.8,112.2,111.1
DeMario Douglas,demario douglas,NE,WR,9501,,697.0,
Tank Dell,tank dell,HOU,WR,9502,188.7,194.2,186.8
Jacob Copeland,jacob copeland,,WR,9503,,684.2,
Kayshon Boutte,kayshon boutte,HOU,WR,9504,199.7,177.3,164.2
Deuce Vaughn,deuce vaughn,,RB,9505,,693.8,
Sean Tucker,sean tucker,TB,RB,9506,243.9,249.2,154.5
Titus Swen,titus swen,,RB,9507,,699.5,
Tyjae Spears,tyjae spears,TEN,RB,9508,164.3,168.6,122.1
Bijan Robinson,bijan robinson,ATL,RB,9509,2.2,2.2,1.2
Lew Nichols,lew nichols,PIT,RB,9510,,664.5,
Keaton Mitchell,keaton mitchell,LAC,RB,9511,185.8,165.7,148.2
DeWayne McBride,dewayne mcbride,,RB,9512,,697.9,
Cam Newton,cam newton,,QB,954,,674.1,
Mark Ingram,mark ingram,,RB,956,,679.3,
Aaron Rodgers,aaron rodgers,PIT,QB,96,228.8,235.5,
Luke Stocker,luke stocker,,TE,963,,699.0,
Lance Kendricks,lance kendricks,,TE,964,,695.5,
Anthony Sherman,anthony sherman,,RB,973,,655.0,
Zach Charbonnet,zach charbonnet,SEA,RB,9753,150.4,142.7,100.9
Quentin Johnston,quentin johnston,LAC,WR,9754,114.4,102.6,110.1
Jordan Addison,jordan addison,MIN,WR,9756,103.4,100.4,98.9
Kendre Miller,kendre miller,NO,RB,9757,224.8,677.9,179.6
C.J. Stroud,c j stroud,HOU,QB,9758,206.0,209.5,166.3
C.J. Johnson,c j johnson,,WR,9759,,694.3,
Zay Flowers,zay flowers,BAL,WR,9997,41.5,42.8,50.8
Hendon Hooker,hendon hooker,TEN,QB,9998,,659.7,
Will Levis,will levis,,QB,9999,,675.8,
