event_id,commence_time,away_team,home_team,bookmaker,bookmaker_title,book_last_update,market,market_last_update,outcome,price,point,snapshot_at
8cc27a7b0c6903978e605ba541bed625,2026-09-03T02:11:00Z,St. Louis Cardinals,Los Angeles Dodgers,fanduel,FanDuel,2026-09-03T05:13:36Z,h2h,2026-09-03T05:13:36Z,Los Angeles Dodgers,1700,,2026-09-03T05:14:09.060983+00:00
8cc27a7b0c6903978e605ba541bed625,2026-09-03T02:11:00Z,St. Louis Cardinals,Los Angeles Dodgers,fanduel,FanDuel,2026-09-03T05:13:36Z,h2h,2026-09-03T05:13:36Z,St. Louis Cardinals,-10000,,2026-09-03T05:14:09.061008+00:00
8cc27a7b0c6903978e605ba541bed625,2026-09-03T02:11:00Z,St. Louis Cardinals,Los Angeles Dodgers,fanduel,FanDuel,2026-09-03T05:13:36Z,spreads,2026-09-03T05:13:36Z,Los Angeles Dodgers,1000,1.5,2026-09-03T05:14:09.061013+00:00
8cc27a7b0c6903978e605ba541bed625,2026-09-03T02:11:00Z,St. Louis Cardinals,Los Angeles Dodgers,fanduel,FanDuel,2026-09-03T05:13:36Z,spreads,2026-09-03T05:13:36Z,St. Louis Cardinals,-4000,-1.5,2026-09-03T05:14:09.061017+00:00
8cc27a7b0c6903978e605ba541bed625,2026-09-03T02:11:00Z,St. Louis Cardinals,Los Angeles Dodgers,fanduel,FanDuel,2026-09-03T05:13:36Z,totals,2026-09-03T05:13:36Z,Over,750,14.5,2026-09-03T05:14:09.061021+00:00
8cc27a7b0c6903978e605ba541bed625,2026-09-03T02:11:00Z,St. Louis Cardinals,Los Angeles Dodgers,fanduel,FanDuel,2026-09-03T05:13:36Z,totals,2026-09-03T05:13:36Z,Under,-2000,14.5,2026-09-03T05:14:09.061024+00:00
8cc27a7b0c6903978e605ba541bed625,2026-09-03T02:11:00Z,St. Louis Cardinals,Los Angeles Dodgers,bovada,Bovada,2026-09-03T05:12:40Z,h2h,2026-09-03T05:12:40Z,Los Angeles Dodgers,1400,,2026-09-03T05:14:09.061028+00:00
8cc27a7b0c6903978e605ba541bed625,2026-09-03T02:11:00Z,St. Louis Cardinals,Los Angeles Dodgers,bovada,Bovada,2026-09-03T05:12:40Z,h2h,2026-09-03T05:12:40Z,St. Louis Cardinals,-5000,,2026-09-03T05:14:09.061032+00:00
8cc27a7b0c6903978e605ba541bed625,2026-09-03T02:11:00Z,St. Louis Cardinals,Los Angeles Dodgers,bovada,Bovada,2026-09-03T05:12:40Z,spreads,2026-09-03T05:12:40Z,Los Angeles Dodgers,-250,2.5,2026-09-03T05:14:09.061036+00:00
8cc27a7b0c6903978e605ba541bed625,2026-09-03T02:11:00Z,St. Louis Cardinals,Los Angeles Dodgers,bovada,Bovada,2026-09-03T05:12:40Z,spreads,2026-09-03T05:12:40Z,St. Louis Cardinals,185,-2.5,2026-09-03T05:14:09.061039+00:00
8cc27a7b0c6903978e605ba541bed625,2026-09-03T02:11:00Z,St. Louis Cardinals,Los Angeles Dodgers,bovada,Bovada,2026-09-03T05:12:40Z,totals,2026-09-03T05:12:40Z,Over,-260,13.5,2026-09-03T05:14:09.061043+00:00
8cc27a7b0c6903978e605ba541bed625,2026-09-03T02:11:00Z,St. Louis Cardinals,Los Angeles Dodgers,bovada,Bovada,2026-09-03T05:12:40Z,totals,2026-09-03T05:12:40Z,Under,190,13.5,2026-09-03T05:14:09.061046+00:00
8cc27a7b0c6903978e605ba541bed625,2026-09-03T02:11:00Z,St. Louis Cardinals,Los Angeles Dodgers,draftkings,DraftKings,2026-09-03T05:13:36Z,spreads,2026-09-03T05:13:36Z,Los Angeles Dodgers,740,1.5,2026-09-03T05:14:09.061050+00:00
8cc27a7b0c6903978e605ba541bed625,2026-09-03T02:11:00Z,St. Louis Cardinals,Los Angeles Dodgers,draftkings,DraftKings,2026-09-03T05:13:36Z,spreads,2026-09-03T05:13:36Z,St. Louis Cardinals,-1740,-1.5,2026-09-03T05:14:09.061054+00:00
8cc27a7b0c6903978e605ba541bed625,2026-09-03T02:11:00Z,St. Louis Cardinals,Los Angeles Dodgers,draftkings,DraftKings,2026-09-03T05:13:36Z,totals,2026-09-03T05:13:36Z,Over,720,14.5,2026-09-03T05:14:09.061058+00:00
8cc27a7b0c6903978e605ba541bed625,2026-09-03T02:11:00Z,St. Louis Cardinals,Los Angeles Dodgers,draftkings,DraftKings,2026-09-03T05:13:36Z,totals,2026-09-03T05:13:36Z,Under,-1620,14.5,2026-09-03T05:14:09.061061+00:00
8cc27a7b0c6903978e605ba541bed625,2026-09-03T02:11:00Z,St. Louis Cardinals,Los Angeles Dodgers,betmgm,BetMGM,2026-09-03T05:13:16Z,h2h,2026-09-03T05:13:16Z,Los Angeles Dodgers,1000,,2026-09-03T05:14:09.061065+00:00
8cc27a7b0c6903978e605ba541bed625,2026-09-03T02:11:00Z,St. Louis Cardinals,Los Angeles Dodgers,betmgm,BetMGM,2026-09-03T05:13:16Z,h2h,2026-09-03T05:13:16Z,St. Louis Cardinals,-2500,,2026-09-03T05:14:09.061069+00:00
8cc27a7b0c6903978e605ba541bed625,2026-09-03T02:11:00Z,St. Louis Cardinals,Los Angeles Dodgers,betmgm,BetMGM,2026-09-03T05:13:16Z,spreads,2026-09-03T05:13:16Z,Los Angeles Dodgers,-185,2.5,2026-09-03T05:14:09.061072+00:00
8cc27a7b0c6903978e605ba541bed625,2026-09-03T02:11:00Z,St. Louis Cardinals,Los Angeles Dodgers,betmgm,BetMGM,2026-09-03T05:13:16Z,spreads,2026-09-03T05:13:16Z,St. Louis Cardinals,140,-2.5,2026-09-03T05:14:09.061076+00:00
8cc27a7b0c6903978e605ba541bed625,2026-09-03T02:11:00Z,St. Louis Cardinals,Los Angeles Dodgers,betmgm,BetMGM,2026-09-03T05:13:16Z,totals,2026-09-03T05:13:16Z,Over,-190,13.5,2026-09-03T05:14:09.061079+00:00
8cc27a7b0c6903978e605ba541bed625,2026-09-03T02:11:00Z,St. Louis Cardinals,Los Angeles Dodgers,betmgm,BetMGM,2026-09-03T05:13:16Z,totals,2026-09-03T05:13:16Z,Under,145,13.5,2026-09-03T05:14:09.061083+00:00
8cc27a7b0c6903978e605ba541bed625,2026-09-03T02:11:00Z,St. Louis Cardinals,Los Angeles Dodgers,betrivers,BetRivers,2026-09-03T05:13:36Z,spreads,2026-09-03T05:13:36Z,Los Angeles Dodgers,410,1.5,2026-09-03T05:14:09.061087+00:00
8cc27a7b0c6903978e605ba541bed625,2026-09-03T02:11:00Z,St. Louis Cardinals,Los Angeles Dodgers,betrivers,BetRivers,2026-09-03T05:13:36Z,spreads,2026-09-03T05:13:36Z,St. Louis Cardinals,-2500,-1.5,2026-09-03T05:14:09.061090+00:00
8cc27a7b0c6903978e605ba541bed625,2026-09-03T02:11:00Z,St. Louis Cardinals,Los Angeles Dodgers,betrivers,BetRivers,2026-09-03T05:13:36Z,totals,2026-09-03T05:13:36Z,Over,370,14.5,2026-09-03T05:14:09.061094+00:00
8cc27a7b0c6903978e605ba541bed625,2026-09-03T02:11:00Z,St. Louis Cardinals,Los Angeles Dodgers,betrivers,BetRivers,2026-09-03T05:13:36Z,totals,2026-09-03T05:13:36Z,Under,-3335,14.5,2026-09-03T05:14:09.061098+00:00
f857ea6771bf681398b05379f108f0c5,2026-09-03T16:35:00Z,San Francisco Giants,Pittsburgh Pirates,fanduel,FanDuel,2026-09-03T05:13:36Z,h2h,2026-09-03T05:13:36Z,Pittsburgh Pirates,-158,,2026-09-03T05:14:09.061102+00:00
f857ea6771bf681398b05379f108f0c5,2026-09-03T16:35:00Z,San Francisco Giants,Pittsburgh Pirates,fanduel,FanDuel,2026-09-03T05:13:36Z,h2h,2026-09-03T05:13:36Z,San Francisco Giants,134,,2026-09-03T05:14:09.061105+00:00
f857ea6771bf681398b05379f108f0c5,2026-09-03T16:35:00Z,San Francisco Giants,Pittsburgh Pirates,fanduel,FanDuel,2026-09-03T05:13:36Z,spreads,2026-09-03T05:13:36Z,Pittsburgh Pirates,130,-1.5,2026-09-03T05:14:09.061109+00:00
f857ea6771bf681398b05379f108f0c5,2026-09-03T16:35:00Z,San Francisco Giants,Pittsburgh Pirates,fanduel,FanDuel,2026-09-03T05:13:36Z,spreads,2026-09-03T05:13:36Z,San Francisco Giants,-160,1.5,2026-09-03T05:14:09.061113+00:00
f857ea6771bf681398b05379f108f0c5,2026-09-03T16:35:00Z,San Francisco Giants,Pittsburgh Pirates,fanduel,FanDuel,2026-09-03T05:13:36Z,totals,2026-09-03T05:13:36Z,Over,-110,8.5,2026-09-03T05:14:09.061116+00:00
f857ea6771bf681398b05379f108f0c5,2026-09-03T16:35:00Z,San Francisco Giants,Pittsburgh Pirates,fanduel,FanDuel,2026-09-03T05:13:36Z,totals,2026-09-03T05:13:36Z,Under,-110,8.5,2026-09-03T05:14:09.061120+00:00
f857ea6771bf681398b05379f108f0c5,2026-09-03T16:35:00Z,San Francisco Giants,Pittsburgh Pirates,mybookieag,MyBookie.ag,2026-09-03T05:12:15Z,h2h,2026-09-03T05:12:15Z,Pittsburgh Pirates,-158,,2026-09-03T05:14:09.061124+00:00
f857ea6771bf681398b05379f108f0c5,2026-09-03T16:35:00Z,San Francisco Giants,Pittsburgh Pirates,mybookieag,MyBookie.ag,2026-09-03T05:12:15Z,h2h,2026-09-03T05:12:15Z,San Francisco Giants,134,,2026-09-03T05:14:09.061127+00:00
f857ea6771bf681398b05379f108f0c5,2026-09-03T16:35:00Z,San Francisco Giants,Pittsburgh Pirates,mybookieag,MyBookie.ag,2026-09-03T05:12:15Z,spreads,2026-09-03T05:12:15Z,Pittsburgh Pirates,124,-1.5,2026-09-03T05:14:09.061131+00:00
f857ea6771bf681398b05379f108f0c5,2026-09-03T16:35:00Z,San Francisco Giants,Pittsburgh Pirates,mybookieag,MyBookie.ag,2026-09-03T05:12:15Z,spreads,2026-09-03T05:12:15Z,San Francisco Giants,-146,1.5,2026-09-03T05:14:09.061135+00:00
f857ea6771bf681398b05379f108f0c5,2026-09-03T16:35:00Z,San Francisco Giants,Pittsburgh Pirates,mybookieag,MyBookie.ag,2026-09-03T05:12:15Z,totals,2026-09-03T05:12:15Z,Over,-120,8.5,2026-09-03T05:14:09.061138+00:00
f857ea6771bf681398b05379f108f0c5,2026-09-03T16:35:00Z,San Francisco Giants,Pittsburgh Pirates,mybookieag,MyBookie.ag,2026-09-03T05:12:15Z,totals,2026-09-03T05:12:15Z,Under,-102,8.5,2026-09-03T05:14:09.061142+00:00
f857ea6771bf681398b05379f108f0c5,2026-09-03T16:35:00Z,San Francisco Giants,Pittsburgh Pirates,bovada,Bovada,2026-09-03T05:12:40Z,h2h,2026-09-03T05:12:40Z,Pittsburgh Pirates,-160,,2026-09-03T05:14:09.061146+00:00
f857ea6771bf681398b05379f108f0c5,2026-09-03T16:35:00Z,San Francisco Giants,Pittsburgh Pirates,bovada,Bovada,2026-09-03T05:12:40Z,h2h,2026-09-03T05:12:40Z,San Francisco Giants,134,,2026-09-03T05:14:09.061149+00:00
f857ea6771bf681398b05379f108f0c5,2026-09-03T16:35:00Z,San Francisco Giants,Pittsburgh Pirates,bovada,Bovada,2026-09-03T05:12:40Z,spreads,2026-09-03T05:12:40Z,Pittsburgh Pirates,135,-1.5,2026-09-03T05:14:09.061153+00:00
f857ea6771bf681398b05379f108f0c5,2026-09-03T16:35:00Z,San Francisco Giants,Pittsburgh Pirates,bovada,Bovada,2026-09-03T05:12:40Z,spreads,2026-09-03T05:12:40Z,San Francisco Giants,-160,1.5,2026-09-03T05:14:09.061157+00:00
f857ea6771bf681398b05379f108f0c5,2026-09-03T16:35:00Z,San Francisco Giants,Pittsburgh Pirates,bovada,Bovada,2026-09-03T05:12:40Z,totals,2026-09-03T05:12:40Z,Over,-110,8.5,2026-09-03T05:14:09.061161+00:00
f857ea6771bf681398b05379f108f0c5,2026-09-03T16:35:00Z,San Francisco Giants,Pittsburgh Pirates,bovada,Bovada,2026-09-03T05:12:40Z,totals,2026-09-03T05:12:40Z,Under,-110,8.5,2026-09-03T05:14:09.061164+00:00
f857ea6771bf681398b05379f108f0c5,2026-09-03T16:35:00Z,San Francisco Giants,Pittsburgh Pirates,betrivers,BetRivers,2026-09-03T05:12:36Z,h2h,2026-09-03T05:12:36Z,Pittsburgh Pirates,-155,,2026-09-03T05:14:09.061168+00:00
f857ea6771bf681398b05379f108f0c5,2026-09-03T16:35:00Z,San Francisco Giants,Pittsburgh Pirates,betrivers,BetRivers,2026-09-03T05:12:36Z,h2h,2026-09-03T05:12:36Z,San Francisco Giants,130,,2026-09-03T05:14:09.061172+00:00
f857ea6771bf681398b05379f108f0c5,2026-09-03T16:35:00Z,San Francisco Giants,Pittsburgh Pirates,betrivers,BetRivers,2026-09-03T05:12:36Z,spreads,2026-09-03T05:12:36Z,Pittsburgh Pirates,-109,-1.0,2026-09-03T05:14:09.061175+00:00
f857ea6771bf681398b05379f108f0c5,2026-09-03T16:35:00Z,San Francisco Giants,Pittsburgh Pirates,betrivers,BetRivers,2026-09-03T05:12:36Z,spreads,2026-09-03T05:12:36Z,San Francisco Giants,-112,1.0,2026-09-03T05:14:09.061179+00:00
f857ea6771bf681398b05379f108f0c5,2026-09-03T16:35:00Z,San Francisco Giants,Pittsburgh Pirates,betrivers,BetRivers,2026-09-03T05:12:36Z,totals,2026-09-03T05:12:36Z,Over,-113,8.5,2026-09-03T05:14:09.061183+00:00
f857ea6771bf681398b05379f108f0c5,2026-09-03T16:35:00Z,San Francisco Giants,Pittsburgh Pirates,betrivers,BetRivers,2026-09-03T05:12:36Z,totals,2026-09-03T05:12:36Z,Under,-108,8.5,2026-09-03T05:14:09.061186+00:00
f857ea6771bf681398b05379f108f0c5,2026-09-03T16:35:00Z,San Francisco Giants,Pittsburgh Pirates,betmgm,BetMGM,2026-09-03T05:13:16Z,h2h,2026-09-03T05:13:16Z,Pittsburgh Pirates,-160,,2026-09-03T05:14:09.061190+00:00
f857ea6771bf681398b05379f108f0c5,2026-09-03T16:35:00Z,San Francisco Giants,Pittsburgh Pirates,betmgm,BetMGM,2026-09-03T05:13:16Z,h2h,2026-09-03T05:13:16Z,San Francisco Giants,135,,2026-09-03T05:14:09.061194+00:00
f857ea6771bf681398b05379f108f0c5,2026-09-03T16:35:00Z,San Francisco Giants,Pittsburgh Pirates,betmgm,BetMGM,2026-09-03T05:13:16Z,spreads,2026-09-03T05:13:16Z,Pittsburgh Pirates,135,-1.5,2026-09-03T05:14:09.061197+00:00
f857ea6771bf681398b05379f108f0c5,2026-09-03T16:35:00Z,San Francisco Giants,Pittsburgh Pirates,betmgm,BetMGM,2026-09-03T05:13:16Z,spreads,2026-09-03T05:13:16Z,San Francisco Giants,-160,1.5,2026-09-03T05:14:09.061201+00:00
f857ea6771bf681398b05379f108f0c5,2026-09-03T16:35:00Z,San Francisco Giants,Pittsburgh Pirates,betmgm,BetMGM,2026-09-03T05:13:16Z,totals,2026-09-03T05:13:16Z,Over,-115,8.5,2026-09-03T05:14:09.061205+00:00
f857ea6771bf681398b05379f108f0c5,2026-09-03T16:35:00Z,San Francisco Giants,Pittsburgh Pirates,betmgm,BetMGM,2026-09-03T05:13:16Z,totals,2026-09-03T05:13:16Z,Under,-105,8.5,2026-09-03T05:14:09.061208+00:00
f857ea6771bf681398b05379f108f0c5,2026-09-03T16:35:00Z,San Francisco Giants,Pittsburgh Pirates,draftkings,DraftKings,2026-09-03T05:13:36Z,h2h,2026-09-03T05:13:36Z,Pittsburgh Pirates,-163,,2026-09-03T05:14:09.061212+00:00
f857ea6771bf681398b05379f108f0c5,2026-09-03T16:35:00Z,San Francisco Giants,Pittsburgh Pirates,draftkings,DraftKings,2026-09-03T05:13:36Z,h2h,2026-09-03T05:13:36Z,San Francisco Giants,135,,2026-09-03T05:14:09.061216+00:00
f857ea6771bf681398b05379f108f0c5,2026-09-03T16:35:00Z,San Francisco Giants,Pittsburgh Pirates,draftkings,DraftKings,2026-09-03T05:13:36Z,spreads,2026-09-03T05:13:36Z,Pittsburgh Pirates,131,-1.5,2026-09-03T05:14:09.061219+00:00
f857ea6771bf681398b05379f108f0c5,2026-09-03T16:35:00Z,San Francisco Giants,Pittsburgh Pirates,draftkings,DraftKings,2026-09-03T05:13:36Z,spreads,2026-09-03T05:13:36Z,San Francisco Giants,-158,1.5,2026-09-03T05:14:09.061223+00:00
f857ea6771bf681398b05379f108f0c5,2026-09-03T16:35:00Z,San Francisco Giants,Pittsburgh Pirates,draftkings,DraftKings,2026-09-03T05:13:36Z,totals,2026-09-03T05:13:36Z,Over,-122,8.5,2026-09-03T05:14:09.061227+00:00
f857ea6771bf681398b05379f108f0c5,2026-09-03T16:35:00Z,San Francisco Giants,Pittsburgh Pirates,draftkings,DraftKings,2026-09-03T05:13:36Z,totals,2026-09-03T05:13:36Z,Under,101,8.5,2026-09-03T05:14:09.061230+00:00
f857ea6771bf681398b05379f108f0c5,2026-09-03T16:35:00Z,San Francisco Giants,Pittsburgh Pirates,betonlineag,BetOnline.ag,2026-09-03T05:13:35Z,h2h,2026-09-03T05:13:35Z,Pittsburgh Pirates,-155,,2026-09-03T05:14:09.061234+00:00
f857ea6771bf681398b05379f108f0c5,2026-09-03T16:35:00Z,San Francisco Giants,Pittsburgh Pirates,betonlineag,BetOnline.ag,2026-09-03T05:13:35Z,h2h,2026-09-03T05:13:35Z,San Francisco Giants,140,,2026-09-03T05:14:09.061238+00:00
f857ea6771bf681398b05379f108f0c5,2026-09-03T16:35:00Z,San Francisco Giants,Pittsburgh Pirates,betonlineag,BetOnline.ag,2026-09-03T05:13:35Z,spreads,2026-09-03T05:13:35Z,Pittsburgh Pirates,137,-1.5,2026-09-03T05:14:09.061241+00:00
f857ea6771bf681398b05379f108f0c5,2026-09-03T16:35:00Z,San Francisco Giants,Pittsburgh Pirates,betonlineag,BetOnline.ag,2026-09-03T05:13:35Z,spreads,2026-09-03T05:13:35Z,San Francisco Giants,-157,1.5,2026-09-03T05:14:09.061245+00:00
f857ea6771bf681398b05379f108f0c5,2026-09-03T16:35:00Z,San Francisco Giants,Pittsburgh Pirates,betonlineag,BetOnline.ag,2026-09-03T05:13:35Z,totals,2026-09-03T05:13:35Z,Over,-123,8.5,2026-09-03T05:14:09.061249+00:00
f857ea6771bf681398b05379f108f0c5,2026-09-03T16:35:00Z,San Francisco Giants,Pittsburgh Pirates,betonlineag,BetOnline.ag,2026-09-03T05:13:35Z,totals,2026-09-03T05:13:35Z,Under,103,8.5,2026-09-03T05:14:09.061252+00:00
f857ea6771bf681398b05379f108f0c5,2026-09-03T16:35:00Z,San Francisco Giants,Pittsburgh Pirates,lowvig,LowVig.ag,2026-09-03T05:13:38Z,h2h,2026-09-03T05:13:38Z,Pittsburgh Pirates,-155,,2026-09-03T05:14:09.061256+00:00
f857ea6771bf681398b05379f108f0c5,2026-09-03T16:35:00Z,San Francisco Giants,Pittsburgh Pirates,lowvig,LowVig.ag,2026-09-03T05:13:38Z,h2h,2026-09-03T05:13:38Z,San Francisco Giants,140,,2026-09-03T05:14:09.061260+00:00
f857ea6771bf681398b05379f108f0c5,2026-09-03T16:35:00Z,San Francisco Giants,Pittsburgh Pirates,lowvig,LowVig.ag,2026-09-03T05:13:38Z,spreads,2026-09-03T05:13:38Z,Pittsburgh Pirates,138,-1.5,2026-09-03T05:14:09.061263+00:00
f857ea6771bf681398b05379f108f0c5,2026-09-03T16:35:00Z,San Francisco Giants,Pittsburgh Pirates,lowvig,LowVig.ag,2026-09-03T05:13:38Z,spreads,2026-09-03T05:13:38Z,San Francisco Giants,-156,1.5,2026-09-03T05:14:09.061267+00:00
f857ea6771bf681398b05379f108f0c5,2026-09-03T16:35:00Z,San Francisco Giants,Pittsburgh Pirates,lowvig,LowVig.ag,2026-09-03T05:13:38Z,totals,2026-09-03T05:13:38Z,Over,-121,8.5,2026-09-03T05:14:09.061271+00:00
f857ea6771bf681398b05379f108f0c5,2026-09-03T16:35:00Z,San Francisco Giants,Pittsburgh Pirates,lowvig,LowVig.ag,2026-09-03T05:13:38Z,totals,2026-09-03T05:13:38Z,Under,106,8.5,2026-09-03T05:14:09.061274+00:00
f857ea6771bf681398b05379f108f0c5,2026-09-03T16:35:00Z,San Francisco Giants,Pittsburgh Pirates,betus,BetUS,2026-09-03T05:13:17Z,h2h,2026-09-03T05:13:17Z,Pittsburgh Pirates,-155,,2026-09-03T05:14:09.061278+00:00
f857ea6771bf681398b05379f108f0c5,2026-09-03T16:35:00Z,San Francisco Giants,Pittsburgh Pirates,betus,BetUS,2026-09-03T05:13:17Z,h2h,2026-09-03T05:13:17Z,San Francisco Giants,138,,2026-09-03T05:14:09.061282+00:00
f857ea6771bf681398b05379f108f0c5,2026-09-03T16:35:00Z,San Francisco Giants,Pittsburgh Pirates,betus,BetUS,2026-09-03T05:13:17Z,spreads,2026-09-03T05:13:17Z,Pittsburgh Pirates,135,-1.5,2026-09-03T05:14:09.061285+00:00
f857ea6771bf681398b05379f108f0c5,2026-09-03T16:35:00Z,San Francisco Giants,Pittsburgh Pirates,betus,BetUS,2026-09-03T05:13:17Z,spreads,2026-09-03T05:13:17Z,San Francisco Giants,-155,1.5,2026-09-03T05:14:09.061289+00:00
f857ea6771bf681398b05379f108f0c5,2026-09-03T16:35:00Z,San Francisco Giants,Pittsburgh Pirates,betus,BetUS,2026-09-03T05:13:17Z,totals,2026-09-03T05:13:17Z,Over,-125,8.5,2026-09-03T05:14:09.061293+00:00
f857ea6771bf681398b05379f108f0c5,2026-09-03T16:35:00Z,San Francisco Giants,Pittsburgh Pirates,betus,BetUS,2026-09-03T05:13:17Z,totals,2026-09-03T05:13:17Z,Under,105,8.5,2026-09-03T05:14:09.061296+00:00
e956df5f498f78f522f5b8656f304df4,2026-09-03T17:10:00Z,Toronto Blue Jays,Cleveland Guardians,draftkings,DraftKings,2026-09-03T05:13:36Z,h2h,2026-09-03T05:13:36Z,Cleveland Guardians,-107,,2026-09-03T05:14:09.061300+00:00
e956df5f498f78f522f5b8656f304df4,2026-09-03T17:10:00Z,Toronto Blue Jays,Cleveland Guardians,draftkings,DraftKings,2026-09-03T05:13:36Z,h2h,2026-09-03T05:13:36Z,Toronto Blue Jays,-112,,2026-09-03T05:14:09.061304+00:00
e956df5f498f78f522f5b8656f304df4,2026-09-03T17:10:00Z,Toronto Blue Jays,Cleveland Guardians,draftkings,DraftKings,2026-09-03T05:13:36Z,spreads,2026-09-03T05:13:36Z,Cleveland Guardians,-186,1.5,2026-09-03T05:14:09.061308+00:00
e956df5f498f78f522f5b8656f304df4,2026-09-03T17:10:00Z,Toronto Blue Jays,Cleveland Guardians,draftkings,DraftKings,2026-09-03T05:13:36Z,spreads,2026-09-03T05:13:36Z,Toronto Blue Jays,153,-1.5,2026-09-03T05:14:09.061311+00:00
e956df5f498f78f522f5b8656f304df4,2026-09-03T17:10:00Z,Toronto Blue Jays,Cleveland Guardians,draftkings,DraftKings,2026-09-03T05:13:36Z,totals,2026-09-03T05:13:36Z,Over,-108,8.0,2026-09-03T05:14:09.061315+00:00
e956df5f498f78f522f5b8656f304df4,2026-09-03T17:10:00Z,Toronto Blue Jays,Cleveland Guardians,draftkings,DraftKings,2026-09-03T05:13:36Z,totals,2026-09-03T05:13:36Z,Under,-112,8.0,2026-09-03T05:14:09.061318+00:00
e956df5f498f78f522f5b8656f304df4,2026-09-03T17:10:00Z,Toronto Blue Jays,Cleveland Guardians,betonlineag,BetOnline.ag,2026-09-03T05:13:35Z,h2h,2026-09-03T05:13:35Z,Cleveland Guardians,-102,,2026-09-03T05:14:09.061322+00:00
e956df5f498f78f522f5b8656f304df4,2026-09-03T17:10:00Z,Toronto Blue Jays,Cleveland Guardians,betonlineag,BetOnline.ag,2026-09-03T05:13:35Z,h2h,2026-09-03T05:13:35Z,Toronto Blue Jays,-108,,2026-09-03T05:14:09.061326+00:00
e956df5f498f78f522f5b8656f304df4,2026-09-03T17:10:00Z,Toronto Blue Jays,Cleveland Guardians,betonlineag,BetOnline.ag,2026-09-03T05:13:35Z,spreads,2026-09-03T05:13:35Z,Cleveland Guardians,180,-1.5,2026-09-03T05:14:09.061330+00:00
e956df5f498f78f522f5b8656f304df4,2026-09-03T17:10:00Z,Toronto Blue Jays,Cleveland Guardians,betonlineag,BetOnline.ag,2026-09-03T05:13:35Z,spreads,2026-09-03T05:13:35Z,Toronto Blue Jays,-210,1.5,2026-09-03T05:14:09.061333+00:00
e956df5f498f78f522f5b8656f304df4,2026-09-03T17:10:00Z,Toronto Blue Jays,Cleveland Guardians,betonlineag,BetOnline.ag,2026-09-03T05:13:35Z,totals,2026-09-03T05:13:35Z,Over,-120,7.5,2026-09-03T05:14:09.061337+00:00
e956df5f498f78f522f5b8656f304df4,2026-09-03T17:10:00Z,Toronto Blue Jays,Cleveland Guardians,betonlineag,BetOnline.ag,2026-09-03T05:13:35Z,totals,2026-09-03T05:13:35Z,Under,100,7.5,2026-09-03T05:14:09.061341+00:00
e956df5f498f78f522f5b8656f304df4,2026-09-03T17:10:00Z,Toronto Blue Jays,Cleveland Guardians,lowvig,LowVig.ag,2026-09-03T05:13:38Z,h2h,2026-09-03T05:13:38Z,Cleveland Guardians,-102,,2026-09-03T05:14:09.061344+00:00
e956df5f498f78f522f5b8656f304df4,2026-09-03T17:10:00Z,Toronto Blue Jays,Cleveland Guardians,lowvig,LowVig.ag,2026-09-03T05:13:38Z,h2h,2026-09-03T05:13:38Z,Toronto Blue Jays,-108,,2026-09-03T05:14:09.061348+00:00
e956df5f498f78f522f5b8656f304df4,2026-09-03T17:10:00Z,Toronto Blue Jays,Cleveland Guardians,lowvig,LowVig.ag,2026-09-03T05:13:38Z,spreads,2026-09-03T05:13:38Z,Cleveland Guardians,182,-1.5,2026-09-03T05:14:09.061352+00:00
e956df5f498f78f522f5b8656f304df4,2026-09-03T17:10:00Z,Toronto Blue Jays,Cleveland Guardians,lowvig,LowVig.ag,2026-09-03T05:13:38Z,spreads,2026-09-03T05:13:38Z,Toronto Blue Jays,-209,1.5,2026-09-03T05:14:09.061355+00:00
e956df5f498f78f522f5b8656f304df4,2026-09-03T17:10:00Z,Toronto Blue Jays,Cleveland Guardians,lowvig,LowVig.ag,2026-09-03T05:13:38Z,totals,2026-09-03T05:13:38Z,Over,-118,7.5,2026-09-03T05:14:09.061359+00:00
e956df5f498f78f522f5b8656f304df4,2026-09-03T17:10:00Z,Toronto Blue Jays,Cleveland Guardians,lowvig,LowVig.ag,2026-09-03T05:13:38Z,totals,2026-09-03T05:13:38Z,Under,103,7.5,2026-09-03T05:14:09.061363+00:00
e956df5f498f78f522f5b8656f304df4,2026-09-03T17:10:00Z,Toronto Blue Jays,Cleveland Guardians,mybookieag,MyBookie.ag,2026-09-03T05:12:15Z,h2h,2026-09-03T05:12:15Z,Cleveland Guardians,-107,,2026-09-03T05:14:09.061366+00:00
e956df5f498f78f522f5b8656f304df4,2026-09-03T17:10:00Z,Toronto Blue Jays,Cleveland Guardians,mybookieag,MyBookie.ag,2026-09-03T05:12:15Z,h2h,2026-09-03T05:12:15Z,Toronto Blue Jays,-109,,2026-09-03T05:14:09.061370+00:00
e956df5f498f78f522f5b8656f304df4,2026-09-03T17:10:00Z,Toronto Blue Jays,Cleveland Guardians,mybookieag,MyBookie.ag,2026-09-03T05:12:15Z,spreads,2026-09-03T05:12:15Z,Cleveland Guardians,-180,1.5,2026-09-03T05:14:09.061374+00:00
e956df5f498f78f522f5b8656f304df4,2026-09-03T17:10:00Z,Toronto Blue Jays,Cleveland Guardians,mybookieag,MyBookie.ag,2026-09-03T05:12:15Z,spreads,2026-09-03T05:12:15Z,Toronto Blue Jays,152,-1.5,2026-09-03T05:14:09.061377+00:00
e956df5f498f78f522f5b8656f304df4,2026-09-03T17:10:00Z,Toronto Blue Jays,Cleveland Guardians,mybookieag,MyBookie.ag,2026-09-03T05:12:15Z,totals,2026-09-03T05:12:15Z,Over,-110,8.0,2026-09-03T05:14:09.061381+00:00
e956df5f498f78f522f5b8656f304df4,2026-09-03T17:10:00Z,Toronto Blue Jays,Cleveland Guardians,mybookieag,MyBookie.ag,2026-09-03T05:12:15Z,totals,2026-09-03T05:12:15Z,Under,-111,8.0,2026-09-03T05:14:09.061385+00:00
e956df5f498f78f522f5b8656f304df4,2026-09-03T17:10:00Z,Toronto Blue Jays,Cleveland Guardians,betmgm,BetMGM,2026-09-03T05:13:16Z,h2h,2026-09-03T05:13:16Z,Cleveland Guardians,-110,,2026-09-03T05:14:09.061388+00:00
e956df5f498f78f522f5b8656f304df4,2026-09-03T17:10:00Z,Toronto Blue Jays,Cleveland Guardians,betmgm,BetMGM,2026-09-03T05:13:16Z,h2h,2026-09-03T05:13:16Z,Toronto Blue Jays,-110,,2026-09-03T05:14:09.061392+00:00
e956df5f498f78f522f5b8656f304df4,2026-09-03T17:10:00Z,Toronto Blue Jays,Cleveland Guardians,betmgm,BetMGM,2026-09-03T05:13:16Z,spreads,2026-09-03T05:13:16Z,Cleveland Guardians,-190,1.5,2026-09-03T05:14:09.061396+00:00
e956df5f498f78f522f5b8656f304df4,2026-09-03T17:10:00Z,Toronto Blue Jays,Cleveland Guardians,betmgm,BetMGM,2026-09-03T05:13:16Z,spreads,2026-09-03T05:13:16Z,Toronto Blue Jays,155,-1.5,2026-09-03T05:14:09.061399+00:00
e956df5f498f78f522f5b8656f304df4,2026-09-03T17:10:00Z,Toronto Blue Jays,Cleveland Guardians,betmgm,BetMGM,2026-09-03T05:13:16Z,totals,2026-09-03T05:13:16Z,Over,-105,8.0,2026-09-03T05:14:09.061403+00:00
e956df5f498f78f522f5b8656f304df4,2026-09-03T17:10:00Z,Toronto Blue Jays,Cleveland Guardians,betmgm,BetMGM,2026-09-03T05:13:16Z,totals,2026-09-03T05:13:16Z,Under,-115,8.0,2026-09-03T05:14:09.061407+00:00
e956df5f498f78f522f5b8656f304df4,2026-09-03T17:10:00Z,Toronto Blue Jays,Cleveland Guardians,fanduel,FanDuel,2026-09-03T05:13:36Z,h2h,2026-09-03T05:13:36Z,Cleveland Guardians,-108,,2026-09-03T05:14:09.061410+00:00
e956df5f498f78f522f5b8656f304df4,2026-09-03T17:10:00Z,Toronto Blue Jays,Cleveland Guardians,fanduel,FanDuel,2026-09-03T05:13:36Z,h2h,2026-09-03T05:13:36Z,Toronto Blue Jays,-108,,2026-09-03T05:14:09.061414+00:00
e956df5f498f78f522f5b8656f304df4,2026-09-03T17:10:00Z,Toronto Blue Jays,Cleveland Guardians,fanduel,FanDuel,2026-09-03T05:13:36Z,spreads,2026-09-03T05:13:36Z,Cleveland Guardians,-192,1.5,2026-09-03T05:14:09.061418+00:00
e956df5f498f78f522f5b8656f304df4,2026-09-03T17:10:00Z,Toronto Blue Jays,Cleveland Guardians,fanduel,FanDuel,2026-09-03T05:13:36Z,spreads,2026-09-03T05:13:36Z,Toronto Blue Jays,155,-1.5,2026-09-03T05:14:09.061421+00:00
e956df5f498f78f522f5b8656f304df4,2026-09-03T17:10:00Z,Toronto Blue Jays,Cleveland Guardians,fanduel,FanDuel,2026-09-03T05:13:36Z,totals,2026-09-03T05:13:36Z,Over,-110,8.0,2026-09-03T05:14:09.061425+00:00
e956df5f498f78f522f5b8656f304df4,2026-09-03T17:10:00Z,Toronto Blue Jays,Cleveland Guardians,fanduel,FanDuel,2026-09-03T05:13:36Z,totals,2026-09-03T05:13:36Z,Under,-110,8.0,2026-09-03T05:14:09.061429+00:00
e956df5f498f78f522f5b8656f304df4,2026-09-03T17:10:00Z,Toronto Blue Jays,Cleveland Guardians,bovada,Bovada,2026-09-03T05:12:40Z,h2h,2026-09-03T05:12:40Z,Cleveland Guardians,-108,,2026-09-03T05:14:09.061432+00:00
e956df5f498f78f522f5b8656f304df4,2026-09-03T17:10:00Z,Toronto Blue Jays,Cleveland Guardians,bovada,Bovada,2026-09-03T05:12:40Z,h2h,2026-09-03T05:12:40Z,Toronto Blue Jays,-112,,2026-09-03T05:14:09.061436+00:00
e956df5f498f78f522f5b8656f304df4,2026-09-03T17:10:00Z,Toronto Blue Jays,Cleveland Guardians,bovada,Bovada,2026-09-03T05:12:40Z,spreads,2026-09-03T05:12:40Z,Cleveland Guardians,-180,1.5,2026-09-03T05:14:09.061440+00:00
e956df5f498f78f522f5b8656f304df4,2026-09-03T17:10:00Z,Toronto Blue Jays,Cleveland Guardians,bovada,Bovada,2026-09-03T05:12:40Z,spreads,2026-09-03T05:12:40Z,Toronto Blue Jays,155,-1.5,2026-09-03T05:14:09.061443+00:00
e956df5f498f78f522f5b8656f304df4,2026-09-03T17:10:00Z,Toronto Blue Jays,Cleveland Guardians,bovada,Bovada,2026-09-03T05:12:40Z,totals,2026-09-03T05:12:40Z,Over,-105,8.0,2026-09-03T05:14:09.061447+00:00
e956df5f498f78f522f5b8656f304df4,2026-09-03T17:10:00Z,Toronto Blue Jays,Cleveland Guardians,bovada,Bovada,2026-09-03T05:12:40Z,totals,2026-09-03T05:12:40Z,Under,-115,8.0,2026-09-03T05:14:09.061451+00:00
e956df5f498f78f522f5b8656f304df4,2026-09-03T17:10:00Z,Toronto Blue Jays,Cleveland Guardians,betus,BetUS,2026-09-03T05:13:17Z,h2h,2026-09-03T05:13:17Z,Cleveland Guardians,-102,,2026-09-03T05:14:09.061455+00:00
e956df5f498f78f522f5b8656f304df4,2026-09-03T17:10:00Z,Toronto Blue Jays,Cleveland Guardians,betus,BetUS,2026-09-03T05:13:17Z,h2h,2026-09-03T05:13:17Z,Toronto Blue Jays,-108,,2026-09-03T05:14:09.061458+00:00
e956df5f498f78f522f5b8656f304df4,2026-09-03T17:10:00Z,Toronto Blue Jays,Cleveland Guardians,betus,BetUS,2026-09-03T05:13:17Z,spreads,2026-09-03T05:13:17Z,Cleveland Guardians,180,-1.5,2026-09-03T05:14:09.061462+00:00
e956df5f498f78f522f5b8656f304df4,2026-09-03T17:10:00Z,Toronto Blue Jays,Cleveland Guardians,betus,BetUS,2026-09-03T05:13:17Z,spreads,2026-09-03T05:13:17Z,Toronto Blue Jays,-210,1.5,2026-09-03T05:14:09.061466+00:00
e956df5f498f78f522f5b8656f304df4,2026-09-03T17:10:00Z,Toronto Blue Jays,Cleveland Guardians,betus,BetUS,2026-09-03T05:13:17Z,totals,2026-09-03T05:13:17Z,Over,-120,7.5,2026-09-03T05:14:09.061469+00:00
e956df5f498f78f522f5b8656f304df4,2026-09-03T17:10:00Z,Toronto Blue Jays,Cleveland Guardians,betus,BetUS,2026-09-03T05:13:17Z,totals,2026-09-03T05:13:17Z,Under,100,7.5,2026-09-03T05:14:09.061473+00:00
e956df5f498f78f522f5b8656f304df4,2026-09-03T17:10:00Z,Toronto Blue Jays,Cleveland Guardians,betrivers,BetRivers,2026-09-03T05:13:36Z,h2h,2026-09-03T05:13:36Z,Cleveland Guardians,-113,,2026-09-03T05:14:09.061477+00:00
e956df5f498f78f522f5b8656f304df4,2026-09-03T17:10:00Z,Toronto Blue Jays,Cleveland Guardians,betrivers,BetRivers,2026-09-03T05:13:36Z,h2h,2026-09-03T05:13:36Z,Toronto Blue Jays,-107,,2026-09-03T05:14:09.061480+00:00
e956df5f498f78f522f5b8656f304df4,2026-09-03T17:10:00Z,Toronto Blue Jays,Cleveland Guardians,betrivers,BetRivers,2026-09-03T05:13:36Z,spreads,2026-09-03T05:13:36Z,Cleveland Guardians,-152,1.0,2026-09-03T05:14:09.061484+00:00
e956df5f498f78f522f5b8656f304df4,2026-09-03T17:10:00Z,Toronto Blue Jays,Cleveland Guardians,betrivers,BetRivers,2026-09-03T05:13:36Z,spreads,2026-09-03T05:13:36Z,Toronto Blue Jays,125,-1.0,2026-09-03T05:14:09.061488+00:00
e956df5f498f78f522f5b8656f304df4,2026-09-03T17:10:00Z,Toronto Blue Jays,Cleveland Guardians,betrivers,BetRivers,2026-09-03T05:13:36Z,totals,2026-09-03T05:13:36Z,Over,104,8.5,2026-09-03T05:14:09.061500+00:00
e956df5f498f78f522f5b8656f304df4,2026-09-03T17:10:00Z,Toronto Blue Jays,Cleveland Guardians,betrivers,BetRivers,2026-09-03T05:13:36Z,totals,2026-09-03T05:13:36Z,Under,-125,8.5,2026-09-03T05:14:09.061504+00:00
e3f232afa3f72858e94154eb4e526488,2026-09-03T18:10:00Z,Chicago White Sox,Houston Astros,draftkings,DraftKings,2026-09-03T05:13:36Z,h2h,2026-09-03T05:13:36Z,Chicago White Sox,134,,2026-09-03T05:14:09.061508+00:00
e3f232afa3f72858e94154eb4e526488,2026-09-03T18:10:00Z,Chicago White Sox,Houston Astros,draftkings,DraftKings,2026-09-03T05:13:36Z,h2h,2026-09-03T05:13:36Z,Houston Astros,-162,,2026-09-03T05:14:09.061512+00:00
e3f232afa3f72858e94154eb4e526488,2026-09-03T18:10:00Z,Chicago White Sox,Houston Astros,draftkings,DraftKings,2026-09-03T05:13:36Z,spreads,2026-09-03T05:13:36Z,Chicago White Sox,-158,1.5,2026-09-03T05:14:09.061515+00:00
e3f232afa3f72858e94154eb4e526488,2026-09-03T18:10:00Z,Chicago White Sox,Houston Astros,draftkings,DraftKings,2026-09-03T05:13:36Z,spreads,2026-09-03T05:13:36Z,Houston Astros,131,-1.5,2026-09-03T05:14:09.061519+00:00
e3f232afa3f72858e94154eb4e526488,2026-09-03T18:10:00Z,Chicago White Sox,Houston Astros,draftkings,DraftKings,2026-09-03T05:13:36Z,totals,2026-09-03T05:13:36Z,Over,-105,8.5,2026-09-03T05:14:09.061523+00:00
e3f232afa3f72858e94154eb4e526488,2026-09-03T18:10:00Z,Chicago White Sox,Houston Astros,draftkings,DraftKings,2026-09-03T05:13:36Z,totals,2026-09-03T05:13:36Z,Under,-115,8.5,2026-09-03T05:14:09.061526+00:00
e3f232afa3f72858e94154eb4e526488,2026-09-03T18:10:00Z,Chicago White Sox,Houston Astros,betonlineag,BetOnline.ag,2026-09-03T05:13:35Z,h2h,2026-09-03T05:13:35Z,Chicago White Sox,138,,2026-09-03T05:14:09.061530+00:00
e3f232afa3f72858e94154eb4e526488,2026-09-03T18:10:00Z,Chicago White Sox,Houston Astros,betonlineag,BetOnline.ag,2026-09-03T05:13:35Z,h2h,2026-09-03T05:13:35Z,Houston Astros,-152,,2026-09-03T05:14:09.061534+00:00
e3f232afa3f72858e94154eb4e526488,2026-09-03T18:10:00Z,Chicago White Sox,Houston Astros,betonlineag,BetOnline.ag,2026-09-03T05:13:35Z,spreads,2026-09-03T05:13:35Z,Chicago White Sox,-150,1.5,2026-09-03T05:14:09.061537+00:00
e3f232afa3f72858e94154eb4e526488,2026-09-03T18:10:00Z,Chicago White Sox,Houston Astros,betonlineag,BetOnline.ag,2026-09-03T05:13:35Z,spreads,2026-09-03T05:13:35Z,Houston Astros,130,-1.5,2026-09-03T05:14:09.061541+00:00
e3f232afa3f72858e94154eb4e526488,2026-09-03T18:10:00Z,Chicago White Sox,Houston Astros,betonlineag,BetOnline.ag,2026-09-03T05:13:35Z,totals,2026-09-03T05:13:35Z,Over,-105,8.5,2026-09-03T05:14:09.061545+00:00
e3f232afa3f72858e94154eb4e526488,2026-09-03T18:10:00Z,Chicago White Sox,Houston Astros,betonlineag,BetOnline.ag,2026-09-03T05:13:35Z,totals,2026-09-03T05:13:35Z,Under,-115,8.5,2026-09-03T05:14:09.061548+00:00
e3f232afa3f72858e94154eb4e526488,2026-09-03T18:10:00Z,Chicago White Sox,Houston Astros,lowvig,LowVig.ag,2026-09-03T05:13:38Z,h2h,2026-09-03T05:13:38Z,Chicago White Sox,138,,2026-09-03T05:14:09.061552+00:00
e3f232afa3f72858e94154eb4e526488,2026-09-03T18:10:00Z,Chicago White Sox,Houston Astros,lowvig,LowVig.ag,2026-09-03T05:13:38Z,h2h,2026-09-03T05:13:38Z,Houston Astros,-152,,2026-09-03T05:14:09.061556+00:00
e3f232afa3f72858e94154eb4e526488,2026-09-03T18:10:00Z,Chicago White Sox,Houston Astros,lowvig,LowVig.ag,2026-09-03T05:13:38Z,spreads,2026-09-03T05:13:38Z,Chicago White Sox,-149,1.5,2026-09-03T05:14:09.061560+00:00
e3f232afa3f72858e94154eb4e526488,2026-09-03T18:10:00Z,Chicago White Sox,Houston Astros,lowvig,LowVig.ag,2026-09-03T05:13:38Z,spreads,2026-09-03T05:13:38Z,Houston Astros,132,-1.5,2026-09-03T05:14:09.061563+00:00
e3f232afa3f72858e94154eb4e526488,2026-09-03T18:10:00Z,Chicago White Sox,Houston Astros,lowvig,LowVig.ag,2026-09-03T05:13:38Z,totals,2026-09-03T05:13:38Z,Over,-102,8.5,2026-09-03T05:14:09.061567+00:00
e3f232afa3f72858e94154eb4e526488,2026-09-03T18:10:00Z,Chicago White Sox,Houston Astros,lowvig,LowVig.ag,2026-09-03T05:13:38Z,totals,2026-09-03T05:13:38Z,Under,-113,8.5,2026-09-03T05:14:09.061571+00:00
e3f232afa3f72858e94154eb4e526488,2026-09-03T18:10:00Z,Chicago White Sox,Houston Astros,mybookieag,MyBookie.ag,2026-09-03T05:12:15Z,h2h,2026-09-03T05:12:15Z,Chicago White Sox,135,,2026-09-03T05:14:09.061574+00:00
e3f232afa3f72858e94154eb4e526488,2026-09-03T18:10:00Z,Chicago White Sox,Houston Astros,mybookieag,MyBookie.ag,2026-09-03T05:12:15Z,h2h,2026-09-03T05:12:15Z,Houston Astros,-159,,2026-09-03T05:14:09.061578+00:00
e3f232afa3f72858e94154eb4e526488,2026-09-03T18:10:00Z,Chicago White Sox,Houston Astros,mybookieag,MyBookie.ag,2026-09-03T05:12:15Z,spreads,2026-09-03T05:12:15Z,Chicago White Sox,-155,1.5,2026-09-03T05:14:09.061582+00:00
e3f232afa3f72858e94154eb4e526488,2026-09-03T18:10:00Z,Chicago White Sox,Houston Astros,mybookieag,MyBookie.ag,2026-09-03T05:12:15Z,spreads,2026-09-03T05:12:15Z,Houston Astros,131,-1.5,2026-09-03T05:14:09.061585+00:00
e3f232afa3f72858e94154eb4e526488,2026-09-03T18:10:00Z,Chicago White Sox,Houston Astros,mybookieag,MyBookie.ag,2026-09-03T05:12:15Z,totals,2026-09-03T05:12:15Z,Over,-105,8.5,2026-09-03T05:14:09.061589+00:00
e3f232afa3f72858e94154eb4e526488,2026-09-03T18:10:00Z,Chicago White Sox,Houston Astros,mybookieag,MyBookie.ag,2026-09-03T05:12:15Z,totals,2026-09-03T05:12:15Z,Under,-117,8.5,2026-09-03T05:14:09.061593+00:00
e3f232afa3f72858e94154eb4e526488,2026-09-03T18:10:00Z,Chicago White Sox,Houston Astros,betmgm,BetMGM,2026-09-03T05:13:16Z,h2h,2026-09-03T05:13:16Z,Chicago White Sox,135,,2026-09-03T05:14:09.061596+00:00
e3f232afa3f72858e94154eb4e526488,2026-09-03T18:10:00Z,Chicago White Sox,Houston Astros,betmgm,BetMGM,2026-09-03T05:13:16Z,h2h,2026-09-03T05:13:16Z,Houston Astros,-165,,2026-09-03T05:14:09.061600+00:00
e3f232afa3f72858e94154eb4e526488,2026-09-03T18:10:00Z,Chicago White Sox,Houston Astros,betmgm,BetMGM,2026-09-03T05:13:16Z,spreads,2026-09-03T05:13:16Z,Chicago White Sox,-155,1.5,2026-09-03T05:14:09.061604+00:00
e3f232afa3f72858e94154eb4e526488,2026-09-03T18:10:00Z,Chicago White Sox,Houston Astros,betmgm,BetMGM,2026-09-03T05:13:16Z,spreads,2026-09-03T05:13:16Z,Houston Astros,125,-1.5,2026-09-03T05:14:09.061607+00:00
e3f232afa3f72858e94154eb4e526488,2026-09-03T18:10:00Z,Chicago White Sox,Houston Astros,betmgm,BetMGM,2026-09-03T05:13:16Z,totals,2026-09-03T05:13:16Z,Over,-102,8.5,2026-09-03T05:14:09.061611+00:00
e3f232afa3f72858e94154eb4e526488,2026-09-03T18:10:00Z,Chicago White Sox,Houston Astros,betmgm,BetMGM,2026-09-03T05:13:16Z,totals,2026-09-03T05:13:16Z,Under,-118,8.5,2026-09-03T05:14:09.061615+00:00
e3f232afa3f72858e94154eb4e526488,2026-09-03T18:10:00Z,Chicago White Sox,Houston Astros,fanduel,FanDuel,2026-09-03T05:13:36Z,h2h,2026-09-03T05:13:36Z,Chicago White Sox,138,,2026-09-03T05:14:09.061618+00:00
e3f232afa3f72858e94154eb4e526488,2026-09-03T18:10:00Z,Chicago White Sox,Houston Astros,fanduel,FanDuel,2026-09-03T05:13:36Z,h2h,2026-09-03T05:13:36Z,Houston Astros,-164,,2026-09-03T05:14:09.061622+00:00
e3f232afa3f72858e94154eb4e526488,2026-09-03T18:10:00Z,Chicago White Sox,Houston Astros,fanduel,FanDuel,2026-09-03T05:13:36Z,spreads,2026-09-03T05:13:36Z,Chicago White Sox,-154,1.5,2026-09-03T05:14:09.061626+00:00
e3f232afa3f72858e94154eb4e526488,2026-09-03T18:10:00Z,Chicago White Sox,Houston Astros,fanduel,FanDuel,2026-09-03T05:13:36Z,spreads,2026-09-03T05:13:36Z,Houston Astros,128,-1.5,2026-09-03T05:14:09.061630+00:00
e3f232afa3f72858e94154eb4e526488,2026-09-03T18:10:00Z,Chicago White Sox,Houston Astros,fanduel,FanDuel,2026-09-03T05:13:36Z,totals,2026-09-03T05:13:36Z,Over,-122,8.0,2026-09-03T05:14:09.061633+00:00
e3f232afa3f72858e94154eb4e526488,2026-09-03T18:10:00Z,Chicago White Sox,Houston Astros,fanduel,FanDuel,2026-09-03T05:13:36Z,totals,2026-09-03T05:13:36Z,Under,100,8.0,2026-09-03T05:14:09.061637+00:00
e3f232afa3f72858e94154eb4e526488,2026-09-03T18:10:00Z,Chicago White Sox,Houston Astros,bovada,Bovada,2026-09-03T05:12:40Z,h2h,2026-09-03T05:12:40Z,Chicago White Sox,134,,2026-09-03T05:14:09.061641+00:00
e3f232afa3f72858e94154eb4e526488,2026-09-03T18:10:00Z,Chicago White Sox,Houston Astros,bovada,Bovada,2026-09-03T05:12:40Z,h2h,2026-09-03T05:12:40Z,Houston Astros,-160,,2026-09-03T05:14:09.061644+00:00
e3f232afa3f72858e94154eb4e526488,2026-09-03T18:10:00Z,Chicago White Sox,Houston Astros,bovada,Bovada,2026-09-03T05:12:40Z,spreads,2026-09-03T05:12:40Z,Chicago White Sox,-160,1.5,2026-09-03T05:14:09.061648+00:00
e3f232afa3f72858e94154eb4e526488,2026-09-03T18:10:00Z,Chicago White Sox,Houston Astros,bovada,Bovada,2026-09-03T05:12:40Z,spreads,2026-09-03T05:12:40Z,Houston Astros,135,-1.5,2026-09-03T05:14:09.061652+00:00
e3f232afa3f72858e94154eb4e526488,2026-09-03T18:10:00Z,Chicago White Sox,Houston Astros,bovada,Bovada,2026-09-03T05:12:40Z,totals,2026-09-03T05:12:40Z,Over,-105,8.5,2026-09-03T05:14:09.061655+00:00
e3f232afa3f72858e94154eb4e526488,2026-09-03T18:10:00Z,Chicago White Sox,Houston Astros,bovada,Bovada,2026-09-03T05:12:40Z,totals,2026-09-03T05:12:40Z,Under,-115,8.5,2026-09-03T05:14:09.061659+00:00
e3f232afa3f72858e94154eb4e526488,2026-09-03T18:10:00Z,Chicago White Sox,Houston Astros,betus,BetUS,2026-09-03T05:13:17Z,h2h,2026-09-03T05:13:17Z,Chicago White Sox,136,,2026-09-03T05:14:09.061663+00:00
e3f232afa3f72858e94154eb4e526488,2026-09-03T18:10:00Z,Chicago White Sox,Houston Astros,betus,BetUS,2026-09-03T05:13:17Z,h2h,2026-09-03T05:13:17Z,Houston Astros,-152,,2026-09-03T05:14:09.061666+00:00
e3f232afa3f72858e94154eb4e526488,2026-09-03T18:10:00Z,Chicago White Sox,Houston Astros,betus,BetUS,2026-09-03T05:13:17Z,spreads,2026-09-03T05:13:17Z,Chicago White Sox,-150,1.5,2026-09-03T05:14:09.061670+00:00
e3f232afa3f72858e94154eb4e526488,2026-09-03T18:10:00Z,Chicago White Sox,Houston Astros,betus,BetUS,2026-09-03T05:13:17Z,spreads,2026-09-03T05:13:17Z,Houston Astros,130,-1.5,2026-09-03T05:14:09.061674+00:00
e3f232afa3f72858e94154eb4e526488,2026-09-03T18:10:00Z,Chicago White Sox,Houston Astros,betus,BetUS,2026-09-03T05:13:17Z,totals,2026-09-03T05:13:17Z,Over,-105,8.5,2026-09-03T05:14:09.061677+00:00
e3f232afa3f72858e94154eb4e526488,2026-09-03T18:10:00Z,Chicago White Sox,Houston Astros,betus,BetUS,2026-09-03T05:13:17Z,totals,2026-09-03T05:13:17Z,Under,-115,8.5,2026-09-03T05:14:09.061681+00:00
e3f232afa3f72858e94154eb4e526488,2026-09-03T18:10:00Z,Chicago White Sox,Houston Astros,betrivers,BetRivers,2026-09-03T05:13:36Z,h2h,2026-09-03T05:13:36Z,Chicago White Sox,143,,2026-09-03T05:14:09.061685+00:00
e3f232afa3f72858e94154eb4e526488,2026-09-03T18:10:00Z,Chicago White Sox,Houston Astros,betrivers,BetRivers,2026-09-03T05:13:36Z,h2h,2026-09-03T05:13:36Z,Houston Astros,-175,,2026-09-03T05:14:09.061688+00:00
e3f232afa3f72858e94154eb4e526488,2026-09-03T18:10:00Z,Chicago White Sox,Houston Astros,betrivers,BetRivers,2026-09-03T05:13:36Z,spreads,2026-09-03T05:13:36Z,Chicago White Sox,-148,1.5,2026-09-03T05:14:09.061692+00:00
e3f232afa3f72858e94154eb4e526488,2026-09-03T18:10:00Z,Chicago White Sox,Houston Astros,betrivers,BetRivers,2026-09-03T05:13:36Z,spreads,2026-09-03T05:13:36Z,Houston Astros,123,-1.5,2026-09-03T05:14:09.061696+00:00
e3f232afa3f72858e94154eb4e526488,2026-09-03T18:10:00Z,Chicago White Sox,Houston Astros,betrivers,BetRivers,2026-09-03T05:13:36Z,totals,2026-09-03T05:13:36Z,Over,-125,8.0,2026-09-03T05:14:09.061699+00:00
e3f232afa3f72858e94154eb4e526488,2026-09-03T18:10:00Z,Chicago White Sox,Houston Astros,betrivers,BetRivers,2026-09-03T05:13:36Z,totals,2026-09-03T05:13:36Z,Under,-113,8.0,2026-09-03T05:14:09.061703+00:00
b27b102032634f4f3dc542889c7d62e9,2026-09-03T23:15:00Z,Boston Red Sox,Baltimore Orioles,fanduel,FanDuel,2026-09-03T05:13:36Z,h2h,2026-09-03T05:13:36Z,Baltimore Orioles,110,,2026-09-03T05:14:09.061707+00:00
b27b102032634f4f3dc542889c7d62e9,2026-09-03T23:15:00Z,Boston Red Sox,Baltimore Orioles,fanduel,FanDuel,2026-09-03T05:13:36Z,h2h,2026-09-03T05:13:36Z,Boston Red Sox,-130,,2026-09-03T05:14:09.061711+00:00
b27b102032634f4f3dc542889c7d62e9,2026-09-03T23:15:00Z,Boston Red Sox,Baltimore Orioles,fanduel,FanDuel,2026-09-03T05:13:36Z,spreads,2026-09-03T05:13:36Z,Baltimore Orioles,-160,1.5,2026-09-03T05:14:09.061714+00:00
b27b102032634f4f3dc542889c7d62e9,2026-09-03T23:15:00Z,Boston Red Sox,Baltimore Orioles,fanduel,FanDuel,2026-09-03T05:13:36Z,spreads,2026-09-03T05:13:36Z,Boston Red Sox,132,-1.5,2026-09-03T05:14:09.061718+00:00
b27b102032634f4f3dc542889c7d62e9,2026-09-03T23:15:00Z,Boston Red Sox,Baltimore Orioles,fanduel,FanDuel,2026-09-03T05:13:36Z,totals,2026-09-03T05:13:36Z,Over,-102,8.5,2026-09-03T05:14:09.061722+00:00
b27b102032634f4f3dc542889c7d62e9,2026-09-03T23:15:00Z,Boston Red Sox,Baltimore Orioles,fanduel,FanDuel,2026-09-03T05:13:36Z,totals,2026-09-03T05:13:36Z,Under,-120,8.5,2026-09-03T05:14:09.061725+00:00
b27b102032634f4f3dc542889c7d62e9,2026-09-03T23:15:00Z,Boston Red Sox,Baltimore Orioles,bovada,Bovada,2026-09-03T05:12:40Z,h2h,2026-09-03T05:12:40Z,Baltimore Orioles,109,,2026-09-03T05:14:09.061729+00:00
b27b102032634f4f3dc542889c7d62e9,2026-09-03T23:15:00Z,Boston Red Sox,Baltimore Orioles,bovada,Bovada,2026-09-03T05:12:40Z,h2h,2026-09-03T05:12:40Z,Boston Red Sox,-131,,2026-09-03T05:14:09.061733+00:00
b27b102032634f4f3dc542889c7d62e9,2026-09-03T23:15:00Z,Boston Red Sox,Baltimore Orioles,bovada,Bovada,2026-09-03T05:12:40Z,spreads,2026-09-03T05:12:40Z,Baltimore Orioles,-160,1.5,2026-09-03T05:14:09.061736+00:00
b27b102032634f4f3dc542889c7d62e9,2026-09-03T23:15:00Z,Boston Red Sox,Baltimore Orioles,bovada,Bovada,2026-09-03T05:12:40Z,spreads,2026-09-03T05:12:40Z,Boston Red Sox,135,-1.5,2026-09-03T05:14:09.061740+00:00
b27b102032634f4f3dc542889c7d62e9,2026-09-03T23:15:00Z,Boston Red Sox,Baltimore Orioles,bovada,Bovada,2026-09-03T05:12:40Z,totals,2026-09-03T05:12:40Z,Over,100,8.5,2026-09-03T05:14:09.061744+00:00
b27b102032634f4f3dc542889c7d62e9,2026-09-03T23:15:00Z,Boston Red Sox,Baltimore Orioles,bovada,Bovada,2026-09-03T05:12:40Z,totals,2026-09-03T05:12:40Z,Under,-120,8.5,2026-09-03T05:14:09.061747+00:00
b27b102032634f4f3dc542889c7d62e9,2026-09-03T23:15:00Z,Boston Red Sox,Baltimore Orioles,mybookieag,MyBookie.ag,2026-09-03T05:12:15Z,h2h,2026-09-03T05:12:15Z,Baltimore Orioles,113,,2026-09-03T05:14:09.061751+00:00
b27b102032634f4f3dc542889c7d62e9,2026-09-03T23:15:00Z,Boston Red Sox,Baltimore Orioles,mybookieag,MyBookie.ag,2026-09-03T05:12:15Z,h2h,2026-09-03T05:12:15Z,Boston Red Sox,-133,,2026-09-03T05:14:09.061755+00:00
b27b102032634f4f3dc542889c7d62e9,2026-09-03T23:15:00Z,Boston Red Sox,Baltimore Orioles,mybookieag,MyBookie.ag,2026-09-03T05:12:15Z,spreads,2026-09-03T05:12:15Z,Baltimore Orioles,-147,1.5,2026-09-03T05:14:09.061759+00:00
b27b102032634f4f3dc542889c7d62e9,2026-09-03T23:15:00Z,Boston Red Sox,Baltimore Orioles,mybookieag,MyBookie.ag,2026-09-03T05:12:15Z,spreads,2026-09-03T05:12:15Z,Boston Red Sox,125,-1.5,2026-09-03T05:14:09.061762+00:00
b27b102032634f4f3dc542889c7d62e9,2026-09-03T23:15:00Z,Boston Red Sox,Baltimore Orioles,mybookieag,MyBookie.ag,2026-09-03T05:12:15Z,totals,2026-09-03T05:12:15Z,Over,-104,8.5,2026-09-03T05:14:09.061766+00:00
b27b102032634f4f3dc542889c7d62e9,2026-09-03T23:15:00Z,Boston Red Sox,Baltimore Orioles,mybookieag,MyBookie.ag,2026-09-03T05:12:15Z,totals,2026-09-03T05:12:15Z,Under,-117,8.5,2026-09-03T05:14:09.061770+00:00
b27b102032634f4f3dc542889c7d62e9,2026-09-03T23:15:00Z,Boston Red Sox,Baltimore Orioles,draftkings,DraftKings,2026-09-03T05:13:36Z,h2h,2026-09-03T05:13:36Z,Baltimore Orioles,113,,2026-09-03T05:14:09.061773+00:00
b27b102032634f4f3dc542889c7d62e9,2026-09-03T23:15:00Z,Boston Red Sox,Baltimore Orioles,draftkings,DraftKings,2026-09-03T05:13:36Z,h2h,2026-09-03T05:13:36Z,Boston Red Sox,-136,,2026-09-03T05:14:09.061777+00:00
b27b102032634f4f3dc542889c7d62e9,2026-09-03T23:15:00Z,Boston Red Sox,Baltimore Orioles,draftkings,DraftKings,2026-09-03T05:13:36Z,spreads,2026-09-03T05:13:36Z,Baltimore Orioles,-149,1.5,2026-09-03T05:14:09.061781+00:00
b27b102032634f4f3dc542889c7d62e9,2026-09-03T23:15:00Z,Boston Red Sox,Baltimore Orioles,draftkings,DraftKings,2026-09-03T05:13:36Z,spreads,2026-09-03T05:13:36Z,Boston Red Sox,124,-1.5,2026-09-03T05:14:09.061784+00:00
b27b102032634f4f3dc542889c7d62e9,2026-09-03T23:15:00Z,Boston Red Sox,Baltimore Orioles,draftkings,DraftKings,2026-09-03T05:13:36Z,totals,2026-09-03T05:13:36Z,Over,-103,8.5,2026-09-03T05:14:09.061788+00:00
b27b102032634f4f3dc542889c7d62e9,2026-09-03T23:15:00Z,Boston Red Sox,Baltimore Orioles,draftkings,DraftKings,2026-09-03T05:13:36Z,totals,2026-09-03T05:13:36Z,Under,-117,8.5,2026-09-03T05:14:09.061792+00:00
b27b102032634f4f3dc542889c7d62e9,2026-09-03T23:15:00Z,Boston Red Sox,Baltimore Orioles,betmgm,BetMGM,2026-09-03T05:13:16Z,h2h,2026-09-03T05:13:16Z,Baltimore Orioles,110,,2026-09-03T05:14:09.061795+00:00
b27b102032634f4f3dc542889c7d62e9,2026-09-03T23:15:00Z,Boston Red Sox,Baltimore Orioles,betmgm,BetMGM,2026-09-03T05:13:16Z,h2h,2026-09-03T05:13:16Z,Boston Red Sox,-135,,2026-09-03T05:14:09.061799+00:00
b27b102032634f4f3dc542889c7d62e9,2026-09-03T23:15:00Z,Boston Red Sox,Baltimore Orioles,betmgm,BetMGM,2026-09-03T05:13:16Z,spreads,2026-09-03T05:13:16Z,Baltimore Orioles,-155,1.5,2026-09-03T05:14:09.061803+00:00
b27b102032634f4f3dc542889c7d62e9,2026-09-03T23:15:00Z,Boston Red Sox,Baltimore Orioles,betmgm,BetMGM,2026-09-03T05:13:16Z,spreads,2026-09-03T05:13:16Z,Boston Red Sox,125,-1.5,2026-09-03T05:14:09.061807+00:00
b27b102032634f4f3dc542889c7d62e9,2026-09-03T23:15:00Z,Boston Red Sox,Baltimore Orioles,betmgm,BetMGM,2026-09-03T05:13:16Z,totals,2026-09-03T05:13:16Z,Over,-102,8.5,2026-09-03T05:14:09.061810+00:00
b27b102032634f4f3dc542889c7d62e9,2026-09-03T23:15:00Z,Boston Red Sox,Baltimore Orioles,betmgm,BetMGM,2026-09-03T05:13:16Z,totals,2026-09-03T05:13:16Z,Under,-118,8.5,2026-09-03T05:14:09.061814+00:00
b27b102032634f4f3dc542889c7d62e9,2026-09-03T23:15:00Z,Boston Red Sox,Baltimore Orioles,betrivers,BetRivers,2026-09-03T05:13:36Z,h2h,2026-09-03T05:13:36Z,Baltimore Orioles,102,,2026-09-03T05:14:09.061818+00:00
b27b102032634f4f3dc542889c7d62e9,2026-09-03T23:15:00Z,Boston Red Sox,Baltimore Orioles,betrivers,BetRivers,2026-09-03T05:13:36Z,h2h,2026-09-03T05:13:36Z,Boston Red Sox,-122,,2026-09-03T05:14:09.061821+00:00
b27b102032634f4f3dc542889c7d62e9,2026-09-03T23:15:00Z,Boston Red Sox,Baltimore Orioles,betrivers,BetRivers,2026-09-03T05:13:36Z,spreads,2026-09-03T05:13:36Z,Baltimore Orioles,-165,1.5,2026-09-03T05:14:09.061825+00:00
b27b102032634f4f3dc542889c7d62e9,2026-09-03T23:15:00Z,Boston Red Sox,Baltimore Orioles,betrivers,BetRivers,2026-09-03T05:13:36Z,spreads,2026-09-03T05:13:36Z,Boston Red Sox,135,-1.5,2026-09-03T05:14:09.061829+00:00
b27b102032634f4f3dc542889c7d62e9,2026-09-03T23:15:00Z,Boston Red Sox,Baltimore Orioles,betrivers,BetRivers,2026-09-03T05:13:36Z,totals,2026-09-03T05:13:36Z,Over,-127,8.0,2026-09-03T05:14:09.061833+00:00
b27b102032634f4f3dc542889c7d62e9,2026-09-03T23:15:00Z,Boston Red Sox,Baltimore Orioles,betrivers,BetRivers,2026-09-03T05:13:36Z,totals,2026-09-03T05:13:36Z,Under,-112,8.0,2026-09-03T05:14:09.061836+00:00
b27b102032634f4f3dc542889c7d62e9,2026-09-03T23:15:00Z,Boston Red Sox,Baltimore Orioles,betonlineag,BetOnline.ag,2026-09-03T05:13:35Z,h2h,2026-09-03T05:13:35Z,Baltimore Orioles,120,,2026-09-03T05:14:09.061840+00:00
b27b102032634f4f3dc542889c7d62e9,2026-09-03T23:15:00Z,Boston Red Sox,Baltimore Orioles,betonlineag,BetOnline.ag,2026-09-03T05:13:35Z,h2h,2026-09-03T05:13:35Z,Boston Red Sox,-132,,2026-09-03T05:14:09.061843+00:00
b27b102032634f4f3dc542889c7d62e9,2026-09-03T23:15:00Z,Boston Red Sox,Baltimore Orioles,betonlineag,BetOnline.ag,2026-09-03T05:13:35Z,spreads,2026-09-03T05:13:35Z,Baltimore Orioles,-147,1.5,2026-09-03T05:14:09.061847+00:00
b27b102032634f4f3dc542889c7d62e9,2026-09-03T23:15:00Z,Boston Red Sox,Baltimore Orioles,betonlineag,BetOnline.ag,2026-09-03T05:13:35Z,spreads,2026-09-03T05:13:35Z,Boston Red Sox,127,-1.5,2026-09-03T05:14:09.061851+00:00
b27b102032634f4f3dc542889c7d62e9,2026-09-03T23:15:00Z,Boston Red Sox,Baltimore Orioles,betonlineag,BetOnline.ag,2026-09-03T05:13:35Z,totals,2026-09-03T05:13:35Z,Over,-106,8.5,2026-09-03T05:14:09.061854+00:00
b27b102032634f4f3dc542889c7d62e9,2026-09-03T23:15:00Z,Boston Red Sox,Baltimore Orioles,betonlineag,BetOnline.ag,2026-09-03T05:13:35Z,totals,2026-09-03T05:13:35Z,Under,-114,8.5,2026-09-03T05:14:09.061858+00:00
b27b102032634f4f3dc542889c7d62e9,2026-09-03T23:15:00Z,Boston Red Sox,Baltimore Orioles,lowvig,LowVig.ag,2026-09-03T05:13:38Z,h2h,2026-09-03T05:13:38Z,Baltimore Orioles,120,,2026-09-03T05:14:09.061862+00:00
b27b102032634f4f3dc542889c7d62e9,2026-09-03T23:15:00Z,Boston Red Sox,Baltimore Orioles,lowvig,LowVig.ag,2026-09-03T05:13:38Z,h2h,2026-09-03T05:13:38Z,Boston Red Sox,-132,,2026-09-03T05:14:09.061866+00:00
b27b102032634f4f3dc542889c7d62e9,2026-09-03T23:15:00Z,Boston Red Sox,Baltimore Orioles,lowvig,LowVig.ag,2026-09-03T05:13:38Z,spreads,2026-09-03T05:13:38Z,Baltimore Orioles,-146,1.5,2026-09-03T05:14:09.061870+00:00
b27b102032634f4f3dc542889c7d62e9,2026-09-03T23:15:00Z,Boston Red Sox,Baltimore Orioles,lowvig,LowVig.ag,2026-09-03T05:13:38Z,spreads,2026-09-03T05:13:38Z,Boston Red Sox,129,-1.5,2026-09-03T05:14:09.061873+00:00
b27b102032634f4f3dc542889c7d62e9,2026-09-03T23:15:00Z,Boston Red Sox,Baltimore Orioles,lowvig,LowVig.ag,2026-09-03T05:13:38Z,totals,2026-09-03T05:13:38Z,Over,-103,8.5,2026-09-03T05:14:09.061877+00:00
b27b102032634f4f3dc542889c7d62e9,2026-09-03T23:15:00Z,Boston Red Sox,Baltimore Orioles,lowvig,LowVig.ag,2026-09-03T05:13:38Z,totals,2026-09-03T05:13:38Z,Under,-112,8.5,2026-09-03T05:14:09.061881+00:00
b27b102032634f4f3dc542889c7d62e9,2026-09-03T23:15:00Z,Boston Red Sox,Baltimore Orioles,betus,BetUS,2026-09-03T05:13:17Z,h2h,2026-09-03T05:13:17Z,Baltimore Orioles,120,,2026-09-03T05:14:09.061884+00:00
b27b102032634f4f3dc542889c7d62e9,2026-09-03T23:15:00Z,Boston Red Sox,Baltimore Orioles,betus,BetUS,2026-09-03T05:13:17Z,h2h,2026-09-03T05:13:17Z,Boston Red Sox,-132,,2026-09-03T05:14:09.061888+00:00
b27b102032634f4f3dc542889c7d62e9,2026-09-03T23:15:00Z,Boston Red Sox,Baltimore Orioles,betus,BetUS,2026-09-03T05:13:17Z,spreads,2026-09-03T05:13:17Z,Baltimore Orioles,-145,1.5,2026-09-03T05:14:09.061892+00:00
b27b102032634f4f3dc542889c7d62e9,2026-09-03T23:15:00Z,Boston Red Sox,Baltimore Orioles,betus,BetUS,2026-09-03T05:13:17Z,spreads,2026-09-03T05:13:17Z,Boston Red Sox,125,-1.5,2026-09-03T05:14:09.061895+00:00
b27b102032634f4f3dc542889c7d62e9,2026-09-03T23:15:00Z,Boston Red Sox,Baltimore Orioles,betus,BetUS,2026-09-03T05:13:17Z,totals,2026-09-03T05:13:17Z,Over,-105,8.5,2026-09-03T05:14:09.061899+00:00
b27b102032634f4f3dc542889c7d62e9,2026-09-03T23:15:00Z,Boston Red Sox,Baltimore Orioles,betus,BetUS,2026-09-03T05:13:17Z,totals,2026-09-03T05:13:17Z,Under,-115,8.5,2026-09-03T05:14:09.061903+00:00
c3d5e91757e67f6c08706b0970a77f89,2026-09-03T23:15:00Z,Milwaukee Brewers,Chicago Cubs,draftkings,DraftKings,2026-09-03T05:13:36Z,h2h,2026-09-03T05:13:36Z,Chicago Cubs,-107,,2026-09-03T05:14:09.061907+00:00
c3d5e91757e67f6c08706b0970a77f89,2026-09-03T23:15:00Z,Milwaukee Brewers,Chicago Cubs,draftkings,DraftKings,2026-09-03T05:13:36Z,h2h,2026-09-03T05:13:36Z,Milwaukee Brewers,-112,,2026-09-03T05:14:09.061910+00:00
c3d5e91757e67f6c08706b0970a77f89,2026-09-03T23:15:00Z,Milwaukee Brewers,Chicago Cubs,draftkings,DraftKings,2026-09-03T05:13:36Z,spreads,2026-09-03T05:13:36Z,Chicago Cubs,-180,1.5,2026-09-03T05:14:09.061914+00:00
c3d5e91757e67f6c08706b0970a77f89,2026-09-03T23:15:00Z,Milwaukee Brewers,Chicago Cubs,draftkings,DraftKings,2026-09-03T05:13:36Z,spreads,2026-09-03T05:13:36Z,Milwaukee Brewers,148,-1.5,2026-09-03T05:14:09.061918+00:00
c3d5e91757e67f6c08706b0970a77f89,2026-09-03T23:15:00Z,Milwaukee Brewers,Chicago Cubs,draftkings,DraftKings,2026-09-03T05:13:36Z,totals,2026-09-03T05:13:36Z,Over,-117,8.0,2026-09-03T05:14:09.061921+00:00
c3d5e91757e67f6c08706b0970a77f89,2026-09-03T23:15:00Z,Milwaukee Brewers,Chicago Cubs,draftkings,DraftKings,2026-09-03T05:13:36Z,totals,2026-09-03T05:13:36Z,Under,-103,8.0,2026-09-03T05:14:09.061925+00:00
c3d5e91757e67f6c08706b0970a77f89,2026-09-03T23:15:00Z,Milwaukee Brewers,Chicago Cubs,betonlineag,BetOnline.ag,2026-09-03T05:13:35Z,h2h,2026-09-03T05:13:35Z,Chicago Cubs,-101,,2026-09-03T05:14:09.061929+00:00
c3d5e91757e67f6c08706b0970a77f89,2026-09-03T23:15:00Z,Milwaukee Brewers,Chicago Cubs,betonlineag,BetOnline.ag,2026-09-03T05:13:35Z,h2h,2026-09-03T05:13:35Z,Milwaukee Brewers,-109,,2026-09-03T05:14:09.061932+00:00
c3d5e91757e67f6c08706b0970a77f89,2026-09-03T23:15:00Z,Milwaukee Brewers,Chicago Cubs,betonlineag,BetOnline.ag,2026-09-03T05:13:35Z,spreads,2026-09-03T05:13:35Z,Chicago Cubs,-171,1.5,2026-09-03T05:14:09.061936+00:00
c3d5e91757e67f6c08706b0970a77f89,2026-09-03T23:15:00Z,Milwaukee Brewers,Chicago Cubs,betonlineag,BetOnline.ag,2026-09-03T05:13:35Z,spreads,2026-09-03T05:13:35Z,Milwaukee Brewers,150,-1.5,2026-09-03T05:14:09.061940+00:00
c3d5e91757e67f6c08706b0970a77f89,2026-09-03T23:15:00Z,Milwaukee Brewers,Chicago Cubs,betonlineag,BetOnline.ag,2026-09-03T05:13:35Z,totals,2026-09-03T05:13:35Z,Over,-115,8.0,2026-09-03T05:14:09.061944+00:00
c3d5e91757e67f6c08706b0970a77f89,2026-09-03T23:15:00Z,Milwaukee Brewers,Chicago Cubs,betonlineag,BetOnline.ag,2026-09-03T05:13:35Z,totals,2026-09-03T05:13:35Z,Under,-105,8.0,2026-09-03T05:14:09.061947+00:00
c3d5e91757e67f6c08706b0970a77f89,2026-09-03T23:15:00Z,Milwaukee Brewers,Chicago Cubs,lowvig,LowVig.ag,2026-09-03T05:13:38Z,h2h,2026-09-03T05:13:38Z,Chicago Cubs,-101,,2026-09-03T05:14:09.061951+00:00
c3d5e91757e67f6c08706b0970a77f89,2026-09-03T23:15:00Z,Milwaukee Brewers,Chicago Cubs,lowvig,LowVig.ag,2026-09-03T05:13:38Z,h2h,2026-09-03T05:13:38Z,Milwaukee Brewers,-109,,2026-09-03T05:14:09.061955+00:00
c3d5e91757e67f6c08706b0970a77f89,2026-09-03T23:15:00Z,Milwaukee Brewers,Chicago Cubs,lowvig,LowVig.ag,2026-09-03T05:13:38Z,spreads,2026-09-03T05:13:38Z,Chicago Cubs,-171,1.5,2026-09-03T05:14:09.061958+00:00
c3d5e91757e67f6c08706b0970a77f89,2026-09-03T23:15:00Z,Milwaukee Brewers,Chicago Cubs,lowvig,LowVig.ag,2026-09-03T05:13:38Z,spreads,2026-09-03T05:13:38Z,Milwaukee Brewers,151,-1.5,2026-09-03T05:14:09.061962+00:00
c3d5e91757e67f6c08706b0970a77f89,2026-09-03T23:15:00Z,Milwaukee Brewers,Chicago Cubs,lowvig,LowVig.ag,2026-09-03T05:13:38Z,totals,2026-09-03T05:13:38Z,Over,-113,8.0,2026-09-03T05:14:09.061966+00:00
c3d5e91757e67f6c08706b0970a77f89,2026-09-03T23:15:00Z,Milwaukee Brewers,Chicago Cubs,lowvig,LowVig.ag,2026-09-03T05:13:38Z,totals,2026-09-03T05:13:38Z,Under,-102,8.0,2026-09-03T05:14:09.061969+00:00
c3d5e91757e67f6c08706b0970a77f89,2026-09-03T23:15:00Z,Milwaukee Brewers,Chicago Cubs,mybookieag,MyBookie.ag,2026-09-03T05:12:15Z,h2h,2026-09-03T05:12:15Z,Chicago Cubs,-106,,2026-09-03T05:14:09.061973+00:00
c3d5e91757e67f6c08706b0970a77f89,2026-09-03T23:15:00Z,Milwaukee Brewers,Chicago Cubs,mybookieag,MyBookie.ag,2026-09-03T05:12:15Z,h2h,2026-09-03T05:12:15Z,Milwaukee Brewers,-110,,2026-09-03T05:14:09.061977+00:00
c3d5e91757e67f6c08706b0970a77f89,2026-09-03T23:15:00Z,Milwaukee Brewers,Chicago Cubs,mybookieag,MyBookie.ag,2026-09-03T05:12:15Z,spreads,2026-09-03T05:12:15Z,Chicago Cubs,-180,1.5,2026-09-03T05:14:09.061980+00:00
c3d5e91757e67f6c08706b0970a77f89,2026-09-03T23:15:00Z,Milwaukee Brewers,Chicago Cubs,mybookieag,MyBookie.ag,2026-09-03T05:12:15Z,spreads,2026-09-03T05:12:15Z,Milwaukee Brewers,150,-1.5,2026-09-03T05:14:09.061984+00:00
c3d5e91757e67f6c08706b0970a77f89,2026-09-03T23:15:00Z,Milwaukee Brewers,Chicago Cubs,mybookieag,MyBookie.ag,2026-09-03T05:12:15Z,totals,2026-09-03T05:12:15Z,Over,-119,8.0,2026-09-03T05:14:09.061988+00:00
c3d5e91757e67f6c08706b0970a77f89,2026-09-03T23:15:00Z,Milwaukee Brewers,Chicago Cubs,mybookieag,MyBookie.ag,2026-09-03T05:12:15Z,totals,2026-09-03T05:12:15Z,Under,-103,8.0,2026-09-03T05:14:09.061992+00:00
c3d5e91757e67f6c08706b0970a77f89,2026-09-03T23:15:00Z,Milwaukee Brewers,Chicago Cubs,betmgm,BetMGM,2026-09-03T05:13:16Z,h2h,2026-09-03T05:13:16Z,Chicago Cubs,-110,,2026-09-03T05:14:09.061995+00:00
c3d5e91757e67f6c08706b0970a77f89,2026-09-03T23:15:00Z,Milwaukee Brewers,Chicago Cubs,betmgm,BetMGM,2026-09-03T05:13:16Z,h2h,2026-09-03T05:13:16Z,Milwaukee Brewers,-110,,2026-09-03T05:14:09.061999+00:00
c3d5e91757e67f6c08706b0970a77f89,2026-09-03T23:15:00Z,Milwaukee Brewers,Chicago Cubs,betmgm,BetMGM,2026-09-03T05:13:16Z,spreads,2026-09-03T05:13:16Z,Chicago Cubs,-185,1.5,2026-09-03T05:14:09.062003+00:00
c3d5e91757e67f6c08706b0970a77f89,2026-09-03T23:15:00Z,Milwaukee Brewers,Chicago Cubs,betmgm,BetMGM,2026-09-03T05:13:16Z,spreads,2026-09-03T05:13:16Z,Milwaukee Brewers,150,-1.5,2026-09-03T05:14:09.062006+00:00
c3d5e91757e67f6c08706b0970a77f89,2026-09-03T23:15:00Z,Milwaukee Brewers,Chicago Cubs,betmgm,BetMGM,2026-09-03T05:13:16Z,totals,2026-09-03T05:13:16Z,Over,100,8.5,2026-09-03T05:14:09.062010+00:00
c3d5e91757e67f6c08706b0970a77f89,2026-09-03T23:15:00Z,Milwaukee Brewers,Chicago Cubs,betmgm,BetMGM,2026-09-03T05:13:16Z,totals,2026-09-03T05:13:16Z,Under,-120,8.5,2026-09-03T05:14:09.062014+00:00
c3d5e91757e67f6c08706b0970a77f89,2026-09-03T23:15:00Z,Milwaukee Brewers,Chicago Cubs,fanduel,FanDuel,2026-09-03T05:13:36Z,h2h,2026-09-03T05:13:36Z,Chicago Cubs,-108,,2026-09-03T05:14:09.062017+00:00
c3d5e91757e67f6c08706b0970a77f89,2026-09-03T23:15:00Z,Milwaukee Brewers,Chicago Cubs,fanduel,FanDuel,2026-09-03T05:13:36Z,h2h,2026-09-03T05:13:36Z,Milwaukee Brewers,-108,,2026-09-03T05:14:09.062021+00:00
c3d5e91757e67f6c08706b0970a77f89,2026-09-03T23:15:00Z,Milwaukee Brewers,Chicago Cubs,fanduel,FanDuel,2026-09-03T05:13:36Z,spreads,2026-09-03T05:13:36Z,Chicago Cubs,-184,1.5,2026-09-03T05:14:09.062025+00:00
c3d5e91757e67f6c08706b0970a77f89,2026-09-03T23:15:00Z,Milwaukee Brewers,Chicago Cubs,fanduel,FanDuel,2026-09-03T05:13:36Z,spreads,2026-09-03T05:13:36Z,Milwaukee Brewers,152,-1.5,2026-09-03T05:14:09.062028+00:00
c3d5e91757e67f6c08706b0970a77f89,2026-09-03T23:15:00Z,Milwaukee Brewers,Chicago Cubs,fanduel,FanDuel,2026-09-03T05:13:36Z,totals,2026-09-03T05:13:36Z,Over,-106,8.5,2026-09-03T05:14:09.062032+00:00
c3d5e91757e67f6c08706b0970a77f89,2026-09-03T23:15:00Z,Milwaukee Brewers,Chicago Cubs,fanduel,FanDuel,2026-09-03T05:13:36Z,totals,2026-09-03T05:13:36Z,Under,-114,8.5,2026-09-03T05:14:09.062036+00:00
c3d5e91757e67f6c08706b0970a77f89,2026-09-03T23:15:00Z,Milwaukee Brewers,Chicago Cubs,bovada,Bovada,2026-09-03T05:12:40Z,h2h,2026-09-03T05:12:40Z,Chicago Cubs,-106,,2026-09-03T05:14:09.062040+00:00
c3d5e91757e67f6c08706b0970a77f89,2026-09-03T23:15:00Z,Milwaukee Brewers,Chicago Cubs,bovada,Bovada,2026-09-03T05:12:40Z,h2h,2026-09-03T05:12:40Z,Milwaukee Brewers,-114,,2026-09-03T05:14:09.062043+00:00
c3d5e91757e67f6c08706b0970a77f89,2026-09-03T23:15:00Z,Milwaukee Brewers,Chicago Cubs,bovada,Bovada,2026-09-03T05:12:40Z,spreads,2026-09-03T05:12:40Z,Chicago Cubs,-175,1.5,2026-09-03T05:14:09.062047+00:00
c3d5e91757e67f6c08706b0970a77f89,2026-09-03T23:15:00Z,Milwaukee Brewers,Chicago Cubs,bovada,Bovada,2026-09-03T05:12:40Z,spreads,2026-09-03T05:12:40Z,Milwaukee Brewers,150,-1.5,2026-09-03T05:14:09.062051+00:00
c3d5e91757e67f6c08706b0970a77f89,2026-09-03T23:15:00Z,Milwaukee Brewers,Chicago Cubs,bovada,Bovada,2026-09-03T05:12:40Z,totals,2026-09-03T05:12:40Z,Over,-120,8.0,2026-09-03T05:14:09.062054+00:00
c3d5e91757e67f6c08706b0970a77f89,2026-09-03T23:15:00Z,Milwaukee Brewers,Chicago Cubs,bovada,Bovada,2026-09-03T05:12:40Z,totals,2026-09-03T05:12:40Z,Under,100,8.0,2026-09-03T05:14:09.062058+00:00
c3d5e91757e67f6c08706b0970a77f89,2026-09-03T23:15:00Z,Milwaukee Brewers,Chicago Cubs,betus,BetUS,2026-09-03T05:13:17Z,h2h,2026-09-03T05:13:17Z,Chicago Cubs,-101,,2026-09-03T05:14:09.062062+00:00
c3d5e91757e67f6c08706b0970a77f89,2026-09-03T23:15:00Z,Milwaukee Brewers,Chicago Cubs,betus,BetUS,2026-09-03T05:13:17Z,h2h,2026-09-03T05:13:17Z,Milwaukee Brewers,-109,,2026-09-03T05:14:09.062065+00:00
c3d5e91757e67f6c08706b0970a77f89,2026-09-03T23:15:00Z,Milwaukee Brewers,Chicago Cubs,betus,BetUS,2026-09-03T05:13:17Z,spreads,2026-09-03T05:13:17Z,Chicago Cubs,-170,1.5,2026-09-03T05:14:09.062069+00:00
c3d5e91757e67f6c08706b0970a77f89,2026-09-03T23:15:00Z,Milwaukee Brewers,Chicago Cubs,betus,BetUS,2026-09-03T05:13:17Z,spreads,2026-09-03T05:13:17Z,Milwaukee Brewers,148,-1.5,2026-09-03T05:14:09.062073+00:00
c3d5e91757e67f6c08706b0970a77f89,2026-09-03T23:15:00Z,Milwaukee Brewers,Chicago Cubs,betus,BetUS,2026-09-03T05:13:17Z,totals,2026-09-03T05:13:17Z,Over,-115,8.0,2026-09-03T05:14:09.062076+00:00
c3d5e91757e67f6c08706b0970a77f89,2026-09-03T23:15:00Z,Milwaukee Brewers,Chicago Cubs,betus,BetUS,2026-09-03T05:13:17Z,totals,2026-09-03T05:13:17Z,Under,-105,8.0,2026-09-03T05:14:09.062080+00:00
c3d5e91757e67f6c08706b0970a77f89,2026-09-03T23:15:00Z,Milwaukee Brewers,Chicago Cubs,betrivers,BetRivers,2026-09-03T05:13:36Z,h2h,2026-09-03T05:13:36Z,Chicago Cubs,-108,,2026-09-03T05:14:09.062084+00:00
c3d5e91757e67f6c08706b0970a77f89,2026-09-03T23:15:00Z,Milwaukee Brewers,Chicago Cubs,betrivers,BetRivers,2026-09-03T05:13:36Z,h2h,2026-09-03T05:13:36Z,Milwaukee Brewers,-110,,2026-09-03T05:14:09.062087+00:00
c3d5e91757e67f6c08706b0970a77f89,2026-09-03T23:15:00Z,Milwaukee Brewers,Chicago Cubs,betrivers,BetRivers,2026-09-03T05:13:36Z,spreads,2026-09-03T05:13:36Z,Chicago Cubs,-182,1.5,2026-09-03T05:14:09.062091+00:00
c3d5e91757e67f6c08706b0970a77f89,2026-09-03T23:15:00Z,Milwaukee Brewers,Chicago Cubs,betrivers,BetRivers,2026-09-03T05:13:36Z,spreads,2026-09-03T05:13:36Z,Milwaukee Brewers,150,-1.5,2026-09-03T05:14:09.062095+00:00
c3d5e91757e67f6c08706b0970a77f89,2026-09-03T23:15:00Z,Milwaukee Brewers,Chicago Cubs,betrivers,BetRivers,2026-09-03T05:13:36Z,totals,2026-09-03T05:13:36Z,Over,-108,8.5,2026-09-03T05:14:09.062098+00:00
c3d5e91757e67f6c08706b0970a77f89,2026-09-03T23:15:00Z,Milwaukee Brewers,Chicago Cubs,betrivers,BetRivers,2026-09-03T05:13:36Z,totals,2026-09-03T05:13:36Z,Under,-113,8.5,2026-09-03T05:14:09.062102+00:00
d64025a75ea543bf8f87ab2a697704d8,2026-09-03T23:40:00Z,Miami Marlins,Kansas City Royals,draftkings,DraftKings,2026-09-03T05:13:36Z,h2h,2026-09-03T05:13:36Z,Kansas City Royals,100,,2026-09-03T05:14:09.062106+00:00
d64025a75ea543bf8f87ab2a697704d8,2026-09-03T23:40:00Z,Miami Marlins,Kansas City Royals,draftkings,DraftKings,2026-09-03T05:13:36Z,h2h,2026-09-03T05:13:36Z,Miami Marlins,-120,,2026-09-03T05:14:09.062110+00:00
d64025a75ea543bf8f87ab2a697704d8,2026-09-03T23:40:00Z,Miami Marlins,Kansas City Royals,draftkings,DraftKings,2026-09-03T05:13:36Z,spreads,2026-09-03T05:13:36Z,Kansas City Royals,-161,1.5,2026-09-03T05:14:09.062113+00:00
d64025a75ea543bf8f87ab2a697704d8,2026-09-03T23:40:00Z,Miami Marlins,Kansas City Royals,draftkings,DraftKings,2026-09-03T05:13:36Z,spreads,2026-09-03T05:13:36Z,Miami Marlins,133,-1.5,2026-09-03T05:14:09.062117+00:00
d64025a75ea543bf8f87ab2a697704d8,2026-09-03T23:40:00Z,Miami Marlins,Kansas City Royals,draftkings,DraftKings,2026-09-03T05:13:36Z,totals,2026-09-03T05:13:36Z,Over,-112,9.0,2026-09-03T05:14:09.062121+00:00
d64025a75ea543bf8f87ab2a697704d8,2026-09-03T23:40:00Z,Miami Marlins,Kansas City Royals,draftkings,DraftKings,2026-09-03T05:13:36Z,totals,2026-09-03T05:13:36Z,Under,-108,9.0,2026-09-03T05:14:09.062124+00:00
d64025a75ea543bf8f87ab2a697704d8,2026-09-03T23:40:00Z,Miami Marlins,Kansas City Royals,betonlineag,BetOnline.ag,2026-09-03T05:13:35Z,h2h,2026-09-03T05:13:35Z,Kansas City Royals,104,,2026-09-03T05:14:09.062128+00:00
d64025a75ea543bf8f87ab2a697704d8,2026-09-03T23:40:00Z,Miami Marlins,Kansas City Royals,betonlineag,BetOnline.ag,2026-09-03T05:13:35Z,h2h,2026-09-03T05:13:35Z,Miami Marlins,-115,,2026-09-03T05:14:09.062132+00:00
d64025a75ea543bf8f87ab2a697704d8,2026-09-03T23:40:00Z,Miami Marlins,Kansas City Royals,betonlineag,BetOnline.ag,2026-09-03T05:13:35Z,spreads,2026-09-03T05:13:35Z,Kansas City Royals,-154,1.5,2026-09-03T05:14:09.062135+00:00
d64025a75ea543bf8f87ab2a697704d8,2026-09-03T23:40:00Z,Miami Marlins,Kansas City Royals,betonlineag,BetOnline.ag,2026-09-03T05:13:35Z,spreads,2026-09-03T05:13:35Z,Miami Marlins,134,-1.5,2026-09-03T05:14:09.062139+00:00
d64025a75ea543bf8f87ab2a697704d8,2026-09-03T23:40:00Z,Miami Marlins,Kansas City Royals,betonlineag,BetOnline.ag,2026-09-03T05:13:35Z,totals,2026-09-03T05:13:35Z,Over,-110,9.0,2026-09-03T05:14:09.062143+00:00
d64025a75ea543bf8f87ab2a697704d8,2026-09-03T23:40:00Z,Miami Marlins,Kansas City Royals,betonlineag,BetOnline.ag,2026-09-03T05:13:35Z,totals,2026-09-03T05:13:35Z,Under,-110,9.0,2026-09-03T05:14:09.062146+00:00
d64025a75ea543bf8f87ab2a697704d8,2026-09-03T23:40:00Z,Miami Marlins,Kansas City Royals,lowvig,LowVig.ag,2026-09-03T05:13:38Z,h2h,2026-09-03T05:13:38Z,Kansas City Royals,104,,2026-09-03T05:14:09.062150+00:00
d64025a75ea543bf8f87ab2a697704d8,2026-09-03T23:40:00Z,Miami Marlins,Kansas City Royals,lowvig,LowVig.ag,2026-09-03T05:13:38Z,h2h,2026-09-03T05:13:38Z,Miami Marlins,-115,,2026-09-03T05:14:09.062154+00:00
d64025a75ea543bf8f87ab2a697704d8,2026-09-03T23:40:00Z,Miami Marlins,Kansas City Royals,lowvig,LowVig.ag,2026-09-03T05:13:38Z,spreads,2026-09-03T05:13:38Z,Kansas City Royals,-153,1.5,2026-09-03T05:14:09.062157+00:00
d64025a75ea543bf8f87ab2a697704d8,2026-09-03T23:40:00Z,Miami Marlins,Kansas City Royals,lowvig,LowVig.ag,2026-09-03T05:13:38Z,spreads,2026-09-03T05:13:38Z,Miami Marlins,135,-1.5,2026-09-03T05:14:09.062161+00:00
d64025a75ea543bf8f87ab2a697704d8,2026-09-03T23:40:00Z,Miami Marlins,Kansas City Royals,lowvig,LowVig.ag,2026-09-03T05:13:38Z,totals,2026-09-03T05:13:38Z,Over,-107,9.0,2026-09-03T05:14:09.062165+00:00
d64025a75ea543bf8f87ab2a697704d8,2026-09-03T23:40:00Z,Miami Marlins,Kansas City Royals,lowvig,LowVig.ag,2026-09-03T05:13:38Z,totals,2026-09-03T05:13:38Z,Under,-107,9.0,2026-09-03T05:14:09.062168+00:00
d64025a75ea543bf8f87ab2a697704d8,2026-09-03T23:40:00Z,Miami Marlins,Kansas City Royals,mybookieag,MyBookie.ag,2026-09-03T05:12:15Z,h2h,2026-09-03T05:12:15Z,Kansas City Royals,101,,2026-09-03T05:14:09.062172+00:00
d64025a75ea543bf8f87ab2a697704d8,2026-09-03T23:40:00Z,Miami Marlins,Kansas City Royals,mybookieag,MyBookie.ag,2026-09-03T05:12:15Z,h2h,2026-09-03T05:12:15Z,Miami Marlins,-118,,2026-09-03T05:14:09.062176+00:00
d64025a75ea543bf8f87ab2a697704d8,2026-09-03T23:40:00Z,Miami Marlins,Kansas City Royals,mybookieag,MyBookie.ag,2026-09-03T05:12:15Z,spreads,2026-09-03T05:12:15Z,Kansas City Royals,-160,1.5,2026-09-03T05:14:09.062179+00:00
d64025a75ea543bf8f87ab2a697704d8,2026-09-03T23:40:00Z,Miami Marlins,Kansas City Royals,mybookieag,MyBookie.ag,2026-09-03T05:12:15Z,spreads,2026-09-03T05:12:15Z,Miami Marlins,136,-1.5,2026-09-03T05:14:09.062183+00:00
d64025a75ea543bf8f87ab2a697704d8,2026-09-03T23:40:00Z,Miami Marlins,Kansas City Royals,mybookieag,MyBookie.ag,2026-09-03T05:12:15Z,totals,2026-09-03T05:12:15Z,Over,-113,9.0,2026-09-03T05:14:09.062187+00:00
d64025a75ea543bf8f87ab2a697704d8,2026-09-03T23:40:00Z,Miami Marlins,Kansas City Royals,mybookieag,MyBookie.ag,2026-09-03T05:12:15Z,totals,2026-09-03T05:12:15Z,Under,-108,9.0,2026-09-03T05:14:09.062190+00:00
d64025a75ea543bf8f87ab2a697704d8,2026-09-03T23:40:00Z,Miami Marlins,Kansas City Royals,fanduel,FanDuel,2026-09-03T05:13:36Z,h2h,2026-09-03T05:13:36Z,Kansas City Royals,-102,,2026-09-03T05:14:09.062194+00:00
d64025a75ea543bf8f87ab2a697704d8,2026-09-03T23:40:00Z,Miami Marlins,Kansas City Royals,fanduel,FanDuel,2026-09-03T05:13:36Z,h2h,2026-09-03T05:13:36Z,Miami Marlins,-116,,2026-09-03T05:14:09.062198+00:00
d64025a75ea543bf8f87ab2a697704d8,2026-09-03T23:40:00Z,Miami Marlins,Kansas City Royals,fanduel,FanDuel,2026-09-03T05:13:36Z,spreads,2026-09-03T05:13:36Z,Kansas City Royals,-170,1.5,2026-09-03T05:14:09.062201+00:00
d64025a75ea543bf8f87ab2a697704d8,2026-09-03T23:40:00Z,Miami Marlins,Kansas City Royals,fanduel,FanDuel,2026-09-03T05:13:36Z,spreads,2026-09-03T05:13:36Z,Miami Marlins,140,-1.5,2026-09-03T05:14:09.062205+00:00
d64025a75ea543bf8f87ab2a697704d8,2026-09-03T23:40:00Z,Miami Marlins,Kansas City Royals,fanduel,FanDuel,2026-09-03T05:13:36Z,totals,2026-09-03T05:13:36Z,Over,-115,9.0,2026-09-03T05:14:09.062209+00:00
d64025a75ea543bf8f87ab2a697704d8,2026-09-03T23:40:00Z,Miami Marlins,Kansas City Royals,fanduel,FanDuel,2026-09-03T05:13:36Z,totals,2026-09-03T05:13:36Z,Under,-105,9.0,2026-09-03T05:14:09.062212+00:00
d64025a75ea543bf8f87ab2a697704d8,2026-09-03T23:40:00Z,Miami Marlins,Kansas City Royals,betmgm,BetMGM,2026-09-03T05:13:16Z,h2h,2026-09-03T05:13:16Z,Kansas City Royals,100,,2026-09-03T05:14:09.062216+00:00
d64025a75ea543bf8f87ab2a697704d8,2026-09-03T23:40:00Z,Miami Marlins,Kansas City Royals,betmgm,BetMGM,2026-09-03T05:13:16Z,h2h,2026-09-03T05:13:16Z,Miami Marlins,-120,,2026-09-03T05:14:09.062220+00:00
d64025a75ea543bf8f87ab2a697704d8,2026-09-03T23:40:00Z,Miami Marlins,Kansas City Royals,betmgm,BetMGM,2026-09-03T05:13:16Z,spreads,2026-09-03T05:13:16Z,Kansas City Royals,-165,1.5,2026-09-03T05:14:09.062223+00:00
d64025a75ea543bf8f87ab2a697704d8,2026-09-03T23:40:00Z,Miami Marlins,Kansas City Royals,betmgm,BetMGM,2026-09-03T05:13:16Z,spreads,2026-09-03T05:13:16Z,Miami Marlins,135,-1.5,2026-09-03T05:14:09.062227+00:00
d64025a75ea543bf8f87ab2a697704d8,2026-09-03T23:40:00Z,Miami Marlins,Kansas City Royals,betmgm,BetMGM,2026-09-03T05:13:16Z,totals,2026-09-03T05:13:16Z,Over,-115,9.0,2026-09-03T05:14:09.062231+00:00
d64025a75ea543bf8f87ab2a697704d8,2026-09-03T23:40:00Z,Miami Marlins,Kansas City Royals,betmgm,BetMGM,2026-09-03T05:13:16Z,totals,2026-09-03T05:13:16Z,Under,-105,9.0,2026-09-03T05:14:09.062234+00:00
d64025a75ea543bf8f87ab2a697704d8,2026-09-03T23:40:00Z,Miami Marlins,Kansas City Royals,bovada,Bovada,2026-09-03T05:12:40Z,h2h,2026-09-03T05:12:40Z,Kansas City Royals,-101,,2026-09-03T05:14:09.062238+00:00
d64025a75ea543bf8f87ab2a697704d8,2026-09-03T23:40:00Z,Miami Marlins,Kansas City Royals,bovada,Bovada,2026-09-03T05:12:40Z,h2h,2026-09-03T05:12:40Z,Miami Marlins,-119,,2026-09-03T05:14:09.062242+00:00
d64025a75ea543bf8f87ab2a697704d8,2026-09-03T23:40:00Z,Miami Marlins,Kansas City Royals,bovada,Bovada,2026-09-03T05:12:40Z,spreads,2026-09-03T05:12:40Z,Kansas City Royals,-160,1.5,2026-09-03T05:14:09.062245+00:00
d64025a75ea543bf8f87ab2a697704d8,2026-09-03T23:40:00Z,Miami Marlins,Kansas City Royals,bovada,Bovada,2026-09-03T05:12:40Z,spreads,2026-09-03T05:12:40Z,Miami Marlins,135,-1.5,2026-09-03T05:14:09.062249+00:00
d64025a75ea543bf8f87ab2a697704d8,2026-09-03T23:40:00Z,Miami Marlins,Kansas City Royals,bovada,Bovada,2026-09-03T05:12:40Z,totals,2026-09-03T05:12:40Z,Over,-110,9.0,2026-09-03T05:14:09.062253+00:00
d64025a75ea543bf8f87ab2a697704d8,2026-09-03T23:40:00Z,Miami Marlins,Kansas City Royals,bovada,Bovada,2026-09-03T05:12:40Z,totals,2026-09-03T05:12:40Z,Under,-110,9.0,2026-09-03T05:14:09.062256+00:00
d64025a75ea543bf8f87ab2a697704d8,2026-09-03T23:40:00Z,Miami Marlins,Kansas City Royals,betus,BetUS,2026-09-03T05:13:17Z,h2h,2026-09-03T05:13:17Z,Kansas City Royals,105,,2026-09-03T05:14:09.062260+00:00
d64025a75ea543bf8f87ab2a697704d8,2026-09-03T23:40:00Z,Miami Marlins,Kansas City Royals,betus,BetUS,2026-09-03T05:13:17Z,h2h,2026-09-03T05:13:17Z,Miami Marlins,-115,,2026-09-03T05:14:09.062264+00:00
d64025a75ea543bf8f87ab2a697704d8,2026-09-03T23:40:00Z,Miami Marlins,Kansas City Royals,betus,BetUS,2026-09-03T05:13:17Z,spreads,2026-09-03T05:13:17Z,Kansas City Royals,-155,1.5,2026-09-03T05:14:09.062267+00:00
d64025a75ea543bf8f87ab2a697704d8,2026-09-03T23:40:00Z,Miami Marlins,Kansas City Royals,betus,BetUS,2026-09-03T05:13:17Z,spreads,2026-09-03T05:13:17Z,Miami Marlins,135,-1.5,2026-09-03T05:14:09.062271+00:00
d64025a75ea543bf8f87ab2a697704d8,2026-09-03T23:40:00Z,Miami Marlins,Kansas City Royals,betus,BetUS,2026-09-03T05:13:17Z,totals,2026-09-03T05:13:17Z,Over,-110,9.0,2026-09-03T05:14:09.062275+00:00
d64025a75ea543bf8f87ab2a697704d8,2026-09-03T23:40:00Z,Miami Marlins,Kansas City Royals,betus,BetUS,2026-09-03T05:13:17Z,totals,2026-09-03T05:13:17Z,Under,-110,9.0,2026-09-03T05:14:09.062279+00:00
d64025a75ea543bf8f87ab2a697704d8,2026-09-03T23:40:00Z,Miami Marlins,Kansas City Royals,betrivers,BetRivers,2026-09-03T05:13:36Z,h2h,2026-09-03T05:13:36Z,Kansas City Royals,-105,,2026-09-03T05:14:09.062282+00:00
d64025a75ea543bf8f87ab2a697704d8,2026-09-03T23:40:00Z,Miami Marlins,Kansas City Royals,betrivers,BetRivers,2026-09-03T05:13:36Z,h2h,2026-09-03T05:13:36Z,Miami Marlins,-114,,2026-09-03T05:14:09.062286+00:00
d64025a75ea543bf8f87ab2a697704d8,2026-09-03T23:40:00Z,Miami Marlins,Kansas City Royals,betrivers,BetRivers,2026-09-03T05:13:36Z,spreads,2026-09-03T05:13:36Z,Kansas City Royals,-175,1.5,2026-09-03T05:14:09.062290+00:00
d64025a75ea543bf8f87ab2a697704d8,2026-09-03T23:40:00Z,Miami Marlins,Kansas City Royals,betrivers,BetRivers,2026-09-03T05:13:36Z,spreads,2026-09-03T05:13:36Z,Miami Marlins,140,-1.5,2026-09-03T05:14:09.062293+00:00
d64025a75ea543bf8f87ab2a697704d8,2026-09-03T23:40:00Z,Miami Marlins,Kansas City Royals,betrivers,BetRivers,2026-09-03T05:13:36Z,totals,2026-09-03T05:13:36Z,Over,-114,9.0,2026-09-03T05:14:09.062297+00:00
d64025a75ea543bf8f87ab2a697704d8,2026-09-03T23:40:00Z,Miami Marlins,Kansas City Royals,betrivers,BetRivers,2026-09-03T05:13:36Z,totals,2026-09-03T05:13:36Z,Under,-125,9.0,2026-09-03T05:14:09.062301+00:00
3ce16b1285f3f868ac4262314873f267,2026-09-04T00:05:00Z,Tampa Bay Rays,Texas Rangers,fanduel,FanDuel,2026-09-03T05:13:36Z,h2h,2026-09-03T05:13:36Z,Tampa Bay Rays,-126,,2026-09-03T05:14:09.062304+00:00
3ce16b1285f3f868ac4262314873f267,2026-09-04T00:05:00Z,Tampa Bay Rays,Texas Rangers,fanduel,FanDuel,2026-09-03T05:13:36Z,h2h,2026-09-03T05:13:36Z,Texas Rangers,108,,2026-09-03T05:14:09.062308+00:00
3ce16b1285f3f868ac4262314873f267,2026-09-04T00:05:00Z,Tampa Bay Rays,Texas Rangers,fanduel,FanDuel,2026-09-03T05:13:36Z,spreads,2026-09-03T05:13:36Z,Tampa Bay Rays,136,-1.5,2026-09-03T05:14:09.062312+00:00
3ce16b1285f3f868ac4262314873f267,2026-09-04T00:05:00Z,Tampa Bay Rays,Texas Rangers,fanduel,FanDuel,2026-09-03T05:13:36Z,spreads,2026-09-03T05:13:36Z,Texas Rangers,-164,1.5,2026-09-03T05:14:09.062315+00:00
3ce16b1285f3f868ac4262314873f267,2026-09-04T00:05:00Z,Tampa Bay Rays,Texas Rangers,fanduel,FanDuel,2026-09-03T05:13:36Z,totals,2026-09-03T05:13:36Z,Over,-120,7.5,2026-09-03T05:14:09.062319+00:00
3ce16b1285f3f868ac4262314873f267,2026-09-04T00:05:00Z,Tampa Bay Rays,Texas Rangers,fanduel,FanDuel,2026-09-03T05:13:36Z,totals,2026-09-03T05:13:36Z,Under,-102,7.5,2026-09-03T05:14:09.062323+00:00
3ce16b1285f3f868ac4262314873f267,2026-09-04T00:05:00Z,Tampa Bay Rays,Texas Rangers,mybookieag,MyBookie.ag,2026-09-03T05:12:15Z,h2h,2026-09-03T05:12:15Z,Tampa Bay Rays,-125,,2026-09-03T05:14:09.062326+00:00
3ce16b1285f3f868ac4262314873f267,2026-09-04T00:05:00Z,Tampa Bay Rays,Texas Rangers,mybookieag,MyBookie.ag,2026-09-03T05:12:15Z,h2h,2026-09-03T05:12:15Z,Texas Rangers,106,,2026-09-03T05:14:09.062330+00:00
3ce16b1285f3f868ac4262314873f267,2026-09-04T00:05:00Z,Tampa Bay Rays,Texas Rangers,mybookieag,MyBookie.ag,2026-09-03T05:12:15Z,spreads,2026-09-03T05:12:15Z,Tampa Bay Rays,134,-1.5,2026-09-03T05:14:09.062334+00:00
3ce16b1285f3f868ac4262314873f267,2026-09-04T00:05:00Z,Tampa Bay Rays,Texas Rangers,mybookieag,MyBookie.ag,2026-09-03T05:12:15Z,spreads,2026-09-03T05:12:15Z,Texas Rangers,-158,1.5,2026-09-03T05:14:09.062337+00:00
3ce16b1285f3f868ac4262314873f267,2026-09-04T00:05:00Z,Tampa Bay Rays,Texas Rangers,mybookieag,MyBookie.ag,2026-09-03T05:12:15Z,totals,2026-09-03T05:12:15Z,Over,-104,8.0,2026-09-03T05:14:09.062341+00:00
3ce16b1285f3f868ac4262314873f267,2026-09-04T00:05:00Z,Tampa Bay Rays,Texas Rangers,mybookieag,MyBookie.ag,2026-09-03T05:12:15Z,totals,2026-09-03T05:12:15Z,Under,-117,8.0,2026-09-03T05:14:09.062345+00:00
3ce16b1285f3f868ac4262314873f267,2026-09-04T00:05:00Z,Tampa Bay Rays,Texas Rangers,bovada,Bovada,2026-09-03T05:12:40Z,h2h,2026-09-03T05:12:40Z,Tampa Bay Rays,-126,,2026-09-03T05:14:09.062348+00:00
3ce16b1285f3f868ac4262314873f267,2026-09-04T00:05:00Z,Tampa Bay Rays,Texas Rangers,bovada,Bovada,2026-09-03T05:12:40Z,h2h,2026-09-03T05:12:40Z,Texas Rangers,106,,2026-09-03T05:14:09.062352+00:00
3ce16b1285f3f868ac4262314873f267,2026-09-04T00:05:00Z,Tampa Bay Rays,Texas Rangers,bovada,Bovada,2026-09-03T05:12:40Z,spreads,2026-09-03T05:12:40Z,Tampa Bay Rays,135,-1.5,2026-09-03T05:14:09.062356+00:00
3ce16b1285f3f868ac4262314873f267,2026-09-04T00:05:00Z,Tampa Bay Rays,Texas Rangers,bovada,Bovada,2026-09-03T05:12:40Z,spreads,2026-09-03T05:12:40Z,Texas Rangers,-160,1.5,2026-09-03T05:14:09.062359+00:00
3ce16b1285f3f868ac4262314873f267,2026-09-04T00:05:00Z,Tampa Bay Rays,Texas Rangers,bovada,Bovada,2026-09-03T05:12:40Z,totals,2026-09-03T05:12:40Z,Over,-105,8.0,2026-09-03T05:14:09.062363+00:00
3ce16b1285f3f868ac4262314873f267,2026-09-04T00:05:00Z,Tampa Bay Rays,Texas Rangers,bovada,Bovada,2026-09-03T05:12:40Z,totals,2026-09-03T05:12:40Z,Under,-115,8.0,2026-09-03T05:14:09.062367+00:00
3ce16b1285f3f868ac4262314873f267,2026-09-04T00:05:00Z,Tampa Bay Rays,Texas Rangers,betmgm,BetMGM,2026-09-03T05:13:16Z,h2h,2026-09-03T05:13:16Z,Tampa Bay Rays,-130,,2026-09-03T05:14:09.062370+00:00
3ce16b1285f3f868ac4262314873f267,2026-09-04T00:05:00Z,Tampa Bay Rays,Texas Rangers,betmgm,BetMGM,2026-09-03T05:13:16Z,h2h,2026-09-03T05:13:16Z,Texas Rangers,105,,2026-09-03T05:14:09.062374+00:00
3ce16b1285f3f868ac4262314873f267,2026-09-04T00:05:00Z,Tampa Bay Rays,Texas Rangers,betmgm,BetMGM,2026-09-03T05:13:16Z,spreads,2026-09-03T05:13:16Z,Tampa Bay Rays,135,-1.5,2026-09-03T05:14:09.062378+00:00
3ce16b1285f3f868ac4262314873f267,2026-09-04T00:05:00Z,Tampa Bay Rays,Texas Rangers,betmgm,BetMGM,2026-09-03T05:13:16Z,spreads,2026-09-03T05:13:16Z,Texas Rangers,-160,1.5,2026-09-03T05:14:09.062381+00:00
3ce16b1285f3f868ac4262314873f267,2026-09-04T00:05:00Z,Tampa Bay Rays,Texas Rangers,betmgm,BetMGM,2026-09-03T05:13:16Z,totals,2026-09-03T05:13:16Z,Over,100,8.0,2026-09-03T05:14:09.062385+00:00
3ce16b1285f3f868ac4262314873f267,2026-09-04T00:05:00Z,Tampa Bay Rays,Texas Rangers,betmgm,BetMGM,2026-09-03T05:13:16Z,totals,2026-09-03T05:13:16Z,Under,-120,8.0,2026-09-03T05:14:09.062389+00:00
3ce16b1285f3f868ac4262314873f267,2026-09-04T00:05:00Z,Tampa Bay Rays,Texas Rangers,draftkings,DraftKings,2026-09-03T05:13:36Z,h2h,2026-09-03T05:13:36Z,Tampa Bay Rays,-126,,2026-09-03T05:14:09.062393+00:00
3ce16b1285f3f868ac4262314873f267,2026-09-04T00:05:00Z,Tampa Bay Rays,Texas Rangers,draftkings,DraftKings,2026-09-03T05:13:36Z,h2h,2026-09-03T05:13:36Z,Texas Rangers,104,,2026-09-03T05:14:09.062396+00:00
3ce16b1285f3f868ac4262314873f267,2026-09-04T00:05:00Z,Tampa Bay Rays,Texas Rangers,draftkings,DraftKings,2026-09-03T05:13:36Z,spreads,2026-09-03T05:13:36Z,Tampa Bay Rays,135,-1.5,2026-09-03T05:14:09.062400+00:00
3ce16b1285f3f868ac4262314873f267,2026-09-04T00:05:00Z,Tampa Bay Rays,Texas Rangers,draftkings,DraftKings,2026-09-03T05:13:36Z,spreads,2026-09-03T05:13:36Z,Texas Rangers,-163,1.5,2026-09-03T05:14:09.062404+00:00
3ce16b1285f3f868ac4262314873f267,2026-09-04T00:05:00Z,Tampa Bay Rays,Texas Rangers,draftkings,DraftKings,2026-09-03T05:13:36Z,totals,2026-09-03T05:13:36Z,Over,-103,8.0,2026-09-03T05:14:09.062407+00:00
3ce16b1285f3f868ac4262314873f267,2026-09-04T00:05:00Z,Tampa Bay Rays,Texas Rangers,draftkings,DraftKings,2026-09-03T05:13:36Z,totals,2026-09-03T05:13:36Z,Under,-117,8.0,2026-09-03T05:14:09.062411+00:00
3ce16b1285f3f868ac4262314873f267,2026-09-04T00:05:00Z,Tampa Bay Rays,Texas Rangers,betonlineag,BetOnline.ag,2026-09-03T05:13:35Z,h2h,2026-09-03T05:13:35Z,Tampa Bay Rays,-122,,2026-09-03T05:14:09.062415+00:00
3ce16b1285f3f868ac4262314873f267,2026-09-04T00:05:00Z,Tampa Bay Rays,Texas Rangers,betonlineag,BetOnline.ag,2026-09-03T05:13:35Z,h2h,2026-09-03T05:13:35Z,Texas Rangers,111,,2026-09-03T05:14:09.062418+00:00
3ce16b1285f3f868ac4262314873f267,2026-09-04T00:05:00Z,Tampa Bay Rays,Texas Rangers,betonlineag,BetOnline.ag,2026-09-03T05:13:35Z,spreads,2026-09-03T05:13:35Z,Tampa Bay Rays,137,-1.5,2026-09-03T05:14:09.062422+00:00
3ce16b1285f3f868ac4262314873f267,2026-09-04T00:05:00Z,Tampa Bay Rays,Texas Rangers,betonlineag,BetOnline.ag,2026-09-03T05:13:35Z,spreads,2026-09-03T05:13:35Z,Texas Rangers,-157,1.5,2026-09-03T05:14:09.062426+00:00
3ce16b1285f3f868ac4262314873f267,2026-09-04T00:05:00Z,Tampa Bay Rays,Texas Rangers,betonlineag,BetOnline.ag,2026-09-03T05:13:35Z,totals,2026-09-03T05:13:35Z,Over,-120,7.5,2026-09-03T05:14:09.062429+00:00
3ce16b1285f3f868ac4262314873f267,2026-09-04T00:05:00Z,Tampa Bay Rays,Texas Rangers,betonlineag,BetOnline.ag,2026-09-03T05:13:35Z,totals,2026-09-03T05:13:35Z,Under,100,7.5,2026-09-03T05:14:09.062433+00:00
3ce16b1285f3f868ac4262314873f267,2026-09-04T00:05:00Z,Tampa Bay Rays,Texas Rangers,betrivers,BetRivers,2026-09-03T05:13:36Z,h2h,2026-09-03T05:13:36Z,Tampa Bay Rays,-122,,2026-09-03T05:14:09.062437+00:00
3ce16b1285f3f868ac4262314873f267,2026-09-04T00:05:00Z,Tampa Bay Rays,Texas Rangers,betrivers,BetRivers,2026-09-03T05:13:36Z,h2h,2026-09-03T05:13:36Z,Texas Rangers,102,,2026-09-03T05:14:09.062440+00:00
3ce16b1285f3f868ac4262314873f267,2026-09-04T00:05:00Z,Tampa Bay Rays,Texas Rangers,betrivers,BetRivers,2026-09-03T05:13:36Z,spreads,2026-09-03T05:13:36Z,Tampa Bay Rays,135,-1.5,2026-09-03T05:14:09.062444+00:00
3ce16b1285f3f868ac4262314873f267,2026-09-04T00:05:00Z,Tampa Bay Rays,Texas Rangers,betrivers,BetRivers,2026-09-03T05:13:36Z,spreads,2026-09-03T05:13:36Z,Texas Rangers,-167,1.5,2026-09-03T05:14:09.062448+00:00
3ce16b1285f3f868ac4262314873f267,2026-09-04T00:05:00Z,Tampa Bay Rays,Texas Rangers,betrivers,BetRivers,2026-09-03T05:13:36Z,totals,2026-09-03T05:13:36Z,Over,-114,7.5,2026-09-03T05:14:09.062451+00:00
3ce16b1285f3f868ac4262314873f267,2026-09-04T00:05:00Z,Tampa Bay Rays,Texas Rangers,betrivers,BetRivers,2026-09-03T05:13:36Z,totals,2026-09-03T05:13:36Z,Under,-107,7.5,2026-09-03T05:14:09.062455+00:00
3ce16b1285f3f868ac4262314873f267,2026-09-04T00:05:00Z,Tampa Bay Rays,Texas Rangers,lowvig,LowVig.ag,2026-09-03T05:13:38Z,h2h,2026-09-03T05:13:38Z,Tampa Bay Rays,-122,,2026-09-03T05:14:09.062459+00:00
3ce16b1285f3f868ac4262314873f267,2026-09-04T00:05:00Z,Tampa Bay Rays,Texas Rangers,lowvig,LowVig.ag,2026-09-03T05:13:38Z,h2h,2026-09-03T05:13:38Z,Texas Rangers,111,,2026-09-03T05:14:09.062462+00:00
3ce16b1285f3f868ac4262314873f267,2026-09-04T00:05:00Z,Tampa Bay Rays,Texas Rangers,lowvig,LowVig.ag,2026-09-03T05:13:38Z,spreads,2026-09-03T05:13:38Z,Tampa Bay Rays,138,-1.5,2026-09-03T05:14:09.062466+00:00
3ce16b1285f3f868ac4262314873f267,2026-09-04T00:05:00Z,Tampa Bay Rays,Texas Rangers,lowvig,LowVig.ag,2026-09-03T05:13:38Z,spreads,2026-09-03T05:13:38Z,Texas Rangers,-156,1.5,2026-09-03T05:14:09.062470+00:00
3ce16b1285f3f868ac4262314873f267,2026-09-04T00:05:00Z,Tampa Bay Rays,Texas Rangers,lowvig,LowVig.ag,2026-09-03T05:13:38Z,totals,2026-09-03T05:13:38Z,Over,-118,7.5,2026-09-03T05:14:09.062473+00:00
3ce16b1285f3f868ac4262314873f267,2026-09-04T00:05:00Z,Tampa Bay Rays,Texas Rangers,lowvig,LowVig.ag,2026-09-03T05:13:38Z,totals,2026-09-03T05:13:38Z,Under,103,7.5,2026-09-03T05:14:09.062477+00:00
3ce16b1285f3f868ac4262314873f267,2026-09-04T00:05:00Z,Tampa Bay Rays,Texas Rangers,betus,BetUS,2026-09-03T05:13:17Z,h2h,2026-09-03T05:13:17Z,Tampa Bay Rays,-122,,2026-09-03T05:14:09.062481+00:00
3ce16b1285f3f868ac4262314873f267,2026-09-04T00:05:00Z,Tampa Bay Rays,Texas Rangers,betus,BetUS,2026-09-03T05:13:17Z,h2h,2026-09-03T05:13:17Z,Texas Rangers,111,,2026-09-03T05:14:09.062484+00:00
3ce16b1285f3f868ac4262314873f267,2026-09-04T00:05:00Z,Tampa Bay Rays,Texas Rangers,betus,BetUS,2026-09-03T05:13:17Z,spreads,2026-09-03T05:13:17Z,Tampa Bay Rays,135,-1.5,2026-09-03T05:14:09.062488+00:00
3ce16b1285f3f868ac4262314873f267,2026-09-04T00:05:00Z,Tampa Bay Rays,Texas Rangers,betus,BetUS,2026-09-03T05:13:17Z,spreads,2026-09-03T05:13:17Z,Texas Rangers,-155,1.5,2026-09-03T05:14:09.062506+00:00
3ce16b1285f3f868ac4262314873f267,2026-09-04T00:05:00Z,Tampa Bay Rays,Texas Rangers,betus,BetUS,2026-09-03T05:13:17Z,totals,2026-09-03T05:13:17Z,Over,-120,7.5,2026-09-03T05:14:09.062511+00:00
3ce16b1285f3f868ac4262314873f267,2026-09-04T00:05:00Z,Tampa Bay Rays,Texas Rangers,betus,BetUS,2026-09-03T05:13:17Z,totals,2026-09-03T05:13:17Z,Under,100,7.5,2026-09-03T05:14:09.062515+00:00
9218b403d53014d099eb5bec35ae957c,2026-09-04T01:40:00Z,Athletics,Seattle Mariners,fanduel,FanDuel,2026-09-03T05:13:36Z,h2h,2026-09-03T05:13:36Z,Athletics,176,,2026-09-03T05:14:09.062518+00:00
9218b403d53014d099eb5bec35ae957c,2026-09-04T01:40:00Z,Athletics,Seattle Mariners,fanduel,FanDuel,2026-09-03T05:13:36Z,h2h,2026-09-03T05:13:36Z,Seattle Mariners,-210,,2026-09-03T05:14:09.062522+00:00
9218b403d53014d099eb5bec35ae957c,2026-09-04T01:40:00Z,Athletics,Seattle Mariners,fanduel,FanDuel,2026-09-03T05:13:36Z,spreads,2026-09-03T05:13:36Z,Athletics,-132,1.5,2026-09-03T05:14:09.062526+00:00
9218b403d53014d099eb5bec35ae957c,2026-09-04T01:40:00Z,Athletics,Seattle Mariners,fanduel,FanDuel,2026-09-03T05:13:36Z,spreads,2026-09-03T05:13:36Z,Seattle Mariners,110,-1.5,2026-09-03T05:14:09.062529+00:00
9218b403d53014d099eb5bec35ae957c,2026-09-04T01:40:00Z,Athletics,Seattle Mariners,fanduel,FanDuel,2026-09-03T05:13:36Z,totals,2026-09-03T05:13:36Z,Over,-105,7.5,2026-09-03T05:14:09.062533+00:00
9218b403d53014d099eb5bec35ae957c,2026-09-04T01:40:00Z,Athletics,Seattle Mariners,fanduel,FanDuel,2026-09-03T05:13:36Z,totals,2026-09-03T05:13:36Z,Under,-115,7.5,2026-09-03T05:14:09.062537+00:00
9218b403d53014d099eb5bec35ae957c,2026-09-04T01:40:00Z,Athletics,Seattle Mariners,mybookieag,MyBookie.ag,2026-09-03T05:12:15Z,h2h,2026-09-03T05:12:15Z,Athletics,167,,2026-09-03T05:14:09.062540+00:00
9218b403d53014d099eb5bec35ae957c,2026-09-04T01:40:00Z,Athletics,Seattle Mariners,mybookieag,MyBookie.ag,2026-09-03T05:12:15Z,h2h,2026-09-03T05:12:15Z,Seattle Mariners,-199,,2026-09-03T05:14:09.062544+00:00
9218b403d53014d099eb5bec35ae957c,2026-09-04T01:40:00Z,Athletics,Seattle Mariners,mybookieag,MyBookie.ag,2026-09-03T05:12:15Z,spreads,2026-09-03T05:12:15Z,Athletics,-133,1.5,2026-09-03T05:14:09.062547+00:00
9218b403d53014d099eb5bec35ae957c,2026-09-04T01:40:00Z,Athletics,Seattle Mariners,mybookieag,MyBookie.ag,2026-09-03T05:12:15Z,spreads,2026-09-03T05:12:15Z,Seattle Mariners,113,-1.5,2026-09-03T05:14:09.062551+00:00
9218b403d53014d099eb5bec35ae957c,2026-09-04T01:40:00Z,Athletics,Seattle Mariners,mybookieag,MyBookie.ag,2026-09-03T05:12:15Z,totals,2026-09-03T05:12:15Z,Over,-105,7.5,2026-09-03T05:14:09.062555+00:00
9218b403d53014d099eb5bec35ae957c,2026-09-04T01:40:00Z,Athletics,Seattle Mariners,mybookieag,MyBookie.ag,2026-09-03T05:12:15Z,totals,2026-09-03T05:12:15Z,Under,-116,7.5,2026-09-03T05:14:09.062558+00:00
9218b403d53014d099eb5bec35ae957c,2026-09-04T01:40:00Z,Athletics,Seattle Mariners,betonlineag,BetOnline.ag,2026-09-03T05:13:35Z,h2h,2026-09-03T05:13:35Z,Athletics,171,,2026-09-03T05:14:09.062562+00:00
9218b403d53014d099eb5bec35ae957c,2026-09-04T01:40:00Z,Athletics,Seattle Mariners,betonlineag,BetOnline.ag,2026-09-03T05:13:35Z,h2h,2026-09-03T05:13:35Z,Seattle Mariners,-190,,2026-09-03T05:14:09.062566+00:00
9218b403d53014d099eb5bec35ae957c,2026-09-04T01:40:00Z,Athletics,Seattle Mariners,betonlineag,BetOnline.ag,2026-09-03T05:13:35Z,spreads,2026-09-03T05:13:35Z,Athletics,-130,1.5,2026-09-03T05:14:09.062569+00:00
9218b403d53014d099eb5bec35ae957c,2026-09-04T01:40:00Z,Athletics,Seattle Mariners,betonlineag,BetOnline.ag,2026-09-03T05:13:35Z,spreads,2026-09-03T05:13:35Z,Seattle Mariners,110,-1.5,2026-09-03T05:14:09.062573+00:00
9218b403d53014d099eb5bec35ae957c,2026-09-04T01:40:00Z,Athletics,Seattle Mariners,betonlineag,BetOnline.ag,2026-09-03T05:13:35Z,totals,2026-09-03T05:13:35Z,Over,-105,7.5,2026-09-03T05:14:09.062576+00:00
9218b403d53014d099eb5bec35ae957c,2026-09-04T01:40:00Z,Athletics,Seattle Mariners,betonlineag,BetOnline.ag,2026-09-03T05:13:35Z,totals,2026-09-03T05:13:35Z,Under,-115,7.5,2026-09-03T05:14:09.062580+00:00
9218b403d53014d099eb5bec35ae957c,2026-09-04T01:40:00Z,Athletics,Seattle Mariners,lowvig,LowVig.ag,2026-09-03T05:13:38Z,h2h,2026-09-03T05:13:38Z,Athletics,171,,2026-09-03T05:14:09.062584+00:00
9218b403d53014d099eb5bec35ae957c,2026-09-04T01:40:00Z,Athletics,Seattle Mariners,lowvig,LowVig.ag,2026-09-03T05:13:38Z,h2h,2026-09-03T05:13:38Z,Seattle Mariners,-190,,2026-09-03T05:14:09.062587+00:00
9218b403d53014d099eb5bec35ae957c,2026-09-04T01:40:00Z,Athletics,Seattle Mariners,lowvig,LowVig.ag,2026-09-03T05:13:38Z,spreads,2026-09-03T05:13:38Z,Athletics,-128,1.5,2026-09-03T05:14:09.062591+00:00
9218b403d53014d099eb5bec35ae957c,2026-09-04T01:40:00Z,Athletics,Seattle Mariners,lowvig,LowVig.ag,2026-09-03T05:13:38Z,spreads,2026-09-03T05:13:38Z,Seattle Mariners,113,-1.5,2026-09-03T05:14:09.062594+00:00
9218b403d53014d099eb5bec35ae957c,2026-09-04T01:40:00Z,Athletics,Seattle Mariners,lowvig,LowVig.ag,2026-09-03T05:13:38Z,totals,2026-09-03T05:13:38Z,Over,-102,7.5,2026-09-03T05:14:09.062598+00:00
9218b403d53014d099eb5bec35ae957c,2026-09-04T01:40:00Z,Athletics,Seattle Mariners,lowvig,LowVig.ag,2026-09-03T05:13:38Z,totals,2026-09-03T05:13:38Z,Under,-113,7.5,2026-09-03T05:14:09.062602+00:00
9218b403d53014d099eb5bec35ae957c,2026-09-04T01:40:00Z,Athletics,Seattle Mariners,bovada,Bovada,2026-09-03T05:12:40Z,h2h,2026-09-03T05:12:40Z,Athletics,168,,2026-09-03T05:14:09.062605+00:00
9218b403d53014d099eb5bec35ae957c,2026-09-04T01:40:00Z,Athletics,Seattle Mariners,bovada,Bovada,2026-09-03T05:12:40Z,h2h,2026-09-03T05:12:40Z,Seattle Mariners,-206,,2026-09-03T05:14:09.062609+00:00
9218b403d53014d099eb5bec35ae957c,2026-09-04T01:40:00Z,Athletics,Seattle Mariners,bovada,Bovada,2026-09-03T05:12:40Z,spreads,2026-09-03T05:12:40Z,Athletics,-130,1.5,2026-09-03T05:14:09.062613+00:00
9218b403d53014d099eb5bec35ae957c,2026-09-04T01:40:00Z,Athletics,Seattle Mariners,bovada,Bovada,2026-09-03T05:12:40Z,spreads,2026-09-03T05:12:40Z,Seattle Mariners,110,-1.5,2026-09-03T05:14:09.062616+00:00
9218b403d53014d099eb5bec35ae957c,2026-09-04T01:40:00Z,Athletics,Seattle Mariners,bovada,Bovada,2026-09-03T05:12:40Z,totals,2026-09-03T05:12:40Z,Over,-105,7.5,2026-09-03T05:14:09.062620+00:00
9218b403d53014d099eb5bec35ae957c,2026-09-04T01:40:00Z,Athletics,Seattle Mariners,bovada,Bovada,2026-09-03T05:12:40Z,totals,2026-09-03T05:12:40Z,Under,-115,7.5,2026-09-03T05:14:09.062623+00:00
9218b403d53014d099eb5bec35ae957c,2026-09-04T01:40:00Z,Athletics,Seattle Mariners,betus,BetUS,2026-09-03T05:13:17Z,h2h,2026-09-03T05:13:17Z,Athletics,166,,2026-09-03T05:14:09.062627+00:00
9218b403d53014d099eb5bec35ae957c,2026-09-04T01:40:00Z,Athletics,Seattle Mariners,betus,BetUS,2026-09-03T05:13:17Z,h2h,2026-09-03T05:13:17Z,Seattle Mariners,-190,,2026-09-03T05:14:09.062631+00:00
9218b403d53014d099eb5bec35ae957c,2026-09-04T01:40:00Z,Athletics,Seattle Mariners,betus,BetUS,2026-09-03T05:13:17Z,spreads,2026-09-03T05:13:17Z,Athletics,-130,1.5,2026-09-03T05:14:09.062635+00:00
9218b403d53014d099eb5bec35ae957c,2026-09-04T01:40:00Z,Athletics,Seattle Mariners,betus,BetUS,2026-09-03T05:13:17Z,spreads,2026-09-03T05:13:17Z,Seattle Mariners,110,-1.5,2026-09-03T05:14:09.062638+00:00
9218b403d53014d099eb5bec35ae957c,2026-09-04T01:40:00Z,Athletics,Seattle Mariners,betus,BetUS,2026-09-03T05:13:17Z,totals,2026-09-03T05:13:17Z,Over,-105,7.5,2026-09-03T05:14:09.062642+00:00
9218b403d53014d099eb5bec35ae957c,2026-09-04T01:40:00Z,Athletics,Seattle Mariners,betus,BetUS,2026-09-03T05:13:17Z,totals,2026-09-03T05:13:17Z,Under,-115,7.5,2026-09-03T05:14:09.062645+00:00
9218b403d53014d099eb5bec35ae957c,2026-09-04T01:40:00Z,Athletics,Seattle Mariners,draftkings,DraftKings,2026-09-03T05:13:36Z,h2h,2026-09-03T05:13:36Z,Athletics,169,,2026-09-03T05:14:09.062649+00:00
9218b403d53014d099eb5bec35ae957c,2026-09-04T01:40:00Z,Athletics,Seattle Mariners,draftkings,DraftKings,2026-09-03T05:13:36Z,h2h,2026-09-03T05:13:36Z,Seattle Mariners,-207,,2026-09-03T05:14:09.062653+00:00
9218b403d53014d099eb5bec35ae957c,2026-09-04T01:40:00Z,Athletics,Seattle Mariners,draftkings,DraftKings,2026-09-03T05:13:36Z,spreads,2026-09-03T05:13:36Z,Athletics,-131,1.5,2026-09-03T05:14:09.062656+00:00
9218b403d53014d099eb5bec35ae957c,2026-09-04T01:40:00Z,Athletics,Seattle Mariners,draftkings,DraftKings,2026-09-03T05:13:36Z,spreads,2026-09-03T05:13:36Z,Seattle Mariners,109,-1.5,2026-09-03T05:14:09.062660+00:00
9218b403d53014d099eb5bec35ae957c,2026-09-04T01:40:00Z,Athletics,Seattle Mariners,draftkings,DraftKings,2026-09-03T05:13:36Z,totals,2026-09-03T05:13:36Z,Over,-105,7.5,2026-09-03T05:14:09.062664+00:00
9218b403d53014d099eb5bec35ae957c,2026-09-04T01:40:00Z,Athletics,Seattle Mariners,draftkings,DraftKings,2026-09-03T05:13:36Z,totals,2026-09-03T05:13:36Z,Under,-115,7.5,2026-09-03T05:14:09.062667+00:00
9218b403d53014d099eb5bec35ae957c,2026-09-04T01:40:00Z,Athletics,Seattle Mariners,betmgm,BetMGM,2026-09-03T05:13:16Z,h2h,2026-09-03T05:13:16Z,Athletics,170,,2026-09-03T05:14:09.062671+00:00
9218b403d53014d099eb5bec35ae957c,2026-09-04T01:40:00Z,Athletics,Seattle Mariners,betmgm,BetMGM,2026-09-03T05:13:16Z,h2h,2026-09-03T05:13:16Z,Seattle Mariners,-210,,2026-09-03T05:14:09.062674+00:00
9218b403d53014d099eb5bec35ae957c,2026-09-04T01:40:00Z,Athletics,Seattle Mariners,betmgm,BetMGM,2026-09-03T05:13:16Z,spreads,2026-09-03T05:13:16Z,Athletics,-135,1.5,2026-09-03T05:14:09.062678+00:00
9218b403d53014d099eb5bec35ae957c,2026-09-04T01:40:00Z,Athletics,Seattle Mariners,betmgm,BetMGM,2026-09-03T05:13:16Z,spreads,2026-09-03T05:13:16Z,Seattle Mariners,110,-1.5,2026-09-03T05:14:09.062682+00:00
9218b403d53014d099eb5bec35ae957c,2026-09-04T01:40:00Z,Athletics,Seattle Mariners,betmgm,BetMGM,2026-09-03T05:13:16Z,totals,2026-09-03T05:13:16Z,Over,-105,7.5,2026-09-03T05:14:09.062685+00:00
9218b403d53014d099eb5bec35ae957c,2026-09-04T01:40:00Z,Athletics,Seattle Mariners,betmgm,BetMGM,2026-09-03T05:13:16Z,totals,2026-09-03T05:13:16Z,Under,-115,7.5,2026-09-03T05:14:09.062689+00:00
9218b403d53014d099eb5bec35ae957c,2026-09-04T01:40:00Z,Athletics,Seattle Mariners,betrivers,BetRivers,2026-09-03T05:13:36Z,h2h,2026-09-03T05:13:36Z,Athletics,175,,2026-09-03T05:14:09.062693+00:00
9218b403d53014d099eb5bec35ae957c,2026-09-04T01:40:00Z,Athletics,Seattle Mariners,betrivers,BetRivers,2026-09-03T05:13:36Z,h2h,2026-09-03T05:13:36Z,Seattle Mariners,-210,,2026-09-03T05:14:09.062696+00:00
9218b403d53014d099eb5bec35ae957c,2026-09-04T01:40:00Z,Athletics,Seattle Mariners,betrivers,BetRivers,2026-09-03T05:13:36Z,spreads,2026-09-03T05:13:36Z,Athletics,-130,1.5,2026-09-03T05:14:09.062700+00:00
9218b403d53014d099eb5bec35ae957c,2026-09-04T01:40:00Z,Athletics,Seattle Mariners,betrivers,BetRivers,2026-09-03T05:13:36Z,spreads,2026-09-03T05:13:36Z,Seattle Mariners,108,-1.5,2026-09-03T05:14:09.062703+00:00
9218b403d53014d099eb5bec35ae957c,2026-09-04T01:40:00Z,Athletics,Seattle Mariners,betrivers,BetRivers,2026-09-03T05:13:36Z,totals,2026-09-03T05:13:36Z,Over,-105,7.5,2026-09-03T05:14:09.062707+00:00
9218b403d53014d099eb5bec35ae957c,2026-09-04T01:40:00Z,Athletics,Seattle Mariners,betrivers,BetRivers,2026-09-03T05:13:36Z,totals,2026-09-03T05:13:36Z,Under,-117,7.5,2026-09-03T05:14:09.062711+00:00
a7447a61565d33b1dcfb229c623b45cb,2026-09-04T02:10:00Z,St. Louis Cardinals,Los Angeles Dodgers,draftkings,DraftKings,2026-09-03T05:13:36Z,h2h,2026-09-03T05:13:36Z,Los Angeles Dodgers,-311,,2026-09-03T05:14:09.062714+00:00
a7447a61565d33b1dcfb229c623b45cb,2026-09-04T02:10:00Z,St. Louis Cardinals,Los Angeles Dodgers,draftkings,DraftKings,2026-09-03T05:13:36Z,h2h,2026-09-03T05:13:36Z,St. Louis Cardinals,246,,2026-09-03T05:14:09.062718+00:00
a7447a61565d33b1dcfb229c623b45cb,2026-09-04T02:10:00Z,St. Louis Cardinals,Los Angeles Dodgers,draftkings,DraftKings,2026-09-03T05:13:36Z,spreads,2026-09-03T05:13:36Z,Los Angeles Dodgers,-132,-1.5,2026-09-03T05:14:09.062722+00:00
a7447a61565d33b1dcfb229c623b45cb,2026-09-04T02:10:00Z,St. Louis Cardinals,Los Angeles Dodgers,draftkings,DraftKings,2026-09-03T05:13:36Z,spreads,2026-09-03T05:13:36Z,St. Louis Cardinals,110,1.5,2026-09-03T05:14:09.062725+00:00
a7447a61565d33b1dcfb229c623b45cb,2026-09-04T02:10:00Z,St. Louis Cardinals,Los Angeles Dodgers,draftkings,DraftKings,2026-09-03T05:13:36Z,totals,2026-09-03T05:13:36Z,Over,-119,7.5,2026-09-03T05:14:09.062729+00:00
a7447a61565d33b1dcfb229c623b45cb,2026-09-04T02:10:00Z,St. Louis Cardinals,Los Angeles Dodgers,draftkings,DraftKings,2026-09-03T05:13:36Z,totals,2026-09-03T05:13:36Z,Under,-101,7.5,2026-09-03T05:14:09.062732+00:00
a7447a61565d33b1dcfb229c623b45cb,2026-09-04T02:10:00Z,St. Louis Cardinals,Los Angeles Dodgers,betonlineag,BetOnline.ag,2026-09-03T05:13:35Z,h2h,2026-09-03T05:13:35Z,Los Angeles Dodgers,-294,,2026-09-03T05:14:09.062736+00:00
a7447a61565d33b1dcfb229c623b45cb,2026-09-04T02:10:00Z,St. Louis Cardinals,Los Angeles Dodgers,betonlineag,BetOnline.ag,2026-09-03T05:13:35Z,h2h,2026-09-03T05:13:35Z,St. Louis Cardinals,260,,2026-09-03T05:14:09.062740+00:00
a7447a61565d33b1dcfb229c623b45cb,2026-09-04T02:10:00Z,St. Louis Cardinals,Los Angeles Dodgers,betonlineag,BetOnline.ag,2026-09-03T05:13:35Z,spreads,2026-09-03T05:13:35Z,Los Angeles Dodgers,-133,-1.5,2026-09-03T05:14:09.062743+00:00
a7447a61565d33b1dcfb229c623b45cb,2026-09-04T02:10:00Z,St. Louis Cardinals,Los Angeles Dodgers,betonlineag,BetOnline.ag,2026-09-03T05:13:35Z,spreads,2026-09-03T05:13:35Z,St. Louis Cardinals,113,1.5,2026-09-03T05:14:09.062747+00:00
a7447a61565d33b1dcfb229c623b45cb,2026-09-04T02:10:00Z,St. Louis Cardinals,Los Angeles Dodgers,betonlineag,BetOnline.ag,2026-09-03T05:13:35Z,totals,2026-09-03T05:13:35Z,Over,-117,7.5,2026-09-03T05:14:09.062750+00:00
a7447a61565d33b1dcfb229c623b45cb,2026-09-04T02:10:00Z,St. Louis Cardinals,Los Angeles Dodgers,betonlineag,BetOnline.ag,2026-09-03T05:13:35Z,totals,2026-09-03T05:13:35Z,Under,-103,7.5,2026-09-03T05:14:09.062754+00:00
a7447a61565d33b1dcfb229c623b45cb,2026-09-04T02:10:00Z,St. Louis Cardinals,Los Angeles Dodgers,lowvig,LowVig.ag,2026-09-03T05:13:38Z,h2h,2026-09-03T05:13:38Z,Los Angeles Dodgers,-294,,2026-09-03T05:14:09.062758+00:00
a7447a61565d33b1dcfb229c623b45cb,2026-09-04T02:10:00Z,St. Louis Cardinals,Los Angeles Dodgers,lowvig,LowVig.ag,2026-09-03T05:13:38Z,h2h,2026-09-03T05:13:38Z,St. Louis Cardinals,260,,2026-09-03T05:14:09.062761+00:00
a7447a61565d33b1dcfb229c623b45cb,2026-09-04T02:10:00Z,St. Louis Cardinals,Los Angeles Dodgers,lowvig,LowVig.ag,2026-09-03T05:13:38Z,spreads,2026-09-03T05:13:38Z,Los Angeles Dodgers,-131,-1.5,2026-09-03T05:14:09.062765+00:00
a7447a61565d33b1dcfb229c623b45cb,2026-09-04T02:10:00Z,St. Louis Cardinals,Los Angeles Dodgers,lowvig,LowVig.ag,2026-09-03T05:13:38Z,spreads,2026-09-03T05:13:38Z,St. Louis Cardinals,116,1.5,2026-09-03T05:14:09.062769+00:00
a7447a61565d33b1dcfb229c623b45cb,2026-09-04T02:10:00Z,St. Louis Cardinals,Los Angeles Dodgers,lowvig,LowVig.ag,2026-09-03T05:13:38Z,totals,2026-09-03T05:13:38Z,Over,-115,7.5,2026-09-03T05:14:09.062772+00:00
a7447a61565d33b1dcfb229c623b45cb,2026-09-04T02:10:00Z,St. Louis Cardinals,Los Angeles Dodgers,lowvig,LowVig.ag,2026-09-03T05:13:38Z,totals,2026-09-03T05:13:38Z,Under,100,7.5,2026-09-03T05:14:09.062776+00:00
a7447a61565d33b1dcfb229c623b45cb,2026-09-04T02:10:00Z,St. Louis Cardinals,Los Angeles Dodgers,mybookieag,MyBookie.ag,2026-09-03T05:12:15Z,h2h,2026-09-03T05:12:15Z,Los Angeles Dodgers,-285,,2026-09-03T05:14:09.062779+00:00
a7447a61565d33b1dcfb229c623b45cb,2026-09-04T02:10:00Z,St. Louis Cardinals,Los Angeles Dodgers,mybookieag,MyBookie.ag,2026-09-03T05:12:15Z,h2h,2026-09-03T05:12:15Z,St. Louis Cardinals,232,,2026-09-03T05:14:09.062783+00:00
a7447a61565d33b1dcfb229c623b45cb,2026-09-04T02:10:00Z,St. Louis Cardinals,Los Angeles Dodgers,mybookieag,MyBookie.ag,2026-09-03T05:12:15Z,spreads,2026-09-03T05:12:15Z,Los Angeles Dodgers,-132,-1.5,2026-09-03T05:14:09.062787+00:00
a7447a61565d33b1dcfb229c623b45cb,2026-09-04T02:10:00Z,St. Louis Cardinals,Los Angeles Dodgers,mybookieag,MyBookie.ag,2026-09-03T05:12:15Z,spreads,2026-09-03T05:12:15Z,St. Louis Cardinals,113,1.5,2026-09-03T05:14:09.062790+00:00
a7447a61565d33b1dcfb229c623b45cb,2026-09-04T02:10:00Z,St. Louis Cardinals,Los Angeles Dodgers,mybookieag,MyBookie.ag,2026-09-03T05:12:15Z,totals,2026-09-03T05:12:15Z,Over,-118,7.5,2026-09-03T05:14:09.062794+00:00
a7447a61565d33b1dcfb229c623b45cb,2026-09-04T02:10:00Z,St. Louis Cardinals,Los Angeles Dodgers,mybookieag,MyBookie.ag,2026-09-03T05:12:15Z,totals,2026-09-03T05:12:15Z,Under,-104,7.5,2026-09-03T05:14:09.062797+00:00
a7447a61565d33b1dcfb229c623b45cb,2026-09-04T02:10:00Z,St. Louis Cardinals,Los Angeles Dodgers,betmgm,BetMGM,2026-09-03T05:13:16Z,h2h,2026-09-03T05:13:16Z,Los Angeles Dodgers,-285,,2026-09-03T05:14:09.062801+00:00
a7447a61565d33b1dcfb229c623b45cb,2026-09-04T02:10:00Z,St. Louis Cardinals,Los Angeles Dodgers,betmgm,BetMGM,2026-09-03T05:13:16Z,h2h,2026-09-03T05:13:16Z,St. Louis Cardinals,225,,2026-09-03T05:14:09.062805+00:00
a7447a61565d33b1dcfb229c623b45cb,2026-09-04T02:10:00Z,St. Louis Cardinals,Los Angeles Dodgers,betmgm,BetMGM,2026-09-03T05:13:16Z,spreads,2026-09-03T05:13:16Z,Los Angeles Dodgers,-130,-1.5,2026-09-03T05:14:09.062808+00:00
a7447a61565d33b1dcfb229c623b45cb,2026-09-04T02:10:00Z,St. Louis Cardinals,Los Angeles Dodgers,betmgm,BetMGM,2026-09-03T05:13:16Z,spreads,2026-09-03T05:13:16Z,St. Louis Cardinals,105,1.5,2026-09-03T05:14:09.062812+00:00
a7447a61565d33b1dcfb229c623b45cb,2026-09-04T02:10:00Z,St. Louis Cardinals,Los Angeles Dodgers,betmgm,BetMGM,2026-09-03T05:13:16Z,totals,2026-09-03T05:13:16Z,Over,-110,7.5,2026-09-03T05:14:09.062816+00:00
a7447a61565d33b1dcfb229c623b45cb,2026-09-04T02:10:00Z,St. Louis Cardinals,Los Angeles Dodgers,betmgm,BetMGM,2026-09-03T05:13:16Z,totals,2026-09-03T05:13:16Z,Under,-110,7.5,2026-09-03T05:14:09.062819+00:00
a7447a61565d33b1dcfb229c623b45cb,2026-09-04T02:10:00Z,St. Louis Cardinals,Los Angeles Dodgers,fanduel,FanDuel,2026-09-03T05:13:36Z,h2h,2026-09-03T05:13:36Z,Los Angeles Dodgers,-300,,2026-09-03T05:14:09.062823+00:00
a7447a61565d33b1dcfb229c623b45cb,2026-09-04T02:10:00Z,St. Louis Cardinals,Los Angeles Dodgers,fanduel,FanDuel,2026-09-03T05:13:36Z,h2h,2026-09-03T05:13:36Z,St. Louis Cardinals,245,,2026-09-03T05:14:09.062826+00:00
a7447a61565d33b1dcfb229c623b45cb,2026-09-04T02:10:00Z,St. Louis Cardinals,Los Angeles Dodgers,fanduel,FanDuel,2026-09-03T05:13:36Z,spreads,2026-09-03T05:13:36Z,Los Angeles Dodgers,-126,-1.5,2026-09-03T05:14:09.062830+00:00
a7447a61565d33b1dcfb229c623b45cb,2026-09-04T02:10:00Z,St. Louis Cardinals,Los Angeles Dodgers,fanduel,FanDuel,2026-09-03T05:13:36Z,spreads,2026-09-03T05:13:36Z,St. Louis Cardinals,105,1.5,2026-09-03T05:14:09.062834+00:00
a7447a61565d33b1dcfb229c623b45cb,2026-09-04T02:10:00Z,St. Louis Cardinals,Los Angeles Dodgers,fanduel,FanDuel,2026-09-03T05:13:36Z,totals,2026-09-03T05:13:36Z,Over,-118,7.5,2026-09-03T05:14:09.062837+00:00
a7447a61565d33b1dcfb229c623b45cb,2026-09-04T02:10:00Z,St. Louis Cardinals,Los Angeles Dodgers,fanduel,FanDuel,2026-09-03T05:13:36Z,totals,2026-09-03T05:13:36Z,Under,-104,7.5,2026-09-03T05:14:09.062841+00:00
a7447a61565d33b1dcfb229c623b45cb,2026-09-04T02:10:00Z,St. Louis Cardinals,Los Angeles Dodgers,bovada,Bovada,2026-09-03T05:12:40Z,h2h,2026-09-03T05:12:40Z,Los Angeles Dodgers,-300,,2026-09-03T05:14:09.062845+00:00
a7447a61565d33b1dcfb229c623b45cb,2026-09-04T02:10:00Z,St. Louis Cardinals,Los Angeles Dodgers,bovada,Bovada,2026-09-03T05:12:40Z,h2h,2026-09-03T05:12:40Z,St. Louis Cardinals,235,,2026-09-03T05:14:09.062848+00:00
a7447a61565d33b1dcfb229c623b45cb,2026-09-04T02:10:00Z,St. Louis Cardinals,Los Angeles Dodgers,bovada,Bovada,2026-09-03T05:12:40Z,spreads,2026-09-03T05:12:40Z,Los Angeles Dodgers,-125,-1.5,2026-09-03T05:14:09.062852+00:00
a7447a61565d33b1dcfb229c623b45cb,2026-09-04T02:10:00Z,St. Louis Cardinals,Los Angeles Dodgers,bovada,Bovada,2026-09-03T05:12:40Z,spreads,2026-09-03T05:12:40Z,St. Louis Cardinals,105,1.5,2026-09-03T05:14:09.062855+00:00
a7447a61565d33b1dcfb229c623b45cb,2026-09-04T02:10:00Z,St. Louis Cardinals,Los Angeles Dodgers,bovada,Bovada,2026-09-03T05:12:40Z,totals,2026-09-03T05:12:40Z,Over,-110,8.0,2026-09-03T05:14:09.062859+00:00
a7447a61565d33b1dcfb229c623b45cb,2026-09-04T02:10:00Z,St. Louis Cardinals,Los Angeles Dodgers,bovada,Bovada,2026-09-03T05:12:40Z,totals,2026-09-03T05:12:40Z,Under,-110,8.0,2026-09-03T05:14:09.062863+00:00
a7447a61565d33b1dcfb229c623b45cb,2026-09-04T02:10:00Z,St. Louis Cardinals,Los Angeles Dodgers,betrivers,BetRivers,2026-09-03T05:13:36Z,h2h,2026-09-03T05:13:36Z,Los Angeles Dodgers,-305,,2026-09-03T05:14:09.062866+00:00
a7447a61565d33b1dcfb229c623b45cb,2026-09-04T02:10:00Z,St. Louis Cardinals,Los Angeles Dodgers,betrivers,BetRivers,2026-09-03T05:13:36Z,h2h,2026-09-03T05:13:36Z,St. Louis Cardinals,240,,2026-09-03T05:14:09.062870+00:00
a7447a61565d33b1dcfb229c623b45cb,2026-09-04T02:10:00Z,St. Louis Cardinals,Los Angeles Dodgers,betrivers,BetRivers,2026-09-03T05:13:36Z,spreads,2026-09-03T05:13:36Z,Los Angeles Dodgers,-105,-2.0,2026-09-03T05:14:09.062873+00:00
a7447a61565d33b1dcfb229c623b45cb,2026-09-04T02:10:00Z,St. Louis Cardinals,Los Angeles Dodgers,betrivers,BetRivers,2026-09-03T05:13:36Z,spreads,2026-09-03T05:13:36Z,St. Louis Cardinals,-117,2.0,2026-09-03T05:14:09.062877+00:00
a7447a61565d33b1dcfb229c623b45cb,2026-09-04T02:10:00Z,St. Louis Cardinals,Los Angeles Dodgers,betrivers,BetRivers,2026-09-03T05:13:36Z,totals,2026-09-03T05:13:36Z,Over,-120,7.5,2026-09-03T05:14:09.062881+00:00
a7447a61565d33b1dcfb229c623b45cb,2026-09-04T02:10:00Z,St. Louis Cardinals,Los Angeles Dodgers,betrivers,BetRivers,2026-09-03T05:13:36Z,totals,2026-09-03T05:13:36Z,Under,-103,7.5,2026-09-03T05:14:09.062884+00:00
a7447a61565d33b1dcfb229c623b45cb,2026-09-04T02:10:00Z,St. Louis Cardinals,Los Angeles Dodgers,betus,BetUS,2026-09-03T05:13:17Z,h2h,2026-09-03T05:13:17Z,Los Angeles Dodgers,-294,,2026-09-03T05:14:09.062888+00:00
a7447a61565d33b1dcfb229c623b45cb,2026-09-04T02:10:00Z,St. Louis Cardinals,Los Angeles Dodgers,betus,BetUS,2026-09-03T05:13:17Z,h2h,2026-09-03T05:13:17Z,St. Louis Cardinals,250,,2026-09-03T05:14:09.062892+00:00
a7447a61565d33b1dcfb229c623b45cb,2026-09-04T02:10:00Z,St. Louis Cardinals,Los Angeles Dodgers,betus,BetUS,2026-09-03T05:13:17Z,spreads,2026-09-03T05:13:17Z,Los Angeles Dodgers,-135,-1.5,2026-09-03T05:14:09.062895+00:00
a7447a61565d33b1dcfb229c623b45cb,2026-09-04T02:10:00Z,St. Louis Cardinals,Los Angeles Dodgers,betus,BetUS,2026-09-03T05:13:17Z,spreads,2026-09-03T05:13:17Z,St. Louis Cardinals,115,1.5,2026-09-03T05:14:09.062899+00:00
a7447a61565d33b1dcfb229c623b45cb,2026-09-04T02:10:00Z,St. Louis Cardinals,Los Angeles Dodgers,betus,BetUS,2026-09-03T05:13:17Z,totals,2026-09-03T05:13:17Z,Over,-115,7.5,2026-09-03T05:14:09.062903+00:00
a7447a61565d33b1dcfb229c623b45cb,2026-09-04T02:10:00Z,St. Louis Cardinals,Los Angeles Dodgers,betus,BetUS,2026-09-03T05:13:17Z,totals,2026-09-03T05:13:17Z,Under,-105,7.5,2026-09-03T05:14:09.062906+00:00
