year,throughSeasonType,throughWeek,team,conference,overall,offense,defense,offensePlays,defensePlays,modelVersion,source_year
2016,postseason,1,Alabama,SEC,35.38,7.78,-27.59,865,785,core-v1,2016
2016,postseason,1,Washington,Pac-12,25.93,12.3,-13.63,691,657,core-v1,2016
2016,postseason,1,Louisville,ACC,24.65,15.74,-8.92,757,705,core-v1,2016
2016,postseason,1,Clemson,ACC,23.44,8.49,-14.95,1013,858,core-v1,2016
2016,postseason,1,Ohio State,Big Ten,22.85,5.86,-16.99,780,715,core-v1,2016
2016,postseason,1,Florida State,ACC,22.16,14.24,-7.92,791,725,core-v1,2016
2016,postseason,1,LSU,SEC,21.91,5.48,-16.43,666,680,core-v1,2016
2016,postseason,1,Michigan,Big Ten,21.1,2.17,-18.94,745,638,core-v1,2016
2016,postseason,1,Oklahoma,Big 12,17.44,19.34,1.9,883,887,core-v1,2016
2016,postseason,1,Florida,SEC,14.87,-6.5,-21.37,791,732,core-v1,2016
2016,postseason,1,Miami,ACC,14.82,2.4,-12.42,788,830,core-v1,2016
2016,postseason,1,Western Kentucky,Conference USA,14.54,12.48,-2.06,677,670,core-v1,2016
2016,postseason,1,Wisconsin,Big Ten,14.25,3.0,-11.25,894,781,core-v1,2016
2016,postseason,1,USC,Pac-12,13.43,9.54,-3.89,858,758,core-v1,2016
2016,postseason,1,Toledo,Mid-American,13.35,14.55,1.2,725,685,core-v1,2016
2016,postseason,1,Western Michigan,Mid-American,12.64,13.93,1.29,794,671,core-v1,2016
2016,postseason,1,San Diego State,Mountain West,11.79,3.04,-8.76,774,757,core-v1,2016
2016,postseason,1,Virginia Tech,ACC,11.57,3.13,-8.44,861,802,core-v1,2016
2016,postseason,1,App State,Sun Belt,11.38,4.21,-7.18,769,674,core-v1,2016
2016,postseason,1,Penn State,Big Ten,11.14,5.57,-5.57,844,950,core-v1,2016
2016,postseason,1,Auburn,SEC,10.65,4.9,-5.75,765,768,core-v1,2016
2016,postseason,1,Colorado,Pac-12,10.57,-1.54,-12.11,827,765,core-v1,2016
2016,postseason,1,North Carolina,ACC,10.27,9.0,-1.28,732,783,core-v1,2016
2016,postseason,1,NC State,ACC,10.07,0.93,-9.15,810,783,core-v1,2016
2016,postseason,1,Tulsa,American Athletic,9.92,7.12,-2.81,917,803,core-v1,2016
2016,postseason,1,Pittsburgh,ACC,9.78,13.39,3.61,777,890,core-v1,2016
2016,postseason,1,Tennessee,SEC,9.56,10.82,1.25,808,866,core-v1,2016
2016,postseason,1,Houston,American Athletic,9.04,-0.04,-9.08,913,745,core-v1,2016
2016,postseason,1,Texas A&M,SEC,8.11,6.01,-2.1,802,913,core-v1,2016
2016,postseason,1,Boise State,Mountain West,7.64,7.06,-0.58,797,829,core-v1,2016
2016,postseason,1,Temple,American Athletic,7.2,1.86,-5.35,852,727,core-v1,2016
2016,postseason,1,West Virginia,Big 12,7.16,2.97,-4.18,833,806,core-v1,2016
2016,postseason,1,Baylor,Big 12,6.89,3.59,-3.3,932,875,core-v1,2016
2016,postseason,1,UCLA,Pac-12,6.84,-4.21,-11.05,821,913,core-v1,2016
2016,postseason,1,Oklahoma State,Big 12,6.78,7.63,0.85,853,877,core-v1,2016
2016,postseason,1,Air Force,Mountain West,6.76,1.96,-4.81,761,668,core-v1,2016
2016,postseason,1,BYU,FBS Independents,5.36,1.09,-4.27,774,719,core-v1,2016
2016,postseason,1,Kansas State,Big 12,5.06,2.67,-2.4,806,795,core-v1,2016
2016,postseason,1,Washington State,Pac-12,4.74,4.33,-0.41,862,720,core-v1,2016
2016,postseason,1,South Florida,American Athletic,4.59,11.15,6.56,706,824,core-v1,2016
2016,postseason,1,Northwestern,Big Ten,3.16,-1.16,-4.31,896,874,core-v1,2016
2016,postseason,1,Navy,American Athletic,3.03,13.35,10.32,787,848,core-v1,2016
2016,postseason,1,Stanford,Pac-12,2.95,-0.31,-3.26,742,786,core-v1,2016
2016,postseason,1,Notre Dame,FBS Independents,2.83,3.74,0.91,747,761,core-v1,2016
2016,postseason,1,Nebraska,Big Ten,2.78,-1.59,-4.37,865,765,core-v1,2016
2016,postseason,1,Georgia,SEC,2.73,-1.73,-4.45,815,705,core-v1,2016
2016,postseason,1,Georgia Tech,ACC,2.65,9.43,6.78,667,797,core-v1,2016
2016,postseason,1,TCU,Big 12,2.52,-2.31,-4.83,808,845,core-v1,2016
2016,postseason,1,Miami (OH),Mid-American,2.44,-0.86,-3.3,770,792,core-v1,2016
2016,postseason,1,Southern Miss,Conference USA,1.79,1.27,-0.53,879,677,core-v1,2016
2016,postseason,1,Iowa,Big Ten,1.69,-1.18,-2.86,645,657,core-v1,2016
2016,postseason,1,Texas,Big 12,1.69,-0.73,-2.41,974,929,core-v1,2016
2016,postseason,1,Minnesota,Big Ten,1.63,-5.74,-7.37,805,857,core-v1,2016
2016,postseason,1,Indiana,Big Ten,1.48,-3.52,-5.0,978,955,core-v1,2016
2016,postseason,1,Mississippi State,SEC,1.44,5.95,4.51,781,803,core-v1,2016
2016,postseason,1,Ole Miss,SEC,1.35,6.47,5.12,801,789,core-v1,2016
2016,postseason,1,Utah,Pac-12,1.19,-1.31,-2.5,884,821,core-v1,2016
2016,postseason,1,Colorado State,Mountain West,1.01,6.49,5.48,657,607,core-v1,2016
2016,postseason,1,Louisiana Tech,Conference USA,0.87,11.97,11.1,829,890,core-v1,2016
2016,postseason,1,Vanderbilt,SEC,0.8,-3.9,-4.7,800,817,core-v1,2016
2016,postseason,1,Middle Tennessee,Conference USA,0.63,8.49,7.86,766,920,core-v1,2016
2016,postseason,1,Northern Illinois,Mid-American,0.4,2.28,1.88,707,696,core-v1,2016
2016,postseason,1,Boston College,ACC,0.32,-13.96,-14.28,679,640,core-v1,2016
2016,postseason,1,UCF,American Athletic,0.03,-12.83,-12.86,726,783,core-v1,2016
2016,postseason,1,Memphis,American Athletic,-0.07,6.26,6.32,759,821,core-v1,2016
2016,postseason,1,Arkansas,SEC,-0.07,2.76,2.83,796,690,core-v1,2016
2016,postseason,1,Arkansas State,Sun Belt,-0.08,-9.55,-9.48,746,773,core-v1,2016
2016,postseason,1,Michigan State,Big Ten,-0.81,1.56,2.37,718,669,core-v1,2016
2016,postseason,1,Duke,ACC,-0.99,0.65,1.64,735,667,core-v1,2016
2016,postseason,1,Army,FBS Independents,-1.19,1.27,2.46,656,498,core-v1,2016
2016,postseason,1,Oregon State,Pac-12,-1.2,-3.5,-2.3,661,750,core-v1,2016
2016,postseason,1,New Mexico,Mountain West,-1.25,9.62,10.86,712,682,core-v1,2016
2016,postseason,1,Wyoming,Mountain West,-1.4,1.89,3.29,820,783,core-v1,2016
2016,postseason,1,South Carolina,SEC,-1.55,-7.26,-5.71,763,847,core-v1,2016
2016,postseason,1,Kentucky,SEC,-1.62,4.58,6.2,773,810,core-v1,2016
2016,postseason,1,Oregon,Pac-12,-2.35,10.43,12.78,729,787,core-v1,2016
2016,postseason,1,SMU,American Athletic,-2.49,-2.02,0.47,743,732,core-v1,2016
2016,postseason,1,Old Dominion,Conference USA,-2.54,1.49,4.03,678,710,core-v1,2016
2016,postseason,1,Ohio,Mid-American,-2.67,-7.72,-5.05,895,897,core-v1,2016
2016,postseason,1,Arizona,Pac-12,-2.77,3.58,6.36,504,582,core-v1,2016
2016,postseason,1,Central Michigan,Mid-American,-3.02,-2.57,0.46,741,759,core-v1,2016
2016,postseason,1,Troy,Sun Belt,-3.11,-6.83,-3.72,660,640,core-v1,2016
2016,postseason,1,Wake Forest,ACC,-3.51,-10.12,-6.62,796,856,core-v1,2016
2016,postseason,1,Missouri,SEC,-3.68,-1.58,2.1,783,834,core-v1,2016
2016,postseason,1,Texas Tech,Big 12,-3.8,10.48,14.29,871,780,core-v1,2016
2016,postseason,1,Maryland,Big Ten,-3.83,0.3,4.13,670,763,core-v1,2016
2016,postseason,1,North Texas,Conference USA,-4.21,-6.98,-2.78,671,766,core-v1,2016
2016,postseason,1,UTSA,Conference USA,-4.69,-4.23,0.46,738,739,core-v1,2016
2016,postseason,1,Eastern Michigan,Mid-American,-4.85,0.21,5.05,899,858,core-v1,2016
2016,postseason,1,California,Pac-12,-5.13,6.38,11.51,962,864,core-v1,2016
2016,postseason,1,Tulane,American Athletic,-5.16,-14.32,-9.16,704,686,core-v1,2016
2016,postseason,1,Utah State,Mountain West,-5.78,-5.55,0.23,682,771,core-v1,2016
2016,postseason,1,Ball State,Mid-American,-6.06,-1.79,4.27,807,780,core-v1,2016
2016,postseason,1,Iowa State,Big 12,-6.42,1.25,7.67,679,740,core-v1,2016
2016,postseason,1,Georgia State,Sun Belt,-7.0,-6.72,0.28,685,828,core-v1,2016
2016,postseason,1,Cincinnati,American Athletic,-7.04,-6.63,0.41,732,816,core-v1,2016
2016,postseason,1,Syracuse,ACC,-7.25,-1.55,5.71,794,732,core-v1,2016
2016,postseason,1,Illinois,Big Ten,-8.27,-6.53,1.74,583,726,core-v1,2016
2016,postseason,1,Idaho,Sun Belt,-8.32,-4.35,3.97,529,513,core-v1,2016
2016,postseason,1,Louisiana,Sun Belt,-8.44,-8.04,0.39,766,748,core-v1,2016
2016,postseason,1,East Carolina,American Athletic,-8.63,0.81,9.44,803,696,core-v1,2016
2016,postseason,1,Kent State,Mid-American,-9.26,-6.82,2.44,532,634,core-v1,2016
2016,postseason,1,Akron,Mid-American,-9.48,-5.03,4.45,653,777,core-v1,2016
2016,postseason,1,Buffalo,Mid-American,-9.71,-6.55,3.16,645,739,core-v1,2016
2016,postseason,1,Georgia Southern,Sun Belt,-9.75,-4.31,5.44,776,754,core-v1,2016
2016,postseason,1,UNLV,Mountain West,-10.51,-0.62,9.89,681,747,core-v1,2016
2016,postseason,1,Hawai'i,Mountain West,-10.67,-4.68,5.99,703,827,core-v1,2016
2016,postseason,1,Virginia,ACC,-11.94,-11.79,0.16,755,739,core-v1,2016
2016,postseason,1,Rutgers,Big Ten,-12.13,-11.48,0.65,540,579,core-v1,2016
2016,postseason,1,South Alabama,Sun Belt,-12.57,-3.35,9.22,631,682,core-v1,2016
2016,postseason,1,UConn,American Athletic,-12.61,-9.01,3.6,652,745,core-v1,2016
2016,postseason,1,Nevada,Mountain West,-12.84,-1.95,10.88,597,592,core-v1,2016
2016,postseason,1,Arizona State,Pac-12,-12.85,-7.55,5.3,772,783,core-v1,2016
2016,postseason,1,Massachusetts,FBS Independents,-14.23,-4.99,9.24,688,795,core-v1,2016
2016,postseason,1,Charlotte,Conference USA,-14.34,-12.05,2.29,677,685,core-v1,2016
2016,postseason,1,San José State,Mountain West,-14.54,-8.96,5.57,692,673,core-v1,2016
2016,postseason,1,Bowling Green,Mid-American,-14.84,-7.53,7.32,701,635,core-v1,2016
2016,postseason,1,New Mexico State,Sun Belt,-15.36,-8.12,7.24,710,685,core-v1,2016
2016,postseason,1,Kansas,Big 12,-16.22,-14.51,1.71,643,718,core-v1,2016
2016,postseason,1,Rice,Conference USA,-17.75,-9.24,8.51,690,651,core-v1,2016
2016,postseason,1,Purdue,Big Ten,-18.12,-6.29,11.82,711,687,core-v1,2016
2016,postseason,1,Marshall,Conference USA,-18.48,-8.83,9.65,592,639,core-v1,2016
2016,postseason,1,UL Monroe,Sun Belt,-20.15,-7.4,12.75,641,640,core-v1,2016
2016,postseason,1,Florida International,Conference USA,-20.21,-8.2,12.01,769,745,core-v1,2016
2016,postseason,1,Florida Atlantic,Conference USA,-20.53,-1.85,18.68,627,671,core-v1,2016
2016,postseason,1,Fresno State,Mountain West,-21.59,-13.96,7.63,676,742,core-v1,2016
2016,postseason,1,UTEP,Conference USA,-27.02,-11.66,15.36,476,517,core-v1,2016
2016,postseason,1,Texas State,Sun Belt,-28.14,-14.68,13.46,593,671,core-v1,2016
2017,postseason,1,Georgia,SEC,32.28,16.18,-16.1,776,743,core-v1,2017
2017,postseason,1,Oklahoma,Big 12,29.71,29.32,-0.38,869,850,core-v1,2017
2017,postseason,1,Alabama,SEC,27.4,9.47,-17.93,749,738,core-v1,2017
2017,postseason,1,Ohio State,Big Ten,27.3,14.62,-12.68,763,748,core-v1,2017
2017,postseason,1,Clemson,ACC,23.06,3.14,-19.91,900,752,core-v1,2017
2017,postseason,1,Washington,Pac-12,20.44,10.7,-9.74,653,668,core-v1,2017
2017,postseason,1,Auburn,SEC,19.59,3.91,-15.68,787,707,core-v1,2017
2017,postseason,1,Wisconsin,Big Ten,19.42,5.38,-14.04,904,769,core-v1,2017
2017,postseason,1,TCU,Big 12,18.89,5.05,-13.85,849,790,core-v1,2017
2017,postseason,1,Penn State,Big Ten,18.04,9.3,-8.75,791,759,core-v1,2017
2017,postseason,1,Oklahoma State,Big 12,17.81,15.86,-1.95,871,817,core-v1,2017
2017,postseason,1,Mississippi State,SEC,17.65,2.33,-15.32,801,608,core-v1,2017
2017,postseason,1,UCF,American Athletic,17.4,11.26,-6.14,745,778,core-v1,2017
2017,postseason,1,Louisville,ACC,14.26,17.17,2.91,772,759,core-v1,2017
2017,postseason,1,Notre Dame,FBS Independents,13.84,7.15,-6.68,824,824,core-v1,2017
2017,postseason,1,LSU,SEC,13.57,7.9,-5.67,758,703,core-v1,2017
2017,postseason,1,NC State,ACC,13.29,9.56,-3.73,908,815,core-v1,2017
2017,postseason,1,USC,Pac-12,11.81,9.33,-2.48,993,948,core-v1,2017
2017,postseason,1,Michigan State,Big Ten,11.8,1.89,-9.91,867,692,core-v1,2017
2017,postseason,1,Miami,ACC,11.43,0.57,-10.86,728,868,core-v1,2017
2017,postseason,1,Michigan,Big Ten,10.7,-5.27,-15.98,840,735,core-v1,2017
2017,postseason,1,Wake Forest,ACC,10.64,8.61,-2.04,830,971,core-v1,2017
2017,postseason,1,Oregon,Pac-12,10.4,3.61,-6.79,755,761,core-v1,2017
2017,postseason,1,Missouri,SEC,10.16,12.26,2.1,682,691,core-v1,2017
2017,postseason,1,Memphis,American Athletic,10.06,9.33,-0.73,778,799,core-v1,2017
2017,postseason,1,South Florida,American Athletic,9.33,1.02,-8.31,854,738,core-v1,2017
2017,postseason,1,Virginia Tech,ACC,8.7,-0.96,-9.66,843,693,core-v1,2017
2017,postseason,1,Iowa State,Big 12,8.03,4.02,-4.01,795,776,core-v1,2017
2017,postseason,1,Duke,ACC,8.0,-4.41,-12.41,899,767,core-v1,2017
2017,postseason,1,Florida State,ACC,7.88,-1.7,-9.58,711,806,core-v1,2017
2017,postseason,1,San Diego State,Mountain West,7.37,0.39,-6.98,704,697,core-v1,2017
2017,postseason,1,Boise State,Mountain West,7.33,3.75,-3.58,904,884,core-v1,2017
2017,postseason,1,Texas,Big 12,7.15,-9.14,-16.3,954,857,core-v1,2017
2017,postseason,1,Ohio,Mid-American,7.14,5.77,-1.37,689,722,core-v1,2017
2017,postseason,1,App State,Sun Belt,7.08,2.56,-4.52,748,727,core-v1,2017
2017,postseason,1,West Virginia,Big 12,6.9,5.87,-1.03,790,822,core-v1,2017
2017,postseason,1,Iowa,Big Ten,6.48,-0.1,-6.58,776,855,core-v1,2017
2017,postseason,1,Stanford,Pac-12,6.25,7.3,1.05,793,885,core-v1,2017
2017,postseason,1,Boston College,ACC,6.19,-2.6,-8.79,900,859,core-v1,2017
2017,postseason,1,South Carolina,SEC,5.95,-1.23,-7.18,708,828,core-v1,2017
2017,postseason,1,Toledo,Mid-American,5.74,8.67,2.94,817,750,core-v1,2017
2017,postseason,1,Northwestern,Big Ten,5.5,-3.54,-9.04,962,847,core-v1,2017
2017,postseason,1,Fresno State,Mountain West,5.09,-0.35,-5.44,782,760,core-v1,2017
2017,postseason,1,Army,FBS Independents,5.0,11.94,6.94,745,605,core-v1,2017
2017,postseason,1,Troy,Sun Belt,4.75,-0.32,-5.07,700,736,core-v1,2017
2017,postseason,1,Georgia Tech,ACC,4.67,5.51,0.84,658,609,core-v1,2017
2017,postseason,1,Florida Atlantic,Conference USA,4.11,7.51,3.41,851,853,core-v1,2017
2017,postseason,1,Indiana,Big Ten,3.95,-2.82,-6.77,786,709,core-v1,2017
2017,postseason,1,Navy,American Athletic,3.75,10.05,6.3,818,695,core-v1,2017
2017,postseason,1,Purdue,Big Ten,3.48,-2.55,-6.03,836,829,core-v1,2017
2017,postseason,1,Texas A&M,SEC,3.37,-0.48,-3.85,808,809,core-v1,2017
2017,postseason,1,Arizona,Pac-12,3.02,11.42,8.4,813,880,core-v1,2017
2017,postseason,1,Kansas State,Big 12,2.5,1.56,-0.94,697,803,core-v1,2017
2017,postseason,1,Arkansas State,Sun Belt,2.38,-0.17,-2.55,841,725,core-v1,2017
2017,postseason,1,Pittsburgh,ACC,2.18,0.53,-1.65,685,700,core-v1,2017
2017,postseason,1,Washington State,Pac-12,1.94,-6.97,-8.91,782,670,core-v1,2017
2017,postseason,1,Utah,Pac-12,1.27,-4.29,-5.56,833,777,core-v1,2017
2017,postseason,1,Texas Tech,Big 12,1.25,2.64,1.39,887,903,core-v1,2017
2017,postseason,1,Houston,American Athletic,1.12,-2.96,-4.08,810,879,core-v1,2017
2017,postseason,1,Florida,SEC,1.06,-3.18,-4.24,660,631,core-v1,2017
2017,postseason,1,Ole Miss,SEC,0.8,6.66,5.86,657,724,core-v1,2017
2017,postseason,1,Marshall,Conference USA,0.38,-4.65,-5.03,865,856,core-v1,2017
2017,postseason,1,Central Michigan,Mid-American,0.25,-3.95,-4.19,755,849,core-v1,2017
2017,postseason,1,Middle Tennessee,Conference USA,0.08,-5.34,-5.42,829,884,core-v1,2017
2017,postseason,1,Miami (OH),Mid-American,-0.04,-0.95,-0.91,727,732,core-v1,2017
2017,postseason,1,Arizona State,Pac-12,-0.18,2.35,2.54,955,878,core-v1,2017
2017,postseason,1,Louisiana Tech,Conference USA,-0.51,2.15,2.66,752,760,core-v1,2017
2017,postseason,1,Northern Illinois,Mid-American,-0.54,-9.31,-8.77,836,814,core-v1,2017
2017,postseason,1,UTSA,Conference USA,-0.63,-4.97,-4.34,673,564,core-v1,2017
2017,postseason,1,Temple,American Athletic,-1.38,-3.13,-1.74,772,783,core-v1,2017
2017,postseason,1,UCLA,Pac-12,-1.58,3.59,5.18,868,939,core-v1,2017
2017,postseason,1,Virginia,ACC,-1.7,-5.2,-3.51,773,739,core-v1,2017
2017,postseason,1,SMU,American Athletic,-1.85,6.25,8.1,826,800,core-v1,2017
2017,postseason,1,UAB,Conference USA,-1.9,-0.84,1.06,715,751,core-v1,2017
2017,postseason,1,Baylor,Big 12,-2.08,-0.56,1.52,751,692,core-v1,2017
2017,postseason,1,Vanderbilt,SEC,-2.1,0.37,2.47,604,674,core-v1,2017
2017,postseason,1,Syracuse,ACC,-2.52,2.17,4.69,873,710,core-v1,2017
2017,postseason,1,Massachusetts,FBS Independents,-3.02,1.86,4.88,745,754,core-v1,2017
2017,postseason,1,Eastern Michigan,Mid-American,-3.34,-7.57,-4.23,836,776,core-v1,2017
2017,postseason,1,North Texas,Conference USA,-4.2,1.52,5.72,834,869,core-v1,2017
2017,postseason,1,Colorado State,Mountain West,-4.35,7.39,11.74,836,758,core-v1,2017
2017,postseason,1,Southern Miss,Conference USA,-4.78,-5.16,-0.38,820,747,core-v1,2017
2017,postseason,1,Cincinnati,American Athletic,-5.03,-0.81,4.22,697,777,core-v1,2017
2017,postseason,1,Tulane,American Athletic,-5.05,0.97,6.02,618,618,core-v1,2017
2017,postseason,1,Kentucky,SEC,-5.17,1.58,6.75,705,778,core-v1,2017
2017,postseason,1,California,Pac-12,-5.27,-4.25,1.03,785,768,core-v1,2017
2017,postseason,1,Utah State,Mountain West,-5.42,-7.76,-2.34,695,821,core-v1,2017
2017,postseason,1,Western Michigan,Mid-American,-5.87,-3.5,2.37,717,656,core-v1,2017
2017,postseason,1,Nebraska,Big Ten,-5.93,2.16,8.09,732,741,core-v1,2017
2017,postseason,1,Arkansas,SEC,-6.18,4.95,11.13,608,642,core-v1,2017
2017,postseason,1,North Carolina,ACC,-6.21,-4.09,2.12,681,733,core-v1,2017
2017,postseason,1,Air Force,Mountain West,-6.26,3.77,10.04,806,643,core-v1,2017
2017,postseason,1,New Mexico State,Sun Belt,-6.77,-4.56,2.21,956,943,core-v1,2017
2017,postseason,1,Tennessee,SEC,-6.92,-8.55,-1.62,610,717,core-v1,2017
2017,postseason,1,Wyoming,Mountain West,-7.01,-14.42,-7.41,660,755,core-v1,2017
2017,postseason,1,Buffalo,Mid-American,-7.28,-1.24,6.04,726,777,core-v1,2017
2017,postseason,1,Georgia State,Sun Belt,-8.01,-4.77,3.23,605,561,core-v1,2017
2017,postseason,1,Maryland,Big Ten,-8.11,-0.16,7.95,627,732,core-v1,2017
2017,postseason,1,Coastal Carolina,Sun Belt,-8.28,-0.82,7.46,668,735,core-v1,2017
2017,postseason,1,Colorado,Pac-12,-8.49,-1.19,7.3,795,780,core-v1,2017
2017,postseason,1,Minnesota,Big Ten,-8.79,-5.64,3.15,688,679,core-v1,2017
2017,postseason,1,Western Kentucky,Conference USA,-8.88,-2.76,6.13,855,790,core-v1,2017
2017,postseason,1,Florida International,Conference USA,-9.52,0.96,10.48,774,767,core-v1,2017
2017,postseason,1,Rutgers,Big Ten,-9.89,-8.16,1.73,555,710,core-v1,2017
2017,postseason,1,Georgia Southern,Sun Belt,-10.2,-4.18,6.02,663,596,core-v1,2017
2017,postseason,1,Kansas,Big 12,-10.9,-5.73,5.17,676,671,core-v1,2017
2017,postseason,1,BYU,FBS Independents,-11.47,-10.9,0.57,723,773,core-v1,2017
2017,postseason,1,UL Monroe,Sun Belt,-11.71,7.58,19.29,803,861,core-v1,2017
2017,postseason,1,Nevada,Mountain West,-11.89,-1.21,10.67,619,757,core-v1,2017
2017,postseason,1,Tulsa,American Athletic,-12.93,-1.37,11.56,814,805,core-v1,2017
2017,postseason,1,Louisiana,Sun Belt,-13.43,-0.53,12.89,676,730,core-v1,2017
2017,postseason,1,UNLV,Mountain West,-13.55,1.37,14.92,688,727,core-v1,2017
2017,postseason,1,Illinois,Big Ten,-13.57,-9.07,4.5,672,814,core-v1,2017
2017,postseason,1,UConn,American Athletic,-13.74,-5.27,8.48,706,758,core-v1,2017
2017,postseason,1,Idaho,Sun Belt,-13.76,-11.67,2.09,707,725,core-v1,2017
2017,postseason,1,Texas State,Sun Belt,-14.2,-8.79,5.41,620,631,core-v1,2017
2017,postseason,1,New Mexico,Mountain West,-14.74,-8.41,6.34,626,625,core-v1,2017
2017,postseason,1,South Alabama,Sun Belt,-15.47,-15.23,0.23,662,727,core-v1,2017
2017,postseason,1,Oregon State,Pac-12,-16.21,-3.48,12.74,605,686,core-v1,2017
2017,postseason,1,Kent State,Mid-American,-16.21,-13.87,2.34,594,630,core-v1,2017
2017,postseason,1,Akron,Mid-American,-16.47,-12.46,4.0,718,868,core-v1,2017
2017,postseason,1,Bowling Green,Mid-American,-17.28,-2.6,14.68,655,745,core-v1,2017
2017,postseason,1,Old Dominion,Conference USA,-17.5,-11.55,5.96,665,707,core-v1,2017
2017,postseason,1,Hawai'i,Mountain West,-17.8,-3.18,14.61,676,677,core-v1,2017
2017,postseason,1,Rice,Conference USA,-18.66,-6.56,12.11,603,658,core-v1,2017
2017,postseason,1,Ball State,Mid-American,-18.82,-9.08,9.75,675,609,core-v1,2017
2017,postseason,1,East Carolina,American Athletic,-20.44,1.62,22.07,644,607,core-v1,2017
2017,postseason,1,Charlotte,Conference USA,-24.12,-17.17,6.96,597,750,core-v1,2017
2017,postseason,1,San José State,Mountain West,-25.45,-13.5,11.96,650,775,core-v1,2017
2017,postseason,1,UTEP,Conference USA,-26.79,-20.55,6.24,594,761,core-v1,2017
2018,postseason,1,Alabama,SEC,35.54,21.69,-13.85,742,635,core-v1,2018
2018,postseason,1,Clemson,ACC,31.74,11.81,-19.93,811,749,core-v1,2018
2018,postseason,1,Georgia,SEC,30.66,19.12,-11.54,749,721,core-v1,2018
2018,postseason,1,Oklahoma,Big 12,23.18,31.19,8.01,824,903,core-v1,2018
2018,postseason,1,Michigan,Big Ten,21.92,7.5,-14.42,771,639,core-v1,2018
2018,postseason,1,Mississippi State,SEC,18.86,1.86,-17.0,672,659,core-v1,2018
2018,postseason,1,Utah State,Mountain West,18.79,9.01,-9.77,670,714,core-v1,2018
2018,postseason,1,Ohio State,Big Ten,16.95,12.02,-4.93,1017,868,core-v1,2018
2018,postseason,1,Missouri,SEC,16.62,8.37,-8.25,835,764,core-v1,2018
2018,postseason,1,Florida,SEC,16.62,9.19,-7.42,717,675,core-v1,2018
2018,postseason,1,LSU,SEC,14.14,-0.12,-14.25,837,753,core-v1,2018
2018,postseason,1,Fresno State,Mountain West,14.12,3.88,-10.24,749,744,core-v1,2018
2018,postseason,1,UCF,American Athletic,14.1,13.5,-0.6,822,847,core-v1,2018
2018,postseason,1,Wisconsin,Big Ten,13.93,9.0,-4.93,810,737,core-v1,2018
2018,postseason,1,Cincinnati,American Athletic,13.53,0.23,-13.3,806,684,core-v1,2018
2018,postseason,1,Boise State,Mountain West,13.44,7.46,-5.98,893,728,core-v1,2018
2018,postseason,1,Texas A&M,SEC,13.09,8.33,-4.75,802,667,core-v1,2018
2018,postseason,1,Auburn,SEC,12.68,2.63,-10.05,712,768,core-v1,2018
2018,postseason,1,Notre Dame,FBS Independents,12.6,5.23,-7.37,891,862,core-v1,2018
2018,postseason,1,Washington,Pac-12,12.46,5.71,-6.75,854,819,core-v1,2018
2018,postseason,1,App State,Sun Belt,11.58,-0.91,-12.49,679,670,core-v1,2018
2018,postseason,1,Utah,Pac-12,10.84,0.13,-10.7,841,836,core-v1,2018
2018,postseason,1,Penn State,Big Ten,10.52,2.17,-8.35,819,868,core-v1,2018
2018,postseason,1,Iowa,Big Ten,10.0,-0.2,-10.2,741,705,core-v1,2018
2018,postseason,1,Iowa State,Big 12,9.13,4.01,-5.11,746,801,core-v1,2018
2018,postseason,1,Virginia,ACC,8.28,2.58,-5.7,760,739,core-v1,2018
2018,postseason,1,Ole Miss,SEC,8.07,12.71,4.64,722,739,core-v1,2018
2018,postseason,1,UAB,Conference USA,7.57,2.44,-5.13,772,739,core-v1,2018
2018,postseason,1,NC State,ACC,7.49,6.91,-0.57,803,674,core-v1,2018
2018,postseason,1,Kentucky,SEC,6.69,-0.23,-6.92,737,750,core-v1,2018
2018,postseason,1,Miami,ACC,6.52,-5.51,-12.03,694,709,core-v1,2018
2018,postseason,1,Texas,Big 12,6.47,4.28,-2.2,1020,955,core-v1,2018
2018,postseason,1,Memphis,American Athletic,5.59,8.07,2.48,874,909,core-v1,2018
2018,postseason,1,Arkansas State,Sun Belt,5.17,-0.99,-6.15,795,685,core-v1,2018
2018,postseason,1,Maryland,Big Ten,4.58,0.94,-3.64,652,757,core-v1,2018
2018,postseason,1,Nebraska,Big Ten,4.44,7.06,2.62,755,757,core-v1,2018
2018,postseason,1,West Virginia,Big 12,4.37,6.66,2.29,730,672,core-v1,2018
2018,postseason,1,Ohio,Mid-American,4.21,12.82,8.6,685,639,core-v1,2018
2018,postseason,1,Pittsburgh,ACC,4.21,2.48,-1.73,757,790,core-v1,2018
2018,postseason,1,Michigan State,Big Ten,4.14,-11.15,-15.29,954,861,core-v1,2018
2018,postseason,1,Georgia Southern,Sun Belt,3.95,3.38,-0.57,669,711,core-v1,2018
2018,postseason,1,Washington State,Pac-12,3.91,6.68,2.77,818,704,core-v1,2018
2018,postseason,1,Army,FBS Independents,3.62,4.78,1.17,715,528,core-v1,2018
2018,postseason,1,Stanford,Pac-12,3.43,5.75,2.33,725,831,core-v1,2018
2018,postseason,1,Florida State,ACC,3.27,-5.97,-9.25,660,801,core-v1,2018
2018,postseason,1,Boston College,ACC,3.23,-4.74,-7.97,765,813,core-v1,2018
2018,postseason,1,Temple,American Athletic,2.73,0.78,-1.94,799,881,core-v1,2018
2018,postseason,1,BYU,FBS Independents,2.63,-1.03,-3.65,711,747,core-v1,2018
2018,postseason,1,Houston,American Athletic,2.47,9.67,7.21,822,874,core-v1,2018
2018,postseason,1,Arizona State,Pac-12,2.27,6.02,3.75,878,873,core-v1,2018
2018,postseason,1,San Diego State,Mountain West,2.19,-4.94,-7.14,726,788,core-v1,2018
2018,postseason,1,Syracuse,ACC,1.95,-2.32,-4.27,878,787,core-v1,2018
2018,postseason,1,Oklahoma State,Big 12,1.58,6.19,4.61,890,873,core-v1,2018
2018,postseason,1,South Carolina,SEC,1.39,3.08,1.69,737,850,core-v1,2018
2018,postseason,1,Arizona,Pac-12,1.29,1.89,0.6,697,694,core-v1,2018
2018,postseason,1,Florida Atlantic,Conference USA,1.22,2.24,1.02,701,688,core-v1,2018
2018,postseason,1,Baylor,Big 12,0.52,6.92,6.4,851,744,core-v1,2018
2018,postseason,1,North Texas,Conference USA,0.42,-0.72,-1.14,798,773,core-v1,2018
2018,postseason,1,Air Force,Mountain West,0.38,7.15,6.76,780,660,core-v1,2018
2018,postseason,1,UCLA,Pac-12,0.24,2.81,2.57,804,824,core-v1,2018
2018,postseason,1,Vanderbilt,SEC,0.18,6.28,6.1,740,816,core-v1,2018
2018,postseason,1,Northern Illinois,Mid-American,0.17,-10.11,-10.27,946,1002,core-v1,2018
2018,postseason,1,Wyoming,Mountain West,0.14,-5.94,-6.08,656,697,core-v1,2018
2018,postseason,1,Troy,Sun Belt,0.07,-3.94,-4.01,733,783,core-v1,2018
2018,postseason,1,Minnesota,Big Ten,-0.14,-0.56,-0.42,798,744,core-v1,2018
2018,postseason,1,Kansas State,Big 12,-0.19,0.02,0.22,661,662,core-v1,2018
2018,postseason,1,Tulane,American Athletic,-0.22,-4.66,-4.44,713,726,core-v1,2018
2018,postseason,1,Middle Tennessee,Conference USA,-0.22,-1.48,-1.25,825,788,core-v1,2018
2018,postseason,1,USC,Pac-12,-0.43,-3.16,-2.74,776,845,core-v1,2018
2018,postseason,1,Wake Forest,ACC,-0.64,-0.68,-0.04,860,807,core-v1,2018
2018,postseason,1,Georgia Tech,ACC,-0.66,9.63,10.29,706,643,core-v1,2018
2018,postseason,1,Oregon,Pac-12,-0.83,0.66,1.48,793,833,core-v1,2018
2018,postseason,1,Texas Tech,Big 12,-0.99,1.21,2.2,864,807,core-v1,2018
2018,postseason,1,Purdue,Big Ten,-1.05,2.19,3.24,799,868,core-v1,2018
2018,postseason,1,Southern Miss,Conference USA,-1.09,-11.3,-10.21,688,584,core-v1,2018
2018,postseason,1,TCU,Big 12,-1.16,-10.2,-9.04,783,806,core-v1,2018
2018,postseason,1,California,Pac-12,-1.3,-14.27,-12.97,807,800,core-v1,2018
2018,postseason,1,Buffalo,Mid-American,-1.52,1.93,3.46,854,774,core-v1,2018
2018,postseason,1,Nevada,Mountain West,-1.64,-7.0,-5.36,817,819,core-v1,2018
2018,postseason,1,Duke,ACC,-1.78,-3.07,-1.29,807,862,core-v1,2018
2018,postseason,1,Louisiana Tech,Conference USA,-1.83,-5.5,-3.67,810,798,core-v1,2018
2018,postseason,1,Northwestern,Big Ten,-1.94,-6.7,-4.76,1039,974,core-v1,2018
2018,postseason,1,Miami (OH),Mid-American,-1.98,0.2,2.18,766,773,core-v1,2018
2018,postseason,1,Indiana,Big Ten,-1.99,1.72,3.7,881,819,core-v1,2018
2018,postseason,1,UL Monroe,Sun Belt,-2.21,2.8,5.01,630,677,core-v1,2018
2018,postseason,1,Arkansas,SEC,-2.3,-1.07,1.24,654,660,core-v1,2018
2018,postseason,1,Eastern Michigan,Mid-American,-2.47,-6.46,-3.99,803,822,core-v1,2018
2018,postseason,1,Marshall,Conference USA,-2.59,-6.81,-4.23,815,830,core-v1,2018
2018,postseason,1,Virginia Tech,ACC,-2.77,1.77,4.54,823,807,core-v1,2018
2018,postseason,1,Toledo,Mid-American,-2.82,4.4,7.22,754,761,core-v1,2018
2018,postseason,1,Florida International,Conference USA,-3.02,4.68,7.7,741,739,core-v1,2018
2018,postseason,1,Kansas,Big 12,-3.42,-4.07,-0.65,660,703,core-v1,2018
2018,postseason,1,Tennessee,SEC,-4.6,-4.27,0.33,573,673,core-v1,2018
2018,postseason,1,Western Michigan,Mid-American,-4.81,3.33,8.13,788,680,core-v1,2018
2018,postseason,1,North Carolina,ACC,-4.84,-1.41,3.42,711,727,core-v1,2018
2018,postseason,1,Colorado,Pac-12,-5.17,-6.16,-1.0,752,755,core-v1,2018
2018,postseason,1,Texas State,Sun Belt,-5.29,-10.52,-5.23,657,756,core-v1,2018
2018,postseason,1,South Florida,American Athletic,-7.11,-3.95,3.16,712,767,core-v1,2018
2018,postseason,1,East Carolina,American Athletic,-7.68,-10.23,-2.55,767,675,core-v1,2018
2018,postseason,1,Louisiana,Sun Belt,-7.75,7.74,15.49,746,831,core-v1,2018
2018,postseason,1,Charlotte,Conference USA,-8.28,-6.54,1.74,635,522,core-v1,2018
2018,postseason,1,Tulsa,American Athletic,-9.11,-7.02,2.09,764,765,core-v1,2018
2018,postseason,1,Western Kentucky,Conference USA,-9.31,-7.91,1.4,715,729,core-v1,2018
2018,postseason,1,Hawai'i,Mountain West,-9.55,2.68,12.23,789,838,core-v1,2018
2018,postseason,1,SMU,American Athletic,-9.77,-7.42,2.34,701,793,core-v1,2018
2018,postseason,1,Ball State,Mid-American,-9.87,-2.15,7.72,764,789,core-v1,2018
2018,postseason,1,Colorado State,Mountain West,-10.6,-0.94,9.67,691,644,core-v1,2018
2018,postseason,1,Navy,American Athletic,-12.12,-3.71,8.4,710,746,core-v1,2018
2018,postseason,1,Akron,Mid-American,-12.34,-13.98,-1.64,662,815,core-v1,2018
2018,postseason,1,Illinois,Big Ten,-12.61,4.72,17.33,620,690,core-v1,2018
2018,postseason,1,Coastal Carolina,Sun Belt,-13.44,2.42,15.86,653,607,core-v1,2018
2018,postseason,1,Liberty,FBS Independents,-13.56,-7.05,6.51,686,698,core-v1,2018
2018,postseason,1,UNLV,Mountain West,-14.18,-1.14,13.04,672,663,core-v1,2018
2018,postseason,1,Louisville,ACC,-14.52,-4.43,10.09,570,626,core-v1,2018
2018,postseason,1,Oregon State,Pac-12,-14.82,4.28,19.09,742,715,core-v1,2018
2018,postseason,1,Rutgers,Big Ten,-14.86,-17.14,-2.29,632,761,core-v1,2018
2018,postseason,1,New Mexico State,FBS Independents,-15.02,-11.28,3.74,712,781,core-v1,2018
2018,postseason,1,Central Michigan,Mid-American,-15.03,-17.55,-2.51,691,749,core-v1,2018
2018,postseason,1,South Alabama,Sun Belt,-15.04,-5.6,9.43,654,670,core-v1,2018
2018,postseason,1,Old Dominion,Conference USA,-15.31,-3.56,11.75,788,803,core-v1,2018
2018,postseason,1,San José State,Mountain West,-16.54,-15.11,1.43,629,783,core-v1,2018
2018,postseason,1,New Mexico,Mountain West,-16.97,-8.83,8.14,553,652,core-v1,2018
2018,postseason,1,Kent State,Mid-American,-17.31,-12.29,5.01,724,726,core-v1,2018
2018,postseason,1,Massachusetts,FBS Independents,-17.56,-4.64,12.93,622,636,core-v1,2018
2018,postseason,1,Georgia State,Sun Belt,-18.16,0.52,18.68,594,636,core-v1,2018
2018,postseason,1,UTEP,Conference USA,-18.96,-13.5,5.46,576,616,core-v1,2018
2018,postseason,1,Bowling Green,Mid-American,-19.77,-6.5,13.27,640,673,core-v1,2018
2018,postseason,1,UTSA,Conference USA,-24.61,-18.08,6.53,630,724,core-v1,2018
2018,postseason,1,Rice,Conference USA,-27.37,-13.63,13.74,653,709,core-v1,2018
2018,postseason,1,UConn,American Athletic,-31.0,0.83,31.83,511,548,core-v1,2018
2019,postseason,1,LSU,SEC,38.73,28.05,-10.67,836,745,core-v1,2019
2019,postseason,1,Ohio State,Big Ten,38.42,24.17,-14.25,828,635,core-v1,2019
2019,postseason,1,Alabama,SEC,33.67,22.72,-10.95,640,645,core-v1,2019
2019,postseason,1,Clemson,ACC,33.32,12.33,-21.0,754,693,core-v1,2019
2019,postseason,1,Wisconsin,Big Ten,24.85,13.43,-11.42,833,698,core-v1,2019
2019,postseason,1,Utah,Pac-12,23.71,10.31,-13.4,732,643,core-v1,2019
2019,postseason,1,Oklahoma,Big 12,21.38,22.46,1.09,768,682,core-v1,2019
2019,postseason,1,Auburn,SEC,18.49,1.32,-17.17,792,788,core-v1,2019
2019,postseason,1,Georgia,SEC,18.21,4.81,-13.4,791,724,core-v1,2019
2019,postseason,1,Oregon,Pac-12,17.65,5.7,-11.95,790,814,core-v1,2019
2019,postseason,1,Florida,SEC,16.44,7.15,-9.29,686,651,core-v1,2019
2019,postseason,1,Navy,American Athletic,16.33,12.7,-3.63,702,615,core-v1,2019
2019,postseason,1,Memphis,American Athletic,16.0,13.39,-2.61,845,864,core-v1,2019
2019,postseason,1,Minnesota,Big Ten,16.0,13.6,-2.39,774,657,core-v1,2019
2019,postseason,1,Notre Dame,FBS Independents,14.68,3.49,-11.19,756,749,core-v1,2019
2019,postseason,1,Michigan,Big Ten,14.04,0.88,-13.16,788,712,core-v1,2019
2019,postseason,1,Texas,Big 12,13.94,11.99,-1.95,881,837,core-v1,2019
2019,postseason,1,UCF,American Athletic,12.89,7.12,-5.77,802,784,core-v1,2019
2019,postseason,1,Penn State,Big Ten,12.42,5.07,-7.35,741,829,core-v1,2019
2019,postseason,1,Tulane,American Athletic,12.41,9.9,-2.5,798,784,core-v1,2019
2019,postseason,1,Texas A&M,SEC,11.95,5.11,-6.84,719,696,core-v1,2019
2019,postseason,1,App State,Sun Belt,11.65,2.83,-8.82,840,806,core-v1,2019
2019,postseason,1,Air Force,Mountain West,11.32,9.35,-1.97,783,656,core-v1,2019
2019,postseason,1,North Carolina,ACC,11.18,10.48,-0.7,841,766,core-v1,2019
2019,postseason,1,Boise State,Mountain West,10.92,3.24,-7.68,842,732,core-v1,2019
2019,postseason,1,Iowa State,Big 12,10.78,8.82,-1.96,781,787,core-v1,2019
2019,postseason,1,Baylor,Big 12,9.46,-1.88,-11.35,780,865,core-v1,2019
2019,postseason,1,Cincinnati,American Athletic,9.36,0.89,-8.47,898,887,core-v1,2019
2019,postseason,1,Miami,ACC,9.25,-1.35,-10.6,754,774,core-v1,2019
2019,postseason,1,Louisiana,Sun Belt,9.25,10.22,0.98,874,820,core-v1,2019
2019,postseason,1,USC,Pac-12,8.5,8.07,-0.42,849,868,core-v1,2019
2019,postseason,1,Iowa,Big Ten,7.81,-0.64,-8.45,815,804,core-v1,2019
2019,postseason,1,Michigan State,Big Ten,7.02,-4.2,-11.22,852,746,core-v1,2019
2019,postseason,1,TCU,Big 12,7.01,-3.3,-10.31,754,660,core-v1,2019
2019,postseason,1,UAB,Conference USA,6.98,-2.17,-9.15,683,647,core-v1,2019
2019,postseason,1,Florida Atlantic,Conference USA,6.46,-0.35,-6.81,840,805,core-v1,2019
2019,postseason,1,Washington,Pac-12,5.72,-1.43,-7.15,746,744,core-v1,2019
2019,postseason,1,Western Kentucky,Conference USA,5.5,-3.78,-9.28,803,746,core-v1,2019
2019,postseason,1,Tennessee,SEC,4.92,-1.53,-6.45,722,758,core-v1,2019
2019,postseason,1,Oklahoma State,Big 12,4.31,2.51,-1.8,824,804,core-v1,2019
2019,postseason,1,Tulsa,American Athletic,4.25,-1.97,-6.22,893,795,core-v1,2019
2019,postseason,1,Louisiana Tech,Conference USA,3.83,-1.11,-4.95,753,743,core-v1,2019
2019,postseason,1,Missouri,SEC,3.49,-4.7,-8.19,710,642,core-v1,2019
2019,postseason,1,Wyoming,Mountain West,3.27,-2.08,-5.34,741,819,core-v1,2019
2019,postseason,1,Pittsburgh,ACC,3.05,-9.65,-12.69,858,826,core-v1,2019
2019,postseason,1,Mississippi State,SEC,2.85,5.94,3.09,647,662,core-v1,2019
2019,postseason,1,Virginia Tech,ACC,2.7,-0.89,-3.59,689,699,core-v1,2019
2019,postseason,1,San Diego State,Mountain West,2.55,-8.49,-11.03,842,739,core-v1,2019
2019,postseason,1,Ole Miss,SEC,2.22,1.87,-0.35,747,749,core-v1,2019
2019,postseason,1,Buffalo,Mid-American,2.2,-2.73,-4.92,804,669,core-v1,2019
2019,postseason,1,SMU,American Athletic,1.77,2.62,0.85,948,907,core-v1,2019
2019,postseason,1,Virginia,ACC,1.75,4.2,2.45,854,789,core-v1,2019
2019,postseason,1,Kansas State,Big 12,1.63,0.77,-0.85,707,694,core-v1,2019
2019,postseason,1,Arizona State,Pac-12,1.31,-1.5,-2.81,765,834,core-v1,2019
2019,postseason,1,Louisville,ACC,1.24,9.29,8.05,756,813,core-v1,2019
2019,postseason,1,Temple,American Athletic,0.68,-8.1,-8.78,809,867,core-v1,2019
2019,postseason,1,Indiana,Big Ten,0.56,4.11,3.55,746,729,core-v1,2019
2019,postseason,1,Georgia Southern,Sun Belt,-0.04,-2.99,-2.95,704,732,core-v1,2019
2019,postseason,1,BYU,FBS Independents,-0.2,1.75,1.95,678,705,core-v1,2019
2019,postseason,1,Ohio,Mid-American,-1.13,8.43,9.56,745,770,core-v1,2019
2019,postseason,1,Central Michigan,Mid-American,-1.13,0.17,1.3,827,768,core-v1,2019
2019,postseason,1,Fresno State,Mountain West,-1.17,1.23,2.4,667,799,core-v1,2019
2019,postseason,1,Kentucky,SEC,-1.41,-0.78,0.63,741,676,core-v1,2019
2019,postseason,1,Boston College,ACC,-1.56,7.77,9.33,813,784,core-v1,2019
2019,postseason,1,California,Pac-12,-1.63,-5.71,-4.07,730,841,core-v1,2019
2019,postseason,1,Florida State,ACC,-1.78,-4.63,-2.85,799,887,core-v1,2019
2019,postseason,1,Nebraska,Big Ten,-1.85,-2.16,-0.3,748,736,core-v1,2019
2019,postseason,1,UL Monroe,Sun Belt,-1.86,6.63,8.49,753,746,core-v1,2019
2019,postseason,1,Colorado,Pac-12,-1.93,4.08,6.02,771,770,core-v1,2019
2019,postseason,1,Troy,Sun Belt,-1.99,5.56,7.55,724,679,core-v1,2019
2019,postseason,1,South Carolina,SEC,-2.06,-7.63,-5.57,737,730,core-v1,2019
2019,postseason,1,Southern Miss,Conference USA,-2.15,-2.39,-0.24,774,687,core-v1,2019
2019,postseason,1,Florida International,Conference USA,-2.24,0.27,2.51,697,763,core-v1,2019
2019,postseason,1,Ball State,Mid-American,-2.36,1.11,3.47,806,759,core-v1,2019
2019,postseason,1,Oregon State,Pac-12,-2.56,5.52,8.09,737,773,core-v1,2019
2019,postseason,1,Charlotte,Conference USA,-2.62,8.52,11.14,708,705,core-v1,2019
2019,postseason,1,Hawai'i,Mountain West,-3.04,7.29,10.34,882,891,core-v1,2019
2019,postseason,1,Wake Forest,ACC,-3.12,-1.58,1.54,909,809,core-v1,2019
2019,postseason,1,Marshall,Conference USA,-3.13,-3.81,-0.68,764,788,core-v1,2019
2019,postseason,1,Washington State,Pac-12,-3.23,6.87,10.09,811,760,core-v1,2019
2019,postseason,1,Northwestern,Big Ten,-3.54,-12.72,-9.18,767,737,core-v1,2019
2019,postseason,1,Illinois,Big Ten,-3.68,-5.46,-1.78,798,897,core-v1,2019
2019,postseason,1,Western Michigan,Mid-American,-3.82,1.8,5.62,772,785,core-v1,2019
2019,postseason,1,Liberty,FBS Independents,-4.24,-1.71,2.53,682,733,core-v1,2019
2019,postseason,1,Texas Tech,Big 12,-4.29,0.59,4.89,763,733,core-v1,2019
2019,postseason,1,Houston,American Athletic,-4.76,1.45,6.21,691,741,core-v1,2019
2019,postseason,1,Arizona,Pac-12,-4.78,-1.59,3.19,732,775,core-v1,2019
2019,postseason,1,Arkansas State,Sun Belt,-4.95,-0.48,4.47,803,886,core-v1,2019
2019,postseason,1,Colorado State,Mountain West,-5.05,-2.07,2.98,765,737,core-v1,2019
2019,postseason,1,Army,FBS Independents,-5.24,-0.99,4.25,673,644,core-v1,2019
2019,postseason,1,Utah State,Mountain West,-5.44,-5.38,0.07,782,866,core-v1,2019
2019,postseason,1,Middle Tennessee,Conference USA,-5.44,4.52,9.97,652,759,core-v1,2019
2019,postseason,1,Stanford,Pac-12,-5.52,-1.95,3.57,748,802,core-v1,2019
2019,postseason,1,West Virginia,Big 12,-5.71,-5.52,0.2,653,738,core-v1,2019
2019,postseason,1,San José State,Mountain West,-6.31,1.87,8.18,715,806,core-v1,2019
2019,postseason,1,Duke,ACC,-6.57,-11.45,-4.88,680,689,core-v1,2019
2019,postseason,1,Eastern Michigan,Mid-American,-6.6,3.78,10.38,762,800,core-v1,2019
2019,postseason,1,Georgia State,Sun Belt,-7.14,3.42,10.57,759,678,core-v1,2019
2019,postseason,1,Purdue,Big Ten,-7.6,-2.91,4.69,817,825,core-v1,2019
2019,postseason,1,Kansas,Big 12,-7.64,-1.12,6.52,586,730,core-v1,2019
2019,postseason,1,Miami (OH),Mid-American,-7.66,-9.87,-2.21,766,877,core-v1,2019
2019,postseason,1,Coastal Carolina,Sun Belt,-7.68,-2.09,5.6,686,652,core-v1,2019
2019,postseason,1,North Texas,Conference USA,-8.13,-4.72,3.41,698,737,core-v1,2019
2019,postseason,1,UCLA,Pac-12,-9.29,-0.84,8.44,860,754,core-v1,2019
2019,postseason,1,New Mexico,Mountain West,-9.69,-5.45,4.24,688,696,core-v1,2019
2019,postseason,1,South Florida,American Athletic,-10.5,-11.58,-1.07,528,575,core-v1,2019
2019,postseason,1,Nevada,Mountain West,-10.69,-7.25,3.44,750,718,core-v1,2019
2019,postseason,1,Syracuse,ACC,-11.98,-6.88,5.1,703,733,core-v1,2019
2019,postseason,1,Northern Illinois,Mid-American,-12.07,-8.5,3.58,686,634,core-v1,2019
2019,postseason,1,Kent State,Mid-American,-12.1,0.76,12.85,774,805,core-v1,2019
2019,postseason,1,Maryland,Big Ten,-12.57,-9.42,3.15,498,623,core-v1,2019
2019,postseason,1,NC State,ACC,-12.58,-10.52,2.07,680,716,core-v1,2019
2019,postseason,1,UNLV,Mountain West,-12.83,-6.82,6.01,665,686,core-v1,2019
2019,postseason,1,Georgia Tech,ACC,-12.93,-7.27,5.66,588,707,core-v1,2019
2019,postseason,1,Vanderbilt,SEC,-13.15,-6.67,6.48,584,672,core-v1,2019
2019,postseason,1,Arkansas,SEC,-13.46,-6.62,6.83,600,672,core-v1,2019
2019,postseason,1,Texas State,Sun Belt,-14.19,-10.96,3.23,546,661,core-v1,2019
2019,postseason,1,Toledo,Mid-American,-14.91,-1.45,13.46,711,732,core-v1,2019
2019,postseason,1,South Alabama,Sun Belt,-14.99,-12.23,2.76,618,713,core-v1,2019
2019,postseason,1,East Carolina,American Athletic,-15.04,-0.28,14.75,673,675,core-v1,2019
2019,postseason,1,New Mexico State,FBS Independents,-15.31,-3.42,11.89,637,703,core-v1,2019
2019,postseason,1,Rutgers,Big Ten,-16.04,-11.6,4.44,587,648,core-v1,2019
2019,postseason,1,UTSA,Conference USA,-16.13,-6.84,9.29,662,664,core-v1,2019
2019,postseason,1,Rice,Conference USA,-16.78,-13.18,3.6,705,726,core-v1,2019
2019,postseason,1,UTEP,Conference USA,-20.0,-6.84,13.16,633,659,core-v1,2019
2019,postseason,1,Old Dominion,Conference USA,-20.39,-20.8,-0.41,700,692,core-v1,2019
2019,postseason,1,UConn,American Athletic,-26.58,-12.25,14.33,560,583,core-v1,2019
2019,postseason,1,Bowling Green,Mid-American,-27.86,-13.31,14.55,570,576,core-v1,2019
2019,postseason,1,Akron,Mid-American,-30.91,-24.66,6.24,536,697,core-v1,2019
2019,postseason,1,Massachusetts,FBS Independents,-43.32,-15.19,28.13,529,551,core-v1,2019
2020,postseason,1,Alabama,SEC,29.48,23.05,-6.42,726,669,core-v1,2020
2020,postseason,1,BYU,FBS Independents,27.3,19.9,-7.4,577,547,core-v1,2020
2020,postseason,1,Clemson,ACC,21.82,11.91,-9.92,691,573,core-v1,2020
2020,postseason,1,Ohio State,Big Ten,17.98,15.65,-2.33,511,465,core-v1,2020
2020,postseason,1,Cincinnati,American Athletic,17.27,4.37,-12.9,569,557,core-v1,2020
2020,postseason,1,Buffalo,Mid-American,16.7,12.7,-3.99,415,365,core-v1,2020
2020,postseason,1,Iowa State,Big 12,16.56,10.24,-6.32,774,685,core-v1,2020
2020,postseason,1,Texas A&M,SEC,16.01,9.27,-6.74,680,597,core-v1,2020
2020,postseason,1,Coastal Carolina,Sun Belt,14.22,11.15,-3.07,679,642,core-v1,2020
2020,postseason,1,App State,Sun Belt,14.15,4.47,-9.68,721,664,core-v1,2020
2020,postseason,1,Notre Dame,ACC,13.05,5.13,-7.92,746,635,core-v1,2020
2020,postseason,1,North Carolina,ACC,12.82,16.42,3.6,712,686,core-v1,2020
2020,postseason,1,Georgia,SEC,12.76,4.92,-7.84,630,598,core-v1,2020
2020,postseason,1,Oklahoma,Big 12,12.66,7.92,-4.74,609,580,core-v1,2020
2020,postseason,1,Toledo,Mid-American,12.61,5.58,-7.03,432,356,core-v1,2020
2020,postseason,1,Air Force,Mountain West,11.93,11.55,-0.38,336,327,core-v1,2020
2020,postseason,1,Louisiana,Sun Belt,11.79,7.07,-4.71,696,736,core-v1,2020
2020,postseason,1,Western Michigan,Mid-American,11.35,18.16,6.81,366,399,core-v1,2020
2020,postseason,1,Florida,SEC,11.25,12.11,0.87,825,808,core-v1,2020
2020,postseason,1,Tulsa,American Athletic,10.75,-0.09,-10.83,640,602,core-v1,2020
2020,postseason,1,Arizona State,Pac-12,10.08,6.42,-3.66,214,287,core-v1,2020
2020,postseason,1,UCLA,Pac-12,9.27,7.27,-2.0,499,506,core-v1,2020
2020,postseason,1,Kent State,Mid-American,8.52,15.67,7.15,270,227,core-v1,2020
2020,postseason,1,Oregon,Pac-12,8.42,6.42,-2.0,423,529,core-v1,2020
2020,postseason,1,Oklahoma State,Big 12,8.34,-1.04,-9.38,759,719,core-v1,2020
2020,postseason,1,Washington,Pac-12,8.21,3.22,-4.99,243,220,core-v1,2020
2020,postseason,1,Iowa,Big Ten,8.18,-1.13,-9.31,513,521,core-v1,2020
2020,postseason,1,Texas,Big 12,7.93,7.76,-0.17,646,669,core-v1,2020
2020,postseason,1,UAB,Conference USA,7.79,-0.51,-8.3,511,489,core-v1,2020
2020,postseason,1,San José State,Mountain West,7.72,1.07,-6.64,517,552,core-v1,2020
2020,postseason,1,Georgia Southern,Sun Belt,7.66,1.97,-5.69,717,722,core-v1,2020
2020,postseason,1,Marshall,Conference USA,7.03,-0.67,-7.7,513,524,core-v1,2020
2020,postseason,1,Ball State,Mid-American,6.98,4.94,-2.04,590,555,core-v1,2020
2020,postseason,1,Army,FBS Independents,6.88,-2.12,-9.01,554,456,core-v1,2020
2020,postseason,1,Penn State,Big Ten,6.72,1.14,-5.58,669,567,core-v1,2020
2020,postseason,1,Northwestern,Big Ten,6.72,-5.8,-12.53,652,602,core-v1,2020
2020,postseason,1,TCU,Big 12,6.33,-0.54,-6.87,644,583,core-v1,2020
2020,postseason,1,UCF,American Athletic,6.13,10.71,4.58,773,680,core-v1,2020
2020,postseason,1,Miami,ACC,6.03,3.27,-2.75,737,723,core-v1,2020
2020,postseason,1,Nevada,Mountain West,5.06,4.37,-0.7,600,611,core-v1,2020
2020,postseason,1,Boise State,Mountain West,4.95,1.82,-3.13,405,434,core-v1,2020
2020,postseason,1,Houston,American Athletic,4.83,1.07,-3.75,543,487,core-v1,2020
2020,postseason,1,Tulane,American Athletic,4.29,3.13,-1.16,775,837,core-v1,2020
2020,postseason,1,Pittsburgh,ACC,4.28,-5.35,-9.64,690,637,core-v1,2020
2020,postseason,1,San Diego State,Mountain West,3.68,-9.56,-13.25,539,497,core-v1,2020
2020,postseason,1,Louisville,ACC,3.52,5.68,2.16,710,663,core-v1,2020
2020,postseason,1,Georgia State,Sun Belt,3.52,-0.54,-4.05,727,673,core-v1,2020
2020,postseason,1,Utah,Pac-12,3.5,-4.42,-7.92,343,331,core-v1,2020
2020,postseason,1,Wyoming,Mountain West,3.47,-5.82,-9.29,392,375,core-v1,2020
2020,postseason,1,Wisconsin,Big Ten,3.45,-8.4,-11.85,453,400,core-v1,2020
2020,postseason,1,Arkansas,SEC,3.12,2.08,-1.04,613,744,core-v1,2020
2020,postseason,1,West Virginia,Big 12,3.1,-5.68,-8.79,625,548,core-v1,2020
2020,postseason,1,Auburn,SEC,2.71,2.99,0.27,704,743,core-v1,2020
2020,postseason,1,USC,Pac-12,2.26,0.84,-1.42,420,370,core-v1,2020
2020,postseason,1,Texas Tech,Big 12,2.15,0.63,-1.52,589,658,core-v1,2020
2020,postseason,1,Virginia Tech,ACC,2.05,7.86,5.81,696,754,core-v1,2020
2020,postseason,1,Hawai'i,Mountain West,1.79,2.54,0.74,615,636,core-v1,2020
2020,postseason,1,Troy,Sun Belt,1.3,-3.09,-4.38,643,644,core-v1,2020
2020,postseason,1,SMU,American Athletic,1.17,3.39,2.22,634,614,core-v1,2020
2020,postseason,1,Miami (OH),Mid-American,0.77,1.91,1.15,148,164,core-v1,2020
2020,postseason,1,NC State,ACC,0.55,-0.88,-1.43,795,884,core-v1,2020
2020,postseason,1,Liberty,FBS Independents,0.5,6.39,5.89,584,489,core-v1,2020
2020,postseason,1,Georgia Tech,ACC,0.35,1.95,1.6,637,719,core-v1,2020
2020,postseason,1,Rice,Conference USA,0.14,-4.64,-4.78,330,287,core-v1,2020
2020,postseason,1,Nebraska,Big Ten,-0.07,2.4,2.46,535,552,core-v1,2020
2020,postseason,1,Tennessee,SEC,-0.41,-2.36,-1.95,585,640,core-v1,2020
2020,postseason,1,Fresno State,Mountain West,-0.44,1.34,1.78,459,401,core-v1,2020
2020,postseason,1,Central Michigan,Mid-American,-0.48,-6.07,-5.6,400,399,core-v1,2020
2020,postseason,1,Baylor,Big 12,-0.56,-8.4,-7.84,589,570,core-v1,2020
2020,postseason,1,Ohio,Mid-American,-0.67,3.4,4.07,141,191,core-v1,2020
2020,postseason,1,Colorado State,Mountain West,-1.07,-4.19,-3.13,232,274,core-v1,2020
2020,postseason,1,Michigan,Big Ten,-1.22,3.3,4.52,349,418,core-v1,2020
2020,postseason,1,Colorado,Pac-12,-1.46,-4.64,-3.18,434,397,core-v1,2020
2020,postseason,1,Virginia,ACC,-1.78,-0.97,0.81,672,614,core-v1,2020
2020,postseason,1,Purdue,Big Ten,-1.8,0.09,1.89,412,443,core-v1,2020
2020,postseason,1,Stanford,Pac-12,-1.82,7.68,9.5,401,387,core-v1,2020
2020,postseason,1,UTSA,Conference USA,-1.95,-2.7,-0.75,743,720,core-v1,2020
2020,postseason,1,Ole Miss,SEC,-2.05,11.72,13.77,764,737,core-v1,2020
2020,postseason,1,Wake Forest,ACC,-2.35,1.12,3.47,563,548,core-v1,2020
2020,postseason,1,Memphis,American Athletic,-3.23,-0.33,2.9,717,753,core-v1,2020
2020,postseason,1,Arkansas State,Sun Belt,-3.44,3.45,6.88,737,707,core-v1,2020
2020,postseason,1,Kansas State,Big 12,-3.47,1.24,4.71,523,632,core-v1,2020
2020,postseason,1,Oregon State,Pac-12,-3.5,4.62,8.12,491,475,core-v1,2020
2020,postseason,1,Boston College,ACC,-3.5,2.79,6.29,725,722,core-v1,2020
2020,postseason,1,Kentucky,SEC,-4.51,-7.46,-2.95,630,672,core-v1,2020
2020,postseason,1,Indiana,Big Ten,-4.52,-8.62,-4.1,537,526,core-v1,2020
2020,postseason,1,Mississippi State,SEC,-4.82,-11.81,-6.99,731,749,core-v1,2020
2020,postseason,1,Western Kentucky,Conference USA,-4.89,-10.86,-5.97,606,675,core-v1,2020
2020,postseason,1,Michigan State,Big Ten,-5.39,-11.97,-6.58,415,465,core-v1,2020
2020,postseason,1,Missouri,SEC,-5.68,-0.44,5.24,598,604,core-v1,2020
2020,postseason,1,Maryland,Big Ten,-5.85,-0.22,5.63,269,356,core-v1,2020
2020,postseason,1,Florida Atlantic,Conference USA,-6.01,-10.26,-4.25,590,594,core-v1,2020
2020,postseason,1,East Carolina,American Athletic,-6.06,-5.72,0.35,550,578,core-v1,2020
2020,postseason,1,North Texas,Conference USA,-6.07,7.22,13.29,628,615,core-v1,2020
2020,postseason,1,LSU,SEC,-7.04,-3.03,4.01,678,599,core-v1,2020
2020,postseason,1,Eastern Michigan,Mid-American,-7.28,-0.12,7.16,383,449,core-v1,2020
2020,postseason,1,Florida State,ACC,-7.51,-2.0,5.51,488,529,core-v1,2020
2020,postseason,1,California,Pac-12,-8.24,-11.03,-2.79,275,243,core-v1,2020
2020,postseason,1,New Mexico,Mountain West,-8.44,-3.78,4.65,493,448,core-v1,2020
2020,postseason,1,South Alabama,Sun Belt,-8.49,-6.06,2.44,726,703,core-v1,2020
2020,postseason,1,Middle Tennessee,Conference USA,-8.81,-0.01,8.8,588,598,core-v1,2020
2020,postseason,1,South Florida,American Athletic,-9.3,-3.96,5.35,470,527,core-v1,2020
2020,postseason,1,Minnesota,Big Ten,-9.88,3.83,13.71,427,385,core-v1,2020
2020,postseason,1,Texas State,Sun Belt,-10.03,-1.68,8.35,702,878,core-v1,2020
2020,postseason,1,Illinois,Big Ten,-10.16,-0.18,9.97,477,500,core-v1,2020
2020,postseason,1,Charlotte,Conference USA,-10.55,-3.85,6.7,368,366,core-v1,2020
2020,postseason,1,UTEP,Conference USA,-10.9,-3.86,7.04,372,348,core-v1,2020
2020,postseason,1,South Carolina,SEC,-11.09,-3.97,7.12,588,603,core-v1,2020
2020,postseason,1,Navy,American Athletic,-11.21,-8.86,2.35,546,601,core-v1,2020
2020,postseason,1,Northern Illinois,Mid-American,-11.36,-7.93,3.43,397,366,core-v1,2020
2020,postseason,1,Arizona,Pac-12,-11.97,-9.47,2.5,299,290,core-v1,2020
2020,postseason,1,UNLV,Mountain West,-12.34,-1.87,10.46,406,382,core-v1,2020
2020,postseason,1,Florida International,Conference USA,-12.99,-12.01,0.98,240,279,core-v1,2020
2020,postseason,1,Rutgers,Big Ten,-13.26,-11.46,1.81,611,651,core-v1,2020
2020,postseason,1,Louisiana Tech,Conference USA,-13.54,-12.37,1.17,521,553,core-v1,2020
2020,postseason,1,Washington State,Pac-12,-13.6,-1.04,12.56,233,248,core-v1,2020
2020,postseason,1,Southern Miss,Conference USA,-13.63,-1.68,11.94,558,615,core-v1,2020
2020,postseason,1,Bowling Green,Mid-American,-15.45,-8.55,6.9,214,274,core-v1,2020
2020,postseason,1,Duke,ACC,-16.85,-10.68,6.17,737,696,core-v1,2020
2020,postseason,1,UL Monroe,Sun Belt,-17.78,-9.7,8.08,504,588,core-v1,2020
2020,postseason,1,Kansas,Big 12,-17.8,-15.58,2.22,457,508,core-v1,2020
2020,postseason,1,Vanderbilt,SEC,-19.21,-6.54,12.66,535,527,core-v1,2020
2020,postseason,1,Temple,American Athletic,-19.56,-8.88,10.68,464,432,core-v1,2020
2020,postseason,1,Massachusetts,FBS Independents,-20.45,-11.58,8.87,153,196,core-v1,2020
2020,postseason,1,Syracuse,ACC,-21.21,-20.16,1.05,592,807,core-v1,2020
2020,postseason,1,Akron,Mid-American,-21.72,-10.62,11.1,275,272,core-v1,2020
2020,postseason,1,Utah State,Mountain West,-23.17,-12.44,10.72,313,409,core-v1,2020
2021,postseason,1,Georgia,SEC,33.44,11.01,-22.43,706,667,core-v1,2021
2021,postseason,1,Ohio State,Big Ten,29.45,24.51,-4.94,739,718,core-v1,2021
2021,postseason,1,Alabama,SEC,24.93,10.27,-14.66,901,771,core-v1,2021
2021,postseason,1,Oklahoma State,Big 12,20.49,0.53,-19.96,910,762,core-v1,2021
2021,postseason,1,Cincinnati,American Athletic,19.55,5.9,-13.64,709,813,core-v1,2021
2021,postseason,1,Arkansas,SEC,18.08,9.81,-8.27,789,763,core-v1,2021
2021,postseason,1,UAB,Conference USA,16.11,11.96,-4.15,599,654,core-v1,2021
2021,postseason,1,Arizona State,Pac-12,14.51,7.92,-6.59,716,754,core-v1,2021
2021,postseason,1,Texas A&M,SEC,14.5,-3.97,-18.47,649,710,core-v1,2021
2021,postseason,1,NC State,ACC,14.24,0.82,-13.42,693,686,core-v1,2021
2021,postseason,1,Utah,Pac-12,14.2,7.49,-6.7,799,770,core-v1,2021
2021,postseason,1,App State,Sun Belt,13.79,3.63,-10.16,810,742,core-v1,2021
2021,postseason,1,Nebraska,Big Ten,13.38,8.91,-4.46,693,710,core-v1,2021
2021,postseason,1,Pittsburgh,ACC,13.1,3.24,-9.86,890,841,core-v1,2021
2021,postseason,1,Michigan,Big Ten,13.02,4.09,-8.93,842,832,core-v1,2021
2021,postseason,1,Coastal Carolina,Sun Belt,13.0,12.79,-0.21,677,683,core-v1,2021
2021,postseason,1,UCLA,Pac-12,12.57,13.43,0.86,807,773,core-v1,2021
2021,postseason,1,Oregon,Pac-12,12.53,9.85,-2.68,832,860,core-v1,2021
2021,postseason,1,Wisconsin,Big Ten,12.52,-3.17,-15.7,785,666,core-v1,2021
2021,postseason,1,Iowa State,Big 12,12.11,8.02,-4.09,745,653,core-v1,2021
2021,postseason,1,Minnesota,Big Ten,12.01,2.02,-9.98,838,690,core-v1,2021
2021,postseason,1,Oklahoma,Big 12,11.49,10.21,-1.29,758,812,core-v1,2021
2021,postseason,1,Notre Dame,FBS Independents,11.46,2.69,-8.77,845,807,core-v1,2021
2021,postseason,1,Kansas State,Big 12,10.55,9.91,-0.64,651,709,core-v1,2021
2021,postseason,1,Florida,SEC,10.09,5.39,-4.7,751,687,core-v1,2021
2021,postseason,1,Mississippi State,SEC,9.69,6.13,-3.56,859,709,core-v1,2021
2021,postseason,1,San Diego State,Mountain West,9.48,-5.54,-15.02,778,829,core-v1,2021
2021,postseason,1,Western Kentucky,Conference USA,9.24,12.41,3.17,939,921,core-v1,2021
2021,postseason,1,Tennessee,SEC,9.09,10.14,1.04,714,820,core-v1,2021
2021,postseason,1,Houston,American Athletic,9.01,-0.41,-9.42,853,736,core-v1,2021
2021,postseason,1,Ole Miss,SEC,8.75,8.18,-0.57,867,833,core-v1,2021
2021,postseason,1,Clemson,ACC,8.72,-7.0,-15.72,768,768,core-v1,2021
2021,postseason,1,Auburn,SEC,8.71,1.7,-7.01,802,821,core-v1,2021
2021,postseason,1,Oregon State,Pac-12,8.24,10.27,2.03,784,786,core-v1,2021
2021,postseason,1,BYU,FBS Independents,8.06,10.31,2.25,783,820,core-v1,2021
2021,postseason,1,Fresno State,Mountain West,8.02,1.9,-6.12,783,720,core-v1,2021
2021,postseason,1,Texas,Big 12,7.93,7.11,-0.82,724,769,core-v1,2021
2021,postseason,1,Baylor,Big 12,7.53,-0.45,-7.98,846,847,core-v1,2021
2021,postseason,1,Michigan State,Big Ten,6.93,3.9,-3.04,761,882,core-v1,2021
2021,postseason,1,Air Force,Mountain West,6.83,6.11,-0.72,779,614,core-v1,2021
2021,postseason,1,Purdue,Big Ten,6.7,3.75,-2.95,878,793,core-v1,2021
2021,postseason,1,Marshall,Conference USA,6.62,3.36,-3.25,829,857,core-v1,2021
2021,postseason,1,UTEP,Conference USA,6.48,3.04,-3.43,668,744,core-v1,2021
2021,postseason,1,Penn State,Big Ten,6.36,-6.69,-13.05,812,851,core-v1,2021
2021,postseason,1,Boise State,Mountain West,6.29,1.0,-5.29,795,740,core-v1,2021
2021,postseason,1,Florida State,ACC,6.26,2.81,-3.45,679,745,core-v1,2021
2021,postseason,1,Kentucky,SEC,6.09,4.18,-1.91,729,650,core-v1,2021
2021,postseason,1,Toledo,Mid-American,5.99,-0.82,-6.81,715,790,core-v1,2021
2021,postseason,1,Liberty,FBS Independents,4.85,3.34,-1.51,651,648,core-v1,2021
2021,postseason,1,Tulsa,American Athletic,4.79,0.12,-4.67,840,740,core-v1,2021
2021,postseason,1,Miami,ACC,4.66,1.18,-3.48,750,731,core-v1,2021
2021,postseason,1,Texas Tech,Big 12,4.35,5.8,1.45,658,704,core-v1,2021
2021,postseason,1,Louisville,ACC,4.14,7.78,3.63,710,764,core-v1,2021
2021,postseason,1,Colorado State,Mountain West,3.73,-1.33,-5.06,785,725,core-v1,2021
2021,postseason,1,Western Michigan,Mid-American,3.47,6.38,2.91,835,641,core-v1,2021
2021,postseason,1,Maryland,Big Ten,3.42,5.63,2.2,726,748,core-v1,2021
2021,postseason,1,West Virginia,Big 12,3.42,-1.13,-4.55,784,741,core-v1,2021
2021,postseason,1,Utah State,Mountain West,3.37,1.57,-1.81,906,777,core-v1,2021
2021,postseason,1,Georgia State,Sun Belt,3.28,0.5,-2.79,789,822,core-v1,2021
2021,postseason,1,South Carolina,SEC,3.19,-0.31,-3.51,624,670,core-v1,2021
2021,postseason,1,East Carolina,American Athletic,3.18,2.62,-0.55,790,661,core-v1,2021
2021,postseason,1,Nevada,Mountain West,3.11,5.34,2.24,770,754,core-v1,2021
2021,postseason,1,SMU,American Athletic,2.7,5.55,2.85,749,692,core-v1,2021
2021,postseason,1,Hawai'i,Mountain West,2.44,1.37,-1.07,775,879,core-v1,2021
2021,postseason,1,UCF,American Athletic,2.31,-1.51,-3.81,703,781,core-v1,2021
2021,postseason,1,Iowa,Big Ten,2.13,-11.35,-13.48,837,898,core-v1,2021
2021,postseason,1,Louisiana,Sun Belt,2.12,-0.95,-3.08,849,819,core-v1,2021
2021,postseason,1,UTSA,Conference USA,2.02,5.54,3.52,872,783,core-v1,2021
2021,postseason,1,North Carolina,ACC,1.68,6.25,4.57,785,797,core-v1,2021
2021,postseason,1,Wyoming,Mountain West,0.44,2.16,1.72,704,772,core-v1,2021
2021,postseason,1,Miami (OH),Mid-American,0.08,1.75,1.67,743,727,core-v1,2021
2021,postseason,1,LSU,SEC,0.02,-2.48,-2.49,751,780,core-v1,2021
2021,postseason,1,Syracuse,ACC,-0.52,-0.12,0.4,649,688,core-v1,2021
2021,postseason,1,Central Michigan,Mid-American,-1.06,-0.28,0.78,768,753,core-v1,2021
2021,postseason,1,Washington State,Pac-12,-1.34,-2.18,-0.83,729,730,core-v1,2021
2021,postseason,1,North Texas,Conference USA,-1.5,-3.71,-2.22,785,668,core-v1,2021
2021,postseason,1,Army,FBS Independents,-1.51,1.33,2.84,735,648,core-v1,2021
2021,postseason,1,Tulane,American Athletic,-1.66,-3.51,-1.86,679,748,core-v1,2021
2021,postseason,1,Memphis,American Athletic,-1.83,-1.11,0.72,764,854,core-v1,2021
2021,postseason,1,San José State,Mountain West,-2.05,-9.25,-7.21,653,758,core-v1,2021
2021,postseason,1,California,Pac-12,-2.1,-3.19,-1.09,695,752,core-v1,2021
2021,postseason,1,Wake Forest,ACC,-2.26,2.94,5.2,927,828,core-v1,2021
2021,postseason,1,Virginia,ACC,-2.39,10.05,12.44,767,708,core-v1,2021
2021,postseason,1,Florida Atlantic,Conference USA,-2.84,-2.21,0.63,655,693,core-v1,2021
2021,postseason,1,Old Dominion,Conference USA,-3.2,-5.93,-2.73,795,869,core-v1,2021
2021,postseason,1,Virginia Tech,ACC,-3.61,-3.29,0.33,747,748,core-v1,2021
2021,postseason,1,Navy,American Athletic,-3.65,-5.74,-2.09,746,683,core-v1,2021
2021,postseason,1,Kent State,Mid-American,-3.9,7.63,11.52,854,906,core-v1,2021
2021,postseason,1,TCU,Big 12,-4.53,9.01,13.54,680,681,core-v1,2021
2021,postseason,1,Troy,Sun Belt,-4.66,-7.55,-2.89,657,703,core-v1,2021
2021,postseason,1,USC,Pac-12,-5.15,1.54,6.68,902,749,core-v1,2021
2021,postseason,1,Missouri,SEC,-5.17,3.53,8.71,748,741,core-v1,2021
2021,postseason,1,Middle Tennessee,Conference USA,-5.28,-5.81,-0.53,716,723,core-v1,2021
2021,postseason,1,Boston College,ACC,-5.79,-6.08,-0.29,682,647,core-v1,2021
2021,postseason,1,Washington,Pac-12,-6.82,-7.99,-1.17,655,687,core-v1,2021
2021,postseason,1,Louisiana Tech,Conference USA,-7.32,-0.82,6.5,702,732,core-v1,2021
2021,postseason,1,Illinois,Big Ten,-7.94,-5.66,2.28,711,755,core-v1,2021
2021,postseason,1,Northern Illinois,Mid-American,-8.35,5.06,13.41,827,747,core-v1,2021
2021,postseason,1,Ohio,Mid-American,-8.81,-1.64,7.17,687,755,core-v1,2021
2021,postseason,1,South Alabama,Sun Belt,-8.96,-7.77,1.19,640,580,core-v1,2021
2021,postseason,1,Arizona,Pac-12,-9.58,-9.29,0.29,731,621,core-v1,2021
2021,postseason,1,Georgia Southern,Sun Belt,-9.68,-5.11,4.57,690,690,core-v1,2021
2021,postseason,1,Buffalo,Mid-American,-9.84,-1.77,8.07,797,705,core-v1,2021
2021,postseason,1,Stanford,Pac-12,-10.93,-7.64,3.29,607,754,core-v1,2021
2021,postseason,1,Indiana,Big Ten,-11.67,-11.92,-0.25,655,667,core-v1,2021
2021,postseason,1,UNLV,Mountain West,-11.76,-4.98,6.78,572,667,core-v1,2021
2021,postseason,1,South Florida,American Athletic,-12.06,-1.05,11.01,682,672,core-v1,2021
2021,postseason,1,Georgia Tech,ACC,-12.42,-5.04,7.38,645,687,core-v1,2021
2021,postseason,1,Rice,Conference USA,-13.47,-5.19,8.28,621,589,core-v1,2021
2021,postseason,1,Eastern Michigan,Mid-American,-14.22,-2.8,11.43,736,773,core-v1,2021
2021,postseason,1,Colorado,Pac-12,-15.59,-11.71,3.88,529,703,core-v1,2021
2021,postseason,1,Northwestern,Big Ten,-15.63,-7.12,8.51,632,680,core-v1,2021
2021,postseason,1,Ball State,Mid-American,-16.14,-8.18,7.95,644,711,core-v1,2021
2021,postseason,1,Vanderbilt,SEC,-16.3,-8.85,7.45,659,682,core-v1,2021
2021,postseason,1,UL Monroe,Sun Belt,-16.52,-12.79,3.73,663,703,core-v1,2021
2021,postseason,1,Bowling Green,Mid-American,-16.9,-15.69,1.22,588,687,core-v1,2021
2021,postseason,1,Rutgers,Big Ten,-18.44,-14.47,3.96,697,698,core-v1,2021
2021,postseason,1,Kansas,Big 12,-19.21,-1.35,17.86,553,634,core-v1,2021
2021,postseason,1,Temple,American Athletic,-19.41,-10.24,9.17,518,674,core-v1,2021
2021,postseason,1,Southern Miss,Conference USA,-19.49,-15.55,3.94,454,472,core-v1,2021
2021,postseason,1,Texas State,Sun Belt,-19.73,-8.46,11.27,695,764,core-v1,2021
2021,postseason,1,Arkansas State,Sun Belt,-20.39,-7.03,13.36,684,691,core-v1,2021
2021,postseason,1,Charlotte,Conference USA,-20.76,-0.48,20.28,694,696,core-v1,2021
2021,postseason,1,New Mexico,Mountain West,-21.84,-22.77,-0.93,530,627,core-v1,2021
2021,postseason,1,New Mexico State,FBS Independents,-22.85,-3.94,18.92,714,592,core-v1,2021
2021,postseason,1,Duke,ACC,-23.31,-10.57,12.74,685,672,core-v1,2021
2021,postseason,1,Florida International,Conference USA,-23.34,-9.98,13.36,572,690,core-v1,2021
2021,postseason,1,UConn,FBS Independents,-26.13,-14.38,11.75,497,576,core-v1,2021
2021,postseason,1,Massachusetts,FBS Independents,-26.24,-8.83,17.41,473,485,core-v1,2021
2021,postseason,1,Akron,Mid-American,-29.01,-6.53,22.48,583,592,core-v1,2021
2022,postseason,1,Georgia,SEC,31.6,14.52,-17.08,816,721,core-v1,2022
2022,postseason,1,Ohio State,Big Ten,27.35,19.68,-7.68,736,656,core-v1,2022
2022,postseason,1,Michigan,Big Ten,24.98,10.25,-14.73,847,761,core-v1,2022
2022,postseason,1,LSU,SEC,24.1,13.64,-10.45,820,781,core-v1,2022
2022,postseason,1,Alabama,SEC,22.19,9.04,-13.15,698,725,core-v1,2022
2022,postseason,1,Tennessee,SEC,18.35,15.41,-2.94,728,731,core-v1,2022
2022,postseason,1,James Madison,Sun Belt,15.79,1.99,-13.81,650,537,core-v1,2022
2022,postseason,1,Texas,Big 12,15.23,7.24,-7.99,794,881,core-v1,2022
2022,postseason,1,Penn State,Big Ten,15.13,3.58,-11.55,802,773,core-v1,2022
2022,postseason,1,Florida State,ACC,14.09,11.4,-2.7,731,676,core-v1,2022
2022,postseason,1,Utah,Pac-12,13.93,5.2,-8.73,850,642,core-v1,2022
2022,postseason,1,Oregon State,Pac-12,12.9,2.52,-10.38,702,707,core-v1,2022
2022,postseason,1,Pittsburgh,ACC,12.9,0.92,-11.98,790,729,core-v1,2022
2022,postseason,1,TCU,Big 12,12.34,8.48,-3.86,856,902,core-v1,2022
2022,postseason,1,Louisville,ACC,11.58,2.41,-9.18,818,768,core-v1,2022
2022,postseason,1,Mississippi State,SEC,11.44,-0.06,-11.5,787,723,core-v1,2022
2022,postseason,1,Oregon,Pac-12,11.3,13.47,2.17,766,661,core-v1,2022
2022,postseason,1,Boise State,Mountain West,11.21,6.05,-5.16,796,746,core-v1,2022
2022,postseason,1,Tulane,American Athletic,10.39,6.2,-4.2,819,880,core-v1,2022
2022,postseason,1,Maryland,Big Ten,9.97,4.02,-5.94,847,846,core-v1,2022
2022,postseason,1,Ole Miss,SEC,9.81,10.06,0.25,864,807,core-v1,2022
2022,postseason,1,Kansas State,Big 12,9.12,6.4,-2.72,806,771,core-v1,2022
2022,postseason,1,Kentucky,SEC,8.99,-2.23,-11.22,707,700,core-v1,2022
2022,postseason,1,UCLA,Pac-12,8.8,11.87,3.06,839,814,core-v1,2022
2022,postseason,1,Illinois,Big Ten,8.65,-1.04,-9.69,814,684,core-v1,2022
2022,postseason,1,Auburn,SEC,8.62,1.52,-7.1,687,735,core-v1,2022
2022,postseason,1,Houston,American Athletic,8.56,10.88,2.32,847,876,core-v1,2022
2022,postseason,1,Kansas,Big 12,8.52,13.53,5.01,603,690,core-v1,2022
2022,postseason,1,Duke,ACC,8.26,8.23,-0.03,732,673,core-v1,2022
2022,postseason,1,Wisconsin,Big Ten,8.19,-0.61,-8.79,665,666,core-v1,2022
2022,postseason,1,Clemson,ACC,8.05,-3.43,-11.48,899,805,core-v1,2022
2022,postseason,1,Air Force,Mountain West,7.88,7.82,-0.07,703,534,core-v1,2022
2022,postseason,1,Iowa State,Big 12,7.85,-6.24,-14.1,757,604,core-v1,2022
2022,postseason,1,Toledo,Mid-American,7.53,1.2,-6.33,867,783,core-v1,2022
2022,postseason,1,Minnesota,Big Ten,7.2,4.17,-3.03,679,624,core-v1,2022
2022,postseason,1,Washington,Pac-12,6.99,12.51,5.52,828,739,core-v1,2022
2022,postseason,1,Florida,SEC,6.59,8.07,1.49,747,792,core-v1,2022
2022,postseason,1,Troy,Sun Belt,6.29,-2.62,-8.91,809,873,core-v1,2022
2022,postseason,1,Notre Dame,FBS Independents,6.22,0.82,-5.4,847,750,core-v1,2022
2022,postseason,1,UAB,Conference USA,5.82,7.28,1.46,733,744,core-v1,2022
2022,postseason,1,UTSA,Conference USA,5.67,6.1,0.43,880,773,core-v1,2022
2022,postseason,1,Texas A&M,SEC,5.31,-1.64,-6.95,686,789,core-v1,2022
2022,postseason,1,USC,Pac-12,4.75,15.81,11.07,932,832,core-v1,2022
2022,postseason,1,Western Kentucky,Conference USA,4.72,4.92,0.2,796,758,core-v1,2022
2022,postseason,1,Marshall,Sun Belt,4.27,-9.59,-13.86,777,728,core-v1,2022
2022,postseason,1,Oklahoma,Big 12,4.25,5.82,1.56,690,786,core-v1,2022
2022,postseason,1,East Carolina,American Athletic,4.25,6.0,1.75,718,664,core-v1,2022
2022,postseason,1,App State,Sun Belt,4.1,7.75,3.65,719,652,core-v1,2022
2022,postseason,1,Fresno State,Mountain West,3.94,2.18,-1.75,732,741,core-v1,2022
2022,postseason,1,Wake Forest,ACC,3.79,7.11,3.32,836,803,core-v1,2022
2022,postseason,1,UCF,American Athletic,3.52,4.61,1.08,937,829,core-v1,2022
2022,postseason,1,Iowa,Big Ten,3.32,-13.31,-16.62,680,782,core-v1,2022
2022,postseason,1,South Alabama,Sun Belt,3.18,-0.67,-3.85,844,737,core-v1,2022
2022,postseason,1,North Carolina,ACC,3.16,12.05,8.89,903,887,core-v1,2022
2022,postseason,1,Purdue,Big Ten,2.94,3.22,0.28,902,790,core-v1,2022
2022,postseason,1,Cincinnati,American Athletic,2.9,-4.4,-7.3,778,836,core-v1,2022
2022,postseason,1,Miami,ACC,2.12,-5.54,-7.65,694,626,core-v1,2022
2022,postseason,1,Texas Tech,Big 12,1.66,-1.92,-3.58,962,809,core-v1,2022
2022,postseason,1,Syracuse,ACC,1.6,1.97,0.37,705,783,core-v1,2022
2022,postseason,1,Baylor,Big 12,1.38,1.05,-0.33,734,704,core-v1,2022
2022,postseason,1,Missouri,SEC,1.3,-4.81,-6.11,741,718,core-v1,2022
2022,postseason,1,NC State,ACC,0.98,-7.33,-8.31,794,754,core-v1,2022
2022,postseason,1,Liberty,FBS Independents,0.75,-2.39,-3.14,764,779,core-v1,2022
2022,postseason,1,Arkansas,SEC,0.66,5.17,4.52,839,792,core-v1,2022
2022,postseason,1,Tulsa,American Athletic,0.61,0.44,-0.16,725,738,core-v1,2022
2022,postseason,1,South Carolina,SEC,0.38,2.22,1.83,690,783,core-v1,2022
2022,postseason,1,Oklahoma State,Big 12,-0.18,-4.52,-4.34,852,841,core-v1,2022
2022,postseason,1,Arizona,Pac-12,-0.68,11.04,11.73,658,719,core-v1,2022
2022,postseason,1,West Virginia,Big 12,-0.83,0.27,1.1,658,659,core-v1,2022
2022,postseason,1,Boston College,ACC,-1.2,0.01,1.21,571,597,core-v1,2022
2022,postseason,1,San José State,Mountain West,-1.27,0.1,1.37,680,674,core-v1,2022
2022,postseason,1,Buffalo,Mid-American,-1.32,-4.32,-2.99,835,676,core-v1,2022
2022,postseason,1,Coastal Carolina,Sun Belt,-1.43,7.2,8.63,747,744,core-v1,2022
2022,postseason,1,Memphis,American Athletic,-1.51,-3.98,-2.47,823,812,core-v1,2022
2022,postseason,1,North Texas,Conference USA,-1.78,3.47,5.25,834,911,core-v1,2022
2022,postseason,1,San Diego State,Mountain West,-2.08,-5.05,-2.97,674,721,core-v1,2022
2022,postseason,1,BYU,FBS Independents,-2.09,5.85,7.94,703,771,core-v1,2022
2022,postseason,1,Southern Miss,Sun Belt,-2.4,-5.77,-3.37,712,787,core-v1,2022
2022,postseason,1,Georgia State,Sun Belt,-2.56,-3.61,-1.05,845,816,core-v1,2022
2022,postseason,1,Arizona State,Pac-12,-2.64,3.76,6.4,692,754,core-v1,2022
2022,postseason,1,Wyoming,Mountain West,-2.73,-2.07,0.66,646,786,core-v1,2022
2022,postseason,1,Michigan State,Big Ten,-2.96,-1.59,1.37,685,774,core-v1,2022
2022,postseason,1,Navy,American Athletic,-3.09,-3.17,-0.08,692,592,core-v1,2022
2022,postseason,1,Louisiana,Sun Belt,-3.11,-4.22,-1.11,714,673,core-v1,2022
2022,postseason,1,Temple,American Athletic,-3.56,-2.26,1.31,657,694,core-v1,2022
2022,postseason,1,Eastern Michigan,Mid-American,-4.06,4.05,8.11,812,760,core-v1,2022
2022,postseason,1,Georgia Tech,ACC,-4.07,-8.6,-4.53,665,715,core-v1,2022
2022,postseason,1,Virginia,ACC,-4.2,-11.11,-6.91,540,606,core-v1,2022
2022,postseason,1,California,Pac-12,-4.66,-3.85,0.81,679,785,core-v1,2022
2022,postseason,1,Vanderbilt,SEC,-4.74,0.17,4.91,596,587,core-v1,2022
2022,postseason,1,Rutgers,Big Ten,-5.01,-10.9,-5.9,599,677,core-v1,2022
2022,postseason,1,Washington State,Pac-12,-5.02,-6.26,-1.24,730,738,core-v1,2022
2022,postseason,1,Georgia Southern,Sun Belt,-5.8,7.55,13.36,881,884,core-v1,2022
2022,postseason,1,SMU,American Athletic,-5.83,4.38,10.21,868,794,core-v1,2022
2022,postseason,1,Central Michigan,Mid-American,-6.68,-5.54,1.14,699,742,core-v1,2022
2022,postseason,1,Indiana,Big Ten,-6.91,-7.58,-0.67,767,795,core-v1,2022
2022,postseason,1,UConn,FBS Independents,-7.25,-4.8,2.45,650,749,core-v1,2022
2022,postseason,1,Nebraska,Big Ten,-7.32,-1.07,6.25,646,790,core-v1,2022
2022,postseason,1,Ohio,Mid-American,-7.49,0.54,8.03,810,865,core-v1,2022
2022,postseason,1,Kent State,Mid-American,-7.53,2.97,10.5,743,764,core-v1,2022
2022,postseason,1,Ball State,Mid-American,-8.2,-7.57,0.63,741,833,core-v1,2022
2022,postseason,1,Utah State,Mountain West,-8.37,-5.45,2.92,818,784,core-v1,2022
2022,postseason,1,Virginia Tech,ACC,-8.63,-7.21,1.42,543,614,core-v1,2022
2022,postseason,1,Middle Tennessee,Conference USA,-8.75,-9.44,-0.69,781,831,core-v1,2022
2022,postseason,1,Northwestern,Big Ten,-8.78,-12.25,-3.47,630,638,core-v1,2022
2022,postseason,1,Bowling Green,Mid-American,-9.17,-3.84,5.33,635,729,core-v1,2022
2022,postseason,1,South Florida,American Athletic,-9.69,6.9,16.59,570,643,core-v1,2022
2022,postseason,1,UTEP,Conference USA,-9.79,-3.5,6.29,757,680,core-v1,2022
2022,postseason,1,Texas State,Sun Belt,-10.42,-9.61,0.81,669,702,core-v1,2022
2022,postseason,1,Northern Illinois,Mid-American,-10.44,1.31,11.75,646,701,core-v1,2022
2022,postseason,1,UL Monroe,Sun Belt,-10.5,-3.03,7.46,592,695,core-v1,2022
2022,postseason,1,UNLV,Mountain West,-10.94,-0.59,10.35,617,699,core-v1,2022
2022,postseason,1,Miami (OH),Mid-American,-11.44,-7.86,3.59,636,731,core-v1,2022
2022,postseason,1,Old Dominion,Sun Belt,-11.46,-7.04,4.41,694,880,core-v1,2022
2022,postseason,1,Florida Atlantic,Conference USA,-12.26,-4.18,8.08,652,639,core-v1,2022
2022,postseason,1,New Mexico State,FBS Independents,-12.87,-6.58,6.29,555,589,core-v1,2022
2022,postseason,1,Stanford,Pac-12,-12.89,-6.76,6.13,642,680,core-v1,2022
2022,postseason,1,Akron,Mid-American,-12.95,-7.35,5.6,666,598,core-v1,2022
2022,postseason,1,Western Michigan,Mid-American,-13.84,-11.66,2.18,637,642,core-v1,2022
2022,postseason,1,Army,FBS Independents,-14.63,-2.88,11.74,570,561,core-v1,2022
2022,postseason,1,Rice,Conference USA,-14.68,-5.39,9.29,607,583,core-v1,2022
2022,postseason,1,Colorado State,Mountain West,-15.25,-14.81,0.44,581,659,core-v1,2022
2022,postseason,1,Louisiana Tech,Conference USA,-16.27,-6.16,10.11,701,717,core-v1,2022
2022,postseason,1,Nevada,Mountain West,-17.16,-14.72,2.44,663,666,core-v1,2022
2022,postseason,1,Arkansas State,Sun Belt,-17.81,-6.67,11.14,632,730,core-v1,2022
2022,postseason,1,Charlotte,Conference USA,-19.44,0.81,20.26,556,583,core-v1,2022
2022,postseason,1,Florida International,Conference USA,-22.11,-10.18,11.93,594,679,core-v1,2022
2022,postseason,1,Hawai'i,Mountain West,-23.43,-8.33,15.1,675,682,core-v1,2022
2022,postseason,1,Massachusetts,FBS Independents,-23.76,-16.35,7.41,632,596,core-v1,2022
2022,postseason,1,New Mexico,Mountain West,-23.85,-24.16,-0.31,570,657,core-v1,2022
2022,postseason,1,Colorado,Pac-12,-26.45,-15.56,10.89,511,624,core-v1,2022
2023,postseason,1,Michigan,Big Ten,30.97,13.15,-17.82,769,660,core-v1,2023
2023,postseason,1,Ohio State,Big Ten,29.21,12.37,-16.84,670,667,core-v1,2023
2023,postseason,1,Oregon,Pac-12,28.39,21.35,-7.04,713,632,core-v1,2023
2023,postseason,1,Notre Dame,FBS Independents,26.69,12.84,-13.85,646,633,core-v1,2023
2023,postseason,1,Georgia,SEC,25.69,19.0,-6.69,749,634,core-v1,2023
2023,postseason,1,Oklahoma,Big 12,19.91,11.39,-8.53,840,822,core-v1,2023
2023,postseason,1,Alabama,SEC,19.63,8.64,-10.98,772,774,core-v1,2023
2023,postseason,1,Texas,Big 12,18.95,7.54,-11.41,884,775,core-v1,2023
2023,postseason,1,Penn State,Big Ten,18.08,4.02,-14.05,747,627,core-v1,2023
2023,postseason,1,LSU,SEC,16.79,26.44,9.65,679,753,core-v1,2023
2023,postseason,1,Washington,Pac-12,16.25,13.24,-3.01,874,937,core-v1,2023
2023,postseason,1,Kansas,Big 12,16.04,17.31,1.27,712,761,core-v1,2023
2023,postseason,1,Missouri,SEC,15.94,8.43,-7.51,776,704,core-v1,2023
2023,postseason,1,Arizona,Pac-12,14.96,11.31,-3.65,735,679,core-v1,2023
2023,postseason,1,Louisville,ACC,14.74,5.18,-9.56,803,719,core-v1,2023
2023,postseason,1,Florida State,ACC,14.05,-0.12,-14.17,771,745,core-v1,2023
2023,postseason,1,Miami,ACC,12.93,6.71,-6.22,751,691,core-v1,2023
2023,postseason,1,James Madison,Sun Belt,12.76,4.86,-7.89,739,714,core-v1,2023
2023,postseason,1,Oregon State,Pac-12,12.06,10.77,-1.29,687,694,core-v1,2023
2023,postseason,1,SMU,American Athletic,11.96,3.58,-8.38,793,684,core-v1,2023
2023,postseason,1,Texas A&M,SEC,11.95,5.29,-6.66,750,649,core-v1,2023
2023,postseason,1,Ole Miss,SEC,11.44,8.13,-3.31,805,771,core-v1,2023
2023,postseason,1,Troy,Sun Belt,11.11,-0.53,-11.65,843,794,core-v1,2023
2023,postseason,1,Tennessee,SEC,10.83,6.04,-4.79,718,654,core-v1,2023
2023,postseason,1,Liberty,Conference USA,10.49,18.74,8.25,854,750,core-v1,2023
2023,postseason,1,Kansas State,Big 12,10.29,7.08,-3.21,830,681,core-v1,2023
2023,postseason,1,Air Force,Mountain West,10.29,6.29,-4.0,729,628,core-v1,2023
2023,postseason,1,Clemson,ACC,10.15,-4.51,-14.66,846,656,core-v1,2023
2023,postseason,1,TCU,Big 12,9.0,12.3,3.3,757,713,core-v1,2023
2023,postseason,1,South Alabama,Sun Belt,8.86,4.5,-4.36,720,621,core-v1,2023
2023,postseason,1,Toledo,Mid-American,8.79,6.33,-2.46,795,835,core-v1,2023
2023,postseason,1,USC,Pac-12,8.71,14.85,6.14,728,812,core-v1,2023
2023,postseason,1,UCLA,Pac-12,8.24,-5.83,-14.07,811,712,core-v1,2023
2023,postseason,1,UCF,Big 12,8.16,10.01,1.85,711,746,core-v1,2023
2023,postseason,1,Maryland,Big Ten,7.78,4.99,-2.79,721,741,core-v1,2023
2023,postseason,1,Virginia Tech,ACC,6.31,1.73,-4.59,777,700,core-v1,2023
2023,postseason,1,Boise State,Mountain West,5.87,7.27,1.4,784,753,core-v1,2023
2023,postseason,1,Kentucky,SEC,5.37,2.85,-2.52,602,720,core-v1,2023
2023,postseason,1,Iowa State,Big 12,4.58,0.45,-4.14,675,768,core-v1,2023
2023,postseason,1,Oklahoma State,Big 12,4.47,2.7,-1.78,860,808,core-v1,2023
2023,postseason,1,Florida,SEC,3.89,6.58,2.7,700,643,core-v1,2023
2023,postseason,1,Ohio,Mid-American,3.8,-2.59,-6.4,757,634,core-v1,2023
2023,postseason,1,West Virginia,Big 12,3.75,4.47,0.71,760,723,core-v1,2023
2023,postseason,1,Nebraska,Big Ten,3.16,-4.41,-7.57,673,707,core-v1,2023
2023,postseason,1,Syracuse,ACC,2.89,-2.5,-5.39,650,721,core-v1,2023
2023,postseason,1,Texas Tech,Big 12,2.61,-1.56,-4.18,825,789,core-v1,2023
2023,postseason,1,Wisconsin,Big Ten,2.5,-0.74,-3.24,907,854,core-v1,2023
2023,postseason,1,North Carolina,ACC,2.11,5.68,3.57,837,810,core-v1,2023
2023,postseason,1,Duke,ACC,2.1,-0.07,-2.17,683,755,core-v1,2023
2023,postseason,1,New Mexico State,Conference USA,2.1,4.02,1.92,837,889,core-v1,2023
2023,postseason,1,Illinois,Big Ten,1.99,4.44,2.45,755,830,core-v1,2023
2023,postseason,1,Georgia Tech,ACC,1.7,9.44,7.75,732,797,core-v1,2023
2023,postseason,1,App State,Sun Belt,1.63,5.43,3.8,822,738,core-v1,2023
2023,postseason,1,Texas State,Sun Belt,1.32,2.43,1.11,828,779,core-v1,2023
2023,postseason,1,Purdue,Big Ten,0.85,1.36,0.5,788,730,core-v1,2023
2023,postseason,1,Coastal Carolina,Sun Belt,0.82,3.51,2.69,776,746,core-v1,2023
2023,postseason,1,Utah,Pac-12,0.78,-6.52,-7.3,728,683,core-v1,2023
2023,postseason,1,NC State,ACC,0.65,-5.0,-5.65,756,720,core-v1,2023
2023,postseason,1,Utah State,Mountain West,0.64,4.35,3.72,769,819,core-v1,2023
2023,postseason,1,Boston College,ACC,0.4,4.23,3.83,759,697,core-v1,2023
2023,postseason,1,Memphis,American Athletic,0.08,6.99,6.92,782,770,core-v1,2023
2023,postseason,1,California,Pac-12,-0.24,-1.87,-1.64,770,778,core-v1,2023
2023,postseason,1,Rutgers,Big Ten,-0.38,-3.82,-3.43,712,727,core-v1,2023
2023,postseason,1,Wyoming,Mountain West,-0.39,-1.24,-0.86,642,726,core-v1,2023
2023,postseason,1,Jacksonville State,Conference USA,-0.47,-9.33,-8.86,870,845,core-v1,2023
2023,postseason,1,Tulane,American Athletic,-0.53,-3.23,-2.7,826,828,core-v1,2023
2023,postseason,1,Arkansas,SEC,-0.59,-6.32,-5.73,663,627,core-v1,2023
2023,postseason,1,Pittsburgh,ACC,-0.65,-7.21,-6.56,609,728,core-v1,2023
2023,postseason,1,Northern Illinois,Mid-American,-1.04,-1.14,-0.1,701,691,core-v1,2023
2023,postseason,1,Auburn,SEC,-1.28,-4.85,-3.57,664,696,core-v1,2023
2023,postseason,1,Washington State,Pac-12,-1.32,-2.63,-1.32,634,635,core-v1,2023
2023,postseason,1,San José State,Mountain West,-1.48,0.92,2.4,639,709,core-v1,2023
2023,postseason,1,UTSA,American Athletic,-1.55,-3.53,-1.98,895,863,core-v1,2023
2023,postseason,1,Fresno State,Mountain West,-1.78,0.3,2.08,729,721,core-v1,2023
2023,postseason,1,UNLV,Mountain West,-1.9,2.89,4.8,824,790,core-v1,2023
2023,postseason,1,Miami (OH),Mid-American,-2.06,-8.91,-6.85,688,834,core-v1,2023
2023,postseason,1,Old Dominion,Sun Belt,-2.11,-5.22,-3.11,713,862,core-v1,2023
2023,postseason,1,Louisiana,Sun Belt,-2.35,5.78,8.13,723,827,core-v1,2023
2023,postseason,1,Northwestern,Big Ten,-2.35,-5.94,-3.58,715,748,core-v1,2023
2023,postseason,1,UAB,American Athletic,-2.8,7.15,9.95,692,736,core-v1,2023
2023,postseason,1,Colorado,Pac-12,-2.92,0.91,3.83,710,766,core-v1,2023
2023,postseason,1,South Carolina,SEC,-2.98,-1.43,1.55,680,765,core-v1,2023
2023,postseason,1,Marshall,Sun Belt,-3.63,-3.53,0.1,764,780,core-v1,2023
2023,postseason,1,Bowling Green,Mid-American,-3.86,-2.12,1.74,613,637,core-v1,2023
2023,postseason,1,Iowa,Big Ten,-3.88,-20.59,-16.71,777,907,core-v1,2023
2023,postseason,1,Arkansas State,Sun Belt,-4.35,0.49,4.84,670,740,core-v1,2023
2023,postseason,1,Houston,Big 12,-4.53,1.26,5.78,715,805,core-v1,2023
2023,postseason,1,Middle Tennessee,Conference USA,-4.73,-4.32,0.41,709,748,core-v1,2023
2023,postseason,1,Mississippi State,SEC,-4.87,-8.74,-3.86,619,679,core-v1,2023
2023,postseason,1,Minnesota,Big Ten,-5.06,-4.77,0.29,760,760,core-v1,2023
2023,postseason,1,Western Kentucky,Conference USA,-5.84,-0.09,5.75,781,823,core-v1,2023
2023,postseason,1,Wake Forest,ACC,-6.04,-2.88,3.15,672,694,core-v1,2023
2023,postseason,1,South Florida,American Athletic,-6.31,-0.57,5.74,828,760,core-v1,2023
2023,postseason,1,Cincinnati,Big 12,-6.41,0.13,6.54,745,621,core-v1,2023
2023,postseason,1,Rice,American Athletic,-6.52,-0.08,6.44,680,741,core-v1,2023
2023,postseason,1,Sam Houston,Conference USA,-6.99,-8.58,-1.59,690,726,core-v1,2023
2023,postseason,1,Louisiana Tech,Conference USA,-7.46,-3.55,3.91,680,693,core-v1,2023
2023,postseason,1,Virginia,ACC,-8.07,-2.75,5.31,677,704,core-v1,2023
2023,postseason,1,Georgia State,Sun Belt,-8.19,-4.95,3.23,742,727,core-v1,2023
2023,postseason,1,Georgia Southern,Sun Belt,-8.19,-1.63,6.56,741,676,core-v1,2023
2023,postseason,1,BYU,Big 12,-8.66,-10.26,-1.6,593,700,core-v1,2023
2023,postseason,1,New Mexico,Mountain West,-8.96,4.54,13.51,647,566,core-v1,2023
2023,postseason,1,North Texas,American Athletic,-8.98,6.34,15.32,776,716,core-v1,2023
2023,postseason,1,Indiana,Big Ten,-9.39,-2.17,7.22,652,709,core-v1,2023
2023,postseason,1,Ball State,Mid-American,-10.23,-8.75,1.48,600,606,core-v1,2023
2023,postseason,1,Arizona State,Pac-12,-10.29,-6.87,3.42,627,642,core-v1,2023
2023,postseason,1,Tulsa,American Athletic,-10.34,-1.1,9.24,674,635,core-v1,2023
2023,postseason,1,Buffalo,Mid-American,-10.8,-13.34,-2.54,721,635,core-v1,2023
2023,postseason,1,UTEP,Conference USA,-11.13,-6.12,5.01,676,689,core-v1,2023
2023,postseason,1,Colorado State,Mountain West,-11.17,-6.69,4.48,682,696,core-v1,2023
2023,postseason,1,Hawai'i,Mountain West,-11.39,-4.72,6.67,655,659,core-v1,2023
2023,postseason,1,San Diego State,Mountain West,-12.28,-3.01,9.27,657,666,core-v1,2023
2023,postseason,1,Navy,American Athletic,-12.33,-14.07,-1.74,612,638,core-v1,2023
2023,postseason,1,Baylor,Big 12,-12.43,-4.15,8.28,678,670,core-v1,2023
2023,postseason,1,Southern Miss,Sun Belt,-13.15,-7.91,5.25,684,646,core-v1,2023
2023,postseason,1,Michigan State,Big Ten,-13.22,-8.25,4.97,580,621,core-v1,2023
2023,postseason,1,Army,FBS Independents,-13.35,-3.94,9.41,591,562,core-v1,2023
2023,postseason,1,Stanford,Pac-12,-13.6,-5.86,7.75,614,645,core-v1,2023
2023,postseason,1,Central Michigan,Mid-American,-13.7,-2.2,11.51,652,658,core-v1,2023
2023,postseason,1,Florida Atlantic,American Athletic,-14.35,-8.1,6.25,616,749,core-v1,2023
2023,postseason,1,Charlotte,American Athletic,-14.88,-13.33,1.56,676,675,core-v1,2023
2023,postseason,1,Western Michigan,Mid-American,-14.91,-5.55,9.35,681,641,core-v1,2023
2023,postseason,1,Massachusetts,FBS Independents,-14.96,0.53,15.49,577,585,core-v1,2023
2023,postseason,1,East Carolina,American Athletic,-15.02,-15.35,-0.32,653,681,core-v1,2023
2023,postseason,1,Temple,American Athletic,-15.18,-7.78,7.4,674,686,core-v1,2023
2023,postseason,1,Florida International,Conference USA,-15.39,-9.03,6.36,623,695,core-v1,2023
2023,postseason,1,Vanderbilt,SEC,-16.33,-10.08,6.25,600,721,core-v1,2023
2023,postseason,1,Akron,Mid-American,-16.39,-14.15,2.25,583,630,core-v1,2023
2023,postseason,1,UConn,FBS Independents,-16.61,-10.54,6.07,597,662,core-v1,2023
2023,postseason,1,UL Monroe,Sun Belt,-17.81,-13.72,4.1,584,735,core-v1,2023
2023,postseason,1,Nevada,Mountain West,-19.01,-16.15,2.86,625,649,core-v1,2023
2023,postseason,1,Eastern Michigan,Mid-American,-19.45,-15.09,4.36,639,748,core-v1,2023
2023,postseason,1,Kent State,Mid-American,-26.71,-13.42,13.29,581,602,core-v1,2023
2024,postseason,1,Ohio State,Big Ten,37.25,22.01,-15.24,836,813,core-v1,2024
2024,postseason,1,Notre Dame,FBS Independents,28.49,10.64,-17.85,901,884,core-v1,2024
2024,postseason,1,Penn State,Big Ten,25.45,12.93,-12.52,954,910,core-v1,2024
2024,postseason,1,Texas,SEC,22.66,6.58,-16.08,969,864,core-v1,2024
2024,postseason,1,Ole Miss,SEC,21.95,9.43,-12.52,734,710,core-v1,2024
2024,postseason,1,Miami,ACC,20.56,18.21,-2.35,794,696,core-v1,2024
2024,postseason,1,Indiana,Big Ten,20.07,12.39,-7.67,660,641,core-v1,2024
2024,postseason,1,Kansas State,Big 12,19.44,10.75,-8.68,737,711,core-v1,2024
2024,postseason,1,Oregon,Big Ten,18.93,14.2,-4.73,783,702,core-v1,2024
2024,postseason,1,SMU,ACC,17.21,4.38,-12.83,798,793,core-v1,2024
2024,postseason,1,Arizona State,Big 12,15.59,10.74,-4.86,889,801,core-v1,2024
2024,postseason,1,Louisville,ACC,15.25,12.54,-2.71,729,767,core-v1,2024
2024,postseason,1,Georgia,SEC,14.76,6.83,-7.93,837,828,core-v1,2024
2024,postseason,1,Boise State,Mountain West,14.22,10.69,-3.53,830,771,core-v1,2024
2024,postseason,1,Washington,Big Ten,14.01,8.0,-6.01,717,728,core-v1,2024
2024,postseason,1,South Carolina,SEC,13.92,5.73,-8.19,780,715,core-v1,2024
2024,postseason,1,Navy,American Athletic,13.57,11.1,-2.47,634,707,core-v1,2024
2024,postseason,1,Colorado,Big 12,13.57,1.47,-12.1,685,748,core-v1,2024
2024,postseason,1,Alabama,SEC,13.46,5.56,-7.91,681,766,core-v1,2024
2024,postseason,1,BYU,Big 12,13.3,5.85,-7.45,733,709,core-v1,2024
2024,postseason,1,Tennessee,SEC,13.21,2.95,-10.26,753,673,core-v1,2024
2024,postseason,1,Minnesota,Big Ten,12.28,1.29,-10.99,702,690,core-v1,2024
2024,postseason,1,USC,Big Ten,12.21,10.26,-1.95,873,806,core-v1,2024
2024,postseason,1,UCF,Big 12,12.21,8.98,-3.23,677,665,core-v1,2024
2024,postseason,1,Arkansas,SEC,12.13,7.0,-5.13,782,787,core-v1,2024
2024,postseason,1,Auburn,SEC,11.95,2.1,-9.85,691,710,core-v1,2024
2024,postseason,1,Texas A&M,SEC,11.66,4.73,-6.94,758,731,core-v1,2024
2024,postseason,1,Baylor,Big 12,11.04,10.11,-0.93,779,776,core-v1,2024
2024,postseason,1,Tulane,American Athletic,10.8,4.57,-6.23,711,702,core-v1,2024
2024,postseason,1,TCU,Big 12,9.79,10.16,0.37,758,763,core-v1,2024
2024,postseason,1,Kansas,Big 12,9.76,17.85,8.09,672,672,core-v1,2024
2024,postseason,1,Clemson,ACC,9.71,7.26,-2.45,823,748,core-v1,2024
2024,postseason,1,Florida,SEC,9.12,3.02,-6.1,676,805,core-v1,2024
2024,postseason,1,Iowa State,Big 12,8.28,4.35,-3.93,874,746,core-v1,2024
2024,postseason,1,LSU,SEC,7.8,6.57,-1.23,806,703,core-v1,2024
2024,postseason,1,UNLV,Mountain West,7.79,-1.58,-9.38,798,800,core-v1,2024
2024,postseason,1,Army,American Athletic,7.49,10.45,2.96,686,674,core-v1,2024
2024,postseason,1,Georgia Tech,ACC,6.91,5.62,-1.29,791,717,core-v1,2024
2024,postseason,1,California,ACC,6.89,1.37,-5.52,791,747,core-v1,2024
2024,postseason,1,NC State,ACC,6.72,8.04,1.32,656,710,core-v1,2024
2024,postseason,1,Missouri,SEC,6.69,1.28,-5.41,741,636,core-v1,2024
2024,postseason,1,South Alabama,Sun Belt,5.68,5.36,-0.32,725,766,core-v1,2024
2024,postseason,1,Miami (OH),Mid-American,5.28,0.64,-4.64,697,790,core-v1,2024
2024,postseason,1,Nebraska,Big Ten,4.79,1.28,-3.52,756,625,core-v1,2024
2024,postseason,1,Iowa,Big Ten,4.7,-0.28,-4.97,636,698,core-v1,2024
2024,postseason,1,Northern Illinois,Mid-American,4.7,-1.87,-6.57,832,704,core-v1,2024
2024,postseason,1,UCLA,Big Ten,4.64,-1.15,-5.79,715,736,core-v1,2024
2024,postseason,1,Cincinnati,Big 12,4.38,2.65,-1.72,716,648,core-v1,2024
2024,postseason,1,Texas State,Sun Belt,4.04,5.69,1.65,779,698,core-v1,2024
2024,postseason,1,Virginia Tech,ACC,3.93,-2.26,-6.2,799,843,core-v1,2024
2024,postseason,1,Oklahoma,SEC,3.56,-8.39,-11.95,730,716,core-v1,2024
2024,postseason,1,Ohio,Mid-American,3.44,1.96,-1.48,782,717,core-v1,2024
2024,postseason,1,Liberty,Conference USA,3.41,0.87,-2.54,723,710,core-v1,2024
2024,postseason,1,Syracuse,ACC,3.4,10.64,7.24,857,702,core-v1,2024
2024,postseason,1,James Madison,Sun Belt,3.25,-6.27,-9.52,761,689,core-v1,2024
2024,postseason,1,Illinois,Big Ten,3.18,6.35,3.16,704,835,core-v1,2024
2024,postseason,1,Louisiana,Sun Belt,2.51,6.22,3.71,751,795,core-v1,2024
2024,postseason,1,Jacksonville State,Conference USA,2.37,4.52,2.15,835,860,core-v1,2024
2024,postseason,1,Texas Tech,Big 12,2.25,2.46,0.21,831,733,core-v1,2024
2024,postseason,1,San José State,Mountain West,2.05,-0.03,-2.08,754,857,core-v1,2024
2024,postseason,1,Marshall,Sun Belt,1.82,1.2,-0.62,711,756,core-v1,2024
2024,postseason,1,Duke,ACC,1.48,-7.09,-8.57,740,835,core-v1,2024
2024,postseason,1,Michigan,Big Ten,1.43,-6.35,-7.78,751,790,core-v1,2024
2024,postseason,1,Utah,Big 12,1.24,-11.98,-13.22,686,732,core-v1,2024
2024,postseason,1,Pittsburgh,ACC,0.89,-6.73,-7.61,736,773,core-v1,2024
2024,postseason,1,Memphis,American Athletic,0.43,3.21,2.79,860,736,core-v1,2024
2024,postseason,1,Bowling Green,Mid-American,-0.08,-1.65,-1.57,788,719,core-v1,2024
2024,postseason,1,Sam Houston,Conference USA,-0.3,-4.88,-4.58,783,766,core-v1,2024
2024,postseason,1,Fresno State,Mountain West,-0.62,-6.56,-5.94,640,785,core-v1,2024
2024,postseason,1,Old Dominion,Sun Belt,-0.67,1.2,1.86,767,816,core-v1,2024
2024,postseason,1,South Florida,American Athletic,-1.26,-4.59,-3.33,739,776,core-v1,2024
2024,postseason,1,UConn,FBS Independents,-1.35,-4.79,-3.44,757,747,core-v1,2024
2024,postseason,1,Toledo,Mid-American,-1.9,-7.42,-5.52,739,802,core-v1,2024
2024,postseason,1,Arizona,Big 12,-2.39,0.63,3.03,602,634,core-v1,2024
2024,postseason,1,Washington State,Pac-12,-2.43,4.65,7.09,755,784,core-v1,2024
2024,postseason,1,East Carolina,American Athletic,-2.54,-0.87,1.67,750,836,core-v1,2024
2024,postseason,1,Boston College,ACC,-2.8,-2.06,0.74,787,771,core-v1,2024
2024,postseason,1,Maryland,Big Ten,-2.81,-4.34,-1.53,711,664,core-v1,2024
2024,postseason,1,Kentucky,SEC,-3.34,-5.83,-2.49,620,622,core-v1,2024
2024,postseason,1,Colorado State,Mountain West,-3.71,-4.08,-0.37,710,783,core-v1,2024
2024,postseason,1,West Virginia,Big 12,-3.78,3.82,7.6,765,711,core-v1,2024
2024,postseason,1,UTSA,American Athletic,-4.02,-7.04,-3.03,825,726,core-v1,2024
2024,postseason,1,Vanderbilt,SEC,-4.36,2.07,6.43,707,755,core-v1,2024
2024,postseason,1,Wisconsin,Big Ten,-4.55,-5.41,-0.86,654,636,core-v1,2024
2024,postseason,1,Nevada,Mountain West,-4.88,1.91,6.8,715,740,core-v1,2024
2024,postseason,1,Troy,Sun Belt,-5.05,-2.87,2.18,689,655,core-v1,2024
2024,postseason,1,North Carolina,ACC,-5.28,1.07,6.35,738,751,core-v1,2024
2024,postseason,1,Houston,Big 12,-5.41,-11.85,-6.44,632,673,core-v1,2024
2024,postseason,1,New Mexico,Mountain West,-5.74,12.88,18.62,700,700,core-v1,2024
2024,postseason,1,UAB,American Athletic,-5.79,0.1,5.89,637,620,core-v1,2024
2024,postseason,1,Rutgers,Big Ten,-5.95,0.74,6.69,793,713,core-v1,2024
2024,postseason,1,Georgia Southern,Sun Belt,-6.14,-1.43,4.71,776,766,core-v1,2024
2024,postseason,1,Air Force,Mountain West,-6.38,-5.78,0.6,702,599,core-v1,2024
2024,postseason,1,App State,Sun Belt,-6.41,3.66,10.08,634,566,core-v1,2024
2024,postseason,1,Rice,American Athletic,-6.57,-6.62,-0.05,695,644,core-v1,2024
2024,postseason,1,Michigan State,Big Ten,-6.73,-7.15,-0.43,629,634,core-v1,2024
2024,postseason,1,Coastal Carolina,Sun Belt,-7.4,-1.41,5.99,685,758,core-v1,2024
2024,postseason,1,Buffalo,Mid-American,-7.58,-6.75,0.83,712,719,core-v1,2024
2024,postseason,1,Florida International,Conference USA,-7.82,-9.26,-1.44,641,725,core-v1,2024
2024,postseason,1,Hawai'i,Mountain West,-8.08,-6.9,1.18,648,620,core-v1,2024
2024,postseason,1,UL Monroe,Sun Belt,-8.15,-5.34,2.81,597,678,core-v1,2024
2024,postseason,1,Oklahoma State,Big 12,-8.22,2.97,11.2,612,713,core-v1,2024
2024,postseason,1,Mississippi State,SEC,-8.6,1.38,9.97,667,741,core-v1,2024
2024,postseason,1,Louisiana Tech,Conference USA,-9.96,-12.75,-2.79,775,732,core-v1,2024
2024,postseason,1,North Texas,American Athletic,-10.06,0.54,10.59,798,809,core-v1,2024
2024,postseason,1,Stanford,ACC,-10.28,-6.93,3.35,679,656,core-v1,2024
2024,postseason,1,Northwestern,Big Ten,-10.31,-11.15,-0.84,611,661,core-v1,2024
2024,postseason,1,Wake Forest,ACC,-10.55,-3.6,6.95,737,753,core-v1,2024
2024,postseason,1,Georgia State,Sun Belt,-11.18,-2.53,8.65,692,702,core-v1,2024
2024,postseason,1,Virginia,ACC,-11.39,-6.62,4.77,694,698,core-v1,2024
2024,postseason,1,Florida Atlantic,American Athletic,-11.6,-4.19,7.4,625,657,core-v1,2024
2024,postseason,1,Florida State,ACC,-11.85,-10.64,1.21,627,686,core-v1,2024
2024,postseason,1,Western Kentucky,Conference USA,-11.88,-0.79,11.08,776,775,core-v1,2024
2024,postseason,1,Utah State,Mountain West,-12.14,1.66,13.8,655,645,core-v1,2024
2024,postseason,1,Central Michigan,Mid-American,-13.0,-5.82,7.17,623,665,core-v1,2024
2024,postseason,1,Oregon State,Pac-12,-13.67,-4.43,9.24,704,619,core-v1,2024
2024,postseason,1,Wyoming,Mountain West,-13.69,-11.43,2.26,664,658,core-v1,2024
2024,postseason,1,Massachusetts,FBS Independents,-13.72,0.18,13.9,612,531,core-v1,2024
2024,postseason,1,Charlotte,American Athletic,-13.88,-6.51,7.37,580,666,core-v1,2024
2024,postseason,1,UTEP,Conference USA,-14.24,-15.18,-0.93,635,708,core-v1,2024
2024,postseason,1,Arkansas State,Sun Belt,-14.26,-2.6,11.65,761,723,core-v1,2024
2024,postseason,1,Akron,Mid-American,-14.98,-9.89,5.09,621,695,core-v1,2024
2024,postseason,1,Western Michigan,Mid-American,-15.76,-0.24,15.52,628,644,core-v1,2024
2024,postseason,1,Purdue,Big Ten,-17.76,-6.55,11.2,475,600,core-v1,2024
2024,postseason,1,Eastern Michigan,Mid-American,-17.83,-9.45,8.38,731,582,core-v1,2024
2024,postseason,1,Middle Tennessee,Conference USA,-17.89,-4.82,13.07,614,668,core-v1,2024
2024,postseason,1,Temple,American Athletic,-18.21,-14.85,3.36,709,734,core-v1,2024
2024,postseason,1,San Diego State,Mountain West,-19.39,-12.89,6.5,669,755,core-v1,2024
2024,postseason,1,Ball State,Mid-American,-19.53,-4.29,15.24,660,662,core-v1,2024
2024,postseason,1,Kennesaw State,Conference USA,-21.31,-16.8,4.5,615,698,core-v1,2024
2024,postseason,1,New Mexico State,Conference USA,-21.88,-11.33,10.54,587,613,core-v1,2024
2024,postseason,1,Tulsa,American Athletic,-26.66,-15.92,10.74,583,624,core-v1,2024
2024,postseason,1,Kent State,Mid-American,-29.0,-12.45,16.55,398,584,core-v1,2024
2024,postseason,1,Southern Miss,Sun Belt,-30.01,-16.95,13.06,566,631,core-v1,2024
2025,postseason,1,Ohio State,Big Ten,33.82,11.97,-21.85,734,594,core-v1,2025
2025,postseason,1,Texas Tech,Big 12,28.47,2.21,-26.26,783,683,core-v1,2025
2025,postseason,1,Indiana,Big Ten,28.15,15.77,-12.39,822,681,core-v1,2025
2025,postseason,1,Notre Dame,FBS Independents,27.69,15.7,-11.99,558,581,core-v1,2025
2025,postseason,1,Oregon,Big Ten,27.57,15.39,-12.18,764,724,core-v1,2025
2025,postseason,1,Miami,ACC,24.55,9.7,-14.85,893,860,core-v1,2025
2025,postseason,1,Vanderbilt,SEC,23.42,25.21,1.79,676,682,core-v1,2025
2025,postseason,1,Washington,Big Ten,21.33,12.74,-8.6,673,692,core-v1,2025
2025,postseason,1,USC,Big Ten,20.49,16.02,-4.47,777,740,core-v1,2025
2025,postseason,1,Utah,Big 12,20.44,14.35,-6.09,697,608,core-v1,2025
2025,postseason,1,James Madison,Sun Belt,18.27,4.8,-13.46,784,683,core-v1,2025
2025,postseason,1,Texas A&M,SEC,18.17,9.36,-8.81,787,688,core-v1,2025
2025,postseason,1,Missouri,SEC,17.99,4.29,-13.69,793,674,core-v1,2025
2025,postseason,1,Georgia,SEC,17.18,8.48,-8.7,836,684,core-v1,2025
2025,postseason,1,Alabama,SEC,16.11,6.74,-9.37,855,799,core-v1,2025
2025,postseason,1,Louisville,ACC,15.22,2.01,-13.2,710,752,core-v1,2025
2025,postseason,1,Toledo,Mid-American,15.17,3.03,-12.14,671,662,core-v1,2025
2025,postseason,1,South Florida,American Athletic,14.2,9.79,-4.4,732,725,core-v1,2025
2025,postseason,1,SMU,ACC,13.54,8.68,-4.86,755,835,core-v1,2025
2025,postseason,1,Ole Miss,SEC,13.48,12.65,-0.84,948,876,core-v1,2025
2025,postseason,1,Old Dominion,Sun Belt,13.37,0.18,-13.18,671,668,core-v1,2025
2025,postseason,1,BYU,Big 12,13.35,8.11,-5.24,833,802,core-v1,2025
2025,postseason,1,Texas State,Sun Belt,11.87,14.42,2.54,725,689,core-v1,2025
2025,postseason,1,Iowa,Big Ten,11.4,2.7,-8.7,630,632,core-v1,2025
2025,postseason,1,Penn State,Big Ten,11.39,7.4,-4.0,697,675,core-v1,2025
2025,postseason,1,Michigan,Big Ten,11.38,7.67,-3.71,786,823,core-v1,2025
2025,postseason,1,Auburn,SEC,11.35,-0.38,-11.74,726,699,core-v1,2025
2025,postseason,1,Arizona,Big 12,10.99,4.49,-6.5,751,698,core-v1,2025
2025,postseason,1,Florida State,ACC,10.63,10.44,-0.19,700,666,core-v1,2025
2025,postseason,1,Texas,SEC,10.56,5.19,-5.37,772,805,core-v1,2025
2025,postseason,1,Tennessee,SEC,10.23,13.05,2.82,773,756,core-v1,2025
2025,postseason,1,Pittsburgh,ACC,10.13,2.34,-7.8,625,611,core-v1,2025
2025,postseason,1,Oklahoma,SEC,9.88,-5.15,-15.03,749,732,core-v1,2025
2025,postseason,1,North Texas,American Athletic,9.55,15.7,6.15,828,854,core-v1,2025
2025,postseason,1,San Diego State,Mountain West,9.36,-2.85,-12.21,664,721,core-v1,2025
2025,postseason,1,Arizona State,Big 12,8.67,0.59,-8.08,836,802,core-v1,2025
2025,postseason,1,TCU,Big 12,8.31,4.68,-3.63,791,777,core-v1,2025
2025,postseason,1,Navy,American Athletic,7.95,11.38,3.43,736,730,core-v1,2025
2025,postseason,1,Georgia Tech,ACC,7.93,11.0,3.07,782,750,core-v1,2025
2025,postseason,1,Virginia,ACC,7.82,-0.23,-8.05,878,733,core-v1,2025
2025,postseason,1,Illinois,Big Ten,7.67,7.14,-0.53,714,718,core-v1,2025
2025,postseason,1,Iowa State,Big 12,7.47,3.66,-3.82,746,691,core-v1,2025
2025,postseason,1,Kansas State,Big 12,6.77,2.76,-4.01,668,788,core-v1,2025
2025,postseason,1,Kansas,Big 12,5.95,10.89,4.95,644,684,core-v1,2025
2025,postseason,1,Washington State,Pac-12,5.35,0.86,-4.49,737,653,core-v1,2025
2025,postseason,1,East Carolina,American Athletic,5.24,0.02,-5.22,812,696,core-v1,2025
2025,postseason,1,Tulane,American Athletic,5.08,4.44,-0.64,874,899,core-v1,2025
2025,postseason,1,Kentucky,SEC,4.99,-2.56,-7.54,624,657,core-v1,2025
2025,postseason,1,Wake Forest,ACC,4.65,-7.43,-12.08,750,747,core-v1,2025
2025,postseason,1,Arkansas,SEC,4.6,15.2,10.6,659,700,core-v1,2025
2025,postseason,1,Clemson,ACC,4.24,1.25,-2.99,763,746,core-v1,2025
2025,postseason,1,Baylor,Big 12,4.09,6.72,2.63,778,746,core-v1,2025
2025,postseason,1,South Carolina,SEC,3.81,-2.28,-6.09,639,706,core-v1,2025
2025,postseason,1,Florida,SEC,3.69,0.33,-3.36,631,707,core-v1,2025
2025,postseason,1,NC State,ACC,3.61,4.4,0.79,711,756,core-v1,2025
2025,postseason,1,LSU,SEC,3.55,-5.72,-9.27,721,789,core-v1,2025
2025,postseason,1,UTSA,American Athletic,2.69,2.74,0.06,672,630,core-v1,2025
2025,postseason,1,Memphis,American Athletic,2.66,3.36,0.7,774,765,core-v1,2025
2025,postseason,1,Boise State,Mountain West,2.12,-1.98,-4.09,850,712,core-v1,2025
2025,postseason,1,Cincinnati,Big 12,1.75,8.32,6.57,689,853,core-v1,2025
2025,postseason,1,Western Michigan,Mid-American,1.29,-5.76,-7.04,788,748,core-v1,2025
2025,postseason,1,Duke,ACC,0.17,7.93,7.75,854,856,core-v1,2025
2025,postseason,1,UNLV,Mountain West,0.09,9.86,9.77,779,775,core-v1,2025
2025,postseason,1,Army,American Athletic,-0.2,0.63,0.83,767,689,core-v1,2025
2025,postseason,1,Houston,Big 12,-0.48,-0.16,0.32,846,757,core-v1,2025
2025,postseason,1,New Mexico,Mountain West,-0.61,-3.17,-2.56,733,757,core-v1,2025
2025,postseason,1,Marshall,Sun Belt,-0.62,-0.02,0.6,720,742,core-v1,2025
2025,postseason,1,UCLA,Big Ten,-0.73,-0.4,0.34,611,615,core-v1,2025
2025,postseason,1,Louisiana Tech,Conference USA,-0.92,-3.6,-2.69,754,777,core-v1,2025
2025,postseason,1,UConn,FBS Independents,-1.33,6.37,7.7,726,810,core-v1,2025
2025,postseason,1,Northwestern,Big Ten,-1.78,-0.8,0.98,718,653,core-v1,2025
2025,postseason,1,Ohio,Mid-American,-2.28,1.96,4.25,775,716,core-v1,2025
2025,postseason,1,Southern Miss,Sun Belt,-2.4,-3.34,-0.94,779,813,core-v1,2025
2025,postseason,1,San José State,Mountain West,-2.75,-0.08,2.67,705,703,core-v1,2025
2025,postseason,1,Fresno State,Mountain West,-2.91,-6.18,-3.27,736,739,core-v1,2025
2025,postseason,1,Central Michigan,Mid-American,-3.29,-2.59,0.7,667,703,core-v1,2025
2025,postseason,1,Mississippi State,SEC,-3.31,-2.74,0.57,813,798,core-v1,2025
2025,postseason,1,UCF,Big 12,-3.43,-4.44,-1.02,673,676,core-v1,2025
2025,postseason,1,Western Kentucky,Conference USA,-3.69,-4.82,-1.13,790,821,core-v1,2025
2025,postseason,1,Utah State,Mountain West,-3.94,-0.54,3.39,719,849,core-v1,2025
2025,postseason,1,Stanford,ACC,-4.16,-7.01,-2.85,621,706,core-v1,2025
2025,postseason,1,Wisconsin,Big Ten,-4.3,-8.88,-4.59,600,669,core-v1,2025
2025,postseason,1,Liberty,Conference USA,-4.37,2.21,6.58,629,625,core-v1,2025
2025,postseason,1,Kennesaw State,Conference USA,-4.62,1.66,6.29,853,838,core-v1,2025
2025,postseason,1,Miami (OH),Mid-American,-4.8,-6.25,-1.45,762,833,core-v1,2025
2025,postseason,1,Hawai'i,Mountain West,-5.78,-0.39,5.39,788,698,core-v1,2025
2025,postseason,1,Nebraska,Big Ten,-6.17,-0.67,5.5,671,667,core-v1,2025
2025,postseason,1,Boston College,ACC,-6.21,-0.09,6.12,683,651,core-v1,2025
2025,postseason,1,Missouri State,Conference USA,-6.47,0.77,7.24,754,750,core-v1,2025
2025,postseason,1,Rutgers,Big Ten,-6.69,6.59,13.28,723,603,core-v1,2025
2025,postseason,1,North Carolina,ACC,-6.7,-5.96,0.74,580,684,core-v1,2025
2025,postseason,1,Purdue,Big Ten,-6.94,-1.99,4.95,589,618,core-v1,2025
2025,postseason,1,Maryland,Big Ten,-7.04,-7.44,-0.4,655,700,core-v1,2025
2025,postseason,1,California,ACC,-7.53,-4.79,2.75,801,760,core-v1,2025
2025,postseason,1,Tulsa,American Athletic,-7.76,-8.99,-1.23,809,801,core-v1,2025
2025,postseason,1,Minnesota,Big Ten,-7.77,-5.44,2.33,651,695,core-v1,2025
2025,postseason,1,Temple,American Athletic,-7.81,-0.77,7.04,563,598,core-v1,2025
2025,postseason,1,Florida Atlantic,American Athletic,-9.56,0.64,10.21,692,704,core-v1,2025
2025,postseason,1,Virginia Tech,ACC,-9.65,-0.01,9.64,646,685,core-v1,2025
2025,postseason,1,Jacksonville State,Conference USA,-9.67,-4.14,5.53,854,845,core-v1,2025
2025,postseason,1,West Virginia,Big 12,-9.94,-10.28,-0.34,669,712,core-v1,2025
2025,postseason,1,Michigan State,Big Ten,-10.06,-5.41,4.66,664,655,core-v1,2025
2025,postseason,1,Florida International,Conference USA,-10.13,-7.67,2.46,666,677,core-v1,2025
2025,postseason,1,UL Monroe,Sun Belt,-10.13,-5.02,5.11,552,697,core-v1,2025
2025,postseason,1,App State,Sun Belt,-10.24,-4.68,5.56,776,774,core-v1,2025
2025,postseason,1,Troy,Sun Belt,-10.36,-10.22,0.14,826,841,core-v1,2025
2025,postseason,1,Colorado,Big 12,-10.37,-5.3,5.07,685,737,core-v1,2025
2025,postseason,1,New Mexico State,Conference USA,-10.98,-9.93,1.04,739,761,core-v1,2025
2025,postseason,1,Oregon State,Pac-12,-11.16,-7.6,3.55,682,597,core-v1,2025
2025,postseason,1,Eastern Michigan,Mid-American,-11.46,0.13,11.6,671,694,core-v1,2025
2025,postseason,1,Nevada,Mountain West,-11.49,-8.41,3.08,521,597,core-v1,2025
2025,postseason,1,Middle Tennessee,Conference USA,-11.71,-3.45,8.27,740,687,core-v1,2025
2025,postseason,1,Air Force,Mountain West,-12.24,8.91,21.15,754,633,core-v1,2025
2025,postseason,1,Wyoming,Mountain West,-12.29,-15.15,-2.86,688,700,core-v1,2025
2025,postseason,1,Colorado State,Mountain West,-12.92,-3.45,9.47,617,709,core-v1,2025
2025,postseason,1,Coastal Carolina,Sun Belt,-13.02,-6.68,6.35,655,753,core-v1,2025
2025,postseason,1,South Alabama,Sun Belt,-13.1,-3.08,10.02,770,707,core-v1,2025
2025,postseason,1,Bowling Green,Mid-American,-13.9,-11.64,2.26,658,628,core-v1,2025
2025,postseason,1,Delaware,Conference USA,-14.18,-3.49,10.69,780,750,core-v1,2025
2025,postseason,1,Georgia Southern,Sun Belt,-14.23,3.28,17.51,729,764,core-v1,2025
2025,postseason,1,UAB,American Athletic,-14.54,-3.88,10.66,653,621,core-v1,2025
2025,postseason,1,Arkansas State,Sun Belt,-15.12,-10.71,4.42,805,748,core-v1,2025
2025,postseason,1,Akron,Mid-American,-15.34,-10.29,5.06,683,648,core-v1,2025
2025,postseason,1,Buffalo,Mid-American,-15.71,-14.7,1.01,713,751,core-v1,2025
2025,postseason,1,Kent State,Mid-American,-16.92,-6.01,10.92,523,655,core-v1,2025
2025,postseason,1,Georgia State,Sun Belt,-16.97,-5.71,11.26,686,694,core-v1,2025
2025,postseason,1,Louisiana,Sun Belt,-18.02,-6.61,11.41,741,772,core-v1,2025
2025,postseason,1,Syracuse,ACC,-18.35,-13.72,4.63,630,634,core-v1,2025
2025,postseason,1,UTEP,Conference USA,-18.89,-20.37,-1.47,694,787,core-v1,2025
2025,postseason,1,Rice,American Athletic,-19.92,-15.06,4.85,644,684,core-v1,2025
2025,postseason,1,Oklahoma State,Big 12,-20.82,-12.44,8.38,604,653,core-v1,2025
2025,postseason,1,Northern Illinois,Mid-American,-21.29,-14.43,6.85,597,683,core-v1,2025
2025,postseason,1,Ball State,Mid-American,-22.1,-17.62,4.48,611,633,core-v1,2025
2025,postseason,1,Charlotte,American Athletic,-22.68,-18.33,4.35,535,692,core-v1,2025
2025,postseason,1,Sam Houston,Conference USA,-23.15,-12.7,10.45,677,775,core-v1,2025
2025,postseason,1,Massachusetts,Mid-American,-30.52,-17.22,13.3,548,601,core-v1,2025
