overall_rank,position_rank,tier,full_name,position,team,depth_rank,status,rookie_2026,headshot_url,headshot,hulk_score,overall_score,adp,value_vs_adp,pass_yards,pass_td,rush_yards,rush_td,targets,receptions,rec_yards,rec_td,air_yard_share
1,1,1,Jaxon Smith-Njigba,WR,SEA,1.0,ACT,False,"https://static.www.nfl.com/image/upload/f_auto,q_auto/league/yx1xjrupbqdknnjaq4a6","https://static.www.nfl.com/image/upload/f_auto,q_auto/league/yx1xjrupbqdknnjaq4a6",133.04680623889763,143.69055073800945,,,0.0,0.0,0.0,0.0,163.0,119.0,1793.0,10.0,48.56095427141123
2,2,1,Amon-Ra St. Brown,WR,DET,1.0,ACT,False,"https://static.www.nfl.com/image/upload/f_auto,q_auto/league/fd8nwhm6pvxfyzphzl6i","https://static.www.nfl.com/image/upload/f_auto,q_auto/league/fd8nwhm6pvxfyzphzl6i",130.23531839738672,140.65414386917766,,,0.0,0.0,0.0,0.0,172.0,117.0,1401.0,11.0,38.40736121770274
3,3,1,Puka Nacua,WR,LA,1.0,ACT,False,"https://static.www.nfl.com/image/upload/f_auto,q_auto/league/ipy6qw7hdygdfc8k86ba","https://static.www.nfl.com/image/upload/f_auto,q_auto/league/ipy6qw7hdygdfc8k86ba",128.46389788773527,138.7410097187541,,,0.0,0.0,0.0,0.0,166.0,129.0,1715.0,10.0,27.896412515599394
4,4,1,Ja'Marr Chase,WR,CIN,1.0,ACT,False,"https://static.www.nfl.com/image/upload/f_auto,q_auto/league/qya3dtjb5kgofcuj2tuw","https://static.www.nfl.com/image/upload/f_auto,q_auto/league/qya3dtjb5kgofcuj2tuw",123.79021736697092,133.6934347563286,,,0.0,0.0,0.0,0.0,185.0,125.0,1412.0,8.0,34.08570221946999
5,5,1,Chris Olave,WR,NO,1.0,ACT,False,"https://static.www.nfl.com/image/upload/f_auto,q_auto/league/onmxufsprtvglhejg94o","https://static.www.nfl.com/image/upload/f_auto,q_auto/league/onmxufsprtvglhejg94o",116.75727934740407,126.0978616951964,,,0.0,0.0,0.0,0.0,156.0,100.0,1163.0,9.0,39.32485827548183
6,1,1,Matthew Stafford,QB,LA,1.0,ACT,False,"https://static.www.nfl.com/image/upload/f_auto,q_auto/league/jwpkjfrkzufdyh8u1mg7","https://static.www.nfl.com/image/upload/f_auto,q_auto/league/jwpkjfrkzufdyh8u1mg7",142.75,125.62,,,4707.0,46.0,0.0,0.0,0.0,0.0,0.0,0.0,0.0
7,1,1,Trey McBride,TE,ARI,1.0,ACT,False,"https://static.www.nfl.com/image/upload/f_auto,q_auto/league/psasp10nn5pcvkli9kil","https://static.www.nfl.com/image/upload/f_auto,q_auto/league/psasp10nn5pcvkli9kil",128.25701598579042,120.56159502664299,,,0.0,0.0,0.0,0.0,169.0,126.0,1239.0,11.0,25.785079928952047
8,6,1,George Pickens,WR,DAL,2.0,ACT,False,"https://static.www.nfl.com/image/upload/f_auto,q_auto/league/cbpyykoguf7rsxezqzvk","https://static.www.nfl.com/image/upload/f_auto,q_auto/league/cbpyykoguf7rsxezqzvk",105.58064142351493,114.02709273739613,,,0.0,0.0,0.0,0.0,137.0,93.0,1429.0,9.0,31.730130194497757
9,7,1,Davante Adams,WR,LA,2.0,ACT,False,"https://static.www.nfl.com/image/upload/f_auto,q_auto/league/tdzluk4xau3arxqk9zsl","https://static.www.nfl.com/image/upload/f_auto,q_auto/league/tdzluk4xau3arxqk9zsl",104.30551411781171,112.64995524723666,,,0.0,0.0,0.0,0.0,114.0,60.0,789.0,14.0,28.33526289675082
10,1,1,Jonathan Taylor,RB,IND,1.0,ACT,False,"https://static.www.nfl.com/image/upload/f_auto,q_auto/league/yw46ky6akdm7h7siofu8","https://static.www.nfl.com/image/upload/f_auto,q_auto/league/yw46ky6akdm7h7siofu8",101.64285714285714,109.77428571428571,,,0.0,0.0,1585.0,18.0,0.0,0.0,0.0,0.0,0.0
11,8,1,Tetairoa McMillan,WR,CAR,1.0,ACT,False,"https://static.www.nfl.com/image/upload/f_auto,q_auto/league/gilgvjemumd6kpc9eiku","https://static.www.nfl.com/image/upload/f_auto,q_auto/league/gilgvjemumd6kpc9eiku",100.9857972682534,109.06466104971369,,,0.0,0.0,0.0,0.0,122.0,70.0,1013.0,7.0,44.50590941819013
12,9,1,Courtland Sutton,WR,DEN,1.0,ACT,False,"https://static.www.nfl.com/image/upload/f_auto,q_auto/league/kqwmqcrlrwmqcvfuguhs","https://static.www.nfl.com/image/upload/f_auto,q_auto/league/kqwmqcrlrwmqcvfuguhs",99.76989287361059,107.75148430349944,,,0.0,0.0,0.0,0.0,124.0,74.0,1017.0,7.0,35.618695137283716
13,10,1,A.J. Brown,WR,NE,1.0,ACT,False,"https://static.www.nfl.com/image/upload/f_auto,q_auto/league/qfhvjyssf0lwsh0kienp","https://static.www.nfl.com/image/upload/f_auto,q_auto/league/qfhvjyssf0lwsh0kienp",98.35367448284856,106.22196844147645,,,0.0,0.0,0.0,0.0,121.0,78.0,1003.0,7.0,33.36452626039665
14,11,2,Nico Collins,WR,HOU,1.0,ACT,False,"https://static.www.nfl.com/image/upload/f_auto,q_auto/league/fguybjrn1kwflxm5szwq","https://static.www.nfl.com/image/upload/f_auto,q_auto/league/fguybjrn1kwflxm5szwq",97.01480456087111,104.7759889257408,,,0.0,0.0,0.0,0.0,120.0,71.0,1117.0,6.0,34.15094588127861
15,12,2,Emeka Egbuka,WR,TB,1.0,ACT,False,"https://static.www.nfl.com/image/upload/f_auto,q_auto/league/z224kbzs62rjuykc0vha","https://static.www.nfl.com/image/upload/f_auto,q_auto/league/z224kbzs62rjuykc0vha",96.28299754311921,103.98563734656875,,,0.0,0.0,0.0,0.0,127.0,63.0,938.0,6.0,35.51114156174991
16,2,1,Derrick Henry,RB,BAL,1.0,ACT,False,"https://static.www.nfl.com/image/upload/f_auto,q_auto/league/tm79x0iknqg6hms3ypyt","https://static.www.nfl.com/image/upload/f_auto,q_auto/league/tm79x0iknqg6hms3ypyt",95.78571428571428,103.44857142857143,,,0.0,0.0,1595.0,16.0,0.0,0.0,0.0,0.0,0.0
17,13,2,Zay Flowers,WR,BAL,1.0,ACT,False,"https://static.www.nfl.com/image/upload/f_auto,q_auto/league/xzhto2dejy2pflkfx40c","https://static.www.nfl.com/image/upload/f_auto,q_auto/league/xzhto2dejy2pflkfx40c",95.074776826983,102.68075897314165,,,0.0,0.0,0.0,0.0,118.0,86.0,1211.0,5.0,34.720037981068806
18,2,1,Jared Goff,QB,DET,1.0,ACT,False,"https://static.www.nfl.com/image/upload/f_auto,q_auto/league/kaicbot8qhzrvddilbtp","https://static.www.nfl.com/image/upload/f_auto,q_auto/league/kaicbot8qhzrvddilbtp",115.55555555555557,101.6888888888889,,,4564.0,34.0,0.0,0.0,0.0,0.0,0.0,0.0,0.0
19,14,2,Drake London,WR,ATL,1.0,ACT,False,"https://static.www.nfl.com/image/upload/f_auto,q_auto/league/mcllowcfrmmdeo4zy3g1","https://static.www.nfl.com/image/upload/f_auto,q_auto/league/mcllowcfrmmdeo4zy3g1",94.04797881613469,101.57181712142547,,,0.0,0.0,0.0,0.0,112.0,68.0,919.0,7.0,29.547586388365744
20,15,2,Tee Higgins,WR,CIN,2.0,ACT,False,"https://static.www.nfl.com/image/upload/f_auto,q_auto/league/gpwtyv3viwy9q4ewderl","https://static.www.nfl.com/image/upload/f_auto,q_auto/league/gpwtyv3viwy9q4ewderl",92.32394958570197,99.70986555255813,,,0.0,0.0,0.0,0.0,98.0,59.0,846.0,11.0,29.04282485158676
21,16,2,Michael Wilson,WR,ARI,2.0,ACT,False,"https://static.www.nfl.com/image/upload/f_auto,q_auto/league/hm2b9z4zujjmbiyldh8n","https://static.www.nfl.com/image/upload/f_auto,q_auto/league/hm2b9z4zujjmbiyldh8n",90.3654221888236,97.5946559639295,,,0.0,0.0,0.0,0.0,126.0,78.0,1006.0,7.0,31.942495559502664
22,17,2,Justin Jefferson,WR,MIN,1.0,ACT,False,"https://static.www.nfl.com/image/upload/f_auto,q_auto/league/htjevkugzk6ietrjysny","https://static.www.nfl.com/image/upload/f_auto,q_auto/league/htjevkugzk6ietrjysny",90.05083317986063,97.25489983424949,,,0.0,0.0,0.0,0.0,141.0,84.0,1048.0,2.0,38.388781283918576
23,3,1,Drake Maye,QB,NE,1.0,ACT,False,"https://static.www.nfl.com/image/upload/f_auto,q_auto/league/s1nmoon2xnrc3bnyulv4","https://static.www.nfl.com/image/upload/f_auto,q_auto/league/s1nmoon2xnrc3bnyulv4",108.01111111111112,95.04977777777779,,,4394.0,31.0,0.0,0.0,0.0,0.0,0.0,0.0,0.0
24,18,2,DeVonta Smith,WR,PHI,1.0,ACT,False,"https://static.www.nfl.com/image/upload/f_auto,q_auto/league/k724kq3hyv7jc0y9s03x","https://static.www.nfl.com/image/upload/f_auto,q_auto/league/k724kq3hyv7jc0y9s03x",87.22410514489142,94.20203355648275,,,0.0,0.0,0.0,0.0,113.0,77.0,1008.0,4.0,32.33206418599556
25,19,2,DK Metcalf,WR,PIT,1.0,ACT,False,"https://static.www.nfl.com/image/upload/f_auto,q_auto/league/kxql4sjfelubhxawu2zh","https://static.www.nfl.com/image/upload/f_auto,q_auto/league/kxql4sjfelubhxawu2zh",87.14958155465942,94.12154807903218,,,0.0,0.0,0.0,0.0,99.0,59.0,850.0,6.0,31.613292388681735
26,20,2,Alec Pierce,WR,IND,1.0,ACT,False,"https://static.www.nfl.com/image/upload/f_auto,q_auto/league/qcg9t51wgp3hicavmkmy","https://static.www.nfl.com/image/upload/f_auto,q_auto/league/qcg9t51wgp3hicavmkmy",86.89943075662231,93.8513852171521,,,0.0,0.0,0.0,0.0,84.0,47.0,1003.0,6.0,37.34330762926538
27,21,2,Ladd McConkey,WR,LAC,1.0,ACT,False,"https://static.www.nfl.com/image/upload/f_auto,q_auto/league/q2sk7yforrkiusvruo1o","https://static.www.nfl.com/image/upload/f_auto,q_auto/league/q2sk7yforrkiusvruo1o",86.40850450182378,93.3211848619697,,,0.0,0.0,0.0,0.0,106.0,66.0,789.0,6.0,23.850214816811196
28,22,2,Jameson Williams,WR,DET,2.0,ACT,False,"https://static.www.nfl.com/image/upload/f_auto,q_auto/league/byiptqggtglvy5qrw5wp","https://static.www.nfl.com/image/upload/f_auto,q_auto/league/byiptqggtglvy5qrw5wp",86.30324563302307,93.20750528366491,,,0.0,0.0,0.0,0.0,102.0,65.0,1109.0,7.0,33.708535857423044
29,23,2,CeeDee Lamb,WR,DAL,1.0,ACT,False,"https://static.www.nfl.com/image/upload/f_auto,q_auto/league/mbblzwtynxr15ovzkevi","https://static.www.nfl.com/image/upload/f_auto,q_auto/league/mbblzwtynxr15ovzkevi",85.46662540892666,92.3039554416408,,,0.0,0.0,0.0,0.0,117.0,75.0,1077.0,3.0,28.236973198479465
30,4,1,Dak Prescott,QB,DAL,1.0,ACT,False,"https://static.www.nfl.com/image/upload/f_auto,q_auto/league/yvscmqq1qki8zfsemmcd","https://static.www.nfl.com/image/upload/f_auto,q_auto/league/yvscmqq1qki8zfsemmcd",104.28888888888889,91.77422222222222,,,4552.0,30.0,0.0,0.0,0.0,0.0,0.0,0.0,0.0
31,3,1,James Cook,RB,BUF,1.0,ACT,False,"https://static.www.nfl.com/image/upload/f_auto,q_auto/league/anjbznqb9i21wzcgrtbs","https://static.www.nfl.com/image/upload/f_auto,q_auto/league/anjbznqb9i21wzcgrtbs",84.15714285714286,90.88971428571429,,,0.0,0.0,1621.0,12.0,0.0,0.0,0.0,0.0,0.0
32,24,2,Wan'Dale Robinson,WR,TEN,2.0,ACT,False,"https://static.www.nfl.com/image/upload/f_auto,q_auto/league/yzcvyhmilvxedfjfjglc","https://static.www.nfl.com/image/upload/f_auto,q_auto/league/yzcvyhmilvxedfjfjglc",84.12637635322507,90.85648646148309,,,0.0,0.0,0.0,0.0,140.0,92.0,1014.0,4.0,27.63188176612534
33,4,1,Jahmyr Gibbs,RB,DET,1.0,ACT,False,"https://static.www.nfl.com/image/upload/f_auto,q_auto/league/cursejnmmp1i9hnxihkj","https://static.www.nfl.com/image/upload/f_auto,q_auto/league/cursejnmmp1i9hnxihkj",81.47142857142858,87.98914285714287,,,0.0,0.0,1223.0,13.0,0.0,0.0,0.0,0.0,0.0
34,25,3,Rome Odunze,WR,CHI,1.0,ACT,False,"https://static.www.nfl.com/image/upload/f_auto,q_auto/league/niewdl2p2325kpohbw9v","https://static.www.nfl.com/image/upload/f_auto,q_auto/league/niewdl2p2325kpohbw9v",81.33449227044682,87.84125165208256,,,0.0,0.0,0.0,0.0,90.0,44.0,661.0,6.0,28.326307506080262
35,2,1,Dallas Goedert,TE,PHI,1.0,ACT,False,"https://static.www.nfl.com/image/upload/f_auto,q_auto/league/bafepstxu7vvxb9v5vua","https://static.www.nfl.com/image/upload/f_auto,q_auto/league/bafepstxu7vvxb9v5vua",93.3260752630564,87.72651074727301,,,0.0,0.0,0.0,0.0,82.0,60.0,591.0,11.0,13.880376315281914
36,26,3,Michael Pittman,WR,PIT,2.0,ACT,False,"https://static.www.nfl.com/image/upload/f_auto,q_auto/league/q1ythn05kwcmdr4mwzll","https://static.www.nfl.com/image/upload/f_auto,q_auto/league/q1ythn05kwcmdr4mwzll",81.07056697958576,87.55621233795263,,,0.0,0.0,0.0,0.0,111.0,80.0,793.0,7.0,20.60283489792877
37,27,3,Jaylen Waddle,WR,DEN,2.0,ACT,False,"https://static.www.nfl.com/image/upload/f_auto,q_auto/league/gkh7m1jedon9mwn5jlf1","https://static.www.nfl.com/image/upload/f_auto,q_auto/league/gkh7m1jedon9mwn5jlf1",80.74905352881655,87.20897781112187,,,0.0,0.0,0.0,0.0,100.0,64.0,910.0,6.0,38.745267644082716
38,5,2,Caleb Williams,QB,CHI,1.0,ACT,False,"https://static.www.nfl.com/image/upload/f_auto,q_auto/league/h4qs11kutwiw7whekmyt","https://static.www.nfl.com/image/upload/f_auto,q_auto/league/h4qs11kutwiw7whekmyt",97.9,86.152,,,3942.0,27.0,0.0,0.0,0.0,0.0,0.0,0.0,0.0
39,28,3,Tre Tucker,WR,LV,1.0,ACT,False,"https://static.www.nfl.com/image/upload/f_auto,q_auto/league/hazzk3hrcequzosdgzgv","https://static.www.nfl.com/image/upload/f_auto,q_auto/league/hazzk3hrcequzosdgzgv",79.53053056728474,85.89297301266753,,,0.0,0.0,0.0,0.0,92.0,57.0,696.0,5.0,29.114191297962183
40,29,3,DJ Moore,WR,BUF,1.0,ACT,False,"https://static.www.nfl.com/image/upload/f_auto,q_auto/league/lsavpxtqoqu25emwcnvy","https://static.www.nfl.com/image/upload/f_auto,q_auto/league/lsavpxtqoqu25emwcnvy",78.85744546202667,85.16604109898881,,,0.0,0.0,0.0,0.0,85.0,50.0,667.0,6.0,21.72953500244102
41,6,2,Trevor Lawrence,QB,JAX,1.0,ACT,False,"https://static.www.nfl.com/image/upload/f_auto,q_auto/league/k9uzdernqkx7oquy7dkg","https://static.www.nfl.com/image/upload/f_auto,q_auto/league/k9uzdernqkx7oquy7dkg",96.66111111111113,85.06177777777779,,,4007.0,29.0,0.0,0.0,0.0,0.0,0.0,0.0,0.0
42,3,1,Kyle Pitts,TE,ATL,1.0,ACT,False,"https://static.www.nfl.com/image/upload/f_auto,q_auto/league/xczipzxvytnmvgznhhb4","https://static.www.nfl.com/image/upload/f_auto,q_auto/league/xczipzxvytnmvgznhhb4",90.10292919276651,84.69675344120051,,,0.0,0.0,0.0,0.0,118.0,88.0,928.0,5.0,20.681312630499242
43,30,3,Quentin Johnston,WR,LAC,2.0,ACT,False,"https://static.www.nfl.com/image/upload/f_auto,q_auto/league/lyvsrjh4mjb4dqwp6shm","https://static.www.nfl.com/image/upload/f_auto,q_auto/league/lyvsrjh4mjb4dqwp6shm",76.98868311484637,83.14777776403409,,,0.0,0.0,0.0,0.0,84.0,51.0,735.0,8.0,23.404954035770338
44,4,1,Jake Ferguson,TE,DAL,1.0,ACT,False,"https://static.www.nfl.com/image/upload/f_auto,q_auto/league/xpykb0tbosfwsn6dqstb","https://static.www.nfl.com/image/upload/f_auto,q_auto/league/xpykb0tbosfwsn6dqstb",88.05874004818824,82.77521564529694,,,0.0,0.0,0.0,0.0,102.0,82.0,600.0,8.0,9.79370024094118
45,5,2,Harold Fannin Jr.,TE,CLE,1.0,ACT,False,"https://static.www.nfl.com/image/upload/f_auto,q_auto/league/fxublmpnxx9uggsddwik","https://static.www.nfl.com/image/upload/f_auto,q_auto/league/fxublmpnxx9uggsddwik",86.76701277539914,81.56099200887519,,,0.0,0.0,0.0,0.0,107.0,72.0,731.0,6.0,18.168397210328948
46,5,1,Javonte Williams,RB,DAL,1.0,ACT,False,"https://static.www.nfl.com/image/upload/f_auto,q_auto/league/xvwroirev2kie6oiphtz","https://static.www.nfl.com/image/upload/f_auto,q_auto/league/xvwroirev2kie6oiphtz",75.15714285714286,81.16971428571429,,,0.0,0.0,1201.0,11.0,0.0,0.0,0.0,0.0,0.0
47,6,2,Travis Kelce,TE,KC,1.0,ACT,False,"https://static.www.nfl.com/image/upload/f_auto,q_auto/league/dpxovcfku6ud2aohgf6a","https://static.www.nfl.com/image/upload/f_auto,q_auto/league/dpxovcfku6ud2aohgf6a",85.49563769628114,80.36589943450426,,,0.0,0.0,0.0,0.0,108.0,76.0,851.0,5.0,16.561521814738953
48,7,2,Hunter Henry,TE,NE,1.0,ACT,False,"https://static.www.nfl.com/image/upload/f_auto,q_auto/league/cvlunbqgztudbhjrug7l","https://static.www.nfl.com/image/upload/f_auto,q_auto/league/cvlunbqgztudbhjrug7l",85.15523225499308,80.04591831969348,,,0.0,0.0,0.0,0.0,87.0,60.0,768.0,7.0,16.02616127496543
49,31,3,Jerry Jeudy,WR,CLE,1.0,ACT,False,"https://static.www.nfl.com/image/upload/f_auto,q_auto/league/szca1v9butuqkjs7ekpm","https://static.www.nfl.com/image/upload/f_auto,q_auto/league/szca1v9butuqkjs7ekpm",74.04085803141602,79.96412667392931,,,0.0,0.0,0.0,0.0,106.0,50.0,602.0,2.0,36.3965978493878
50,7,2,Jalen Hurts,QB,PHI,1.0,ACT,False,"https://static.www.nfl.com/image/upload/f_auto,q_auto/league/xow5yvxjeqa6witmofmp","https://static.www.nfl.com/image/upload/f_auto,q_auto/league/xow5yvxjeqa6witmofmp",90.71111111111112,79.82577777777779,,,3224.0,25.0,0.0,0.0,0.0,0.0,0.0,0.0,0.0
51,8,2,Brock Bowers,TE,LV,1.0,ACT,False,"https://static.www.nfl.com/image/upload/f_auto,q_auto/league/waorceny0ggpaeckaol8","https://static.www.nfl.com/image/upload/f_auto,q_auto/league/waorceny0ggpaeckaol8",83.95672847438956,78.91932476592619,,,0.0,0.0,0.0,0.0,86.0,64.0,680.0,7.0,18.61697570528119
52,32,3,Stefon Diggs,WR,WAS,2.0,ACT,False,"https://static.www.nfl.com/image/upload/f_auto,q_auto/league/cemcexmscsarpvwhafln","https://static.www.nfl.com/image/upload/f_auto,q_auto/league/cemcexmscsarpvwhafln",73.02535578950305,78.8673842526633,,,0.0,0.0,0.0,0.0,102.0,85.0,1013.0,4.0,19.70370202443835
53,8,2,Baker Mayfield,QB,TB,1.0,ACT,False,"https://static.www.nfl.com/image/upload/f_auto,q_auto/league/gjb8e69jtt1ffqf1afue","https://static.www.nfl.com/image/upload/f_auto,q_auto/league/gjb8e69jtt1ffqf1afue",89.51666666666667,78.77466666666666,,,3693.0,26.0,0.0,0.0,0.0,0.0,0.0,0.0,0.0
54,6,1,Kyren Williams,RB,LA,1.0,ACT,False,"https://static.www.nfl.com/image/upload/f_auto,q_auto/league/xti3pek6rmojqchakxpy","https://static.www.nfl.com/image/upload/f_auto,q_auto/league/xti3pek6rmojqchakxpy",72.88571428571429,78.71657142857143,,,0.0,0.0,1252.0,10.0,0.0,0.0,0.0,0.0,0.0
55,33,3,Jauan Jennings,WR,MIN,3.0,ACT,False,"https://static.www.nfl.com/image/upload/f_auto,q_auto/league/ben8kbygzzlid6ltmdum","https://static.www.nfl.com/image/upload/f_auto,q_auto/league/ben8kbygzzlid6ltmdum",72.8644580462252,78.69361468992322,,,0.0,0.0,0.0,0.0,90.0,55.0,643.0,9.0,22.3607517695875
56,34,3,Parker Washington,WR,JAX,2.0,ACT,False,"https://static.www.nfl.com/image/upload/f_auto,q_auto/league/yn0hc5xrz5nqeccg8two","https://static.www.nfl.com/image/upload/f_auto,q_auto/league/yn0hc5xrz5nqeccg8two",72.70429251295462,78.520635913991,,,0.0,0.0,0.0,0.0,95.0,58.0,847.0,5.0,24.617616410927006
57,9,2,Bo Nix,QB,DEN,1.0,ACT,False,"https://static.www.nfl.com/image/upload/f_auto,q_auto/league/zvo9xatffmqn9lnukpgk","https://static.www.nfl.com/image/upload/f_auto,q_auto/league/zvo9xatffmqn9lnukpgk",88.6388888888889,78.00222222222223,,,3931.0,25.0,0.0,0.0,0.0,0.0,0.0,0.0,0.0
58,7,1,Christian McCaffrey,RB,SF,1.0,ACT,False,"https://static.www.nfl.com/image/upload/f_auto,q_auto/league/st82s2ytyzanatcmkqck","https://static.www.nfl.com/image/upload/f_auto,q_auto/league/st82s2ytyzanatcmkqck",72.17142857142858,77.94514285714287,,,0.0,0.0,1202.0,10.0,0.0,0.0,0.0,0.0,0.0
59,10,2,Josh Allen,QB,BUF,1.0,ACT,False,"https://static.www.nfl.com/image/upload/f_auto,q_auto/league/mjwbioajzldkq1vzoz2d","https://static.www.nfl.com/image/upload/f_auto,q_auto/league/mjwbioajzldkq1vzoz2d",88.37777777777778,77.77244444444445,,,3668.0,25.0,0.0,0.0,0.0,0.0,0.0,0.0,0.0
60,35,3,Romeo Doubs,WR,NE,2.0,ACT,False,"https://static.www.nfl.com/image/upload/f_auto,q_auto/league/yxvzijmgwyyigljxfmyb","https://static.www.nfl.com/image/upload/f_auto,q_auto/league/yxvzijmgwyyigljxfmyb",71.79556764331483,77.53921305478002,,,0.0,0.0,0.0,0.0,85.0,55.0,724.0,6.0,27.03553052426645
61,9,2,Tyler Warren,TE,IND,1.0,ACT,False,"https://static.www.nfl.com/image/upload/f_auto,q_auto/league/f1mfwwrr3qvnxuiackgq","https://static.www.nfl.com/image/upload/f_auto,q_auto/league/f1mfwwrr3qvnxuiackgq",82.28755960363583,77.35030602741767,,,0.0,0.0,0.0,0.0,112.0,76.0,817.0,4.0,14.354464684845775
62,11,3,Aaron Rodgers,QB,PIT,1.0,ACT,False,"https://static.www.nfl.com/image/upload/f_auto,q_auto/league/dypvakakxhccxs67tb0y","https://static.www.nfl.com/image/upload/f_auto,q_auto/league/dypvakakxhccxs67tb0y",87.85555555555555,77.31288888888889,,,3322.0,24.0,0.0,0.0,0.0,0.0,0.0,0.0,0.0
63,12,3,Justin Herbert,QB,LAC,1.0,ACT,False,"https://static.www.nfl.com/image/upload/f_auto,q_auto/league/jnkspnntgebegzp4ghve","https://static.www.nfl.com/image/upload/f_auto,q_auto/league/jnkspnntgebegzp4ghve",87.30555555555557,76.8288888888889,,,3727.0,26.0,0.0,0.0,0.0,0.0,0.0,0.0,0.0
64,13,3,Jordan Love,QB,GB,1.0,ACT,False,"https://static.www.nfl.com/image/upload/f_auto,q_auto/league/thz8stjkbjwddxqnozi5","https://static.www.nfl.com/image/upload/f_auto,q_auto/league/thz8stjkbjwddxqnozi5",87.18333333333334,76.72133333333333,,,3381.0,23.0,0.0,0.0,0.0,0.0,0.0,0.0,0.0
65,36,3,Christian Watson,WR,GB,1.0,ACT,False,"https://static.www.nfl.com/image/upload/f_auto,q_auto/league/tumeg4d32sirkab2xzu5","https://static.www.nfl.com/image/upload/f_auto,q_auto/league/tumeg4d32sirkab2xzu5",70.97046009893319,76.64809690684785,,,0.0,0.0,0.0,0.0,55.0,35.0,611.0,6.0,24.102300494665954
66,37,3,Rashee Rice,WR,KC,1.0,ACT,False,"https://static.www.nfl.com/image/upload/f_auto,q_auto/league/qhkbqrydjeur8zvrrmfl","https://static.www.nfl.com/image/upload/f_auto,q_auto/league/qhkbqrydjeur8zvrrmfl",69.96376095790441,75.56086183453677,,,0.0,0.0,0.0,0.0,78.0,53.0,571.0,5.0,8.395727866445105
67,38,3,Brian Thomas Jr.,WR,JAX,1.0,ACT,False,"https://static.www.nfl.com/image/upload/f_auto,q_auto/league/plnekkriys4cm11rnxwl","https://static.www.nfl.com/image/upload/f_auto,q_auto/league/plnekkriys4cm11rnxwl",69.93791749900592,75.5329508989264,,,0.0,0.0,0.0,0.0,91.0,48.0,707.0,2.0,26.554972110414166
68,39,3,Troy Franklin,WR,DEN,3.0,ACT,False,"https://static.www.nfl.com/image/upload/f_auto,q_auto/league/wgfbgxjntyqzojpizgaj","https://static.www.nfl.com/image/upload/f_auto,q_auto/league/wgfbgxjntyqzojpizgaj",69.9269551535827,75.52111156586932,,,0.0,0.0,0.0,0.0,104.0,65.0,709.0,6.0,30.096314229451938
69,14,3,Sam Darnold,QB,SEA,1.0,ACT,False,"https://static.www.nfl.com/image/upload/f_auto,q_auto/league/fyay8vruj0cqmhopufzk","https://static.www.nfl.com/image/upload/f_auto,q_auto/league/fyay8vruj0cqmhopufzk",85.6888888888889,75.40622222222223,,,4048.0,25.0,0.0,0.0,0.0,0.0,0.0,0.0,0.0
70,40,3,Deebo Samuel Sr.,WR,SF,2.0,ACT,False,"https://static.www.nfl.com/image/upload/f_auto,q_auto/league/ntgyhqg6hq7fanhhsqiw","https://static.www.nfl.com/image/upload/f_auto,q_auto/league/ntgyhqg6hq7fanhhsqiw",69.72625671271902,75.30435724973655,,,0.0,0.0,0.0,0.0,99.0,72.0,727.0,5.0,13.958206640518156
71,10,2,Colston Loveland,TE,CHI,1.0,ACT,False,"https://static.www.nfl.com/image/upload/f_auto,q_auto/league/cnxiyi76jeahgx94nh6d","https://static.www.nfl.com/image/upload/f_auto,q_auto/league/cnxiyi76jeahgx94nh6d",79.85403240128731,75.06279045721007,,,0.0,0.0,0.0,0.0,82.0,58.0,713.0,6.0,16.3534953397699
72,15,3,Jacoby Brissett,QB,ARI,1.0,ACT,False,"https://static.www.nfl.com/image/upload/f_auto,q_auto/league/qjswiunczrn5xmdiqhlz","https://static.www.nfl.com/image/upload/f_auto,q_auto/league/qjswiunczrn5xmdiqhlz",84.69999999999999,74.53599999999999,,,3366.0,23.0,0.0,0.0,0.0,0.0,0.0,0.0,0.0
73,41,3,Marvin Harrison Jr.,WR,ARI,1.0,ACT,False,"https://static.www.nfl.com/image/upload/f_auto,q_auto/league/hwpoo1icpnh8emjvqaii","https://static.www.nfl.com/image/upload/f_auto,q_auto/league/hwpoo1icpnh8emjvqaii",69.01192785899713,74.5328820877169,,,0.0,0.0,0.0,0.0,73.0,41.0,608.0,4.0,22.040408525754888
74,8,1,De'Von Achane,RB,MIA,1.0,ACT,False,"https://static.www.nfl.com/image/upload/f_auto,q_auto/league/xk1xwio0bryfxo1ylweu","https://static.www.nfl.com/image/upload/f_auto,q_auto/league/xk1xwio0bryfxo1ylweu",68.28571428571428,73.74857142857142,,,0.0,0.0,1350.0,8.0,0.0,0.0,0.0,0.0,0.0
75,42,3,Keenan Allen,WR,IND,3.0,ACT,False,"https://static.www.nfl.com/image/upload/f_auto,q_auto/league/ri267r6lzfwarh89hsn6","https://static.www.nfl.com/image/upload/f_auto,q_auto/league/ri267r6lzfwarh89hsn6",68.12976379645531,73.58014490017173,,,0.0,0.0,0.0,0.0,122.0,81.0,777.0,4.0,23.37958821304573
76,11,3,Juwan Johnson,TE,NO,1.0,ACT,False,"https://static.www.nfl.com/image/upload/f_auto,q_auto/league/ahzqkvhjot6lygwr4ccb","https://static.www.nfl.com/image/upload/f_auto,q_auto/league/ahzqkvhjot6lygwr4ccb",78.15068314059087,73.46164215215542,,,0.0,0.0,0.0,0.0,102.0,77.0,889.0,3.0,16.170082369620996
77,9,2,D'Andre Swift,RB,CHI,1.0,ACT,False,"https://static.www.nfl.com/image/upload/f_auto,q_auto/league/owpmwzoilitcodc6cmxo","https://static.www.nfl.com/image/upload/f_auto,q_auto/league/owpmwzoilitcodc6cmxo",67.52857142857142,72.93085714285715,,,0.0,0.0,1087.0,9.0,0.0,0.0,0.0,0.0,0.0
78,12,3,George Kittle,TE,SF,1.0,ACT,False,"https://static.www.nfl.com/image/upload/f_auto,q_auto/league/vkicdglglkyukgyxtmpx","https://static.www.nfl.com/image/upload/f_auto,q_auto/league/vkicdglglkyukgyxtmpx",77.46448214140429,72.81661321292003,,,0.0,0.0,0.0,0.0,69.0,57.0,628.0,7.0,11.739077373688065
79,10,2,Bijan Robinson,RB,ATL,1.0,ACT,False,"https://static.www.nfl.com/image/upload/f_auto,q_auto/league/esii5yb8yn9edboi4mlq","https://static.www.nfl.com/image/upload/f_auto,q_auto/league/esii5yb8yn9edboi4mlq",67.11428571428571,72.48342857142858,,,0.0,0.0,1478.0,7.0,0.0,0.0,0.0,0.0,0.0
80,13,3,Dalton Schultz,TE,HOU,1.0,ACT,False,"https://static.www.nfl.com/image/upload/f_auto,q_auto/league/ym8sbkev8l4scnrc0vd8","https://static.www.nfl.com/image/upload/f_auto,q_auto/league/ym8sbkev8l4scnrc0vd8",76.96328799659317,72.34549071679757,,,0.0,0.0,0.0,0.0,106.0,82.0,777.0,3.0,14.566439982965795
81,16,3,Patrick Mahomes,QB,KC,1.0,ACT,False,"https://static.www.nfl.com/image/upload/f_auto,q_auto/league/wdckwtob1lybvkmxnf7p","https://static.www.nfl.com/image/upload/f_auto,q_auto/league/wdckwtob1lybvkmxnf7p",80.12777777777778,70.51244444444444,,,3587.0,22.0,0.0,0.0,0.0,0.0,0.0,0.0,0.0
82,17,3,Bryce Young,QB,CAR,1.0,ACT,False,"https://static.www.nfl.com/image/upload/f_auto,q_auto/league/vcvhmxvxw2a3armle0af","https://static.www.nfl.com/image/upload/f_auto,q_auto/league/vcvhmxvxw2a3armle0af",79.12777777777778,69.63244444444445,,,3011.0,23.0,0.0,0.0,0.0,0.0,0.0,0.0,0.0
83,43,4,Khalil Shakir,WR,BUF,2.0,ACT,False,"https://static.www.nfl.com/image/upload/f_auto,q_auto/league/syvp3hficobwcsim3i9v","https://static.www.nfl.com/image/upload/f_auto,q_auto/league/syvp3hficobwcsim3i9v",64.26113592577843,69.40202679984071,,,0.0,0.0,0.0,0.0,95.0,72.0,686.0,4.0,9.786448859661398
84,14,3,Colby Parkinson,TE,LA,1.0,ACT,False,"https://static.www.nfl.com/image/upload/f_auto,q_auto/league/qsyrgtfjj06wryahnxc9","https://static.www.nfl.com/image/upload/f_auto,q_auto/league/qsyrgtfjj06wryahnxc9",72.39847389075163,68.05456545730652,,,0.0,0.0,0.0,0.0,56.0,43.0,408.0,8.0,4.992369453758137
85,18,3,Lamar Jackson,QB,BAL,1.0,ACT,False,"https://static.www.nfl.com/image/upload/f_auto,q_auto/league/eno6s5qzl9grbfbfwhoa","https://static.www.nfl.com/image/upload/f_auto,q_auto/league/eno6s5qzl9grbfbfwhoa",76.96111111111111,67.72577777777778,,,2549.0,21.0,0.0,0.0,0.0,0.0,0.0,0.0,0.0
86,44,4,Jakobi Meyers,WR,JAX,3.0,ACT,False,"https://static.www.nfl.com/image/upload/f_auto,q_auto/league/zrs4ij8mvw7wr1uujwew","https://static.www.nfl.com/image/upload/f_auto,q_auto/league/zrs4ij8mvw7wr1uujwew",62.5731934636681,67.57904894076155,,,0.0,0.0,0.0,0.0,110.0,75.0,835.0,3.0,21.13519808757126
87,45,4,Terry McLaurin,WR,WAS,1.0,ACT,False,"https://static.www.nfl.com/image/upload/f_auto,q_auto/league/tmfl2zruajmkrtcg4zxp","https://static.www.nfl.com/image/upload/f_auto,q_auto/league/tmfl2zruajmkrtcg4zxp",62.4288001460972,67.42310415778498,,,0.0,0.0,0.0,0.0,60.0,38.0,582.0,3.0,22.374769961255232
88,15,3,AJ Barner,TE,SEA,1.0,ACT,False,"https://static.www.nfl.com/image/upload/f_auto,q_auto/league/i0esiguve9if4ts5mm1q","https://static.www.nfl.com/image/upload/f_auto,q_auto/league/i0esiguve9if4ts5mm1q",71.56971845504452,67.27553534774185,,,0.0,0.0,0.0,0.0,68.0,52.0,519.0,6.0,8.598592275222614
89,11,2,Saquon Barkley,RB,PHI,1.0,ACT,False,"https://static.www.nfl.com/image/upload/f_auto,q_auto/league/qcayrzjpura2zydszonh","https://static.www.nfl.com/image/upload/f_auto,q_auto/league/qcayrzjpura2zydszonh",62.285714285714285,67.26857142857143,,,0.0,0.0,1140.0,7.0,0.0,0.0,0.0,0.0,0.0
90,12,2,Travis Etienne,RB,NO,1.0,ACT,False,"https://static.www.nfl.com/image/upload/f_auto,q_auto/league/pwko5dybmjie8qqo4qz2","https://static.www.nfl.com/image/upload/f_auto,q_auto/league/pwko5dybmjie8qqo4qz2",61.81428571428572,66.75942857142857,,,0.0,0.0,1107.0,7.0,0.0,0.0,0.0,0.0,0.0
91,46,4,Josh Downs,WR,IND,2.0,ACT,False,"https://static.www.nfl.com/image/upload/f_auto,q_auto/league/z3wahaxpmc6d5lcxgh60","https://static.www.nfl.com/image/upload/f_auto,q_auto/league/z3wahaxpmc6d5lcxgh60",61.794056399940395,66.73758091193564,,,0.0,0.0,0.0,0.0,88.0,58.0,559.0,4.0,15.970281999701976
92,47,4,Garrett Wilson,WR,NYJ,1.0,ACT,False,"https://static.www.nfl.com/image/upload/f_auto,q_auto/league/upxwxmhdd8xluztgqwhe","https://static.www.nfl.com/image/upload/f_auto,q_auto/league/upxwxmhdd8xluztgqwhe",61.22432453249871,66.12227049509862,,,0.0,0.0,0.0,0.0,59.0,36.0,395.0,4.0,16.98700727787818
93,19,4,Daniel Jones,QB,IND,1.0,ACT,False,"https://static.www.nfl.com/image/upload/f_auto,q_auto/league/ohvvctuykzwrpqer7xgl","https://static.www.nfl.com/image/upload/f_auto,q_auto/league/ohvvctuykzwrpqer7xgl",74.42777777777778,65.49644444444445,,,3101.0,19.0,0.0,0.0,0.0,0.0,0.0,0.0,0.0
94,13,2,Jacory Croskey-Merritt,RB,WAS,1.0,ACT,False,"https://static.www.nfl.com/image/upload/f_auto,q_auto/league/qew4qhlj4yuf50voko61","https://static.www.nfl.com/image/upload/f_auto,q_auto/league/qew4qhlj4yuf50voko61",60.5,65.34,,,0.0,0.0,805.0,8.0,0.0,0.0,0.0,0.0,0.0
95,20,4,C.J. Stroud,QB,HOU,1.0,ACT,False,"https://static.www.nfl.com/image/upload/f_auto,q_auto/league/tt4zrtxlhifaljhj0rn7","https://static.www.nfl.com/image/upload/f_auto,q_auto/league/tt4zrtxlhifaljhj0rn7",74.09444444444445,65.20311111111111,,,3041.0,19.0,0.0,0.0,0.0,0.0,0.0,0.0,0.0
96,48,4,Rashid Shaheed,WR,SEA,2.0,ACT,False,"https://static.www.nfl.com/image/upload/f_auto,q_auto/league/ku2naisfbxmzgagxojnm","https://static.www.nfl.com/image/upload/f_auto,q_auto/league/ku2naisfbxmzgagxojnm",60.15305593933256,64.96530041447917,,,0.0,0.0,0.0,0.0,92.0,59.0,687.0,2.0,22.919125850508955
97,49,4,Jordan Addison,WR,MIN,2.0,ACT,False,"https://static.www.nfl.com/image/upload/f_auto,q_auto/league/mi4lzk9gvjrvo6rwdf1e","https://static.www.nfl.com/image/upload/f_auto,q_auto/league/mi4lzk9gvjrvo6rwdf1e",60.10896014042803,64.91767695166227,,,0.0,0.0,0.0,0.0,79.0,42.0,610.0,3.0,29.87172377906321
98,16,3,Mark Andrews,TE,BAL,1.0,ACT,False,"https://static.www.nfl.com/image/upload/f_auto,q_auto/league/u4xzz7tclch0tpzm9hhz","https://static.www.nfl.com/image/upload/f_auto,q_auto/league/u4xzz7tclch0tpzm9hhz",68.77644184643384,64.6498553356478,,,0.0,0.0,0.0,0.0,70.0,48.0,422.0,5.0,16.215542565502506
99,14,2,David Montgomery,RB,HOU,1.0,ACT,False,"https://static.www.nfl.com/image/upload/f_auto,q_auto/league/csz0c9roa4pqsccothxg","https://static.www.nfl.com/image/upload/f_auto,q_auto/league/csz0c9roa4pqsccothxg",59.22857142857143,63.966857142857144,,,0.0,0.0,716.0,8.0,0.0,0.0,0.0,0.0,0.0
100,50,4,Mike Evans,WR,SF,1.0,ACT,False,"https://static.www.nfl.com/image/upload/f_auto,q_auto/league/zc4ujpmndyxrbiyyjomz","https://static.www.nfl.com/image/upload/f_auto,q_auto/league/zc4ujpmndyxrbiyyjomz",59.02816159809731,63.750414525945104,,,0.0,0.0,0.0,0.0,62.0,30.0,368.0,3.0,19.33311568279427
101,15,2,Quinshon Judkins,RB,CLE,1.0,ACT,False,"https://static.www.nfl.com/image/upload/f_auto,q_auto/league/ojtce2im0wp2ltyel0vc","https://static.www.nfl.com/image/upload/f_auto,q_auto/league/ojtce2im0wp2ltyel0vc",57.81428571428572,62.43942857142858,,,0.0,0.0,827.0,7.0,0.0,0.0,0.0,0.0,0.0
102,16,2,Chase Brown,RB,CIN,1.0,ACT,False,"https://static.www.nfl.com/image/upload/f_auto,q_auto/league/tch3y6jlj7khvyi9jg0c","https://static.www.nfl.com/image/upload/f_auto,q_auto/league/tch3y6jlj7khvyi9jg0c",57.55714285714286,62.16171428571429,,,0.0,0.0,1019.0,6.0,0.0,0.0,0.0,0.0,0.0
103,51,4,Malik Washington,WR,MIA,1.0,ACT,False,"https://static.www.nfl.com/image/upload/f_auto,q_auto/league/dmaiwnmaal9nrwfskl28","https://static.www.nfl.com/image/upload/f_auto,q_auto/league/dmaiwnmaal9nrwfskl28",57.259690681602315,61.84046593613051,,,0.0,0.0,0.0,0.0,65.0,46.0,317.0,3.0,10.6638380233962
104,17,3,Dalton Kincaid,TE,BUF,1.0,ACT,False,"https://static.www.nfl.com/image/upload/f_auto,q_auto/league/z7k857flehljboaixj8m","https://static.www.nfl.com/image/upload/f_auto,q_auto/league/z7k857flehljboaixj8m",65.36624224616389,61.444267711394055,,,0.0,0.0,0.0,0.0,49.0,39.0,571.0,5.0,12.997877897486127
105,17,2,Jaylen Warren,RB,PIT,1.0,ACT,False,"https://static.www.nfl.com/image/upload/f_auto,q_auto/league/dkiteytgnxar1mpaxcxv","https://static.www.nfl.com/image/upload/f_auto,q_auto/league/dkiteytgnxar1mpaxcxv",56.68571428571428,61.22057142857143,,,0.0,0.0,958.0,6.0,0.0,0.0,0.0,0.0,0.0
106,21,4,Brock Purdy,QB,SF,1.0,ACT,False,"https://static.www.nfl.com/image/upload/f_auto,q_auto/league/xs2fyj1sqdgwvt9ihbri","https://static.www.nfl.com/image/upload/f_auto,q_auto/league/xs2fyj1sqdgwvt9ihbri",69.03888888888889,60.754222222222225,,,2167.0,20.0,0.0,0.0,0.0,0.0,0.0,0.0,0.0
107,18,2,TreVeyon Henderson,RB,NE,2.0,ACT,False,"https://static.www.nfl.com/image/upload/f_auto,q_auto/league/ebcjvwytgu2y4kqm8ihv","https://static.www.nfl.com/image/upload/f_auto,q_auto/league/ebcjvwytgu2y4kqm8ihv",56.01428571428571,60.495428571428576,,,0.0,0.0,911.0,9.0,0.0,0.0,0.0,0.0,0.0
108,19,2,Tony Pollard,RB,TEN,1.0,ACT,False,"https://static.www.nfl.com/image/upload/f_auto,q_auto/league/mb2xdrqiys6ktlcuah2n","https://static.www.nfl.com/image/upload/f_auto,q_auto/league/mb2xdrqiys6ktlcuah2n",55.457142857142856,59.89371428571429,,,0.0,0.0,1082.0,5.0,0.0,0.0,0.0,0.0,0.0
109,52,4,Malik Nabers,WR,NYG,1.0,ACT,False,"https://static.www.nfl.com/image/upload/f_auto,q_auto/league/w3edoyyuomqlovvp9ixc","https://static.www.nfl.com/image/upload/f_auto,q_auto/league/w3edoyyuomqlovvp9ixc",55.424568590553655,59.85853407779795,,,0.0,0.0,0.0,0.0,32.0,16.0,251.0,2.0,62.81515064507597
110,20,2,Josh Jacobs,RB,GB,4.0,EXE,False,"https://static.www.nfl.com/image/upload/f_auto,q_auto/league/uceokxeo0uqrqms3e3vl","https://static.www.nfl.com/image/upload/f_auto,q_auto/league/uceokxeo0uqrqms3e3vl",55.27142857142857,59.69314285714286,,,0.0,0.0,929.0,13.0,0.0,0.0,0.0,0.0,0.0
111,22,4,Cam Ward,QB,TEN,1.0,ACT,False,"https://static.www.nfl.com/image/upload/f_auto,q_auto/league/l7switu6stlwd2irm8yo","https://static.www.nfl.com/image/upload/f_auto,q_auto/league/l7switu6stlwd2irm8yo",67.20555555555555,59.14088888888888,,,3169.0,15.0,0.0,0.0,0.0,0.0,0.0,0.0,0.0
112,21,3,Kenneth Walker III,RB,KC,1.0,ACT,False,"https://static.www.nfl.com/image/upload/f_auto,q_auto/league/vk6nruaqdewdglofcwwg","https://static.www.nfl.com/image/upload/f_auto,q_auto/league/vk6nruaqdewdglofcwwg",54.67142857142857,59.045142857142864,,,0.0,0.0,1027.0,5.0,0.0,0.0,0.0,0.0,0.0
113,22,3,Rhamondre Stevenson,RB,NE,1.0,ACT,False,"https://static.www.nfl.com/image/upload/f_auto,q_auto/league/zmpuirvuw4r04inxth5i","https://static.www.nfl.com/image/upload/f_auto,q_auto/league/zmpuirvuw4r04inxth5i",54.614285714285714,58.983428571428576,,,0.0,0.0,603.0,7.0,0.0,0.0,0.0,0.0,0.0
114,18,3,Chig Okonkwo,TE,WAS,1.0,ACT,False,"https://static.www.nfl.com/image/upload/f_auto,q_auto/league/pzcez6pi9tpdqkmjjnzk","https://static.www.nfl.com/image/upload/f_auto,q_auto/league/pzcez6pi9tpdqkmjjnzk",62.300766252455276,58.56272027730795,,,0.0,0.0,0.0,0.0,79.0,56.0,560.0,2.0,9.087164595609718
115,23,4,Joe Burrow,QB,CIN,1.0,ACT,False,"https://static.www.nfl.com/image/upload/f_auto,q_auto/league/gnnvcgui1cijybukk2w7","https://static.www.nfl.com/image/upload/f_auto,q_auto/league/gnnvcgui1cijybukk2w7",66.45,58.476000000000006,,,1809.0,17.0,0.0,0.0,0.0,0.0,0.0,0.0,0.0
116,19,4,Theo Johnson,TE,NYG,2.0,ACT,False,"https://static.www.nfl.com/image/upload/f_auto,q_auto/league/fv2jbzlocr1o3ahkru43","https://static.www.nfl.com/image/upload/f_auto,q_auto/league/fv2jbzlocr1o3ahkru43",62.02287910239963,58.30150635625564,,,0.0,0.0,0.0,0.0,74.0,45.0,528.0,5.0,13.61439551199816
117,23,3,Ashton Jeanty,RB,LV,1.0,ACT,False,"https://static.www.nfl.com/image/upload/f_auto,q_auto/league/syspis1mntov9kgspb7r","https://static.www.nfl.com/image/upload/f_auto,q_auto/league/syspis1mntov9kgspb7r",53.92857142857143,58.24285714285715,,,0.0,0.0,975.0,5.0,0.0,0.0,0.0,0.0,0.0
118,24,4,Tua Tagovailoa,QB,ATL,1.0,ACT,False,"https://static.www.nfl.com/image/upload/f_auto,q_auto/league/tmm4ohds7qci0vqoobhm","https://static.www.nfl.com/image/upload/f_auto,q_auto/league/tmm4ohds7qci0vqoobhm",65.77777777777777,57.88444444444444,,,2660.0,20.0,0.0,0.0,0.0,0.0,0.0,0.0,0.0
119,20,4,Pat Freiermuth,TE,PIT,1.0,ACT,False,"https://static.www.nfl.com/image/upload/f_auto,q_auto/league/pyrdsypgggjshiaygkr7","https://static.www.nfl.com/image/upload/f_auto,q_auto/league/pyrdsypgggjshiaygkr7",61.48888688179813,57.79955366889024,,,0.0,0.0,0.0,0.0,54.0,41.0,486.0,4.0,10.44443440899062
120,25,4,Jaxson Dart,QB,NYG,1.0,ACT,False,"https://static.www.nfl.com/image/upload/f_auto,q_auto/league/n6uymxssgiicjmxkzxoc","https://static.www.nfl.com/image/upload/f_auto,q_auto/league/n6uymxssgiicjmxkzxoc",64.62222222222222,56.867555555555555,,,2272.0,15.0,0.0,0.0,0.0,0.0,0.0,0.0,0.0
121,53,4,Adonai Mitchell,WR,NYJ,2.0,ACT,False,"https://static.www.nfl.com/image/upload/f_auto,q_auto/league/hwwacoa3pqapd7pgahfx","https://static.www.nfl.com/image/upload/f_auto,q_auto/league/hwwacoa3pqapd7pgahfx",52.57488752679298,56.78087852893642,,,0.0,0.0,0.0,0.0,74.0,33.0,453.0,2.0,25.528283787811045
122,21,4,Brenton Strange,TE,JAX,1.0,ACT,False,"https://static.www.nfl.com/image/upload/f_auto,q_auto/league/devxzxwf1sfficgncggm","https://static.www.nfl.com/image/upload/f_auto,q_auto/league/devxzxwf1sfficgncggm",60.21252886010257,56.59977712849641,,,0.0,0.0,0.0,0.0,60.0,46.0,540.0,3.0,8.062644300512844
123,22,4,T.J. Hockenson,TE,MIN,1.0,ACT,False,"https://static.www.nfl.com/image/upload/f_auto,q_auto/league/rs8o65x0u0n9xzde0fd6","https://static.www.nfl.com/image/upload/f_auto,q_auto/league/rs8o65x0u0n9xzde0fd6",60.05232177069016,56.449182464448754,,,0.0,0.0,0.0,0.0,66.0,51.0,438.0,3.0,8.261608853450792
124,24,3,Breece Hall,RB,NYJ,1.0,ACT,False,"https://static.www.nfl.com/image/upload/f_auto,q_auto/league/i01xtqbfajfq68lb6orh","https://static.www.nfl.com/image/upload/f_auto,q_auto/league/i01xtqbfajfq68lb6orh",52.2,56.376000000000005,,,0.0,0.0,1064.0,4.0,0.0,0.0,0.0,0.0,0.0
125,23,4,Cade Otton,TE,TB,1.0,ACT,False,"https://static.www.nfl.com/image/upload/f_auto,q_auto/league/yanr6h9aplae3jyzimf7","https://static.www.nfl.com/image/upload/f_auto,q_auto/league/yanr6h9aplae3jyzimf7",59.795366036093206,56.20764407392761,,,0.0,0.0,0.0,0.0,81.0,59.0,572.0,1.0,9.060163513799353
126,54,4,Jalen Nailor,WR,LV,2.0,ACT,False,"https://static.www.nfl.com/image/upload/f_auto,q_auto/league/nojopyt8hxuwycxyaokb","https://static.www.nfl.com/image/upload/f_auto,q_auto/league/nojopyt8hxuwycxyaokb",51.716812720113715,55.854157737722815,,,0.0,0.0,0.0,0.0,53.0,29.0,444.0,4.0,18.180217446722406
127,26,4,Geno Smith,QB,NYJ,1.0,ACT,False,"https://static.www.nfl.com/image/upload/f_auto,q_auto/league/zppfqqcyjfma14jjif3a","https://static.www.nfl.com/image/upload/f_auto,q_auto/league/zppfqqcyjfma14jjif3a",63.20555555555556,55.62088888888889,,,3025.0,19.0,0.0,0.0,0.0,0.0,0.0,0.0,0.0
128,55,4,Elic Ayomanor,WR,TEN,5.0,ACT,False,"https://static.www.nfl.com/image/upload/f_auto,q_auto/league/jjmscqt6v4ecasveugoh","https://static.www.nfl.com/image/upload/f_auto,q_auto/league/jjmscqt6v4ecasveugoh",50.790957262580946,54.85423384358742,,,0.0,0.0,0.0,0.0,89.0,41.0,515.0,4.0,28.089401697520138
129,56,4,Xavier Worthy,WR,KC,2.0,ACT,False,"https://static.www.nfl.com/image/upload/f_auto,q_auto/league/u6fmnffwteccoxn3uguq","https://static.www.nfl.com/image/upload/f_auto,q_auto/league/u6fmnffwteccoxn3uguq",49.778337608984515,53.76060461770328,,,0.0,0.0,0.0,0.0,73.0,42.0,532.0,1.0,21.71861112184565
130,57,4,Marquise Brown,WR,PHI,4.0,ACT,False,"https://static.www.nfl.com/image/upload/f_auto,q_auto/league/shkjxggufymydgp6wk3p","https://static.www.nfl.com/image/upload/f_auto,q_auto/league/shkjxggufymydgp6wk3p",49.52814141456179,53.490392727726736,,,0.0,0.0,0.0,0.0,74.0,49.0,587.0,5.0,19.986860918962783
131,25,3,Rico Dowdle,RB,PIT,2.0,ACT,False,"https://static.www.nfl.com/image/upload/f_auto,q_auto/league/mx2bxccuzmdvzbksypws","https://static.www.nfl.com/image/upload/f_auto,q_auto/league/mx2bxccuzmdvzbksypws",49.371428571428574,53.32114285714286,,,0.0,0.0,1076.0,6.0,0.0,0.0,0.0,0.0,0.0
132,24,4,Sam LaPorta,TE,DET,1.0,ACT,False,"https://static.www.nfl.com/image/upload/f_auto,q_auto/league/wxlk7ysg2nfq6h6ntdcu","https://static.www.nfl.com/image/upload/f_auto,q_auto/league/wxlk7ysg2nfq6h6ntdcu",56.47416218981837,53.08571245842926,,,0.0,0.0,0.0,0.0,49.0,40.0,489.0,3.0,7.370810949091839
133,25,4,Evan Engram,TE,DEN,1.0,ACT,False,"https://static.www.nfl.com/image/upload/f_auto,q_auto/league/nucl2dxmpvhlywhyro8o","https://static.www.nfl.com/image/upload/f_auto,q_auto/league/nucl2dxmpvhlywhyro8o",56.37292952548718,52.99055375395795,,,0.0,0.0,0.0,0.0,76.0,50.0,461.0,1.0,7.447980960769235
134,58,4,Luther Burden III,WR,CHI,2.0,ACT,False,"https://static.www.nfl.com/image/upload/f_auto,q_auto/league/iyuwdz7pbowdkwzq2tg5","https://static.www.nfl.com/image/upload/f_auto,q_auto/league/iyuwdz7pbowdkwzq2tg5",48.97841325651252,52.89668631703352,,,0.0,0.0,0.0,0.0,60.0,47.0,652.0,2.0,9.738220128716424
135,59,4,Xavier Hutchinson,WR,HOU,2.0,ACT,False,"https://static.www.nfl.com/image/upload/f_auto,q_auto/league/n5baiu6sg9wh3xhhewkd","https://static.www.nfl.com/image/upload/f_auto,q_auto/league/n5baiu6sg9wh3xhhewkd",48.12312563806503,51.972975689110235,,,0.0,0.0,0.0,0.0,57.0,35.0,428.0,3.0,11.44255126724823
136,26,3,J.K. Dobbins,RB,DEN,1.0,ACT,False,"https://static.www.nfl.com/image/upload/f_auto,q_auto/league/cevotvl3ho5h1mioruyg","https://static.www.nfl.com/image/upload/f_auto,q_auto/league/cevotvl3ho5h1mioruyg",48.028571428571425,51.87085714285714,,,0.0,0.0,772.0,4.0,0.0,0.0,0.0,0.0,0.0
137,27,3,Tyler Allgeier,RB,ARI,2.0,ACT,False,"https://static.www.nfl.com/image/upload/f_auto,q_auto/league/sp9lhhmpv4qy3xy2msxd","https://static.www.nfl.com/image/upload/f_auto,q_auto/league/sp9lhhmpv4qy3xy2msxd",47.34285714285714,51.13028571428572,,,0.0,0.0,514.0,8.0,0.0,0.0,0.0,0.0,0.0
138,26,4,Tucker Kraft,TE,GB,1.0,ACT,False,"https://static.www.nfl.com/image/upload/f_auto,q_auto/league/n6vu44jbq31rydoaadaq","https://static.www.nfl.com/image/upload/f_auto,q_auto/league/n6vu44jbq31rydoaadaq",54.31909168395184,51.05994618291473,,,0.0,0.0,0.0,0.0,31.0,23.0,381.0,4.0,12.095458419759186
139,60,4,Darius Slayton,WR,NYG,2.0,ACT,False,"https://static.www.nfl.com/image/upload/f_auto,q_auto/league/otksyfjll5waf0vsczeu","https://static.www.nfl.com/image/upload/f_auto,q_auto/league/otksyfjll5waf0vsczeu",46.85972586779668,50.60850393722042,,,0.0,0.0,0.0,0.0,63.0,37.0,538.0,1.0,19.16401395436803
140,27,4,Mason Taylor,TE,NYJ,1.0,ACT,False,"https://static.www.nfl.com/image/upload/f_auto,q_auto/league/xittx9gih104lw1atfiv","https://static.www.nfl.com/image/upload/f_auto,q_auto/league/xittx9gih104lw1atfiv",52.98393249645875,49.80489654667122,,,0.0,0.0,0.0,0.0,65.0,44.0,369.0,1.0,11.919662482293752
141,61,4,Keon Coleman,WR,BUF,3.0,ACT,False,"https://static.www.nfl.com/image/upload/f_auto,q_auto/league/cm7g87waetksjouyjgvg","https://static.www.nfl.com/image/upload/f_auto,q_auto/league/cm7g87waetksjouyjgvg",46.09129991784252,49.778603911269926,,,0.0,0.0,0.0,0.0,59.0,38.0,404.0,4.0,20.629576512289542
142,28,3,Cam Skattebo,RB,NYG,1.0,ACT,False,"https://static.www.nfl.com/image/upload/f_auto,q_auto/league/hlggiqdfvj1f4kntkafr","https://static.www.nfl.com/image/upload/f_auto,q_auto/league/hlggiqdfvj1f4kntkafr",45.85714285714286,49.525714285714294,,,0.0,0.0,410.0,5.0,0.0,0.0,0.0,0.0,0.0
143,28,4,Gunnar Helm,TE,TEN,1.0,ACT,False,"https://static.www.nfl.com/image/upload/f_auto,q_auto/league/hewm6ztgka7xkbl6ybvb","https://static.www.nfl.com/image/upload/f_auto,q_auto/league/hewm6ztgka7xkbl6ybvb",52.62627500650021,49.468698506110194,,,0.0,0.0,0.0,0.0,55.0,44.0,357.0,2.0,7.631375032501049
144,29,3,Jordan Mason,RB,MIN,2.0,ACT,False,"https://static.www.nfl.com/image/upload/f_auto,q_auto/league/qeeucinnxl8mpzaw23hc","https://static.www.nfl.com/image/upload/f_auto,q_auto/league/qeeucinnxl8mpzaw23hc",44.82857142857143,48.414857142857144,,,0.0,0.0,758.0,6.0,0.0,0.0,0.0,0.0,0.0
145,30,3,Omarion Hampton,RB,LAC,1.0,ACT,False,"https://static.www.nfl.com/image/upload/f_auto,q_auto/league/lf2jxvxnbexlinoydbej","https://static.www.nfl.com/image/upload/f_auto,q_auto/league/lf2jxvxnbexlinoydbej",44.785714285714285,48.36857142857143,,,0.0,0.0,545.0,4.0,0.0,0.0,0.0,0.0,0.0
146,31,3,RJ Harvey,RB,DEN,2.0,ACT,False,"https://static.www.nfl.com/image/upload/f_auto,q_auto/league/szxmro5enrxlscvv67xg","https://static.www.nfl.com/image/upload/f_auto,q_auto/league/szxmro5enrxlscvv67xg",44.714285714285715,48.291428571428575,,,0.0,0.0,540.0,7.0,0.0,0.0,0.0,0.0,0.0
147,62,4,Cooper Kupp,WR,SEA,3.0,ACT,False,"https://static.www.nfl.com/image/upload/f_auto,q_auto/league/kjixprihktsfog6wx9sq","https://static.www.nfl.com/image/upload/f_auto,q_auto/league/kjixprihktsfog6wx9sq",44.68116473275126,48.255657911371365,,,0.0,0.0,0.0,0.0,70.0,47.0,593.0,2.0,15.290439048371704
148,32,3,Blake Corum,RB,LA,2.0,ACT,False,"https://static.www.nfl.com/image/upload/f_auto,q_auto/league/axzqbqjkrbwfzodwwakq","https://static.www.nfl.com/image/upload/f_auto,q_auto/league/axzqbqjkrbwfzodwwakq",44.65714285714286,48.22971428571429,,,0.0,0.0,746.0,6.0,0.0,0.0,0.0,0.0,0.0
149,63,4,Kayshon Boutte,WR,HOU,4.0,ACT,False,"https://static.www.nfl.com/image/upload/f_auto,q_auto/league/mg4icjqhwhnc5uobmau5","https://static.www.nfl.com/image/upload/f_auto,q_auto/league/mg4icjqhwhnc5uobmau5",44.54791443962173,48.11174759479147,,,0.0,0.0,0.0,0.0,46.0,33.0,551.0,6.0,17.854956813493235
150,64,4,Ryan Flournoy,WR,DAL,3.0,ACT,False,"https://static.www.nfl.com/image/upload/f_auto,q_auto/league/tqwq3cgpqu7j9hzoyicx","https://static.www.nfl.com/image/upload/f_auto,q_auto/league/tqwq3cgpqu7j9hzoyicx",44.247062959135306,47.78682799586613,,,0.0,0.0,0.0,0.0,56.0,40.0,475.0,4.0,9.696853257215004
151,65,4,Xavier Legette,WR,CAR,3.0,ACT,False,"https://static.www.nfl.com/image/upload/f_auto,q_auto/league/yoyxkitrdqbkhyqncy5p","https://static.www.nfl.com/image/upload/f_auto,q_auto/league/yoyxkitrdqbkhyqncy5p",43.645401316746344,47.137033422086056,,,0.0,0.0,0.0,0.0,64.0,35.0,363.0,3.0,20.30392966065481
152,29,5,Dawson Knox,TE,BUF,2.0,ACT,False,"https://static.www.nfl.com/image/upload/f_auto,q_auto/league/k8bi9ppahwfmoxs8ij4w","https://static.www.nfl.com/image/upload/f_auto,q_auto/league/k8bi9ppahwfmoxs8ij4w",50.01500629634812,47.01410591856723,,,0.0,0.0,0.0,0.0,49.0,36.0,417.0,4.0,10.075031481740591
153,30,5,Oronde Gadsden II,TE,LAC,3.0,ACT,False,"https://static.www.nfl.com/image/upload/f_auto,q_auto/league/r8b4oghjwhw8x9nv1wbs","https://static.www.nfl.com/image/upload/f_auto,q_auto/league/r8b4oghjwhw8x9nv1wbs",49.729328741817454,46.745569017308405,,,0.0,0.0,0.0,0.0,69.0,49.0,664.0,3.0,14.063310375753899
154,27,4,Tyler Shough,QB,NO,1.0,ACT,False,"https://static.www.nfl.com/image/upload/f_auto,q_auto/league/toiafc7qighw86geo7jf","https://static.www.nfl.com/image/upload/f_auto,q_auto/league/toiafc7qighw86geo7jf",53.04444444444444,46.679111111111105,,,2384.0,10.0,0.0,0.0,0.0,0.0,0.0,0.0,0.0
155,31,5,Jake Tonges,TE,SF,2.0,ACT,False,"https://static.www.nfl.com/image/upload/f_auto,q_auto/league/z6goxhdhfc2m0rmwvtbl","https://static.www.nfl.com/image/upload/f_auto,q_auto/league/z6goxhdhfc2m0rmwvtbl",49.57396062159304,46.59952298429745,,,0.0,0.0,0.0,0.0,46.0,34.0,293.0,5.0,5.95313644129851
156,66,5,Chimere Dike,WR,TEN,4.0,ACT,False,"https://static.www.nfl.com/image/upload/f_auto,q_auto/league/cbcpv4931dqmgsu3anvo","https://static.www.nfl.com/image/upload/f_auto,q_auto/league/cbcpv4931dqmgsu3anvo",43.12073932287319,46.57039846870305,,,0.0,0.0,0.0,0.0,74.0,48.0,423.0,4.0,15.565235075904427
157,33,3,Kyle Monangai,RB,CHI,2.0,ACT,False,"https://static.www.nfl.com/image/upload/f_auto,q_auto/league/bkkk3uuouhcobydqawro","https://static.www.nfl.com/image/upload/f_auto,q_auto/league/bkkk3uuouhcobydqawro",42.18571428571428,45.56057142857143,,,0.0,0.0,783.0,5.0,0.0,0.0,0.0,0.0,0.0
158,67,5,Chris Godwin Jr.,WR,TB,2.0,ACT,False,"https://static.www.nfl.com/image/upload/f_auto,q_auto/league/ilkheljdx4hbjpisulke","https://static.www.nfl.com/image/upload/f_auto,q_auto/league/ilkheljdx4hbjpisulke",42.08246909798589,45.44906662582477,,,0.0,0.0,0.0,0.0,51.0,33.0,360.0,2.0,8.970037797621785
159,68,5,Darnell Mooney,WR,NYG,3.0,ACT,False,"https://static.www.nfl.com/image/upload/f_auto,q_auto/league/eaejonwaflt9drrs9ika","https://static.www.nfl.com/image/upload/f_auto,q_auto/league/eaejonwaflt9drrs9ika",41.80092462946696,45.14499859982432,,,0.0,0.0,0.0,0.0,72.0,32.0,443.0,1.0,24.927700070411728
160,28,4,Joe Flacco,QB,CIN,2.0,ACT,False,"https://static.www.nfl.com/image/upload/f_auto,q_auto/league/dre1d2f2d6dxqohzn5l2","https://static.www.nfl.com/image/upload/f_auto,q_auto/league/dre1d2f2d6dxqohzn5l2",50.772222222222226,44.67955555555556,,,2479.0,15.0,0.0,0.0,0.0,0.0,0.0,0.0,0.0
161,29,5,Kirk Cousins,QB,LV,1.0,ACT,False,"https://static.www.nfl.com/image/upload/f_auto,q_auto/league/za7cynvpwlsro1tsaijk","https://static.www.nfl.com/image/upload/f_auto,q_auto/league/za7cynvpwlsro1tsaijk",50.56111111111111,44.49377777777778,,,1721.0,10.0,0.0,0.0,0.0,0.0,0.0,0.0,0.0
162,69,5,Dontayvion Wicks,WR,PHI,2.0,ACT,False,"https://static.www.nfl.com/image/upload/f_auto,q_auto/league/v1lt8kpvkn0qw5elyaoz","https://static.www.nfl.com/image/upload/f_auto,q_auto/league/v1lt8kpvkn0qw5elyaoz",41.195997133168596,44.49167690382209,,,0.0,0.0,0.0,0.0,46.0,30.0,332.0,2.0,12.94152412738145
163,34,3,Chris Rodriguez Jr.,RB,JAX,2.0,ACT,False,"https://static.www.nfl.com/image/upload/f_auto,q_auto/league/pknd5uajvpvfd8c744im","https://static.www.nfl.com/image/upload/f_auto,q_auto/league/pknd5uajvpvfd8c744im",41.14285714285714,44.434285714285714,,,0.0,0.0,500.0,6.0,0.0,0.0,0.0,0.0,0.0
164,32,5,David Njoku,TE,LAC,2.0,ACT,False,"https://static.www.nfl.com/image/upload/f_auto,q_auto/league/y4g1iayqrbrhdvkqywpx","https://static.www.nfl.com/image/upload/f_auto,q_auto/league/y4g1iayqrbrhdvkqywpx",47.0677682631582,44.2437021673687,,,0.0,0.0,0.0,0.0,48.0,33.0,293.0,4.0,6.9221746491243294
165,30,5,Mac Jones,QB,SF,2.0,ACT,False,"https://static.www.nfl.com/image/upload/f_auto,q_auto/league/mbdwfwiuhl0ib5ajtmzq","https://static.www.nfl.com/image/upload/f_auto,q_auto/league/mbdwfwiuhl0ib5ajtmzq",49.349999999999994,43.428,,,2151.0,13.0,0.0,0.0,0.0,0.0,0.0,0.0,0.0
166,35,3,Aaron Jones,RB,MIN,1.0,ACT,False,"https://static.www.nfl.com/image/upload/f_auto,q_auto/league/bktkfvgfwujkdbzkcfim","https://static.www.nfl.com/image/upload/f_auto,q_auto/league/bktkfvgfwujkdbzkcfim",38.82857142857143,41.93485714285715,,,0.0,0.0,548.0,2.0,0.0,0.0,0.0,0.0,0.0
167,70,5,Andrei Iosivas,WR,CIN,3.0,ACT,False,"https://static.www.nfl.com/image/upload/f_auto,q_auto/league/xhrvbt81iohroyftuyj2","https://static.www.nfl.com/image/upload/f_auto,q_auto/league/xhrvbt81iohroyftuyj2",38.695234381746005,41.79085313228569,,,0.0,0.0,0.0,0.0,58.0,33.0,435.0,2.0,12.514633447191581
168,36,3,Kenny Gainwell,RB,TB,2.0,ACT,False,"https://static.www.nfl.com/image/upload/f_auto,q_auto/league/eo62l8ec8e3lzt86ihth","https://static.www.nfl.com/image/upload/f_auto,q_auto/league/eo62l8ec8e3lzt86ihth",38.67142857142857,41.76514285714286,,,0.0,0.0,537.0,5.0,0.0,0.0,0.0,0.0,0.0
169,71,5,DeMario Douglas,WR,NE,3.0,ACT,False,"https://static.www.nfl.com/image/upload/f_auto,q_auto/league/cm9vnzqu5phlmsocjwgc","https://static.www.nfl.com/image/upload/f_auto,q_auto/league/cm9vnzqu5phlmsocjwgc",38.45495350017352,41.5313497801874,,,0.0,0.0,0.0,0.0,46.0,31.0,447.0,3.0,10.390152116252183
170,72,5,Olamide Zaccheaus,WR,ATL,3.0,ACT,False,"https://static.www.nfl.com/image/upload/f_auto,q_auto/league/zsnzd30ysrewgufbv06y","https://static.www.nfl.com/image/upload/f_auto,q_auto/league/zsnzd30ysrewgufbv06y",38.0971156439791,41.144884895497434,,,0.0,0.0,0.0,0.0,65.0,39.0,313.0,2.0,10.158655142972428
171,73,5,Mack Hollins,WR,NE,4.0,ACT,False,"https://static.www.nfl.com/image/upload/f_auto,q_auto/league/qbz7whjzsittudcecezw","https://static.www.nfl.com/image/upload/f_auto,q_auto/league/qbz7whjzsittudcecezw",37.53126596714931,40.53376724452126,,,0.0,0.0,0.0,0.0,65.0,46.0,550.0,2.0,19.09863752805423
172,31,5,Jayden Daniels,QB,WAS,1.0,ACT,False,"https://static.www.nfl.com/image/upload/f_auto,q_auto/league/gfz8k5onuqjrche9ogqc","https://static.www.nfl.com/image/upload/f_auto,q_auto/league/gfz8k5onuqjrche9ogqc",46.01111111111111,40.48977777777778,,,1262.0,8.0,0.0,0.0,0.0,0.0,0.0,0.0,0.0
173,74,5,Jalen Coker,WR,CAR,2.0,ACT,False,"https://static.www.nfl.com/image/upload/f_auto,q_auto/league/yynz8rxen6tsvhojggiv","https://static.www.nfl.com/image/upload/f_auto,q_auto/league/yynz8rxen6tsvhojggiv",36.84403321764919,39.79155587506113,,,0.0,0.0,0.0,0.0,18.0,13.0,168.0,2.0,38.797089165169034
174,33,5,Cole Kmet,TE,CHI,2.0,ACT,False,"https://static.www.nfl.com/image/upload/f_auto,q_auto/league/ysnui8mzlu2fo70ub0yt","https://static.www.nfl.com/image/upload/f_auto,q_auto/league/ysnui8mzlu2fo70ub0yt",42.02923476071689,39.50748067507387,,,0.0,0.0,0.0,0.0,48.0,30.0,347.0,2.0,9.229507136917805
175,75,5,Devaughn Vele,WR,NO,2.0,ACT,False,"https://static.www.nfl.com/image/upload/f_auto,q_auto/league/fa3dwsu8nxzkbf2knczm","https://static.www.nfl.com/image/upload/f_auto,q_auto/league/fa3dwsu8nxzkbf2knczm",36.435711606897534,39.35056853544934,,,0.0,0.0,0.0,0.0,31.0,20.0,249.0,1.0,29.274711880641508
176,37,4,Bucky Irving,RB,TB,1.0,ACT,False,"https://static.www.nfl.com/image/upload/f_auto,q_auto/league/vkc00rvnix3f2b96vkwo","https://static.www.nfl.com/image/upload/f_auto,q_auto/league/vkc00rvnix3f2b96vkwo",36.4,39.312,,,0.0,0.0,588.0,1.0,0.0,0.0,0.0,0.0,0.0
177,38,4,Rachaad White,RB,WAS,2.0,ACT,False,"https://static.www.nfl.com/image/upload/f_auto,q_auto/league/wtdhs50gcl2p6vngsnre","https://static.www.nfl.com/image/upload/f_auto,q_auto/league/wtdhs50gcl2p6vngsnre",36.17142857142857,39.06514285714286,,,0.0,0.0,572.0,4.0,0.0,0.0,0.0,0.0,0.0
178,34,5,Jonnu Smith,TE,GB,2.0,ACT,False,"https://static.www.nfl.com/image/upload/f_auto,q_auto/league/egd6llghj3n5wfdrqacw","https://static.www.nfl.com/image/upload/f_auto,q_auto/league/egd6llghj3n5wfdrqacw",41.007042308039686,38.5466197695573,,,0.0,0.0,0.0,0.0,54.0,38.0,222.0,2.0,7.035211540198446
179,39,4,Chuba Hubbard,RB,CAR,1.0,ACT,False,"https://static.www.nfl.com/image/upload/f_auto,q_auto/league/rzsvnt0pxsaize2ndhxm","https://static.www.nfl.com/image/upload/f_auto,q_auto/league/rzsvnt0pxsaize2ndhxm",35.3,38.124,,,0.0,0.0,511.0,1.0,0.0,0.0,0.0,0.0,0.0
180,32,5,Michael Penix Jr.,QB,ATL,2.0,ACT,False,"https://static.www.nfl.com/image/upload/f_auto,q_auto/league/mip4kogkqxwkkya6mvmh","https://static.www.nfl.com/image/upload/f_auto,q_auto/league/mip4kogkqxwkkya6mvmh",43.21111111111111,38.025777777777776,,,1982.0,9.0,0.0,0.0,0.0,0.0,0.0,0.0,0.0
181,35,5,Michael Mayer,TE,LV,2.0,ACT,False,"https://static.www.nfl.com/image/upload/f_auto,q_auto/league/twnkr9uq1phvukxb5jmh","https://static.www.nfl.com/image/upload/f_auto,q_auto/league/twnkr9uq1phvukxb5jmh",38.51046447585827,36.19983660730677,,,0.0,0.0,0.0,0.0,50.0,35.0,328.0,1.0,6.718989045958019
182,76,5,Kendrick Bourne,WR,ARI,3.0,ACT,False,"https://static.www.nfl.com/image/upload/f_auto,q_auto/league/yzfa94cmhpcqamrwzdzk","https://static.www.nfl.com/image/upload/f_auto,q_auto/league/yzfa94cmhpcqamrwzdzk",33.48503877133362,36.16384187304031,,,0.0,0.0,0.0,0.0,53.0,37.0,551.0,0.0,13.790578472052726
183,36,5,Mike Gesicki,TE,CIN,1.0,ACT,False,"https://static.www.nfl.com/image/upload/f_auto,q_auto/league/dykckg6we3cnw9yhpggi","https://static.www.nfl.com/image/upload/f_auto,q_auto/league/dykckg6we3cnw9yhpggi",38.10285090748026,35.816679853031445,,,0.0,0.0,0.0,0.0,17.0,12.0,136.0,1.0,16.930921204067985
184,77,5,Tyquan Thornton,WR,KC,3.0,ACT,False,"https://static.www.nfl.com/image/upload/f_auto,q_auto/league/bjqzuempyiwxe0hl7e5a","https://static.www.nfl.com/image/upload/f_auto,q_auto/league/bjqzuempyiwxe0hl7e5a",32.735723349644836,35.35458121761643,,,0.0,0.0,0.0,0.0,19.0,10.0,220.0,2.0,48.00553982514725
185,40,4,Tyrone Tracy Jr.,RB,NYG,2.0,ACT,False,"https://static.www.nfl.com/image/upload/f_auto,q_auto/league/b9nje50lohbprf06xoom","https://static.www.nfl.com/image/upload/f_auto,q_auto/league/b9nje50lohbprf06xoom",32.57142857142857,35.177142857142854,,,0.0,0.0,740.0,2.0,0.0,0.0,0.0,0.0,0.0
186,33,5,Kyler Murray,QB,MIN,1.0,ACT,False,"https://static.www.nfl.com/image/upload/f_auto,q_auto/league/btfruyf33adgnjzpcuen","https://static.www.nfl.com/image/upload/f_auto,q_auto/league/btfruyf33adgnjzpcuen",39.94444444444444,35.15111111111111,,,962.0,6.0,0.0,0.0,0.0,0.0,0.0,0.0,0.0
187,41,4,Woody Marks,RB,HOU,2.0,ACT,False,"https://static.www.nfl.com/image/upload/f_auto,q_auto/league/y5ntpcenhhhv98uz2fys","https://static.www.nfl.com/image/upload/f_auto,q_auto/league/y5ntpcenhhhv98uz2fys",32.042857142857144,34.60628571428572,,,0.0,0.0,703.0,2.0,0.0,0.0,0.0,0.0,0.0
188,34,5,Marcus Mariota,QB,WAS,2.0,ACT,False,"https://static.www.nfl.com/image/upload/f_auto,q_auto/league/grx6m1fmu1odltjo3y31","https://static.www.nfl.com/image/upload/f_auto,q_auto/league/grx6m1fmu1odltjo3y31",39.016666666666666,34.334666666666664,,,1695.0,10.0,0.0,0.0,0.0,0.0,0.0,0.0,0.0
189,37,5,Isaiah Likely,TE,NYG,1.0,ACT,False,"https://static.www.nfl.com/image/upload/f_auto,q_auto/league/b1pahldt9ixp9lssxi2d","https://static.www.nfl.com/image/upload/f_auto,q_auto/league/b1pahldt9ixp9lssxi2d",36.34066209766307,34.160222371803286,,,0.0,0.0,0.0,0.0,12.0,9.0,120.0,1.0,15.703310488315338
190,38,5,Tommy Tremble,TE,CAR,1.0,ACT,False,"https://static.www.nfl.com/image/upload/f_auto,q_auto/league/t7wjikfv09d3o1q7wjdx","https://static.www.nfl.com/image/upload/f_auto,q_auto/league/t7wjikfv09d3o1q7wjdx",35.945261891057505,33.78854617759405,,,0.0,0.0,0.0,0.0,8.0,5.0,42.0,1.0,25.226309455287517
191,39,5,Greg Dulcich,TE,MIA,1.0,ACT,False,"https://static.www.nfl.com/image/upload/f_auto,q_auto/league/kw4cwgjl4kywh6le4sfh","https://static.www.nfl.com/image/upload/f_auto,q_auto/league/kw4cwgjl4kywh6le4sfh",35.523419284124685,33.3920141270772,,,0.0,0.0,0.0,0.0,11.0,10.0,107.0,1.0,13.950429753956769
192,35,5,Justin Fields,QB,KC,2.0,ACT,False,"https://static.www.nfl.com/image/upload/f_auto,q_auto/league/npjrombgxkc5vjkctcgy","https://static.www.nfl.com/image/upload/f_auto,q_auto/league/npjrombgxkc5vjkctcgy",37.19444444444444,32.73111111111111,,,1259.0,7.0,0.0,0.0,0.0,0.0,0.0,0.0,0.0
193,36,5,Spencer Rattler,QB,NO,2.0,ACT,False,"https://static.www.nfl.com/image/upload/f_auto,q_auto/league/gcgmcf4kex3jsl4rlrng","https://static.www.nfl.com/image/upload/f_auto,q_auto/league/gcgmcf4kex3jsl4rlrng",36.41111111111111,32.04177777777778,,,1586.0,8.0,0.0,0.0,0.0,0.0,0.0,0.0,0.0
194,42,4,Bhayshul Tuten,RB,JAX,1.0,ACT,False,"https://static.www.nfl.com/image/upload/f_auto,q_auto/league/ryjnphuyjbedmgpx5qqj","https://static.www.nfl.com/image/upload/f_auto,q_auto/league/ryjnphuyjbedmgpx5qqj",29.057142857142857,31.38171428571429,,,0.0,0.0,74.0,1.0,0.0,0.0,0.0,0.0,0.0
195,37,5,J.J. McCarthy,QB,MIN,2.0,ACT,False,"https://static.www.nfl.com/image/upload/f_auto,q_auto/league/omybnfokapjw6jwb5dd3","https://static.www.nfl.com/image/upload/f_auto,q_auto/league/omybnfokapjw6jwb5dd3",34.86666666666667,30.682666666666666,,,1632.0,11.0,0.0,0.0,0.0,0.0,0.0,0.0,0.0
196,78,5,Rashod Bateman,WR,BAL,2.0,ACT,False,"https://static.www.nfl.com/image/upload/f_auto,q_auto/league/gtktmsfcxc1eijwpwzyq","https://static.www.nfl.com/image/upload/f_auto,q_auto/league/gtktmsfcxc1eijwpwzyq",28.357591877393382,30.626199227584856,,,0.0,0.0,0.0,0.0,7.0,5.0,63.0,1.0,33.19180554081307
197,79,5,Calvin Ridley,WR,TEN,3.0,ACT,False,"https://static.www.nfl.com/image/upload/f_auto,q_auto/league/zrv8bjm7zdtboyka2jvr","https://static.www.nfl.com/image/upload/f_auto,q_auto/league/zrv8bjm7zdtboyka2jvr",27.924541850391584,30.15850519842291,,,0.0,0.0,0.0,0.0,31.0,13.0,242.0,0.0,37.2573246365733
198,40,5,Darren Waller,TE,CAR,3.0,ACT,False,"https://static.www.nfl.com/image/upload/f_auto,q_auto/league/loyehiyzcu2lexjk7plq","https://static.www.nfl.com/image/upload/f_auto,q_auto/league/loyehiyzcu2lexjk7plq",31.88591942932131,29.972764263562027,,,0.0,0.0,0.0,0.0,18.0,15.0,184.0,3.0,28.5962638132732
199,43,4,Brian Robinson,RB,ATL,2.0,ACT,False,"https://static.www.nfl.com/image/upload/f_auto,q_auto/league/n1xhex1ytisxcbcggqu7","https://static.www.nfl.com/image/upload/f_auto,q_auto/league/n1xhex1ytisxcbcggqu7",27.714285714285715,29.931428571428576,,,0.0,0.0,400.0,2.0,0.0,0.0,0.0,0.0,0.0
200,80,5,Jalen Tolbert,WR,MIA,2.0,ACT,False,"https://static.www.nfl.com/image/upload/f_auto,q_auto/league/dthrzudnyh1mcrh1det2","https://static.www.nfl.com/image/upload/f_auto,q_auto/league/dthrzudnyh1mcrh1det2",27.64461657762869,29.856185903838988,,,0.0,0.0,0.0,0.0,20.0,11.0,116.0,0.0,24.30000596506653
201,44,4,Kimani Vidal,RB,LAC,3.0,ACT,False,"https://static.www.nfl.com/image/upload/f_auto,q_auto/league/tqdctdun0bv60d5ziwtl","https://static.www.nfl.com/image/upload/f_auto,q_auto/league/tqdctdun0bv60d5ziwtl",27.185714285714283,29.36057142857143,,,0.0,0.0,643.0,3.0,0.0,0.0,0.0,0.0,0.0
202,81,5,Jahan Dotson,WR,ATL,2.0,ACT,False,"https://static.www.nfl.com/image/upload/f_auto,q_auto/league/gwuibfw7ljxudxtldcvh","https://static.www.nfl.com/image/upload/f_auto,q_auto/league/gwuibfw7ljxudxtldcvh",27.165957505563213,29.339234106008274,,,0.0,0.0,0.0,0.0,8.0,3.0,40.0,0.0,42.75286445089298
203,82,5,Jayden Reed,WR,GB,2.0,ACT,False,"https://static.www.nfl.com/image/upload/f_auto,q_auto/league/uhb95fij1uo92ymqxpmg","https://static.www.nfl.com/image/upload/f_auto,q_auto/league/uhb95fij1uo92ymqxpmg",27.10427766196682,29.272619874924168,,,0.0,0.0,0.0,0.0,11.0,8.0,100.0,1.0,19.079080617526408
204,41,5,Darnell Washington,TE,PIT,2.0,ACT,False,"https://static.www.nfl.com/image/upload/f_auto,q_auto/league/inwx7uipfktapaump5pj","https://static.www.nfl.com/image/upload/f_auto,q_auto/league/inwx7uipfktapaump5pj",31.095707973871804,29.229965495439494,,,0.0,0.0,0.0,0.0,21.0,14.0,174.0,1.0,18.728539869359
205,83,5,John Metchie III,WR,CAR,4.0,ACT,False,"https://static.www.nfl.com/image/upload/f_auto,q_auto/league/nsjpnskeldxzbzckpfgg","https://static.www.nfl.com/image/upload/f_auto,q_auto/league/nsjpnskeldxzbzckpfgg",26.417145706136985,28.530517362627947,,,0.0,0.0,0.0,0.0,48.0,33.0,274.0,2.0,6.008805453761845
206,84,5,Pat Bryant,WR,DEN,5.0,ACT,False,"https://static.www.nfl.com/image/upload/f_auto,q_auto/league/n91hznzkfpftxhqt1qd9","https://static.www.nfl.com/image/upload/f_auto,q_auto/league/n91hznzkfpftxhqt1qd9",26.003488861105694,28.083767969994152,,,0.0,0.0,0.0,0.0,49.0,31.0,378.0,1.0,9.690521228605395
207,85,5,Marvin Mims Jr.,WR,DEN,4.0,ACT,False,"https://static.www.nfl.com/image/upload/f_auto,q_auto/league/zbdjtph5xplbf4yocz0l","https://static.www.nfl.com/image/upload/f_auto,q_auto/league/zbdjtph5xplbf4yocz0l",25.810939545106454,27.875814708714973,,,0.0,0.0,0.0,0.0,51.0,37.0,322.0,1.0,10.535466956301496
208,45,4,Alvin Kamara,RB,NO,2.0,ACT,False,"https://static.www.nfl.com/image/upload/f_auto,q_auto/league/yxebpuskandivlh2iil4","https://static.www.nfl.com/image/upload/f_auto,q_auto/league/yxebpuskandivlh2iil4",25.728571428571428,27.786857142857144,,,0.0,0.0,471.0,1.0,0.0,0.0,0.0,0.0,0.0
209,46,4,Isiah Pacheco,RB,DET,2.0,ACT,False,"https://static.www.nfl.com/image/upload/f_auto,q_auto/league/hkqb4imkum3vxxkwuetl","https://static.www.nfl.com/image/upload/f_auto,q_auto/league/hkqb4imkum3vxxkwuetl",25.6,27.648000000000003,,,0.0,0.0,462.0,1.0,0.0,0.0,0.0,0.0,0.0
210,38,5,Davis Mills,QB,HOU,2.0,ACT,False,"https://static.www.nfl.com/image/upload/f_auto,q_auto/league/jh9e97vjzmeafx8jz0sn","https://static.www.nfl.com/image/upload/f_auto,q_auto/league/jh9e97vjzmeafx8jz0sn",30.883333333333333,27.177333333333333,,,915.0,5.0,0.0,0.0,0.0,0.0,0.0,0.0,0.0
211,42,5,Tyler Higbee,TE,LA,2.0,ACT,False,"https://static.www.nfl.com/image/upload/f_auto,q_auto/league/x1d4osiefibd04df6gow","https://static.www.nfl.com/image/upload/f_auto,q_auto/league/x1d4osiefibd04df6gow",28.8400727062211,27.109668343847833,,,0.0,0.0,0.0,0.0,17.0,10.0,135.0,1.0,15.700363531105504
212,47,4,Emanuel Wilson,RB,SEA,3.0,ACT,False,"https://static.www.nfl.com/image/upload/f_auto,q_auto/league/uorruvczsxzvffpbxu8z","https://static.www.nfl.com/image/upload/f_auto,q_auto/league/uorruvczsxzvffpbxu8z",25.085714285714285,27.09257142857143,,,0.0,0.0,496.0,3.0,0.0,0.0,0.0,0.0,0.0
213,50,4,Jadarian Price,RB,SEA,1.0,ACT,True,"https://static.www.nfl.com/image/upload/f_auto,q_auto/league/toy90i08oumgbdlvctja","https://static.www.nfl.com/image/upload/f_auto,q_auto/league/toy90i08oumgbdlvctja",25.0,27.0,,,0.0,0.0,0.0,0.0,0.0,0.0,0.0,0.0,0.0
214,48,4,Jeremiyah Love,RB,ARI,1.0,ACT,True,"https://static.www.nfl.com/image/upload/f_auto,q_auto/league/b12gtjsylmql5v7iyyla","https://static.www.nfl.com/image/upload/f_auto,q_auto/league/b12gtjsylmql5v7iyyla",25.0,27.0,,,0.0,0.0,0.0,0.0,0.0,0.0,0.0,0.0,0.0
215,86,5,Carnell Tate,WR,TEN,1.0,ACT,True,"https://static.www.nfl.com/image/upload/f_auto,q_auto/league/ghpmpzcnigxrdbyvcxke","https://static.www.nfl.com/image/upload/f_auto,q_auto/league/ghpmpzcnigxrdbyvcxke",25.0,27.0,,,0.0,0.0,0.0,0.0,0.0,0.0,0.0,0.0,0.0
216,49,4,MarShawn Lloyd,RB,GB,1.0,ACT,False,"https://static.www.nfl.com/image/upload/f_auto,q_auto/league/xp8sd4enimuk4zd0aqgu","https://static.www.nfl.com/image/upload/f_auto,q_auto/league/xp8sd4enimuk4zd0aqgu",25.0,27.0,,,0.0,0.0,0.0,0.0,0.0,0.0,0.0,0.0,0.0
217,51,4,Devin Singletary,RB,NYG,4.0,ACT,False,"https://static.www.nfl.com/image/upload/f_auto,q_auto/league/xy2r2msxjqneml2c1cdc","https://static.www.nfl.com/image/upload/f_auto,q_auto/league/xy2r2msxjqneml2c1cdc",24.242857142857144,26.182285714285715,,,0.0,0.0,437.0,5.0,0.0,0.0,0.0,0.0,0.0
218,87,5,Tez Johnson,WR,TB,5.0,ACT,False,"https://static.www.nfl.com/image/upload/f_auto,q_auto/league/ajbnpagviw0glrhf5a2e","https://static.www.nfl.com/image/upload/f_auto,q_auto/league/ajbnpagviw0glrhf5a2e",24.028404298307425,25.95067664217202,,,0.0,0.0,0.0,0.0,20.0,13.0,143.0,3.0,24.142021491537133
219,39,5,Malik Willis,QB,MIA,1.0,ACT,False,"https://static.www.nfl.com/image/upload/f_auto,q_auto/league/txvgdbwbryzyyqq6gfet","https://static.www.nfl.com/image/upload/f_auto,q_auto/league/txvgdbwbryzyyqq6gfet",28.8,25.344,,,288.0,1.0,0.0,0.0,0.0,0.0,0.0,0.0,0.0
220,88,5,Travis Hunter,WR,JAX,4.0,ACT,False,"https://static.www.nfl.com/image/upload/f_auto,q_auto/league/absw1gfqoiztajjagmf6","https://static.www.nfl.com/image/upload/f_auto,q_auto/league/absw1gfqoiztajjagmf6",23.22374151092558,25.08164083179963,,,0.0,0.0,0.0,0.0,45.0,28.0,298.0,1.0,6.945630631550991
221,89,5,Roman Wilson,WR,PIT,3.0,ACT,False,"https://static.www.nfl.com/image/upload/f_auto,q_auto/league/xuhjoscmhmmsutbvfmrs","https://static.www.nfl.com/image/upload/f_auto,q_auto/league/xuhjoscmhmmsutbvfmrs",23.11937012902247,24.96891973934427,,,0.0,0.0,0.0,0.0,5.0,4.0,74.0,1.0,43.65454295280467
222,43,5,Noah Fant,TE,NO,2.0,ACT,False,"https://static.www.nfl.com/image/upload/f_auto,q_auto/league/lijnonbrcmplvkcb5kqv","https://static.www.nfl.com/image/upload/f_auto,q_auto/league/lijnonbrcmplvkcb5kqv",25.703073633974036,24.160889215935594,,,0.0,0.0,0.0,0.0,16.0,14.0,88.0,1.0,5.182034836536835
223,40,5,Shedeur Sanders,QB,CLE,2.0,ACT,False,"https://static.www.nfl.com/image/upload/f_auto,q_auto/league/joe08hz6to2madpko8zl","https://static.www.nfl.com/image/upload/f_auto,q_auto/league/joe08hz6to2madpko8zl",27.17777777777778,23.916444444444448,,,1400.0,7.0,0.0,0.0,0.0,0.0,0.0,0.0,0.0
224,44,5,Charlie Kolar,TE,LAC,1.0,ACT,False,"https://static.www.nfl.com/image/upload/f_auto,q_auto/league/g75ws8vkqz9cqwifhcy7","https://static.www.nfl.com/image/upload/f_auto,q_auto/league/g75ws8vkqz9cqwifhcy7",25.0,23.5,,,0.0,0.0,0.0,0.0,0.0,0.0,0.0,0.0,0.0
225,41,5,Mitchell Trubisky,QB,TEN,2.0,ACT,False,"https://static.www.nfl.com/image/upload/f_auto,q_auto/league/yxs7ix2pmcfv5k1qn1sk","https://static.www.nfl.com/image/upload/f_auto,q_auto/league/yxs7ix2pmcfv5k1qn1sk",26.238888888888887,23.09022222222222,,,259.0,4.0,0.0,0.0,0.0,0.0,0.0,0.0,0.0
226,90,5,Matthew Golden,WR,GB,3.0,ACT,False,"https://static.www.nfl.com/image/upload/f_auto,q_auto/league/dbjki6b0swksr7mk17wk","https://static.www.nfl.com/image/upload/f_auto,q_auto/league/dbjki6b0swksr7mk17wk",21.056940347582902,22.741495575389536,,,0.0,0.0,0.0,0.0,11.0,8.0,144.0,0.0,35.45777866099142
227,52,4,Tank Bigsby,RB,PHI,2.0,ACT,False,"https://static.www.nfl.com/image/upload/f_auto,q_auto/league/vfkdjfpiyrcuzahrmfvn","https://static.www.nfl.com/image/upload/f_auto,q_auto/league/vfkdjfpiyrcuzahrmfvn",20.885714285714286,22.55657142857143,,,0.0,0.0,132.0,1.0,0.0,0.0,0.0,0.0,0.0
228,53,4,Jaylen Wright,RB,MIA,2.0,ACT,False,"https://static.www.nfl.com/image/upload/f_auto,q_auto/league/feeuommtlmpvuxvtb1zt","https://static.www.nfl.com/image/upload/f_auto,q_auto/league/feeuommtlmpvuxvtb1zt",20.857142857142858,22.525714285714287,,,0.0,0.0,130.0,1.0,0.0,0.0,0.0,0.0,0.0
229,91,5,Tre Harris,WR,LAC,3.0,ACT,False,"https://static.www.nfl.com/image/upload/f_auto,q_auto/league/v5ofh8jggzo8rygtpwl7","https://static.www.nfl.com/image/upload/f_auto,q_auto/league/v5ofh8jggzo8rygtpwl7",20.84600127492043,22.513681376914064,,,0.0,0.0,0.0,0.0,21.0,13.0,158.0,0.0,20.826160220755984
230,54,4,Sean Tucker,RB,TB,3.0,ACT,False,"https://static.www.nfl.com/image/upload/f_auto,q_auto/league/wiarwjvy8p6bojlratp4","https://static.www.nfl.com/image/upload/f_auto,q_auto/league/wiarwjvy8p6bojlratp4",20.714285714285715,22.371428571428574,,,0.0,0.0,190.0,3.0,0.0,0.0,0.0,0.0,0.0
231,42,5,Deshaun Watson,QB,CLE,1.0,ACT,False,"https://static.www.nfl.com/image/private/f_auto,q_auto/league/otfs2docj6eahaebo5xn","https://static.www.nfl.com/image/private/f_auto,q_auto/league/otfs2docj6eahaebo5xn",25.0,22.0,,,0.0,0.0,0.0,0.0,0.0,0.0,0.0,0.0,0.0
232,92,5,Jaylin Noel,WR,HOU,3.0,ACT,False,"https://static.www.nfl.com/image/upload/f_auto,q_auto/league/ehlm8w4afdqoisx1e6as","https://static.www.nfl.com/image/upload/f_auto,q_auto/league/ehlm8w4afdqoisx1e6as",20.302770208402045,21.92699182507421,,,0.0,0.0,0.0,0.0,13.0,9.0,140.0,0.0,29.494620272779464
233,45,5,Noah Gray,TE,KC,2.0,ACT,False,"https://static.www.nfl.com/image/upload/f_auto,q_auto/league/bpmlguml8jth2rbdfyp5","https://static.www.nfl.com/image/upload/f_auto,q_auto/league/bpmlguml8jth2rbdfyp5",22.951837023974687,21.574726802536205,,,0.0,0.0,0.0,0.0,16.0,7.0,48.0,0.0,10.759185119873438
234,93,5,Jalen McMillan,WR,TB,3.0,ACT,False,"https://static.www.nfl.com/image/upload/f_auto,q_auto/league/s8tlj5wsi6cq8kjhp06v","https://static.www.nfl.com/image/upload/f_auto,q_auto/league/s8tlj5wsi6cq8kjhp06v",19.832094741416775,21.418662320730117,,,0.0,0.0,0.0,0.0,9.0,7.0,114.0,0.0,34.1412429378531
235,55,4,Tyjae Spears,RB,TEN,2.0,ACT,False,"https://static.www.nfl.com/image/upload/f_auto,q_auto/league/pkly3nkohty1tuijtwty","https://static.www.nfl.com/image/upload/f_auto,q_auto/league/pkly3nkohty1tuijtwty",19.742857142857144,21.322285714285716,,,0.0,0.0,52.0,1.0,0.0,0.0,0.0,0.0,0.0
236,46,5,Elijah Higgins,TE,ARI,2.0,ACT,False,"https://static.www.nfl.com/image/upload/f_auto,q_auto/league/qgvtaa0gekopg4ad6vqe","https://static.www.nfl.com/image/upload/f_auto,q_auto/league/qgvtaa0gekopg4ad6vqe",22.528541589623483,21.176829094246074,,,0.0,0.0,0.0,0.0,8.0,7.0,91.0,0.0,15.05937461478408
237,43,5,Tyrod Taylor,QB,GB,2.0,ACT,False,"https://static.www.nfl.com/image/upload/f_auto,q_auto/league/whpztm9akd7yefplp37r","https://static.www.nfl.com/image/upload/f_auto,q_auto/league/whpztm9akd7yefplp37r",23.983333333333334,21.105333333333334,,,717.0,4.0,0.0,0.0,0.0,0.0,0.0,0.0,0.0
238,44,5,Carson Wentz,QB,MIN,3.0,ACT,False,"https://static.www.nfl.com/image/upload/f_auto,q_auto/league/vuolixdvigc8axelug66","https://static.www.nfl.com/image/upload/f_auto,q_auto/league/vuolixdvigc8axelug66",22.955555555555556,20.20088888888889,,,1216.0,6.0,0.0,0.0,0.0,0.0,0.0,0.0,0.0
239,94,5,Isaac TeSlaa,WR,DET,3.0,ACT,False,"https://static.www.nfl.com/image/upload/f_auto,q_auto/league/ducfhbiy2a8loytcjymn","https://static.www.nfl.com/image/upload/f_auto,q_auto/league/ducfhbiy2a8loytcjymn",18.63654136701517,20.127464676376384,,,0.0,0.0,0.0,0.0,7.0,4.0,52.0,1.0,20.43270683507584
240,45,5,Tyler Huntley,QB,BAL,2.0,ACT,False,"https://static.www.nfl.com/image/upload/f_auto,q_auto/league/fxyjf9d5qkwqjdd8ypvv","https://static.www.nfl.com/image/upload/f_auto,q_auto/league/fxyjf9d5qkwqjdd8ypvv",22.405555555555555,19.71688888888889,,,361.0,2.0,0.0,0.0,0.0,0.0,0.0,0.0,0.0
241,56,5,Ray Davis,RB,BUF,2.0,ACT,False,"https://static.www.nfl.com/image/upload/f_auto,q_auto/league/xibwzhrl6q5xkgh3utug","https://static.www.nfl.com/image/upload/f_auto,q_auto/league/xibwzhrl6q5xkgh3utug",18.15714285714286,19.60971428571429,,,0.0,0.0,151.0,0.0,0.0,0.0,0.0,0.0,0.0
242,46,5,Quinn Ewers,QB,JAX,2.0,ACT,False,"https://static.www.nfl.com/image/upload/f_auto,q_auto/league/bbcwyjuhyijtqe7jo274","https://static.www.nfl.com/image/upload/f_auto,q_auto/league/bbcwyjuhyijtqe7jo274",22.16111111111111,19.50177777777778,,,569.0,3.0,0.0,0.0,0.0,0.0,0.0,0.0,0.0
243,57,5,Bam Knight,RB,ARI,3.0,ACT,False,"https://static.www.nfl.com/image/upload/f_auto,q_auto/league/mjxnlzlnnwlfqayeybut","https://static.www.nfl.com/image/upload/f_auto,q_auto/league/mjxnlzlnnwlfqayeybut",17.757142857142856,19.177714285714288,,,0.0,0.0,193.0,2.0,0.0,0.0,0.0,0.0,0.0
244,58,5,Malik Davis,RB,DAL,2.0,ACT,False,"https://static.www.nfl.com/image/upload/f_auto,q_auto/league/zvranxxyt8qeihn8c2q9","https://static.www.nfl.com/image/upload/f_auto,q_auto/league/zvranxxyt8qeihn8c2q9",17.47142857142857,18.869142857142858,,,0.0,0.0,103.0,0.0,0.0,0.0,0.0,0.0,0.0
245,95,5,Dyami Brown,WR,WAS,6.0,ACT,False,"https://static.www.nfl.com/image/upload/f_auto,q_auto/league/addv9eheok1jj7amfkpb","https://static.www.nfl.com/image/upload/f_auto,q_auto/league/addv9eheok1jj7amfkpb",17.397111506003846,18.788880426484155,,,0.0,0.0,0.0,0.0,19.0,10.0,95.0,1.0,25.92786522232693
246,59,5,Dylan Sampson,RB,CLE,2.0,ACT,False,"https://static.www.nfl.com/image/upload/f_auto,q_auto/league/den1hzzomdxfcsgk88o5","https://static.www.nfl.com/image/upload/f_auto,q_auto/league/den1hzzomdxfcsgk88o5",17.257142857142856,18.637714285714285,,,0.0,0.0,88.0,0.0,0.0,0.0,0.0,0.0,0.0
247,47,5,Jameis Winston,QB,NYG,2.0,ACT,False,"https://static.www.nfl.com/image/upload/f_auto,q_auto/league/e5qyxnibbyawi0pvfpjl","https://static.www.nfl.com/image/upload/f_auto,q_auto/league/e5qyxnibbyawi0pvfpjl",21.15,18.612,,,567.0,2.0,0.0,0.0,0.0,0.0,0.0,0.0,0.0
248,96,5,Jack Bech,WR,LV,3.0,ACT,False,"https://static.www.nfl.com/image/upload/f_auto,q_auto/league/feplgtl0x1svqen9szwv","https://static.www.nfl.com/image/upload/f_auto,q_auto/league/feplgtl0x1svqen9szwv",17.19149801615021,18.566817857442228,,,0.0,0.0,0.0,0.0,11.0,9.0,77.0,0.0,21.284413157674123
249,60,5,Samaje Perine,RB,CIN,2.0,ACT,False,"https://static.www.nfl.com/image/upload/f_auto,q_auto/league/fllwhcdovol5i7xxahf6","https://static.www.nfl.com/image/upload/f_auto,q_auto/league/fllwhcdovol5i7xxahf6",17.15714285714286,18.529714285714288,,,0.0,0.0,81.0,0.0,0.0,0.0,0.0,0.0,0.0
250,48,5,Mason Rudolph,QB,PIT,2.0,ACT,False,"https://static.www.nfl.com/image/upload/f_auto,q_auto/league/oadtxde6hxz1jgrs618o","https://static.www.nfl.com/image/upload/f_auto,q_auto/league/oadtxde6hxz1jgrs618o",20.855555555555554,18.352888888888888,,,298.0,2.0,0.0,0.0,0.0,0.0,0.0,0.0,0.0
251,61,5,Chris Brooks,RB,GB,2.0,ACT,False,"https://static.www.nfl.com/image/upload/f_auto,q_auto/league/ityat7ltppdxe9t0imjd","https://static.www.nfl.com/image/upload/f_auto,q_auto/league/ityat7ltppdxe9t0imjd",16.87142857142857,18.22114285714286,,,0.0,0.0,61.0,0.0,0.0,0.0,0.0,0.0,0.0
252,47,5,Brock Wright,TE,DET,2.0,ACT,False,"https://static.www.nfl.com/image/upload/f_auto,q_auto/league/ghmaeofuj87fm97yhvcp","https://static.www.nfl.com/image/upload/f_auto,q_auto/league/ghmaeofuj87fm97yhvcp",19.014083564886285,17.873238550993108,,,0.0,0.0,0.0,0.0,7.0,2.0,8.0,0.0,5.6537511577647495
253,49,5,Riley Leonard,QB,IND,2.0,ACT,False,"https://static.www.nfl.com/image/upload/f_auto,q_auto/league/okxcrf19ylc0hwfefmwl","https://static.www.nfl.com/image/upload/f_auto,q_auto/league/okxcrf19ylc0hwfefmwl",20.305555555555557,17.86888888888889,,,415.0,2.0,0.0,0.0,0.0,0.0,0.0,0.0,0.0
254,62,5,George Holani,RB,SEA,2.0,ACT,False,"https://static.www.nfl.com/image/upload/f_auto,q_auto/league/pgwvv5qhcmnwf3tomy1a","https://static.www.nfl.com/image/upload/f_auto,q_auto/league/pgwvv5qhcmnwf3tomy1a",16.385714285714286,17.69657142857143,,,0.0,0.0,27.0,0.0,0.0,0.0,0.0,0.0,0.0
255,97,5,Kevin Austin Jr.,WR,NO,5.0,ACT,False,"https://static.www.nfl.com/image/upload/f_auto,q_auto/league/fh2yaqaxkornxeb7d9ie","https://static.www.nfl.com/image/upload/f_auto,q_auto/league/fh2yaqaxkornxeb7d9ie",16.08294977278414,17.369585754606874,,,0.0,0.0,0.0,0.0,19.0,11.0,122.0,1.0,17.280133479305317
256,66,5,Emmett Johnson,RB,KC,2.0,ACT,True,"https://static.www.nfl.com/image/upload/f_auto,q_auto/league/avdz4njz1slqn7ktqcuq","https://static.www.nfl.com/image/upload/f_auto,q_auto/league/avdz4njz1slqn7ktqcuq",16.0,17.28,,,0.0,0.0,0.0,0.0,0.0,0.0,0.0,0.0,0.0
257,98,5,KC Concepcion,WR,CLE,2.0,ACT,True,"https://static.www.nfl.com/image/upload/f_auto,q_auto/league/ztdyzyngqr1pexyghlt3","https://static.www.nfl.com/image/upload/f_auto,q_auto/league/ztdyzyngqr1pexyghlt3",16.0,17.28,,,0.0,0.0,0.0,0.0,0.0,0.0,0.0,0.0,0.0
258,69,5,Kaelon Black,RB,SF,2.0,ACT,True,"https://static.www.nfl.com/image/upload/f_auto,q_auto/league/nwgkzr1ysr32jc79zfnt","https://static.www.nfl.com/image/upload/f_auto,q_auto/league/nwgkzr1ysr32jc79zfnt",16.0,17.28,,,0.0,0.0,0.0,0.0,0.0,0.0,0.0,0.0,0.0
259,68,5,Braelon Allen,RB,NYJ,2.0,ACT,False,"https://static.www.nfl.com/image/upload/f_auto,q_auto/league/fmpzgmfjmcbrv1gmqbdn","https://static.www.nfl.com/image/upload/f_auto,q_auto/league/fmpzgmfjmcbrv1gmqbdn",16.0,17.28,,,0.0,0.0,0.0,0.0,0.0,0.0,0.0,0.0,0.0
260,65,5,Seth McGowan,RB,IND,2.0,ACT,True,"https://static.www.nfl.com/image/upload/f_auto,q_auto/league/qkwvvygwu9pan88sivzb","https://static.www.nfl.com/image/upload/f_auto,q_auto/league/qkwvvygwu9pan88sivzb",16.0,17.28,,,0.0,0.0,0.0,0.0,0.0,0.0,0.0,0.0,0.0
261,63,5,Justice Hill,RB,BAL,2.0,ACT,False,"https://static.www.nfl.com/image/upload/f_auto,q_auto/league/fuodbrwvianete2gy5ag","https://static.www.nfl.com/image/upload/f_auto,q_auto/league/fuodbrwvianete2gy5ag",16.0,17.28,,,0.0,0.0,0.0,0.0,0.0,0.0,0.0,0.0,0.0
262,64,5,Jonathon Brooks,RB,CAR,2.0,ACT,False,"https://static.www.nfl.com/image/upload/f_auto,q_auto/league/txl39rwjrs2fkm1shtxh","https://static.www.nfl.com/image/upload/f_auto,q_auto/league/txl39rwjrs2fkm1shtxh",16.0,17.28,,,0.0,0.0,0.0,0.0,0.0,0.0,0.0,0.0,0.0
263,67,5,Keaton Mitchell,RB,LAC,2.0,ACT,False,"https://static.www.nfl.com/image/upload/f_auto,q_auto/league/ztciwwpbyaffmckwrzdk","https://static.www.nfl.com/image/upload/f_auto,q_auto/league/ztciwwpbyaffmckwrzdk",16.0,17.28,,,0.0,0.0,0.0,0.0,0.0,0.0,0.0,0.0,0.0
264,99,5,Kalif Raymond,WR,CHI,3.0,ACT,False,"https://static.www.nfl.com/image/upload/f_auto,q_auto/league/dpdv6dm0almcbjdppizx","https://static.www.nfl.com/image/upload/f_auto,q_auto/league/dpdv6dm0almcbjdppizx",15.179249550232205,16.39358951425078,,,0.0,0.0,0.0,0.0,5.0,4.0,62.0,1.0,4.877016981930257
265,48,5,Tanner Hudson,TE,CIN,3.0,ACT,False,"https://static.www.nfl.com/image/upload/f_auto,q_auto/league/pyl2bpjw0vy4idcseama","https://static.www.nfl.com/image/upload/f_auto,q_auto/league/pyl2bpjw0vy4idcseama",16.92942997469015,15.91366417620874,,,0.0,0.0,0.0,0.0,10.0,7.0,26.0,1.0,8.980483206784083
266,100,5,Lil'Jordan Humphrey,WR,DEN,6.0,ACT,False,"https://static.www.nfl.com/image/upload/f_auto,q_auto/league/otxrvkflhixz9akhmfqq","https://static.www.nfl.com/image/upload/f_auto,q_auto/league/otxrvkflhixz9akhmfqq",14.526274163647408,15.688376096739201,,,0.0,0.0,0.0,0.0,13.0,6.0,78.0,0.0,35.38137081823703
267,101,5,Isaiah Bond,WR,CLE,4.0,ACT,False,"https://static.www.nfl.com/image/upload/f_auto,q_auto/league/piv889pkizjvgrtpfkxm","https://static.www.nfl.com/image/upload/f_auto,q_auto/league/piv889pkizjvgrtpfkxm",14.520832694894892,15.682499310486484,,,0.0,0.0,0.0,0.0,18.0,7.0,96.0,0.0,27.719548089859074
268,102,5,Jaylin Lane,WR,WAS,7.0,ACT,False,"https://static.www.nfl.com/image/upload/f_auto,q_auto/league/fa5ufxqxs3hzioih3cfb","https://static.www.nfl.com/image/upload/f_auto,q_auto/league/fa5ufxqxs3hzioih3cfb",14.385111629190604,15.535920559525852,,,0.0,0.0,0.0,0.0,11.0,6.0,89.0,0.0,36.329404299799165
269,103,5,Xavier Restrepo,WR,TEN,6.0,ACT,False,"https://static.www.nfl.com/image/upload/f_auto,q_auto/league/w4onu90fxjmlkmkchcg1","https://static.www.nfl.com/image/upload/f_auto,q_auto/league/w4onu90fxjmlkmkchcg1",14.048990806840944,15.172910071388221,,,0.0,0.0,0.0,0.0,6.0,2.0,26.0,0.0,45.74495403420472
270,60,5,Josh Oliver,TE,MIN,2.0,ACT,False,"https://static.www.nfl.com/image/upload/f_auto,q_auto/league/awdb5xedlbq0ebpptgzb","https://static.www.nfl.com/image/upload/f_auto,q_auto/league/awdb5xedlbq0ebpptgzb",16.0,15.04,,,0.0,0.0,0.0,0.0,0.0,0.0,0.0,0.0,0.0
271,63,5,Johnny Mundt,TE,PHI,2.0,ACT,False,"https://static.www.nfl.com/image/upload/f_auto,q_auto/league/gbsnomwbzavt5124vvaz","https://static.www.nfl.com/image/upload/f_auto,q_auto/league/gbsnomwbzavt5124vvaz",16.0,15.04,,,0.0,0.0,0.0,0.0,0.0,0.0,0.0,0.0,0.0
272,62,5,Kenyon Sadiq,TE,NYJ,2.0,ACT,True,"https://static.www.nfl.com/image/upload/f_auto,q_auto/league/mnswulwto4yqkgmugoiq","https://static.www.nfl.com/image/upload/f_auto,q_auto/league/mnswulwto4yqkgmugoiq",16.0,15.04,,,0.0,0.0,0.0,0.0,0.0,0.0,0.0,0.0,0.0
273,59,5,Will Kacmarek,TE,MIA,2.0,ACT,True,"https://static.www.nfl.com/image/upload/f_auto,q_auto/league/erqascuieblamkhf2vbs","https://static.www.nfl.com/image/upload/f_auto,q_auto/league/erqascuieblamkhf2vbs",16.0,15.04,,,0.0,0.0,0.0,0.0,0.0,0.0,0.0,0.0,0.0
274,49,5,Charlie Woerner,TE,ATL,2.0,ACT,False,"https://static.www.nfl.com/image/upload/f_auto,q_auto/league/tuzldnhk23mvsapfejqd","https://static.www.nfl.com/image/upload/f_auto,q_auto/league/tuzldnhk23mvsapfejqd",16.0,15.04,,,0.0,0.0,0.0,0.0,0.0,0.0,0.0,0.0,0.0
275,66,5,Daniel Bellinger,TE,TEN,2.0,ACT,False,"https://static.www.nfl.com/image/upload/f_auto,q_auto/league/nvabdu88h2cvroeygabo","https://static.www.nfl.com/image/upload/f_auto,q_auto/league/nvabdu88h2cvroeygabo",16.0,15.04,,,0.0,0.0,0.0,0.0,0.0,0.0,0.0,0.0,0.0
276,50,5,Durham Smythe,TE,BAL,2.0,ACT,False,"https://static.www.nfl.com/image/upload/f_auto,q_auto/league/pwcuy1ntmris98x8xmxi","https://static.www.nfl.com/image/upload/f_auto,q_auto/league/pwcuy1ntmris98x8xmxi",16.0,15.04,,,0.0,0.0,0.0,0.0,0.0,0.0,0.0,0.0,0.0
277,58,5,Nate Boerkircher,TE,JAX,2.0,ACT,True,"https://static.www.nfl.com/image/upload/f_auto,q_auto/league/bxglkvzpx2y40u25xaso","https://static.www.nfl.com/image/upload/f_auto,q_auto/league/bxglkvzpx2y40u25xaso",16.0,15.04,,,0.0,0.0,0.0,0.0,0.0,0.0,0.0,0.0,0.0
278,51,5,Mitchell Evans,TE,CAR,2.0,ACT,False,"https://static.www.nfl.com/image/upload/f_auto,q_auto/league/yruhsxdnyfaa7iswn1dp","https://static.www.nfl.com/image/upload/f_auto,q_auto/league/yruhsxdnyfaa7iswn1dp",16.0,15.04,,,0.0,0.0,0.0,0.0,0.0,0.0,0.0,0.0,0.0
279,65,5,Payne Durham,TE,TB,2.0,ACT,False,"https://static.www.nfl.com/image/upload/f_auto,q_auto/league/emibbexzjbzvopbvo1at","https://static.www.nfl.com/image/upload/f_auto,q_auto/league/emibbexzjbzvopbvo1at",16.0,15.04,,,0.0,0.0,0.0,0.0,0.0,0.0,0.0,0.0,0.0
280,52,5,Drew Sample,TE,CIN,2.0,ACT,False,"https://static.www.nfl.com/image/upload/f_auto,q_auto/league/mmxrr2k7gdfowqpyxtr7","https://static.www.nfl.com/image/upload/f_auto,q_auto/league/mmxrr2k7gdfowqpyxtr7",16.0,15.04,,,0.0,0.0,0.0,0.0,0.0,0.0,0.0,0.0,0.0
281,54,5,Brevyn Spann-Ford,TE,DAL,2.0,ACT,False,"https://static.www.nfl.com/image/upload/f_auto,q_auto/league/sko2pmuqociwa92ep1ad","https://static.www.nfl.com/image/upload/f_auto,q_auto/league/sko2pmuqociwa92ep1ad",16.0,15.04,,,0.0,0.0,0.0,0.0,0.0,0.0,0.0,0.0,0.0
282,64,5,Eric Saubert,TE,SEA,2.0,ACT,False,"https://static.www.nfl.com/image/upload/f_auto,q_auto/league/czzieyox5rht6ae3g5tx","https://static.www.nfl.com/image/upload/f_auto,q_auto/league/czzieyox5rht6ae3g5tx",16.0,15.04,,,0.0,0.0,0.0,0.0,0.0,0.0,0.0,0.0,0.0
283,55,5,Adam Trautman,TE,DEN,2.0,ACT,False,"https://static.www.nfl.com/image/upload/f_auto,q_auto/league/bqsgkwkfolczyrxmdp1j","https://static.www.nfl.com/image/upload/f_auto,q_auto/league/bqsgkwkfolczyrxmdp1j",16.0,15.04,,,0.0,0.0,0.0,0.0,0.0,0.0,0.0,0.0,0.0
284,56,5,Foster Moreau,TE,HOU,2.0,ACT,False,"https://static.www.nfl.com/image/upload/f_auto,q_auto/league/daymhftrwf00siu0iviy","https://static.www.nfl.com/image/upload/f_auto,q_auto/league/daymhftrwf00siu0iviy",16.0,15.04,,,0.0,0.0,0.0,0.0,0.0,0.0,0.0,0.0,0.0
285,67,5,John Bates,TE,WAS,2.0,ACT,False,"https://static.www.nfl.com/image/upload/f_auto,q_auto/league/sqaiwpind6kk4ns4acql","https://static.www.nfl.com/image/upload/f_auto,q_auto/league/sqaiwpind6kk4ns4acql",16.0,15.04,,,0.0,0.0,0.0,0.0,0.0,0.0,0.0,0.0,0.0
286,53,5,Blake Whiteheart,TE,CLE,2.0,ACT,False,"https://static.www.nfl.com/image/upload/f_auto,q_auto/league/senw8edxu2ovkg1dbdxs","https://static.www.nfl.com/image/upload/f_auto,q_auto/league/senw8edxu2ovkg1dbdxs",16.0,15.04,,,0.0,0.0,0.0,0.0,0.0,0.0,0.0,0.0,0.0
287,61,5,Eli Raridon,TE,NE,2.0,ACT,True,"https://static.www.nfl.com/image/upload/f_auto,q_auto/league/tglrg0yek3kwrt8rqz5t","https://static.www.nfl.com/image/upload/f_auto,q_auto/league/tglrg0yek3kwrt8rqz5t",16.0,15.04,,,0.0,0.0,0.0,0.0,0.0,0.0,0.0,0.0,0.0
288,57,5,Mo Alie-Cox,TE,IND,2.0,ACT,False,"https://static.www.nfl.com/image/upload/f_auto,q_auto/league/ivdxijcqlhfwsydxh6ox","https://static.www.nfl.com/image/upload/f_auto,q_auto/league/ivdxijcqlhfwsydxh6ox",16.0,15.04,,,0.0,0.0,0.0,0.0,0.0,0.0,0.0,0.0,0.0
289,70,5,Kendre Miller,RB,NO,3.0,ACT,False,"https://static.www.nfl.com/image/upload/f_auto,q_auto/league/vclaomtslw55smksopku","https://static.www.nfl.com/image/upload/f_auto,q_auto/league/vclaomtslw55smksopku",13.514285714285714,14.595428571428572,,,0.0,0.0,106.0,1.0,0.0,0.0,0.0,0.0,0.0
290,104,5,Tim Patrick,WR,NYJ,5.0,ACT,False,"https://static.www.nfl.com/image/upload/f_auto,q_auto/league/hw06t7n00cfpt7euljza","https://static.www.nfl.com/image/upload/f_auto,q_auto/league/hw06t7n00cfpt7euljza",13.3469302840722,14.414684706797978,,,0.0,0.0,0.0,0.0,6.0,5.0,78.0,1.0,23.234651420361008
291,105,5,Isaiah Williams,WR,NYJ,4.0,ACT,False,"https://static.www.nfl.com/image/upload/f_auto,q_auto/league/rj2etltwzmlxyz1cfkeo","https://static.www.nfl.com/image/upload/f_auto,q_auto/league/rj2etltwzmlxyz1cfkeo",13.30269894076927,14.366914856030812,,,0.0,0.0,0.0,0.0,19.0,15.0,107.0,0.0,19.53272547307712
292,106,5,Ashton Dulin,WR,IND,4.0,ACT,False,"https://static.www.nfl.com/image/upload/f_auto,q_auto/league/ux55cx0r9iwqwmfmaip6","https://static.www.nfl.com/image/upload/f_auto,q_auto/league/ux55cx0r9iwqwmfmaip6",13.133201461315624,14.183857578220874,,,0.0,0.0,0.0,0.0,5.0,2.0,55.0,0.0,40.18523807580888
293,59,5,Kyle McCord,QB,MIA,2.0,ACT,False,"https://static.www.nfl.com/image/upload/f_auto,q_auto/league/smdh2mmu457aammcblth","https://static.www.nfl.com/image/upload/f_auto,q_auto/league/smdh2mmu457aammcblth",16.0,14.08,,,0.0,0.0,0.0,0.0,0.0,0.0,0.0,0.0,0.0
294,58,5,Fernando Mendoza,QB,LV,2.0,ACT,True,"https://static.www.nfl.com/image/upload/f_auto,q_auto/league/umygvel2pumkyvxt3jm9","https://static.www.nfl.com/image/upload/f_auto,q_auto/league/umygvel2pumkyvxt3jm9",16.0,14.08,,,0.0,0.0,0.0,0.0,0.0,0.0,0.0,0.0,0.0
295,50,5,Gardner Minshew,QB,ARI,2.0,ACT,False,"https://static.www.nfl.com/image/upload/f_auto,q_auto/league/knlacyr7rqfkcxiriudj","https://static.www.nfl.com/image/upload/f_auto,q_auto/league/knlacyr7rqfkcxiriudj",16.0,14.08,,,0.0,0.0,0.0,0.0,0.0,0.0,0.0,0.0,0.0
296,62,5,Drew Lock,QB,SEA,2.0,ACT,False,"https://static.www.nfl.com/image/upload/f_auto,q_auto/league/vdixnkk1uglfpwowalf8","https://static.www.nfl.com/image/upload/f_auto,q_auto/league/vdixnkk1uglfpwowalf8",16.0,14.08,,,0.0,0.0,0.0,0.0,0.0,0.0,0.0,0.0,0.0
297,51,5,Kyle Allen,QB,BUF,2.0,ACT,False,"https://static.www.nfl.com/image/upload/f_auto,q_auto/league/s3vbqdcoc6oc6yh460v9","https://static.www.nfl.com/image/upload/f_auto,q_auto/league/s3vbqdcoc6oc6yh460v9",16.0,14.08,,,0.0,0.0,0.0,0.0,0.0,0.0,0.0,0.0,0.0
298,56,5,Joshua Dobbs,QB,DET,2.0,ACT,False,"https://static.www.nfl.com/image/upload/f_auto,q_auto/league/twaqqjexyi0vgyfbvzis","https://static.www.nfl.com/image/upload/f_auto,q_auto/league/twaqqjexyi0vgyfbvzis",16.0,14.08,,,0.0,0.0,0.0,0.0,0.0,0.0,0.0,0.0,0.0
299,53,5,Joe Milton III,QB,DAL,2.0,ACT,False,"https://static.www.nfl.com/image/upload/f_auto,q_auto/league/tsj9lobse1gxzanf39dt","https://static.www.nfl.com/image/upload/f_auto,q_auto/league/tsj9lobse1gxzanf39dt",16.0,14.08,,,0.0,0.0,0.0,0.0,0.0,0.0,0.0,0.0,0.0
300,63,5,Jalon Daniels,QB,TB,2.0,ACT,True,"https://static.www.nfl.com/image/upload/f_auto,q_auto/league/hwhfl6i5drktwjvslfpn","https://static.www.nfl.com/image/upload/f_auto,q_auto/league/hwhfl6i5drktwjvslfpn",16.0,14.08,,,0.0,0.0,0.0,0.0,0.0,0.0,0.0,0.0,0.0
301,55,5,Jarrett Stidham,QB,DEN,2.0,ACT,False,"https://static.www.nfl.com/image/upload/f_auto,q_auto/league/uzdn86skeienyyqxyiuw","https://static.www.nfl.com/image/upload/f_auto,q_auto/league/uzdn86skeienyyqxyiuw",16.0,14.08,,,0.0,0.0,0.0,0.0,0.0,0.0,0.0,0.0,0.0
302,52,5,Tyson Bagent,QB,CHI,2.0,ACT,False,"https://static.www.nfl.com/image/upload/f_auto,q_auto/league/ymimvligfyrucu0v3p6a","https://static.www.nfl.com/image/upload/f_auto,q_auto/league/ymimvligfyrucu0v3p6a",16.0,14.08,,,0.0,0.0,0.0,0.0,0.0,0.0,0.0,0.0,0.0
303,57,5,Stetson Bennett,QB,LA,2.0,ACT,False,"https://static.www.nfl.com/image/upload/f_auto,q_auto/league/s0eo3fstv6rkitzbefzu","https://static.www.nfl.com/image/upload/f_auto,q_auto/league/s0eo3fstv6rkitzbefzu",16.0,14.08,,,0.0,0.0,0.0,0.0,0.0,0.0,0.0,0.0,0.0
304,60,5,Tommy DeVito,QB,NE,2.0,ACT,False,"https://static.www.nfl.com/image/upload/f_auto,q_auto/league/hb3m2zbfb5aprw6vdqx8","https://static.www.nfl.com/image/upload/f_auto,q_auto/league/hb3m2zbfb5aprw6vdqx8",16.0,14.08,,,0.0,0.0,0.0,0.0,0.0,0.0,0.0,0.0,0.0
305,54,5,Sam Howell,QB,DAL,2.0,ACT,False,"https://static.www.nfl.com/image/upload/f_auto,q_auto/league/sx77bippywnl0dx6m8q9","https://static.www.nfl.com/image/upload/f_auto,q_auto/league/sx77bippywnl0dx6m8q9",16.0,14.08,,,0.0,0.0,0.0,0.0,0.0,0.0,0.0,0.0,0.0
306,61,5,Cade Klubnik,QB,NYJ,2.0,ACT,True,"https://static.www.nfl.com/image/upload/f_auto,q_auto/league/sqsxavkryojbysy4kq85","https://static.www.nfl.com/image/upload/f_auto,q_auto/league/sqsxavkryojbysy4kq85",16.0,14.08,,,0.0,0.0,0.0,0.0,0.0,0.0,0.0,0.0,0.0
307,64,5,Andy Dalton,QB,PHI,2.0,ACT,False,"https://static.www.nfl.com/image/upload/f_auto,q_auto/league/sfsneh0bn46e2kwve7sr","https://static.www.nfl.com/image/upload/f_auto,q_auto/league/sfsneh0bn46e2kwve7sr",15.772222222222222,13.879555555555555,,,175.0,0.0,0.0,0.0,0.0,0.0,0.0,0.0,0.0
308,65,5,Trey Lance,QB,LAC,2.0,ACT,False,"https://static.www.nfl.com/image/upload/f_auto,q_auto/league/j3psmvvxo13kmbgi60ej","https://static.www.nfl.com/image/upload/f_auto,q_auto/league/j3psmvvxo13kmbgi60ej",15.555555555555555,13.688888888888888,,,136.0,0.0,0.0,0.0,0.0,0.0,0.0,0.0,0.0
309,71,5,Ty Johnson,RB,BUF,3.0,ACT,False,"https://static.www.nfl.com/image/upload/f_auto,q_auto/league/zruhihypizhtgpvsaj3c","https://static.www.nfl.com/image/upload/f_auto,q_auto/league/zruhihypizhtgpvsaj3c",12.514285714285714,13.515428571428572,,,0.0,0.0,36.0,1.0,0.0,0.0,0.0,0.0,0.0
310,107,5,Treylon Burks,WR,WAS,5.0,ACT,False,"https://static.www.nfl.com/image/upload/f_auto,q_auto/league/bmozbzdxgnnwdniuvgnn","https://static.www.nfl.com/image/upload/f_auto,q_auto/league/bmozbzdxgnnwdniuvgnn",12.467421377168844,13.464815087342352,,,0.0,0.0,0.0,0.0,5.0,2.0,30.0,0.0,38.779414578151915
311,66,5,Kenny Pickett,QB,CAR,2.0,ACT,False,"https://static.www.nfl.com/image/upload/f_auto,q_auto/league/gw6lyiuevyuspfkglnmj","https://static.www.nfl.com/image/upload/f_auto,q_auto/league/gw6lyiuevyuspfkglnmj",15.155555555555555,13.336888888888888,,,64.0,0.0,0.0,0.0,0.0,0.0,0.0,0.0,0.0
312,108,5,Demarcus Robinson,WR,SF,4.0,ACT,False,"https://static.www.nfl.com/image/upload/f_auto,q_auto/league/cokassoz2z7hb4wk2krh","https://static.www.nfl.com/image/upload/f_auto,q_auto/league/cokassoz2z7hb4wk2krh",12.148821135358924,13.120726826187639,,,0.0,0.0,0.0,0.0,7.0,3.0,39.0,0.0,33.99410567679462
313,68,5,Elijah Arroyo,TE,SEA,3.0,ACT,False,"https://static.www.nfl.com/image/upload/f_auto,q_auto/league/m5rdyemjoxl4cuz9yun8","https://static.www.nfl.com/image/upload/f_auto,q_auto/league/m5rdyemjoxl4cuz9yun8",13.38052982586143,12.577698036309744,,,0.0,0.0,0.0,0.0,5.0,4.0,42.0,0.0,12.152649129307152
314,109,5,Josh Palmer,WR,BUF,4.0,ACT,False,"https://static.www.nfl.com/image/upload/f_auto,q_auto/league/woswdfrtxnsfgzsjvsxx","https://static.www.nfl.com/image/upload/f_auto,q_auto/league/woswdfrtxnsfgzsjvsxx",11.525567094309242,12.447612461853982,,,0.0,0.0,0.0,0.0,14.0,7.0,78.0,0.0,19.127835471546213
315,69,5,Kylen Granson,TE,TEN,3.0,ACT,False,"https://static.www.nfl.com/image/upload/f_auto,q_auto/league/ysbxmdw4da30q3kjb571","https://static.www.nfl.com/image/upload/f_auto,q_auto/league/ysbxmdw4da30q3kjb571",12.672996380171718,11.912616597361414,,,0.0,0.0,0.0,0.0,5.0,4.0,30.0,0.0,9.614981900858584
316,70,5,Jeremy Ruckert,TE,NYJ,3.0,ACT,False,"https://static.www.nfl.com/image/upload/f_auto,q_auto/league/bcqcta7r1uee3rqhejdh","https://static.www.nfl.com/image/upload/f_auto,q_auto/league/bcqcta7r1uee3rqhejdh",12.35122143420016,11.610148148148149,,,0.0,0.0,0.0,0.0,5.0,4.0,23.0,0.0,8.589440504334124
317,110,5,Konata Mumpfield,WR,LA,4.0,ACT,False,"https://static.www.nfl.com/image/upload/f_auto,q_auto/league/cehkowkvb4aujslmppbj","https://static.www.nfl.com/image/upload/f_auto,q_auto/league/cehkowkvb4aujslmppbj",10.70676123933048,11.563302138476919,,,0.0,0.0,0.0,0.0,13.0,5.0,50.0,0.0,18.437652350498546
318,111,5,Kyle Williams,WR,NE,5.0,ACT,False,"https://static.www.nfl.com/image/upload/f_auto,q_auto/league/xkicyhizq6sm86wr5osk","https://static.www.nfl.com/image/upload/f_auto,q_auto/league/xkicyhizq6sm86wr5osk",10.525134770665662,11.367145552318917,,,0.0,0.0,0.0,0.0,5.0,3.0,20.0,0.0,29.83721231486678
319,72,5,Brashard Smith,RB,KC,3.0,ACT,False,"https://static.www.nfl.com/image/upload/f_auto,q_auto/league/xnf4x6b9a2yunsc0gaej","https://static.www.nfl.com/image/upload/f_auto,q_auto/league/xnf4x6b9a2yunsc0gaej",10.357142857142858,11.185714285714287,,,0.0,0.0,95.0,0.0,0.0,0.0,0.0,0.0,0.0
320,112,5,Xavier Smith,WR,LA,6.0,ACT,False,"https://static.www.nfl.com/image/upload/f_auto,q_auto/league/hqvwpitewijx8bjrcofe","https://static.www.nfl.com/image/upload/f_auto,q_auto/league/hqvwpitewijx8bjrcofe",10.264478146673707,11.085636398407603,,,0.0,0.0,0.0,0.0,6.0,4.0,67.0,0.0,23.668544579522376
321,73,5,British Brooks,RB,HOU,3.0,ACT,False,"https://static.www.nfl.com/image/upload/f_auto,q_auto/league/jethzcwj6oeitvdprnk8","https://static.www.nfl.com/image/upload/f_auto,q_auto/league/jethzcwj6oeitvdprnk8",9.9,10.692000000000002,,,0.0,0.0,63.0,0.0,0.0,0.0,0.0,0.0,0.0
322,74,5,Ollie Gordon II,RB,MIA,3.0,ACT,False,"https://static.www.nfl.com/image/upload/f_auto,q_auto/league/bv33rgypaauv7sealwkr","https://static.www.nfl.com/image/upload/f_auto,q_auto/league/bv33rgypaauv7sealwkr",9.657142857142857,10.429714285714287,,,0.0,0.0,46.0,0.0,0.0,0.0,0.0,0.0,0.0
323,75,5,Raheim Sanders,RB,CLE,3.0,ACT,False,"https://static.www.nfl.com/image/upload/f_auto,q_auto/league/bopoof9uczgpvpggeahp","https://static.www.nfl.com/image/upload/f_auto,q_auto/league/bopoof9uczgpvpggeahp",9.6,10.368,,,0.0,0.0,42.0,0.0,0.0,0.0,0.0,0.0,0.0
324,76,5,DJ Giddens,RB,IND,3.0,ACT,False,"https://static.www.nfl.com/image/upload/f_auto,q_auto/league/y2vrgvb9kbvfpmyb3yzu","https://static.www.nfl.com/image/upload/f_auto,q_auto/league/y2vrgvb9kbvfpmyb3yzu",9.585714285714285,10.352571428571428,,,0.0,0.0,41.0,0.0,0.0,0.0,0.0,0.0,0.0
325,67,5,Tanner McKee,QB,PHI,3.0,ACT,False,"https://static.www.nfl.com/image/upload/f_auto,q_auto/league/oveivzhzv13jrfvkp8zg","https://static.www.nfl.com/image/upload/f_auto,q_auto/league/oveivzhzv13jrfvkp8zg",11.338888888888889,9.978222222222222,,,241.0,1.0,0.0,0.0,0.0,0.0,0.0,0.0,0.0
326,83,5,Kaleb Johnson,RB,GB,3.0,ACT,False,"https://static.www.nfl.com/image/upload/f_auto,q_auto/league/zpzc4oobxi8nr5dyonob","https://static.www.nfl.com/image/upload/f_auto,q_auto/league/zpzc4oobxi8nr5dyonob",9.0,9.72,,,0.0,0.0,0.0,0.0,0.0,0.0,0.0,0.0,0.0
327,82,5,Sione Vaki,RB,DET,3.0,ACT,False,"https://static.www.nfl.com/image/upload/f_auto,q_auto/league/abqcluf2gbejhiyjjtoz","https://static.www.nfl.com/image/upload/f_auto,q_auto/league/abqcluf2gbejhiyjjtoz",9.0,9.72,,,0.0,0.0,0.0,0.0,0.0,0.0,0.0,0.0,0.0
328,77,5,Rasheen Ali,RB,BAL,3.0,ACT,False,"https://static.www.nfl.com/image/upload/f_auto,q_auto/league/zwjrkzu3ia3cfrwgotqt","https://static.www.nfl.com/image/upload/f_auto,q_auto/league/zwjrkzu3ia3cfrwgotqt",9.0,9.72,,,0.0,0.0,0.0,0.0,0.0,0.0,0.0,0.0,0.0
329,92,5,Eli Heidenreich,RB,PIT,3.0,ACT,True,"https://static.www.nfl.com/image/upload/f_auto,q_auto/league/jhiyjb8jmjyzehmrrjoy","https://static.www.nfl.com/image/upload/f_auto,q_auto/league/jhiyjb8jmjyzehmrrjoy",9.0,9.72,,,0.0,0.0,0.0,0.0,0.0,0.0,0.0,0.0,0.0
330,81,5,Jonah Coleman,RB,DEN,3.0,ACT,True,"https://static.www.nfl.com/image/upload/f_auto,q_auto/league/qbauucaxakkhtxihuvmr","https://static.www.nfl.com/image/upload/f_auto,q_auto/league/qbauucaxakkhtxihuvmr",9.0,9.72,,,0.0,0.0,0.0,0.0,0.0,0.0,0.0,0.0,0.0
331,91,5,Will Shipley,RB,PHI,3.0,ACT,False,"https://static.www.nfl.com/image/upload/f_auto,q_auto/league/pvpaepncsdfgzdubkuhg","https://static.www.nfl.com/image/upload/f_auto,q_auto/league/pvpaepncsdfgzdubkuhg",9.0,9.72,,,0.0,0.0,0.0,0.0,0.0,0.0,0.0,0.0,0.0
332,78,5,AJ Dillon,RB,CAR,3.0,ACT,False,"https://static.www.nfl.com/image/upload/f_auto,q_auto/league/imxxt8yrbrxptoxr1hw5","https://static.www.nfl.com/image/upload/f_auto,q_auto/league/imxxt8yrbrxptoxr1hw5",9.0,9.72,,,0.0,0.0,0.0,0.0,0.0,0.0,0.0,0.0,0.0
333,115,5,Jordan Whittington,WR,LA,3.0,ACT,False,"https://static.www.nfl.com/image/upload/f_auto,q_auto/league/enqcg1lgjkuk0hqz3qjc","https://static.www.nfl.com/image/upload/f_auto,q_auto/league/enqcg1lgjkuk0hqz3qjc",9.0,9.72,,,0.0,0.0,0.0,0.0,0.0,0.0,0.0,0.0,0.0
334,117,5,Bryce Lance,WR,NO,3.0,ACT,True,"https://static.www.nfl.com/image/upload/f_auto,q_auto/league/lzh0hbhllbouh97ffpp6","https://static.www.nfl.com/image/upload/f_auto,q_auto/league/lzh0hbhllbouh97ffpp6",9.0,9.72,,,0.0,0.0,0.0,0.0,0.0,0.0,0.0,0.0,0.0
335,89,5,Najee Harris,RB,NYG,3.0,ACT,False,"https://static.www.nfl.com/image/upload/f_auto,q_auto/league/grfxgbvqnzz40r7rdtvk","https://static.www.nfl.com/image/upload/f_auto,q_auto/league/grfxgbvqnzz40r7rdtvk",9.0,9.72,,,0.0,0.0,0.0,0.0,0.0,0.0,0.0,0.0,0.0
336,84,5,LeQuint Allen Jr.,RB,JAX,3.0,ACT,False,"https://static.www.nfl.com/image/upload/f_auto,q_auto/league/i0utigksuuvo2njb9wtk","https://static.www.nfl.com/image/upload/f_auto,q_auto/league/i0utigksuuvo2njb9wtk",9.0,9.72,,,0.0,0.0,0.0,0.0,0.0,0.0,0.0,0.0,0.0
337,79,5,Roschon Johnson,RB,CHI,3.0,ACT,False,"https://static.www.nfl.com/image/upload/f_auto,q_auto/league/xbham6uvckkshpntb8oj","https://static.www.nfl.com/image/upload/f_auto,q_auto/league/xbham6uvckkshpntb8oj",9.0,9.72,,,0.0,0.0,0.0,0.0,0.0,0.0,0.0,0.0,0.0
338,93,5,Jordan James,RB,SF,3.0,ACT,False,"https://static.www.nfl.com/image/upload/f_auto,q_auto/league/un9cfqnwdzugrcy8caoh","https://static.www.nfl.com/image/upload/f_auto,q_auto/league/un9cfqnwdzugrcy8caoh",9.0,9.72,,,0.0,0.0,0.0,0.0,0.0,0.0,0.0,0.0,0.0
339,119,5,Makai Lemon,WR,PHI,3.0,ACT,True,"https://static.www.nfl.com/image/upload/f_auto,q_auto/league/ys2i2o7c0bl36xvlrojz","https://static.www.nfl.com/image/upload/f_auto,q_auto/league/ys2i2o7c0bl36xvlrojz",9.0,9.72,,,0.0,0.0,0.0,0.0,0.0,0.0,0.0,0.0,0.0
340,120,5,De'Zhaun Stribling,WR,SF,3.0,ACT,True,"https://static.www.nfl.com/image/upload/f_auto,q_auto/league/eu1nxtlztiwr5ko48iwz","https://static.www.nfl.com/image/upload/f_auto,q_auto/league/eu1nxtlztiwr5ko48iwz",9.0,9.72,,,0.0,0.0,0.0,0.0,0.0,0.0,0.0,0.0,0.0
341,88,5,Corey Kiner,RB,NE,3.0,ACT,False,"https://static.www.nfl.com/image/upload/f_auto,q_auto/league/tpnamrgzfbytwlzhhyf8","https://static.www.nfl.com/image/upload/f_auto,q_auto/league/tpnamrgzfbytwlzhhyf8",9.0,9.72,,,0.0,0.0,0.0,0.0,0.0,0.0,0.0,0.0,0.0
342,90,5,Isaiah Davis,RB,NYJ,3.0,ACT,False,"https://static.www.nfl.com/image/upload/f_auto,q_auto/league/x6r9a5xhtaklbvnqmtw7","https://static.www.nfl.com/image/upload/f_auto,q_auto/league/x6r9a5xhtaklbvnqmtw7",9.0,9.72,,,0.0,0.0,0.0,0.0,0.0,0.0,0.0,0.0,0.0
343,114,5,Denzel Boston,WR,CLE,3.0,ACT,True,"https://static.www.nfl.com/image/upload/f_auto,q_auto/league/ybkny6eh5eegq3bqmony","https://static.www.nfl.com/image/upload/f_auto,q_auto/league/ybkny6eh5eegq3bqmony",9.0,9.72,,,0.0,0.0,0.0,0.0,0.0,0.0,0.0,0.0,0.0
344,118,5,Omar Cooper Jr.,WR,NYJ,3.0,ACT,True,"https://static.www.nfl.com/image/upload/f_auto,q_auto/league/lmua2lbg0m77ibvydvaq","https://static.www.nfl.com/image/upload/f_auto,q_auto/league/lmua2lbg0m77ibvydvaq",9.0,9.72,,,0.0,0.0,0.0,0.0,0.0,0.0,0.0,0.0,0.0
345,80,5,Tahj Brooks,RB,CIN,3.0,ACT,False,"https://static.www.nfl.com/image/upload/f_auto,q_auto/league/s89clgkij0ytcmrkdydt","https://static.www.nfl.com/image/upload/f_auto,q_auto/league/s89clgkij0ytcmrkdydt",9.0,9.72,,,0.0,0.0,0.0,0.0,0.0,0.0,0.0,0.0,0.0
346,85,5,Ronnie Rivers,RB,LA,3.0,ACT,False,"https://static.www.nfl.com/image/upload/f_auto,q_auto/league/t9l7jhs1jw1joy8jpxee","https://static.www.nfl.com/image/upload/f_auto,q_auto/league/t9l7jhs1jw1joy8jpxee",9.0,9.72,,,0.0,0.0,0.0,0.0,0.0,0.0,0.0,0.0,0.0
347,113,5,Ja'Kobi Lane,WR,BAL,3.0,ACT,True,"https://static.www.nfl.com/image/upload/f_auto,q_auto/league/gjezd2a8imfrxyv16wuj","https://static.www.nfl.com/image/upload/f_auto,q_auto/league/gjezd2a8imfrxyv16wuj",9.0,9.72,,,0.0,0.0,0.0,0.0,0.0,0.0,0.0,0.0,0.0
348,116,5,Caleb Douglas,WR,MIA,3.0,ACT,True,"https://static.www.nfl.com/image/upload/f_auto,q_auto/league/stwypvmutplwvi1zzbmu","https://static.www.nfl.com/image/upload/f_auto,q_auto/league/stwypvmutplwvi1zzbmu",9.0,9.72,,,0.0,0.0,0.0,0.0,0.0,0.0,0.0,0.0,0.0
349,86,5,Dylan Laube,RB,LV,3.0,ACT,False,"https://static.www.nfl.com/image/upload/f_auto,q_auto/league/lpizdza73bgksstymv5t","https://static.www.nfl.com/image/upload/f_auto,q_auto/league/lpizdza73bgksstymv5t",9.0,9.72,,,0.0,0.0,0.0,0.0,0.0,0.0,0.0,0.0,0.0
350,121,5,Antonio Williams,WR,WAS,3.0,ACT,True,"https://static.www.nfl.com/image/upload/f_auto,q_auto/league/noywrsgaqoqlv64c12yw","https://static.www.nfl.com/image/upload/f_auto,q_auto/league/noywrsgaqoqlv64c12yw",9.0,9.72,,,0.0,0.0,0.0,0.0,0.0,0.0,0.0,0.0,0.0
351,94,5,Nicholas Singleton,RB,TEN,3.0,ACT,True,"https://static.www.nfl.com/image/upload/f_auto,q_auto/league/ztwqbc0s69cbz5ow0r0q","https://static.www.nfl.com/image/upload/f_auto,q_auto/league/ztwqbc0s69cbz5ow0r0q",9.0,9.72,,,0.0,0.0,0.0,0.0,0.0,0.0,0.0,0.0,0.0
352,95,5,Kaytron Allen,RB,WAS,3.0,ACT,True,"https://static.www.nfl.com/image/upload/f_auto,q_auto/league/vbhwkqty94alwjyz8cin","https://static.www.nfl.com/image/upload/f_auto,q_auto/league/vbhwkqty94alwjyz8cin",9.0,9.72,,,0.0,0.0,0.0,0.0,0.0,0.0,0.0,0.0,0.0
353,87,5,Demond Claiborne,RB,MIN,3.0,ACT,True,"https://static.www.nfl.com/image/upload/f_auto,q_auto/league/vmozbbdzgcaqq1yrixeb","https://static.www.nfl.com/image/upload/f_auto,q_auto/league/vmozbbdzgcaqq1yrixeb",9.0,9.72,,,0.0,0.0,0.0,0.0,0.0,0.0,0.0,0.0,0.0
354,71,5,Ja'Tavion Sanders,TE,CAR,4.0,ACT,False,"https://static.www.nfl.com/image/upload/f_auto,q_auto/league/le2akm1cbou170ioctxl","https://static.www.nfl.com/image/upload/f_auto,q_auto/league/le2akm1cbou170ioctxl",10.31522331008824,9.696309911482944,,,0.0,0.0,0.0,0.0,14.0,12.0,86.0,0.0,11.909449883774528
355,122,5,KeAndre Lambert-Smith,WR,LAC,5.0,ACT,False,"https://static.www.nfl.com/image/upload/f_auto,q_auto/league/xhhzgylwh0ptvpaghnuu","https://static.www.nfl.com/image/upload/f_auto,q_auto/league/xhhzgylwh0ptvpaghnuu",8.957668837645954,9.674282344657632,,,0.0,0.0,0.0,0.0,5.0,2.0,24.0,0.0,21.69219034207593
356,123,5,Darius Cooper,WR,PHI,6.0,ACT,False,"https://static.www.nfl.com/image/upload/f_auto,q_auto/league/pe71oe4eoyyfnq80fkxc","https://static.www.nfl.com/image/upload/f_auto,q_auto/league/pe71oe4eoyyfnq80fkxc",8.722750494188253,9.420570533723314,,,0.0,0.0,0.0,0.0,5.0,3.0,33.0,0.0,19.825290932479724
357,96,5,Audric Estimé,RB,NO,4.0,ACT,False,"https://static.www.nfl.com/image/upload/f_auto,q_auto/league/lcoend1mysjfhl8f4rrt","https://static.www.nfl.com/image/upload/f_auto,q_auto/league/lcoend1mysjfhl8f4rrt",8.242857142857144,8.902285714285716,,,0.0,0.0,157.0,1.0,0.0,0.0,0.0,0.0,0.0
358,124,5,Brycen Tremayne,WR,CAR,6.0,ACT,False,"https://static.www.nfl.com/image/upload/f_auto,q_auto/league/isc094ihkf69vzrlkiql","https://static.www.nfl.com/image/upload/f_auto,q_auto/league/isc094ihkf69vzrlkiql",8.025705164593779,8.667761577761281,,,0.0,0.0,0.0,0.0,5.0,3.0,48.0,0.0,15.186218130661205
359,95,5,Luke Farrell,TE,SF,3.0,ACT,False,"https://static.www.nfl.com/image/upload/f_auto,q_auto/league/kdq2zratulrdsv4ykugy","https://static.www.nfl.com/image/upload/f_auto,q_auto/league/kdq2zratulrdsv4ykugy",9.0,8.459999999999999,,,0.0,0.0,0.0,0.0,0.0,0.0,0.0,0.0,0.0
360,97,5,Ben Sinnott,TE,WAS,3.0,ACT,False,"https://static.www.nfl.com/image/upload/f_auto,q_auto/league/ilkrv6dqajndnlsbmv8f","https://static.www.nfl.com/image/upload/f_auto,q_auto/league/ilkrv6dqajndnlsbmv8f",9.0,8.459999999999999,,,0.0,0.0,0.0,0.0,0.0,0.0,0.0,0.0,0.0
361,77,5,Erick All,TE,CIN,3.0,ACT,False,"https://static.www.nfl.com/image/upload/f_auto,q_auto/league/ifkhcxze7lnxkpzjvsmk","https://static.www.nfl.com/image/upload/f_auto,q_auto/league/ifkhcxze7lnxkpzjvsmk",9.0,8.459999999999999,,,0.0,0.0,0.0,0.0,0.0,0.0,0.0,0.0,0.0
362,84,5,Andrew Ogletree,TE,IND,3.0,ACT,False,"https://static.www.nfl.com/image/upload/f_auto,q_auto/league/wvcrk0ygv3coprxj4cnt","https://static.www.nfl.com/image/upload/f_auto,q_auto/league/wvcrk0ygv3coprxj4cnt",9.0,8.459999999999999,,,0.0,0.0,0.0,0.0,0.0,0.0,0.0,0.0,0.0
363,76,5,Sam Roush,TE,CHI,3.0,ACT,True,"https://static.www.nfl.com/image/upload/f_auto,q_auto/league/jqkmmguw4934lyjgvuip","https://static.www.nfl.com/image/upload/f_auto,q_auto/league/jqkmmguw4934lyjgvuip",9.0,8.459999999999999,,,0.0,0.0,0.0,0.0,0.0,0.0,0.0,0.0,0.0
364,94,5,Robert Tonyan,TE,PIT,3.0,ACT,False,"https://static.www.nfl.com/image/upload/f_auto,q_auto/league/m8h8rzmxq4sjywitqnyb","https://static.www.nfl.com/image/upload/f_auto,q_auto/league/m8h8rzmxq4sjywitqnyb",9.0,8.459999999999999,,,0.0,0.0,0.0,0.0,0.0,0.0,0.0,0.0,0.0
365,74,5,Matthew Hibner,TE,BAL,3.0,ACT,True,"https://static.www.nfl.com/image/upload/f_auto,q_auto/league/kkkia0wl2sqsjiwecde0","https://static.www.nfl.com/image/upload/f_auto,q_auto/league/kkkia0wl2sqsjiwecde0",9.0,8.459999999999999,,,0.0,0.0,0.0,0.0,0.0,0.0,0.0,0.0,0.0
366,92,5,Eli Stowers,TE,PHI,3.0,ACT,True,"https://static.www.nfl.com/image/upload/f_auto,q_auto/league/c9rjqit3q5tm9hzkm5ay","https://static.www.nfl.com/image/upload/f_auto,q_auto/league/c9rjqit3q5tm9hzkm5ay",9.0,8.459999999999999,,,0.0,0.0,0.0,0.0,0.0,0.0,0.0,0.0,0.0
367,85,5,Tanner Koziol,TE,JAX,3.0,ACT,True,"https://static.www.nfl.com/image/upload/f_auto,q_auto/league/yx0na9fufgv3snuyecbd","https://static.www.nfl.com/image/upload/f_auto,q_auto/league/yx0na9fufgv3snuyecbd",9.0,8.459999999999999,,,0.0,0.0,0.0,0.0,0.0,0.0,0.0,0.0,0.0
368,83,5,Cade Stover,TE,HOU,3.0,ACT,False,"https://static.www.nfl.com/image/upload/f_auto,q_auto/league/ur3ihcg0rkeqbfiksj5y","https://static.www.nfl.com/image/upload/f_auto,q_auto/league/ur3ihcg0rkeqbfiksj5y",9.0,8.459999999999999,,,0.0,0.0,0.0,0.0,0.0,0.0,0.0,0.0,0.0
369,73,5,Austin Hooper,TE,ATL,3.0,ACT,False,"https://static.www.nfl.com/image/upload/f_auto,q_auto/league/dd0j9ccd8fxokl48alzg","https://static.www.nfl.com/image/upload/f_auto,q_auto/league/dd0j9ccd8fxokl48alzg",9.0,8.459999999999999,,,0.0,0.0,0.0,0.0,0.0,0.0,0.0,0.0,0.0
370,78,5,Carsen Ryan,TE,CLE,3.0,ACT,True,"https://static.www.nfl.com/image/upload/f_auto,q_auto/league/qiqiqjw4vyhv2xpxt2np","https://static.www.nfl.com/image/upload/f_auto,q_auto/league/qiqiqjw4vyhv2xpxt2np",9.0,8.459999999999999,,,0.0,0.0,0.0,0.0,0.0,0.0,0.0,0.0,0.0
371,82,5,Josh Whyle,TE,GB,3.0,ACT,False,"https://static.www.nfl.com/image/upload/f_auto,q_auto/league/an9hxzbzmg6kgkdai022","https://static.www.nfl.com/image/upload/f_auto,q_auto/league/an9hxzbzmg6kgkdai022",9.0,8.459999999999999,,,0.0,0.0,0.0,0.0,0.0,0.0,0.0,0.0,0.0
372,90,5,Ben Yurosek,TE,MIN,3.0,ACT,False,"https://static.www.nfl.com/image/upload/f_auto,q_auto/league/q6ea6dqd4nn27aeihiv7","https://static.www.nfl.com/image/upload/f_auto,q_auto/league/q6ea6dqd4nn27aeihiv7",9.0,8.459999999999999,,,0.0,0.0,0.0,0.0,0.0,0.0,0.0,0.0,0.0
373,89,5,Seydou Traore,TE,MIA,3.0,ACT,True,"https://static.www.nfl.com/image/upload/f_auto,q_auto/league/kzpmm2zoctywb276zqt4","https://static.www.nfl.com/image/upload/f_auto,q_auto/league/kzpmm2zoctywb276zqt4",9.0,8.459999999999999,,,0.0,0.0,0.0,0.0,0.0,0.0,0.0,0.0,0.0
374,81,5,Jackson Meeks,TE,DET,3.0,ACT,False,"https://static.www.nfl.com/image/upload/f_auto,q_auto/league/ot3dsyhfhos9epmkqdip","https://static.www.nfl.com/image/upload/f_auto,q_auto/league/ot3dsyhfhos9epmkqdip",9.0,8.459999999999999,,,0.0,0.0,0.0,0.0,0.0,0.0,0.0,0.0,0.0
375,88,5,Ian Thomas,TE,LV,3.0,ACT,False,"https://static.www.nfl.com/image/upload/f_auto,q_auto/league/gvpwnq0mjefjlekgzxro","https://static.www.nfl.com/image/upload/f_auto,q_auto/league/gvpwnq0mjefjlekgzxro",9.0,8.459999999999999,,,0.0,0.0,0.0,0.0,0.0,0.0,0.0,0.0,0.0
376,91,5,Oscar Delp,TE,NO,3.0,ACT,True,"https://static.www.nfl.com/image/upload/f_auto,q_auto/league/a7tu8cb3rnd5ncgbtok5","https://static.www.nfl.com/image/upload/f_auto,q_auto/league/a7tu8cb3rnd5ncgbtok5",9.0,8.459999999999999,,,0.0,0.0,0.0,0.0,0.0,0.0,0.0,0.0,0.0
377,79,5,Luke Schoonmaker,TE,DAL,3.0,ACT,False,"https://static.www.nfl.com/image/upload/f_auto,q_auto/league/g1slhy5joxxfeudlzrh9","https://static.www.nfl.com/image/upload/f_auto,q_auto/league/g1slhy5joxxfeudlzrh9",9.0,8.459999999999999,,,0.0,0.0,0.0,0.0,0.0,0.0,0.0,0.0,0.0
378,86,5,Jared Wiley,TE,KC,3.0,ACT,False,"https://static.www.nfl.com/image/upload/f_auto,q_auto/league/qbu14rgh4wchepqsrgb0","https://static.www.nfl.com/image/upload/f_auto,q_auto/league/qbu14rgh4wchepqsrgb0",9.0,8.459999999999999,,,0.0,0.0,0.0,0.0,0.0,0.0,0.0,0.0,0.0
379,93,5,Riley Nowakowski,TE,PIT,3.0,ACT,True,"https://static.www.nfl.com/image/upload/f_auto,q_auto/league/nhyd8plaetjoosbq1btb","https://static.www.nfl.com/image/upload/f_auto,q_auto/league/nhyd8plaetjoosbq1btb",9.0,8.459999999999999,,,0.0,0.0,0.0,0.0,0.0,0.0,0.0,0.0,0.0
380,75,5,Jackson Hawes,TE,BUF,3.0,ACT,False,"https://static.www.nfl.com/image/upload/f_auto,q_auto/league/gl3easmpg7rn6e5siya2","https://static.www.nfl.com/image/upload/f_auto,q_auto/league/gl3easmpg7rn6e5siya2",9.0,8.459999999999999,,,0.0,0.0,0.0,0.0,0.0,0.0,0.0,0.0,0.0
381,80,5,Nate Adkins,TE,DEN,3.0,ACT,False,"https://static.www.nfl.com/image/upload/f_auto,q_auto/league/hedaw0ksq5qdzp9uhe3w","https://static.www.nfl.com/image/upload/f_auto,q_auto/league/hedaw0ksq5qdzp9uhe3w",9.0,8.459999999999999,,,0.0,0.0,0.0,0.0,0.0,0.0,0.0,0.0,0.0
382,87,5,Terrance Ferguson,TE,LA,3.0,ACT,False,"https://static.www.nfl.com/image/upload/f_auto,q_auto/league/w5o0s5yf6j5dsmiwdtfg","https://static.www.nfl.com/image/upload/f_auto,q_auto/league/w5o0s5yf6j5dsmiwdtfg",9.0,8.459999999999999,,,0.0,0.0,0.0,0.0,0.0,0.0,0.0,0.0,0.0
383,72,5,Hunter Long,TE,ARI,3.0,ACT,False,"https://static.www.nfl.com/image/upload/f_auto,q_auto/league/wlj6sdfj5qcy8bt2qyxb","https://static.www.nfl.com/image/upload/f_auto,q_auto/league/wlj6sdfj5qcy8bt2qyxb",9.0,8.459999999999999,,,0.0,0.0,0.0,0.0,0.0,0.0,0.0,0.0,0.0
384,96,5,Ko Kieft,TE,TB,3.0,ACT,False,"https://static.www.nfl.com/image/upload/f_auto,q_auto/league/whd4f9mav6qqckqltqwu","https://static.www.nfl.com/image/upload/f_auto,q_auto/league/whd4f9mav6qqckqltqwu",9.0,8.459999999999999,,,0.0,0.0,0.0,0.0,0.0,0.0,0.0,0.0,0.0
385,68,5,Aidan O'Connell,QB,LV,3.0,ACT,False,"https://static.www.nfl.com/image/upload/f_auto,q_auto/league/bcejxo7ofgk5pszhup12","https://static.www.nfl.com/image/upload/f_auto,q_auto/league/bcejxo7ofgk5pszhup12",9.566666666666666,8.418666666666667,,,102.0,0.0,0.0,0.0,0.0,0.0,0.0,0.0,0.0
386,74,5,Sam Ehlinger,QB,DEN,3.0,ACT,False,"https://static.www.nfl.com/image/upload/f_auto,q_auto/league/imtb2ia03w2ujrl9dprs","https://static.www.nfl.com/image/upload/f_auto,q_auto/league/imtb2ia03w2ujrl9dprs",9.0,7.92,,,0.0,0.0,0.0,0.0,0.0,0.0,0.0,0.0,0.0
387,70,5,Joe Fagnano,QB,BAL,3.0,ACT,True,"https://static.www.nfl.com/image/upload/f_auto,q_auto/league/p8uqfsnpx153mn3gjtd3","https://static.www.nfl.com/image/upload/f_auto,q_auto/league/p8uqfsnpx153mn3gjtd3",9.0,7.92,,,0.0,0.0,0.0,0.0,0.0,0.0,0.0,0.0,0.0
388,69,5,Carson Beck,QB,ARI,3.0,ACT,True,"https://static.www.nfl.com/image/upload/f_auto,q_auto/league/yvybqpgnezk75h9rpobv","https://static.www.nfl.com/image/upload/f_auto,q_auto/league/yvybqpgnezk75h9rpobv",9.0,7.92,,,0.0,0.0,0.0,0.0,0.0,0.0,0.0,0.0,0.0
389,72,5,Case Keenum,QB,CHI,3.0,ACT,False,"https://static.www.nfl.com/image/upload/f_auto,q_auto/league/weixhyzal4ntsyszyepu","https://static.www.nfl.com/image/upload/f_auto,q_auto/league/weixhyzal4ntsyszyepu",9.0,7.92,,,0.0,0.0,0.0,0.0,0.0,0.0,0.0,0.0,0.0
390,78,5,Ty Simpson,QB,LA,3.0,ACT,True,,,9.0,7.92,,,0.0,0.0,0.0,0.0,0.0,0.0,0.0,0.0,0.0
391,82,5,Jalen Milroe,QB,SEA,3.0,ACT,False,"https://static.www.nfl.com/image/upload/f_auto,q_auto/league/hohqoqpdyquxn1sr1fm2","https://static.www.nfl.com/image/upload/f_auto,q_auto/league/hohqoqpdyquxn1sr1fm2",9.0,7.92,,,0.0,0.0,0.0,0.0,0.0,0.0,0.0,0.0,0.0
392,75,5,Anthony Richardson,QB,IND,3.0,ACT,False,"https://static.www.nfl.com/image/upload/f_auto,q_auto/league/wrddeyklfcgk9qybgofq","https://static.www.nfl.com/image/upload/f_auto,q_auto/league/wrddeyklfcgk9qybgofq",9.0,7.92,,,0.0,0.0,0.0,0.0,0.0,0.0,0.0,0.0,0.0
393,71,5,Haynes King,QB,CAR,3.0,ACT,True,"https://static.www.nfl.com/image/upload/f_auto,q_auto/league/qcloyq4ahyh0hfzo6i0i","https://static.www.nfl.com/image/upload/f_auto,q_auto/league/qcloyq4ahyh0hfzo6i0i",9.0,7.92,,,0.0,0.0,0.0,0.0,0.0,0.0,0.0,0.0,0.0
394,81,5,Will Howard,QB,PIT,3.0,ACT,False,"https://static.www.nfl.com/image/upload/f_auto,q_auto/league/wzt7xj9ownxfit5igpcd","https://static.www.nfl.com/image/upload/f_auto,q_auto/league/wzt7xj9ownxfit5igpcd",9.0,7.92,,,0.0,0.0,0.0,0.0,0.0,0.0,0.0,0.0,0.0
395,76,5,Carter Bradley,QB,JAX,3.0,W04,False,"https://static.www.nfl.com/image/upload/f_auto,q_auto/league/ystkos8c5gnjtsgxg7vg","https://static.www.nfl.com/image/upload/f_auto,q_auto/league/ystkos8c5gnjtsgxg7vg",9.0,7.92,,,0.0,0.0,0.0,0.0,0.0,0.0,0.0,0.0,0.0
396,79,5,Behren Morton,QB,NE,3.0,ACT,True,"https://static.www.nfl.com/image/upload/f_auto,q_auto/league/st5s1urflg14hwvx8uzl","https://static.www.nfl.com/image/upload/f_auto,q_auto/league/st5s1urflg14hwvx8uzl",9.0,7.92,,,0.0,0.0,0.0,0.0,0.0,0.0,0.0,0.0,0.0
397,80,5,Zach Wilson,QB,NO,3.0,ACT,False,"https://static.www.nfl.com/image/upload/f_auto,q_auto/league/i17xpbsar7evcypbhtel","https://static.www.nfl.com/image/upload/f_auto,q_auto/league/i17xpbsar7evcypbhtel",9.0,7.92,,,0.0,0.0,0.0,0.0,0.0,0.0,0.0,0.0,0.0
398,73,5,Taylen Green,QB,CLE,3.0,ACT,True,,,9.0,7.92,,,0.0,0.0,0.0,0.0,0.0,0.0,0.0,0.0,0.0
399,83,5,Kurtis Rourke,QB,SF,3.0,ACT,False,"https://static.www.nfl.com/image/upload/f_auto,q_auto/league/rq4swf5c2ar45ljuc0w2","https://static.www.nfl.com/image/upload/f_auto,q_auto/league/rq4swf5c2ar45ljuc0w2",9.0,7.92,,,0.0,0.0,0.0,0.0,0.0,0.0,0.0,0.0,0.0
400,84,5,Athan Kaliakmanis,QB,WAS,3.0,ACT,True,"https://static.www.nfl.com/image/upload/f_auto,q_auto/league/ahtbv63jyg8ampmyrxn9","https://static.www.nfl.com/image/upload/f_auto,q_auto/league/ahtbv63jyg8ampmyrxn9",9.0,7.92,,,0.0,0.0,0.0,0.0,0.0,0.0,0.0,0.0,0.0
401,77,5,Garrett Nussmeier,QB,KC,3.0,ACT,True,"https://static.www.nfl.com/image/upload/f_auto,q_auto/league/uyidfkzfhuqaks3pmdeo","https://static.www.nfl.com/image/upload/f_auto,q_auto/league/uyidfkzfhuqaks3pmdeo",9.0,7.92,,,0.0,0.0,0.0,0.0,0.0,0.0,0.0,0.0,0.0
402,85,5,Chris Oladokun,QB,KC,4.0,W04,False,"https://static.www.nfl.com/image/upload/f_auto,q_auto/league/zlcmvcyi6laaklmjv1j2","https://static.www.nfl.com/image/upload/f_auto,q_auto/league/zlcmvcyi6laaklmjv1j2",6.5055555555555555,5.724888888888889,,,235.0,1.0,0.0,0.0,0.0,0.0,0.0,0.0,0.0
403,125,5,KaVontae Turpin,WR,DAL,4.0,ACT,False,"https://static.www.nfl.com/image/upload/f_auto,q_auto/league/tayjlp1hgmm6rewgl1k4","https://static.www.nfl.com/image/upload/f_auto,q_auto/league/tayjlp1hgmm6rewgl1k4",4.797621638217535,5.1814313692749385,,,0.0,0.0,0.0,0.0,5.0,1.0,-2.0,0.0,2.8919543449338305
404,98,5,Davis Allen,TE,LA,5.0,ACT,False,"https://static.www.nfl.com/image/upload/f_auto,q_auto/league/iweydtcrfchsl3mt6jtd","https://static.www.nfl.com/image/upload/f_auto,q_auto/league/iweydtcrfchsl3mt6jtd",5.435593117654187,5.109457530594935,,,0.0,0.0,0.0,0.0,5.0,2.0,34.0,0.0,3.0946322549376
405,86,5,Cooper Rush,QB,ATL,3.0,ACT,False,"https://static.www.nfl.com/image/upload/f_auto,q_auto/league/mwrtykpswz7nbfisqlmj","https://static.www.nfl.com/image/upload/f_auto,q_auto/league/mwrtykpswz7nbfisqlmj",5.594444444444445,4.923111111111112,,,251.0,0.0,0.0,0.0,0.0,0.0,0.0,0.0,0.0
406,126,5,Devin Duvernay,WR,ARI,6.0,ACT,False,"https://static.www.nfl.com/image/upload/f_auto,q_auto/league/tj3t166iwsxbnyzxcyyl","https://static.www.nfl.com/image/upload/f_auto,q_auto/league/tj3t166iwsxbnyzxcyyl",3.0,3.24,,,0.0,0.0,0.0,0.0,0.0,0.0,0.0,0.0,0.0
407,128,5,Reggie Virgil,WR,ARI,5.0,ACT,True,"https://static.www.nfl.com/image/upload/f_auto,q_auto/league/hmaylhc9nc2zmqjdw1ib","https://static.www.nfl.com/image/upload/f_auto,q_auto/league/hmaylhc9nc2zmqjdw1ib",3.0,3.24,,,0.0,0.0,0.0,0.0,0.0,0.0,0.0,0.0,0.0
408,145,5,Jonathan Mingo,WR,DAL,5.0,ACT,False,"https://static.www.nfl.com/image/upload/f_auto,q_auto/league/u2b8s2s0ix5hntyg3eog","https://static.www.nfl.com/image/upload/f_auto,q_auto/league/u2b8s2s0ix5hntyg3eog",3.0,3.24,,,0.0,0.0,0.0,0.0,0.0,0.0,0.0,0.0,0.0
409,143,5,Tylan Wallace,WR,CLE,5.0,ACT,False,"https://static.www.nfl.com/image/upload/f_auto,q_auto/league/rifnnpeub6okv41offnd","https://static.www.nfl.com/image/upload/f_auto,q_auto/league/rifnnpeub6okv41offnd",3.0,3.24,,,0.0,0.0,0.0,0.0,0.0,0.0,0.0,0.0,0.0
410,192,5,Luke McCaffrey,WR,WAS,4.0,ACT,False,"https://static.www.nfl.com/image/upload/f_auto,q_auto/league/xtxiwlkniuldrqg65n3q","https://static.www.nfl.com/image/upload/f_auto,q_auto/league/xtxiwlkniuldrqg65n3q",3.0,3.24,,,0.0,0.0,0.0,0.0,0.0,0.0,0.0,0.0,0.0
411,144,5,Camden Brown,WR,DAL,6.0,ACT,True,"https://static.www.nfl.com/image/upload/f_auto,q_auto/league/tvoztpalnmmattxhdaoa","https://static.www.nfl.com/image/upload/f_auto,q_auto/league/tvoztpalnmmattxhdaoa",3.0,3.24,,,0.0,0.0,0.0,0.0,0.0,0.0,0.0,0.0,0.0
412,127,5,Jalen Brooks,WR,ARI,4.0,ACT,False,"https://static.www.nfl.com/image/upload/f_auto,q_auto/league/xeg0tvg6klf0afgddkq6","https://static.www.nfl.com/image/upload/f_auto,q_auto/league/xeg0tvg6klf0afgddkq6",3.0,3.24,,,0.0,0.0,0.0,0.0,0.0,0.0,0.0,0.0,0.0
413,140,5,Dohnte Meyers,WR,CIN,5.0,ACT,True,"https://static.www.nfl.com/image/upload/f_auto,q_auto/league/xkxpqhtebubkbv1irlkc","https://static.www.nfl.com/image/upload/f_auto,q_auto/league/xkxpqhtebubkbv1irlkc",3.0,3.24,,,0.0,0.0,0.0,0.0,0.0,0.0,0.0,0.0,0.0
414,142,5,Malachi Corley,WR,CLE,6.0,ACT,False,"https://static.www.nfl.com/image/upload/f_auto,q_auto/league/lay1p8pvwrglmqorc6ev","https://static.www.nfl.com/image/upload/f_auto,q_auto/league/lay1p8pvwrglmqorc6ev",3.0,3.24,,,0.0,0.0,0.0,0.0,0.0,0.0,0.0,0.0,0.0
415,185,5,Montorie Foster Jr,WR,SEA,5.0,ACT,False,"https://static.www.nfl.com/image/upload/f_auto,q_auto/league/qkyl0pfhi4pmzdtodu9k","https://static.www.nfl.com/image/upload/f_auto,q_auto/league/qkyl0pfhi4pmzdtodu9k",3.0,3.24,,,0.0,0.0,0.0,0.0,0.0,0.0,0.0,0.0,0.0
416,134,5,LaJohntay Wester,WR,BAL,6.0,ACT,False,"https://static.www.nfl.com/image/upload/f_auto,q_auto/league/t6cyhtqoihm88xppswud","https://static.www.nfl.com/image/upload/f_auto,q_auto/league/t6cyhtqoihm88xppswud",3.0,3.24,,,0.0,0.0,0.0,0.0,0.0,0.0,0.0,0.0,0.0
417,105,5,Julius Chestnut,RB,TEN,4.0,ACT,False,"https://static.www.nfl.com/image/upload/f_auto,q_auto/league/bkhv6hpjogvs5b31wwrs","https://static.www.nfl.com/image/upload/f_auto,q_auto/league/bkhv6hpjogvs5b31wwrs",3.0,3.24,,,0.0,0.0,0.0,0.0,0.0,0.0,0.0,0.0,0.0
418,135,5,Skyler Bell,WR,BUF,5.0,ACT,True,"https://static.www.nfl.com/image/upload/f_auto,q_auto/league/oac3geuuhazbznztufzk","https://static.www.nfl.com/image/upload/f_auto,q_auto/league/oac3geuuhazbznztufzk",3.0,3.24,,,0.0,0.0,0.0,0.0,0.0,0.0,0.0,0.0,0.0
419,133,5,Elijah Sarratt,WR,BAL,5.0,ACT,True,"https://static.www.nfl.com/image/upload/f_auto,q_auto/league/rbtitvma6hjyotcajqtv","https://static.www.nfl.com/image/upload/f_auto,q_auto/league/rbtitvma6hjyotcajqtv",3.0,3.24,,,0.0,0.0,0.0,0.0,0.0,0.0,0.0,0.0,0.0
420,190,5,Ted Hurst III,WR,TB,4.0,ACT,True,"https://static.www.nfl.com/image/upload/f_auto,q_auto/league/mmf6qmo6a2evw4feupcm","https://static.www.nfl.com/image/upload/f_auto,q_auto/league/mmf6qmo6a2evw4feupcm",3.0,3.24,,,0.0,0.0,0.0,0.0,0.0,0.0,0.0,0.0,0.0
421,189,5,Kameron Johnson,WR,TB,6.0,ACT,False,"https://static.www.nfl.com/image/upload/f_auto,q_auto/league/ms7auybbkq1nwbd2ev0d","https://static.www.nfl.com/image/upload/f_auto,q_auto/league/ms7auybbkq1nwbd2ev0d",3.0,3.24,,,0.0,0.0,0.0,0.0,0.0,0.0,0.0,0.0,0.0
422,136,5,Jimmy Horn Jr.,WR,CAR,5.0,ACT,False,"https://static.www.nfl.com/image/upload/f_auto,q_auto/league/gggcgfbghcft0xwxtrhk","https://static.www.nfl.com/image/upload/f_auto,q_auto/league/gggcgfbghcft0xwxtrhk",3.0,3.24,,,0.0,0.0,0.0,0.0,0.0,0.0,0.0,0.0,0.0
423,132,5,Devontez Walker,WR,BAL,4.0,ACT,False,"https://static.www.nfl.com/image/upload/f_auto,q_auto/league/x3x3k5ispk44ms0f7vrv","https://static.www.nfl.com/image/upload/f_auto,q_auto/league/x3x3k5ispk44ms0f7vrv",3.0,3.24,,,0.0,0.0,0.0,0.0,0.0,0.0,0.0,0.0,0.0
424,137,5,Jahdae Walker,WR,CHI,5.0,ACT,False,"https://static.www.nfl.com/image/upload/f_auto,q_auto/league/cr13mo2xrpdkksy8fveq","https://static.www.nfl.com/image/upload/f_auto,q_auto/league/cr13mo2xrpdkksy8fveq",3.0,3.24,,,0.0,0.0,0.0,0.0,0.0,0.0,0.0,0.0,0.0
425,138,5,Zavion Thomas,WR,CHI,4.0,ACT,True,"https://static.www.nfl.com/image/upload/f_auto,q_auto/league/lhodk54zsmznu4yxjoux","https://static.www.nfl.com/image/upload/f_auto,q_auto/league/lhodk54zsmznu4yxjoux",3.0,3.24,,,0.0,0.0,0.0,0.0,0.0,0.0,0.0,0.0,0.0
426,139,5,Colbie Young,WR,CIN,4.0,ACT,True,"https://static.www.nfl.com/image/upload/f_auto,q_auto/league/n4irmipxyl87b6jmudte","https://static.www.nfl.com/image/upload/f_auto,q_auto/league/n4irmipxyl87b6jmudte",3.0,3.24,,,0.0,0.0,0.0,0.0,0.0,0.0,0.0,0.0,0.0
427,188,5,Jordan Watkins,WR,SF,5.0,ACT,False,"https://static.www.nfl.com/image/upload/f_auto,q_auto/league/agcwewjrj4dfssqkzksp","https://static.www.nfl.com/image/upload/f_auto,q_auto/league/agcwewjrj4dfssqkzksp",3.0,3.24,,,0.0,0.0,0.0,0.0,0.0,0.0,0.0,0.0,0.0
428,131,5,Zachariah Branch,WR,ATL,4.0,ACT,True,"https://static.www.nfl.com/image/upload/f_auto,q_auto/league/qwbo8lgyd85dlwnbznsc","https://static.www.nfl.com/image/upload/f_auto,q_auto/league/qwbo8lgyd85dlwnbznsc",3.0,3.24,,,0.0,0.0,0.0,0.0,0.0,0.0,0.0,0.0,0.0
429,187,5,Jacob Cowing,WR,SF,6.0,ACT,False,"https://static.www.nfl.com/image/upload/f_auto,q_auto/league/uarciagmnzmyzs102dv6","https://static.www.nfl.com/image/upload/f_auto,q_auto/league/uarciagmnzmyzs102dv6",3.0,3.24,,,0.0,0.0,0.0,0.0,0.0,0.0,0.0,0.0,0.0
430,191,5,Jacoby Jones,WR,WAS,8.0,W04,False,"https://static.www.nfl.com/image/upload/f_auto,q_auto/league/bc74vque05mi8tg5xzxu","https://static.www.nfl.com/image/upload/f_auto,q_auto/league/bc74vque05mi8tg5xzxu",3.0,3.24,,,0.0,0.0,0.0,0.0,0.0,0.0,0.0,0.0,0.0
431,141,5,Ke'Shawn Williams,WR,CIN,6.0,ACT,False,"https://static.www.nfl.com/image/upload/f_auto,q_auto/league/r7enwgccqv93feuoeurz","https://static.www.nfl.com/image/upload/f_auto,q_auto/league/r7enwgccqv93feuoeurz",3.0,3.24,,,0.0,0.0,0.0,0.0,0.0,0.0,0.0,0.0,0.0
432,130,5,Chris Blair,WR,ATL,5.0,ACT,False,"https://static.www.nfl.com/image/upload/f_auto,q_auto/league/gfkhv6k1wr45fnhl0p1d","https://static.www.nfl.com/image/upload/f_auto,q_auto/league/gfkhv6k1wr45fnhl0p1d",3.0,3.24,,,0.0,0.0,0.0,0.0,0.0,0.0,0.0,0.0,0.0
433,186,5,Tory Horton,WR,SEA,4.0,ACT,False,"https://static.www.nfl.com/image/upload/f_auto,q_auto/league/lmsun4qzmk1rkgt4kw76","https://static.www.nfl.com/image/upload/f_auto,q_auto/league/lmsun4qzmk1rkgt4kw76",3.0,3.24,,,0.0,0.0,0.0,0.0,0.0,0.0,0.0,0.0,0.0
434,129,5,Simi Fehoko,WR,ARI,7.0,ACT,False,"https://static.www.nfl.com/image/upload/f_auto,q_auto/league/eep30drknwucjdj6tivh","https://static.www.nfl.com/image/upload/f_auto,q_auto/league/eep30drknwucjdj6tivh",3.0,3.24,,,0.0,0.0,0.0,0.0,0.0,0.0,0.0,0.0,0.0
435,184,5,Kaden Wetjen,WR,PIT,6.0,ACT,True,"https://static.www.nfl.com/image/upload/f_auto,q_auto/league/s44clgjdvd1tuslyqimk","https://static.www.nfl.com/image/upload/f_auto,q_auto/league/s44clgjdvd1tuslyqimk",3.0,3.24,,,0.0,0.0,0.0,0.0,0.0,0.0,0.0,0.0,0.0
436,181,5,Elijah Moore,WR,PHI,5.0,ACT,False,"https://static.www.nfl.com/image/upload/f_auto,q_auto/league/wax90oyx9vs0x9j4nt5n","https://static.www.nfl.com/image/upload/f_auto,q_auto/league/wax90oyx9vs0x9j4nt5n",3.0,3.24,,,0.0,0.0,0.0,0.0,0.0,0.0,0.0,0.0,0.0
437,183,5,Germie Bernard,WR,PIT,4.0,ACT,True,"https://static.www.nfl.com/image/upload/f_auto,q_auto/league/rsbtypbsvxux94vokb5q","https://static.www.nfl.com/image/upload/f_auto,q_auto/league/rsbtypbsvxux94vokb5q",3.0,3.24,,,0.0,0.0,0.0,0.0,0.0,0.0,0.0,0.0,0.0
438,179,5,Odell Beckham Jr.,WR,NYG,5.0,ACT,False,"https://static.www.nfl.com/image/upload/f_auto,q_auto/league/ffmalg3wr7lwnsz59i7v","https://static.www.nfl.com/image/upload/f_auto,q_auto/league/ffmalg3wr7lwnsz59i7v",3.0,3.24,,,0.0,0.0,0.0,0.0,0.0,0.0,0.0,0.0,0.0
439,158,5,CJ Daniels,WR,LA,7.0,ACT,True,"https://static.www.nfl.com/image/upload/f_auto,q_auto/league/jqx2xj6xmri9hrjm8azc","https://static.www.nfl.com/image/upload/f_auto,q_auto/league/jqx2xj6xmri9hrjm8azc",3.0,3.24,,,0.0,0.0,0.0,0.0,0.0,0.0,0.0,0.0,0.0
440,164,5,Chase Roberts,WR,LV,9.0,W04,True,"https://static.www.nfl.com/image/upload/f_auto,q_auto/league/bqncmkjxb7rcvfuhe1ss","https://static.www.nfl.com/image/upload/f_auto,q_auto/league/bqncmkjxb7rcvfuhe1ss",3.0,3.24,,,0.0,0.0,0.0,0.0,0.0,0.0,0.0,0.0,0.0
441,163,5,Sincere Brown,WR,LAC,8.0,W04,True,"https://static.www.nfl.com/image/upload/f_auto,q_auto/league/tczbze6iof5vyvxp9omu","https://static.www.nfl.com/image/upload/f_auto,q_auto/league/tczbze6iof5vyvxp9omu",3.0,3.24,,,0.0,0.0,0.0,0.0,0.0,0.0,0.0,0.0,0.0
442,162,5,Derius Davis,WR,LAC,6.0,ACT,False,"https://static.www.nfl.com/image/upload/f_auto,q_auto/league/ykmeihbr6903smvblzgc","https://static.www.nfl.com/image/upload/f_auto,q_auto/league/ykmeihbr6903smvblzgc",3.0,3.24,,,0.0,0.0,0.0,0.0,0.0,0.0,0.0,0.0,0.0
443,174,5,Myles Price,WR,MIN,5.0,ACT,False,"https://static.www.nfl.com/image/upload/f_auto,q_auto/league/yi2pgwujy0lv9l3m3sig","https://static.www.nfl.com/image/upload/f_auto,q_auto/league/yi2pgwujy0lv9l3m3sig",3.0,3.24,,,0.0,0.0,0.0,0.0,0.0,0.0,0.0,0.0,0.0
444,180,5,Arian Smith,WR,NYJ,6.0,ACT,False,"https://static.www.nfl.com/image/upload/f_auto,q_auto/league/asywvwrn6zhlidxothqn","https://static.www.nfl.com/image/upload/f_auto,q_auto/league/asywvwrn6zhlidxothqn",3.0,3.24,,,0.0,0.0,0.0,0.0,0.0,0.0,0.0,0.0,0.0
445,151,5,Deion Burks,WR,IND,6.0,ACT,True,"https://static.www.nfl.com/image/upload/f_auto,q_auto/league/mbejyq733jilg3bkpzur","https://static.www.nfl.com/image/upload/f_auto,q_auto/league/mbejyq733jilg3bkpzur",3.0,3.24,,,0.0,0.0,0.0,0.0,0.0,0.0,0.0,0.0,0.0
446,161,5,Dalevon Campbell,WR,LAC,7.0,W04,False,"https://static.www.nfl.com/image/upload/f_auto,q_auto/league/dgfltlpm8wahq2trfxag","https://static.www.nfl.com/image/upload/f_auto,q_auto/league/dgfltlpm8wahq2trfxag",3.0,3.24,,,0.0,0.0,0.0,0.0,0.0,0.0,0.0,0.0,0.0
447,152,5,Laquon Treadwell,WR,IND,5.0,ACT,False,"https://static.www.nfl.com/image/upload/f_auto,q_auto/league/xspi3oy2wlnszorzn6vk","https://static.www.nfl.com/image/upload/f_auto,q_auto/league/xspi3oy2wlnszorzn6vk",3.0,3.24,,,0.0,0.0,0.0,0.0,0.0,0.0,0.0,0.0,0.0
448,175,5,Tai Felton,WR,MIN,4.0,ACT,False,"https://static.www.nfl.com/image/upload/f_auto,q_auto/league/pyritorbaz2enqayclln","https://static.www.nfl.com/image/upload/f_auto,q_auto/league/pyritorbaz2enqayclln",3.0,3.24,,,0.0,0.0,0.0,0.0,0.0,0.0,0.0,0.0,0.0
449,160,5,Brenen Thompson,WR,LAC,4.0,ACT,True,"https://static.www.nfl.com/image/upload/f_auto,q_auto/league/khlvgjk60vz6ghkwpmak","https://static.www.nfl.com/image/upload/f_auto,q_auto/league/khlvgjk60vz6ghkwpmak",3.0,3.24,,,0.0,0.0,0.0,0.0,0.0,0.0,0.0,0.0,0.0
450,150,5,Jared Wayne,WR,HOU,5.0,ACT,False,"https://static.www.nfl.com/image/upload/f_auto,q_auto/league/ykhrjnmqsqyprplhy6pl","https://static.www.nfl.com/image/upload/f_auto,q_auto/league/ykhrjnmqsqyprplhy6pl",3.0,3.24,,,0.0,0.0,0.0,0.0,0.0,0.0,0.0,0.0,0.0
451,100,5,Ameer Abdullah,RB,JAX,4.0,ACT,False,"https://static.www.nfl.com/image/upload/f_auto,q_auto/league/k8teyeiqchljlm0h5te4","https://static.www.nfl.com/image/upload/f_auto,q_auto/league/k8teyeiqchljlm0h5te4",3.0,3.24,,,0.0,0.0,0.0,0.0,0.0,0.0,0.0,0.0,0.0
452,178,5,Malachi Fields,WR,NYG,4.0,ACT,True,"https://static.www.nfl.com/image/upload/f_auto,q_auto/league/tpls1aptxx9x8xaqvjtj","https://static.www.nfl.com/image/upload/f_auto,q_auto/league/tpls1aptxx9x8xaqvjtj",3.0,3.24,,,0.0,0.0,0.0,0.0,0.0,0.0,0.0,0.0,0.0
453,153,5,C.J. Williams,WR,JAX,6.0,ACT,True,"https://static.www.nfl.com/image/upload/f_auto,q_auto/league/svmb2citno2f6zqc9qbm","https://static.www.nfl.com/image/upload/f_auto,q_auto/league/svmb2citno2f6zqc9qbm",3.0,3.24,,,0.0,0.0,0.0,0.0,0.0,0.0,0.0,0.0,0.0
454,154,5,Josh Cameron,WR,JAX,5.0,ACT,True,"https://static.www.nfl.com/image/upload/f_auto,q_auto/league/jwb3wyhoqqq52mfiyxxc","https://static.www.nfl.com/image/upload/f_auto,q_auto/league/jwb3wyhoqqq52mfiyxxc",3.0,3.24,,,0.0,0.0,0.0,0.0,0.0,0.0,0.0,0.0,0.0
455,176,5,Efton Chism III,WR,NE,6.0,ACT,False,"https://static.www.nfl.com/image/upload/f_auto,q_auto/league/zbnf3ujmwprzgjnwdtlo","https://static.www.nfl.com/image/upload/f_auto,q_auto/league/zbnf3ujmwprzgjnwdtlo",3.0,3.24,,,0.0,0.0,0.0,0.0,0.0,0.0,0.0,0.0,0.0
456,159,5,Tutu Atwell,WR,LA,5.0,ACT,False,"https://static.www.nfl.com/image/upload/f_auto,q_auto/league/tl2aa9ucbtcwhr1yk3tf","https://static.www.nfl.com/image/upload/f_auto,q_auto/league/tl2aa9ucbtcwhr1yk3tf",3.0,3.24,,,0.0,0.0,0.0,0.0,0.0,0.0,0.0,0.0,0.0
457,155,5,Cyrus Allen,WR,KC,5.0,ACT,True,"https://static.www.nfl.com/image/upload/f_auto,q_auto/league/qput6hanukjbatuao8ca","https://static.www.nfl.com/image/upload/f_auto,q_auto/league/qput6hanukjbatuao8ca",3.0,3.24,,,0.0,0.0,0.0,0.0,0.0,0.0,0.0,0.0,0.0
458,101,5,EJ Smith,RB,KC,4.0,W04,True,"https://static.www.nfl.com/image/upload/f_auto,q_auto/league/cbrhecognbp6bxwgtqyh","https://static.www.nfl.com/image/upload/f_auto,q_auto/league/cbrhecognbp6bxwgtqyh",3.0,3.24,,,0.0,0.0,0.0,0.0,0.0,0.0,0.0,0.0,0.0
459,156,5,Jalen Royals,WR,KC,4.0,ACT,False,"https://static.www.nfl.com/image/upload/f_auto,q_auto/league/sqrid1hnmwqymcp2vxfx","https://static.www.nfl.com/image/upload/f_auto,q_auto/league/sqrid1hnmwqymcp2vxfx",3.0,3.24,,,0.0,0.0,0.0,0.0,0.0,0.0,0.0,0.0,0.0
460,157,5,Nikko Remigio,WR,KC,6.0,ACT,False,"https://static.www.nfl.com/image/upload/f_auto,q_auto/league/n6b1tsy32fswbd0xgsim","https://static.www.nfl.com/image/upload/f_auto,q_auto/league/n6b1tsy32fswbd0xgsim",3.0,3.24,,,0.0,0.0,0.0,0.0,0.0,0.0,0.0,0.0,0.0
461,102,5,Jermar Jefferson,RB,MIN,5.0,W04,False,"https://static.www.nfl.com/image/upload/f_auto,q_auto/league/bkgrgirrdwlm05vqg74b","https://static.www.nfl.com/image/upload/f_auto,q_auto/league/bkgrgirrdwlm05vqg74b",3.0,3.24,,,0.0,0.0,0.0,0.0,0.0,0.0,0.0,0.0,0.0
462,103,5,Dominic Richardson,RB,NYJ,6.0,W04,True,"https://static.www.nfl.com/image/upload/f_auto,q_auto/league/o3embvhnbegqqvltpyug","https://static.www.nfl.com/image/upload/f_auto,q_auto/league/o3embvhnbegqqvltpyug",3.0,3.24,,,0.0,0.0,0.0,0.0,0.0,0.0,0.0,0.0,0.0
463,165,5,Dareke Young,WR,LV,5.0,ACT,False,"https://static.www.nfl.com/image/upload/f_auto,q_auto/league/xd0585sr1fy1wpry0ued","https://static.www.nfl.com/image/upload/f_auto,q_auto/league/xd0585sr1fy1wpry0ued",3.0,3.24,,,0.0,0.0,0.0,0.0,0.0,0.0,0.0,0.0,0.0
464,169,5,Chris Bell,WR,MIA,4.0,ACT,True,"https://static.www.nfl.com/image/upload/f_auto,q_auto/league/zgbku18zemqyryvyahd4","https://static.www.nfl.com/image/upload/f_auto,q_auto/league/zgbku18zemqyryvyahd4",3.0,3.24,,,0.0,0.0,0.0,0.0,0.0,0.0,0.0,0.0,0.0
465,97,5,Tyler Badie,RB,DEN,4.0,ACT,False,"https://static.www.nfl.com/image/upload/f_auto,q_auto/league/ghhul5piv9vzeih6atsj","https://static.www.nfl.com/image/upload/f_auto,q_auto/league/ghhul5piv9vzeih6atsj",3.0,3.24,,,0.0,0.0,0.0,0.0,0.0,0.0,0.0,0.0,0.0
466,182,5,Ben Skowronek,WR,PIT,5.0,ACT,False,"https://static.www.nfl.com/image/upload/f_auto,q_auto/league/etozk8ja4u8lpjcvvo6l","https://static.www.nfl.com/image/upload/f_auto,q_auto/league/etozk8ja4u8lpjcvvo6l",3.0,3.24,,,0.0,0.0,0.0,0.0,0.0,0.0,0.0,0.0,0.0
467,98,5,Jabari Small,RB,DET,5.0,ACT,False,"https://static.www.nfl.com/image/upload/f_auto,q_auto/league/jevnypgyk9xm7tcfldvi","https://static.www.nfl.com/image/upload/f_auto,q_auto/league/jevnypgyk9xm7tcfldvi",3.0,3.24,,,0.0,0.0,0.0,0.0,0.0,0.0,0.0,0.0,0.0
468,99,5,Jacob Saylors,RB,DET,4.0,ACT,False,"https://static.www.nfl.com/image/upload/f_auto,q_auto/league/wunm6abfmikwaewmwkp7","https://static.www.nfl.com/image/upload/f_auto,q_auto/league/wunm6abfmikwaewmwkp7",3.0,3.24,,,0.0,0.0,0.0,0.0,0.0,0.0,0.0,0.0,0.0
469,146,5,Tay Martin,WR,DET,4.0,ACT,False,"https://static.www.nfl.com/image/upload/f_auto,q_auto/league/ttdp5v9tl0zqmb0dmmuv","https://static.www.nfl.com/image/upload/f_auto,q_auto/league/ttdp5v9tl0zqmb0dmmuv",3.0,3.24,,,0.0,0.0,0.0,0.0,0.0,0.0,0.0,0.0,0.0
470,147,5,Bo Melton,WR,GB,4.0,ACT,False,"https://static.www.nfl.com/image/upload/f_auto,q_auto/league/d7hxvsyeufobjykcxhls","https://static.www.nfl.com/image/upload/f_auto,q_auto/league/d7hxvsyeufobjykcxhls",3.0,3.24,,,0.0,0.0,0.0,0.0,0.0,0.0,0.0,0.0,0.0
471,170,5,Kevin Coleman Jr.,WR,MIA,5.0,ACT,True,"https://static.www.nfl.com/image/upload/f_auto,q_auto/league/nqqd4zjnxephjb4qziww","https://static.www.nfl.com/image/upload/f_auto,q_auto/league/nqqd4zjnxephjb4qziww",3.0,3.24,,,0.0,0.0,0.0,0.0,0.0,0.0,0.0,0.0,0.0
472,168,5,A.J. Henning,WR,MIA,8.0,ACT,False,"https://static.www.nfl.com/image/upload/f_auto,q_auto/league/ijwatff81qf3jmikcryt","https://static.www.nfl.com/image/upload/f_auto,q_auto/league/ijwatff81qf3jmikcryt",3.0,3.24,,,0.0,0.0,0.0,0.0,0.0,0.0,0.0,0.0,0.0
473,104,5,Kene Nwangwu,RB,NYJ,4.0,ACT,False,"https://static.www.nfl.com/image/upload/f_auto,q_auto/league/rlnqgz517fsohrndgjrb","https://static.www.nfl.com/image/upload/f_auto,q_auto/league/rlnqgz517fsohrndgjrb",3.0,3.24,,,0.0,0.0,0.0,0.0,0.0,0.0,0.0,0.0,0.0
474,167,5,Malik Benson,WR,LV,4.0,ACT,True,"https://static.www.nfl.com/image/upload/f_auto,q_auto/league/tndlq4zmq6r9nsvmzih6","https://static.www.nfl.com/image/upload/f_auto,q_auto/league/tndlq4zmq6r9nsvmzih6",3.0,3.24,,,0.0,0.0,0.0,0.0,0.0,0.0,0.0,0.0,0.0
475,177,5,Barion Brown,WR,NO,4.0,ACT,True,"https://static.www.nfl.com/image/upload/f_auto,q_auto/league/zakfmezzed4qotdrmbpc","https://static.www.nfl.com/image/upload/f_auto,q_auto/league/zakfmezzed4qotdrmbpc",3.0,3.24,,,0.0,0.0,0.0,0.0,0.0,0.0,0.0,0.0,0.0
476,171,5,Ryan Miller,WR,MIA,6.0,ACT,False,"https://static.www.nfl.com/image/upload/f_auto,q_auto/league/cyn2sjaozsadlvgarg6p","https://static.www.nfl.com/image/upload/f_auto,q_auto/league/cyn2sjaozsadlvgarg6p",3.0,3.24,,,0.0,0.0,0.0,0.0,0.0,0.0,0.0,0.0,0.0
477,148,5,J. Michael Sturdivant,WR,GB,6.0,ACT,True,"https://static.www.nfl.com/image/upload/f_auto,q_auto/league/jpcewjixipg3iuu2ucyq","https://static.www.nfl.com/image/upload/f_auto,q_auto/league/jpcewjixipg3iuu2ucyq",3.0,3.24,,,0.0,0.0,0.0,0.0,0.0,0.0,0.0,0.0,0.0
478,166,5,Dont'e Thornton Jr.,WR,LV,6.0,ACT,False,"https://static.www.nfl.com/image/upload/f_auto,q_auto/league/hlxztd3lpjaxtzojuxwh","https://static.www.nfl.com/image/upload/f_auto,q_auto/league/hlxztd3lpjaxtzojuxwh",3.0,3.24,,,0.0,0.0,0.0,0.0,0.0,0.0,0.0,0.0,0.0
479,172,5,Dillon Bell,WR,MIN,6.0,ACT,True,"https://static.www.nfl.com/image/upload/f_auto,q_auto/league/b9v5ex8bfoum15d8v2gf","https://static.www.nfl.com/image/upload/f_auto,q_auto/league/b9v5ex8bfoum15d8v2gf",3.0,3.24,,,0.0,0.0,0.0,0.0,0.0,0.0,0.0,0.0,0.0
480,173,5,Dontae Fleming,WR,MIN,7.0,W04,False,"https://static.www.nfl.com/image/upload/f_auto,q_auto/league/z31bqmrgzn9t5wsqtqoy","https://static.www.nfl.com/image/upload/f_auto,q_auto/league/z31bqmrgzn9t5wsqtqoy",3.0,3.24,,,0.0,0.0,0.0,0.0,0.0,0.0,0.0,0.0,0.0
481,149,5,Skyy Moore,WR,GB,5.0,ACT,False,"https://static.www.nfl.com/image/upload/f_auto,q_auto/league/id9k0aylvgyq8lulabe3","https://static.www.nfl.com/image/upload/f_auto,q_auto/league/id9k0aylvgyq8lulabe3",3.0,3.24,,,0.0,0.0,0.0,0.0,0.0,0.0,0.0,0.0,0.0
482,114,5,Bryson Nesbit,TE,MIN,5.0,W04,False,"https://static.www.nfl.com/image/upload/f_auto,q_auto/league/xv1e25hi4dhzfzni0gui","https://static.www.nfl.com/image/upload/f_auto,q_auto/league/xv1e25hi4dhzfzni0gui",3.0,2.82,,,0.0,0.0,0.0,0.0,0.0,0.0,0.0,0.0,0.0
483,99,5,Josh Cuevas,TE,BAL,4.0,ACT,True,"https://static.www.nfl.com/image/upload/f_auto,q_auto/league/maktufaiogxfm5ewjsi9","https://static.www.nfl.com/image/upload/f_auto,q_auto/league/maktufaiogxfm5ewjsi9",3.0,2.82,,,0.0,0.0,0.0,0.0,0.0,0.0,0.0,0.0,0.0
484,125,5,David Martin-Robinson,TE,TEN,4.0,ACT,False,"https://static.www.nfl.com/image/upload/f_auto,q_auto/league/imh2h5q6jmoqno5xlpwm","https://static.www.nfl.com/image/upload/f_auto,q_auto/league/imh2h5q6jmoqno5xlpwm",3.0,2.82,,,0.0,0.0,0.0,0.0,0.0,0.0,0.0,0.0,0.0
485,100,5,Keleki Latu,TE,BUF,4.0,ACT,False,"https://static.www.nfl.com/image/upload/f_auto,q_auto/league/vebjjfyrrrbwaqjlyvun","https://static.www.nfl.com/image/upload/f_auto,q_auto/league/vebjjfyrrrbwaqjlyvun",3.0,2.82,,,0.0,0.0,0.0,0.0,0.0,0.0,0.0,0.0,0.0
486,112,5,Max Klare,TE,LA,4.0,ACT,True,,,3.0,2.82,,,0.0,0.0,0.0,0.0,0.0,0.0,0.0,0.0,0.0
487,115,5,Gavin Bartholomew,TE,MIN,4.0,ACT,False,"https://static.www.nfl.com/image/upload/f_auto,q_auto/league/vezjblfvo9gduiyonlum","https://static.www.nfl.com/image/upload/f_auto,q_auto/league/vezjblfvo9gduiyonlum",3.0,2.82,,,0.0,0.0,0.0,0.0,0.0,0.0,0.0,0.0,0.0
488,116,5,Tanner Arkin,TE,NE,4.0,ACT,True,"https://static.www.nfl.com/image/upload/f_auto,q_auto/league/vgc4lne9seywphzadlav","https://static.www.nfl.com/image/upload/f_auto,q_auto/league/vgc4lne9seywphzadlav",3.0,2.82,,,0.0,0.0,0.0,0.0,0.0,0.0,0.0,0.0,0.0
489,126,5,Colson Yankoff,TE,WAS,4.0,ACT,False,"https://static.www.nfl.com/image/upload/f_auto,q_auto/league/cgsxdjqy6l2zuqaftbd6","https://static.www.nfl.com/image/upload/f_auto,q_auto/league/cgsxdjqy6l2zuqaftbd6",3.0,2.82,,,0.0,0.0,0.0,0.0,0.0,0.0,0.0,0.0,0.0
490,113,5,Ben Sims,TE,MIA,4.0,ACT,False,"https://static.www.nfl.com/image/upload/f_auto,q_auto/league/rigksrncrdjmbhvfuclp","https://static.www.nfl.com/image/upload/f_auto,q_auto/league/rigksrncrdjmbhvfuclp",3.0,2.82,,,0.0,0.0,0.0,0.0,0.0,0.0,0.0,0.0,0.0
491,127,5,Quentin Moore,TE,WAS,5.0,W04,True,"https://static.www.nfl.com/image/upload/f_auto,q_auto/league/uavxcxg6tgw0pchu2osh","https://static.www.nfl.com/image/upload/f_auto,q_auto/league/uavxcxg6tgw0pchu2osh",3.0,2.82,,,0.0,0.0,0.0,0.0,0.0,0.0,0.0,0.0,0.0
492,102,5,Hayden Large,TE,CHI,4.0,ACT,True,"https://static.www.nfl.com/image/upload/f_auto,q_auto/league/gbhffvvzh3nnzpno5hhw","https://static.www.nfl.com/image/upload/f_auto,q_auto/league/gbhffvvzh3nnzpno5hhw",3.0,2.82,,,0.0,0.0,0.0,0.0,0.0,0.0,0.0,0.0,0.0
493,101,5,Feleipe Franks,TE,CAR,5.0,ACT,False,"https://static.www.nfl.com/image/upload/f_auto,q_auto/league/nbn1wxlh6los4y2am3ro","https://static.www.nfl.com/image/upload/f_auto,q_auto/league/nbn1wxlh6los4y2am3ro",3.0,2.82,,,0.0,0.0,0.0,0.0,0.0,0.0,0.0,0.0,0.0
494,104,5,DJ Rogers,TE,DAL,5.0,W04,True,"https://static.www.nfl.com/image/upload/f_auto,q_auto/league/wzblmzyldhnpb4kvraci","https://static.www.nfl.com/image/upload/f_auto,q_auto/league/wzblmzyldhnpb4kvraci",3.0,2.82,,,0.0,0.0,0.0,0.0,0.0,0.0,0.0,0.0,0.0
495,108,5,Thomas Yassmin,TE,GB,6.0,W04,False,"https://static.www.nfl.com/image/upload/f_auto,q_auto/league/dojmdkrk14lr14g8wr3o","https://static.www.nfl.com/image/upload/f_auto,q_auto/league/dojmdkrk14lr14g8wr3o",3.0,2.82,,,0.0,0.0,0.0,0.0,0.0,0.0,0.0,0.0,0.0
496,122,5,Nick Kallerup,TE,SEA,4.0,ACT,False,"https://static.www.nfl.com/image/upload/f_auto,q_auto/league/eetx8ba2ztsmk9wabbzp","https://static.www.nfl.com/image/upload/f_auto,q_auto/league/eetx8ba2ztsmk9wabbzp",3.0,2.82,,,0.0,0.0,0.0,0.0,0.0,0.0,0.0,0.0,0.0
497,120,5,Jelani Woods,TE,NYJ,4.0,ACT,False,"https://static.www.nfl.com/image/upload/f_auto,q_auto/league/bnezem4laynlarqnpyc5","https://static.www.nfl.com/image/upload/f_auto,q_auto/league/bnezem4laynlarqnpyc5",3.0,2.82,,,0.0,0.0,0.0,0.0,0.0,0.0,0.0,0.0,0.0
498,106,5,Mark Redman,TE,GB,4.0,ACT,False,"https://static.www.nfl.com/image/upload/f_auto,q_auto/league/m20wrukxvkgbvs70qpai","https://static.www.nfl.com/image/upload/f_auto,q_auto/league/m20wrukxvkgbvs70qpai",3.0,2.82,,,0.0,0.0,0.0,0.0,0.0,0.0,0.0,0.0,0.0
499,123,5,Brayden Willis,TE,SF,4.0,ACT,False,"https://static.www.nfl.com/image/upload/f_auto,q_auto/league/sdifjifrgrvunhiigdub","https://static.www.nfl.com/image/upload/f_auto,q_auto/league/sdifjifrgrvunhiigdub",3.0,2.82,,,0.0,0.0,0.0,0.0,0.0,0.0,0.0,0.0,0.0
500,111,5,Jake Briningstool,TE,KC,4.0,ACT,False,"https://static.www.nfl.com/image/upload/f_auto,q_auto/league/q7n84oth87v1glz5a5sz","https://static.www.nfl.com/image/upload/f_auto,q_auto/league/q7n84oth87v1glz5a5sz",3.0,2.82,,,0.0,0.0,0.0,0.0,0.0,0.0,0.0,0.0,0.0
501,119,5,Chase Curtis,TE,NYJ,5.0,W04,True,"https://static.www.nfl.com/image/upload/f_auto,q_auto/league/ewonqlb329xgpuskooap","https://static.www.nfl.com/image/upload/f_auto,q_auto/league/ewonqlb329xgpuskooap",3.0,2.82,,,0.0,0.0,0.0,0.0,0.0,0.0,0.0,0.0,0.0
502,103,5,Jack Endries,TE,CIN,4.0,ACT,True,"https://static.www.nfl.com/image/upload/f_auto,q_auto/league/wxtev9zj048yzxk8ebfu","https://static.www.nfl.com/image/upload/f_auto,q_auto/league/wxtev9zj048yzxk8ebfu",3.0,2.82,,,0.0,0.0,0.0,0.0,0.0,0.0,0.0,0.0,0.0
503,121,5,E.J. Jenkins,TE,PHI,4.0,ACT,False,"https://static.www.nfl.com/image/upload/f_auto,q_auto/league/jmhuk0gcnyotcjhdxo6v","https://static.www.nfl.com/image/upload/f_auto,q_auto/league/jmhuk0gcnyotcjhdxo6v",3.0,2.82,,,0.0,0.0,0.0,0.0,0.0,0.0,0.0,0.0,0.0
504,109,5,Marlin Klein,TE,HOU,4.0,ACT,True,"https://static.www.nfl.com/image/upload/f_auto,q_auto/league/ek2nzhrwqxl6psbm2iic","https://static.www.nfl.com/image/upload/f_auto,q_auto/league/ek2nzhrwqxl6psbm2iic",3.0,2.82,,,0.0,0.0,0.0,0.0,0.0,0.0,0.0,0.0,0.0
505,118,5,Thomas Fidone II,TE,NYG,4.0,ACT,False,"https://static.www.nfl.com/image/upload/f_auto,q_auto/league/vbaqpkcxcfwh9dhzescy","https://static.www.nfl.com/image/upload/f_auto,q_auto/league/vbaqpkcxcfwh9dhzescy",3.0,2.82,,,0.0,0.0,0.0,0.0,0.0,0.0,0.0,0.0,0.0
506,124,5,Bauer Sharp,TE,TB,4.0,ACT,True,"https://static.www.nfl.com/image/upload/f_auto,q_auto/league/xqj8rk6okp7eobbv5hps","https://static.www.nfl.com/image/upload/f_auto,q_auto/league/xqj8rk6okp7eobbv5hps",3.0,2.82,,,0.0,0.0,0.0,0.0,0.0,0.0,0.0,0.0,0.0
507,110,5,Quintin Morris,TE,JAX,4.0,ACT,False,"https://static.www.nfl.com/image/upload/f_auto,q_auto/league/auqtvapzdtpdxg6myw6b","https://static.www.nfl.com/image/upload/f_auto,q_auto/league/auqtvapzdtpdxg6myw6b",3.0,2.82,,,0.0,0.0,0.0,0.0,0.0,0.0,0.0,0.0,0.0
508,105,5,Dallen Bentley,TE,DEN,4.0,ACT,True,"https://static.www.nfl.com/image/upload/f_auto,q_auto/league/vaiszquqlgric9cfbwjf","https://static.www.nfl.com/image/upload/f_auto,q_auto/league/vaiszquqlgric9cfbwjf",3.0,2.82,,,0.0,0.0,0.0,0.0,0.0,0.0,0.0,0.0,0.0
509,117,5,Treyton Welch,TE,NO,4.0,ACT,False,"https://static.www.nfl.com/image/upload/f_auto,q_auto/league/rutsetwerjfsym9ohqrs","https://static.www.nfl.com/image/upload/f_auto,q_auto/league/rutsetwerjfsym9ohqrs",3.0,2.82,,,0.0,0.0,0.0,0.0,0.0,0.0,0.0,0.0,0.0
510,107,5,McCallan Castles,TE,GB,7.0,W04,False,"https://static.www.nfl.com/image/upload/f_auto,q_auto/league/r3amk2t7xokcd4rsohns","https://static.www.nfl.com/image/upload/f_auto,q_auto/league/r3amk2t7xokcd4rsohns",3.0,2.82,,,0.0,0.0,0.0,0.0,0.0,0.0,0.0,0.0,0.0
511,88,5,Cole Payton,QB,PHI,4.0,ACT,True,"https://static.www.nfl.com/image/upload/f_auto,q_auto/league/qt8hajjwkvpynr8nwepz","https://static.www.nfl.com/image/upload/f_auto,q_auto/league/qt8hajjwkvpynr8nwepz",3.0,2.64,,,0.0,0.0,0.0,0.0,0.0,0.0,0.0,0.0,0.0
512,89,5,Drew Allar,QB,PIT,4.0,ACT,True,"https://static.www.nfl.com/image/upload/f_auto,q_auto/league/sphuqnfrtzwsgeugeycz","https://static.www.nfl.com/image/upload/f_auto,q_auto/league/sphuqnfrtzwsgeugeycz",3.0,2.64,,,0.0,0.0,0.0,0.0,0.0,0.0,0.0,0.0,0.0
513,87,5,Jack Strand,QB,ATL,4.0,ACT,True,"https://static.www.nfl.com/image/upload/f_auto,q_auto/league/oadw9h9otuauaiv1vxvz","https://static.www.nfl.com/image/upload/f_auto,q_auto/league/oadw9h9otuauaiv1vxvz",3.0,2.64,,,0.0,0.0,0.0,0.0,0.0,0.0,0.0,0.0,0.0
514,106,5,Michael Burton,RB,CLE,,ACT,False,"https://static.www.nfl.com/image/upload/f_auto,q_auto/league/ibyeabk3yu68mgipxklr","https://static.www.nfl.com/image/upload/f_auto,q_auto/league/ibyeabk3yu68mgipxklr",0.0,0.0,,,0.0,0.0,0.0,0.0,0.0,0.0,0.0,0.0,0.0
515,110,5,Mike Washington Jr.,RB,LV,,ACT,True,"https://static.www.nfl.com/image/upload/f_auto,q_auto/league/ocdjq5ohmtgdghqdh5m4","https://static.www.nfl.com/image/upload/f_auto,q_auto/league/ocdjq5ohmtgdghqdh5m4",0.0,0.0,,,0.0,0.0,0.0,0.0,0.0,0.0,0.0,0.0,0.0
516,117,5,Brock Lampe,RB,SEA,,W04,False,"https://static.www.nfl.com/image/upload/f_auto,q_auto/league/qjprz2xsfvwi0zqrpyh1","https://static.www.nfl.com/image/upload/f_auto,q_auto/league/qjprz2xsfvwi0zqrpyh1",0.0,0.0,,,0.0,0.0,0.0,0.0,0.0,0.0,0.0,0.0,0.0
517,116,5,Brady Russell,RB,SEA,,ACT,False,"https://static.www.nfl.com/image/upload/f_auto,q_auto/league/vfz3osmr3fgeoyu5us80","https://static.www.nfl.com/image/upload/f_auto,q_auto/league/vfz3osmr3fgeoyu5us80",0.0,0.0,,,0.0,0.0,0.0,0.0,0.0,0.0,0.0,0.0,0.0
518,107,5,Hunter Luepke,RB,DAL,,ACT,False,"https://static.www.nfl.com/image/upload/f_auto,q_auto/league/m28qafff4o5vb3aaumiv","https://static.www.nfl.com/image/upload/f_auto,q_auto/league/m28qafff4o5vb3aaumiv",0.0,0.0,,,0.0,0.0,0.0,0.0,0.0,0.0,0.0,0.0,0.0
519,129,5,Connor Hulstein,TE,NYJ,,W04,True,,,0.0,0.0,,,0.0,0.0,0.0,0.0,0.0,0.0,0.0,0.0,0.0
520,109,5,Connor Heyward,RB,LV,,ACT,False,"https://static.www.nfl.com/image/upload/f_auto,q_auto/league/nbbhxtutzvbj0ejljyyp","https://static.www.nfl.com/image/upload/f_auto,q_auto/league/nbbhxtutzvbj0ejljyyp",0.0,0.0,,,0.0,0.0,0.0,0.0,0.0,0.0,0.0,0.0,0.0
521,112,5,Max Bredeson,RB,MIN,,ACT,True,"https://static.www.nfl.com/image/upload/f_auto,q_auto/league/fl3inwpzgb7fgzpaezw1","https://static.www.nfl.com/image/upload/f_auto,q_auto/league/fl3inwpzgb7fgzpaezw1",0.0,0.0,,,0.0,0.0,0.0,0.0,0.0,0.0,0.0,0.0,0.0
522,115,5,Andrew Beck,RB,NYJ,,ACT,False,"https://static.www.nfl.com/image/upload/f_auto,q_auto/league/zv8xb3nfxamq7sqa1xqt","https://static.www.nfl.com/image/upload/f_auto,q_auto/league/zv8xb3nfxamq7sqa1xqt",0.0,0.0,,,0.0,0.0,0.0,0.0,0.0,0.0,0.0,0.0,0.0
523,114,5,Patrick Ricard,RB,NYG,,ACT,False,"https://static.www.nfl.com/image/upload/f_auto,q_auto/league/nm7ezh46zd5bdxaxz6a9","https://static.www.nfl.com/image/upload/f_auto,q_auto/league/nm7ezh46zd5bdxaxz6a9",0.0,0.0,,,0.0,0.0,0.0,0.0,0.0,0.0,0.0,0.0,0.0
524,118,5,Kyle Juszczyk,RB,SF,,ACT,False,"https://static.www.nfl.com/image/upload/f_auto,q_auto/league/tsejiiddtouukwyyqr9q","https://static.www.nfl.com/image/upload/f_auto,q_auto/league/tsejiiddtouukwyyqr9q",0.0,0.0,,,0.0,0.0,0.0,0.0,0.0,0.0,0.0,0.0,0.0
525,108,5,Alec Ingold,RB,LAC,,ACT,False,"https://static.www.nfl.com/image/upload/f_auto,q_auto/league/saqgxmq3xrr68byket0r","https://static.www.nfl.com/image/upload/f_auto,q_auto/league/saqgxmq3xrr68byket0r",0.0,0.0,,,0.0,0.0,0.0,0.0,0.0,0.0,0.0,0.0,0.0
526,113,5,Reggie Gilliam,RB,NE,,ACT,False,"https://static.www.nfl.com/image/upload/f_auto,q_auto/league/jjntivnnkczvlclkiwwm","https://static.www.nfl.com/image/upload/f_auto,q_auto/league/jjntivnnkczvlclkiwwm",0.0,0.0,,,0.0,0.0,0.0,0.0,0.0,0.0,0.0,0.0,0.0
527,128,5,Chris Manhertz,TE,NYG,,ACT,False,"https://static.www.nfl.com/image/upload/f_auto,q_auto/league/bw0kytk1nwrdln9t3wzg","https://static.www.nfl.com/image/upload/f_auto,q_auto/league/bw0kytk1nwrdln9t3wzg",0.0,0.0,,,0.0,0.0,0.0,0.0,0.0,0.0,0.0,0.0,0.0
528,111,5,DJ Herman,RB,MIA,,ACT,True,"https://static.www.nfl.com/image/upload/f_auto,q_auto/league/snacspvu9hic30y1vd8m","https://static.www.nfl.com/image/upload/f_auto,q_auto/league/snacspvu9hic30y1vd8m",0.0,0.0,,,0.0,0.0,0.0,0.0,0.0,0.0,0.0,0.0,0.0
529,90,5,Max Brosmer,QB,MIN,4.0,ACT,False,"https://static.www.nfl.com/image/upload/f_auto,q_auto/league/fpveluufmy7buwrhpiny","https://static.www.nfl.com/image/upload/f_auto,q_auto/league/fpveluufmy7buwrhpiny",-0.8166666666666664,-0.7186666666666665,,,177.0,0.0,0.0,0.0,0.0,0.0,0.0,0.0,0.0
