sport,player_key,player,canonical_market,event_id,event_time,team,opponent,market_median,market_low,market_high,book_count,book_agreement_pct,line_dispersion,over_price_median,under_price_median,pp_line,pp_gap,l3,l5,l10,l20,season,streak,recent_avg,season_avg,h2h,hulk_prop_score,market_direction,price_pressure_score,coverage_grade,signal
MLB,adley rutschman,Adley Rutschman,doubles,87e824da83d83bcea518867ca5c3d75f,2026-09-03T23:15:00Z,,,0.5,0.5,0.5,2,100.0,0.0,425.0,-650.0,,,,,,,,,,,,50.3,UNDER,64.0,LOW,PASS
MLB,adley rutschman,Adley Rutschman,hits,87e824da83d83bcea518867ca5c3d75f,2026-09-03T23:15:00Z,,,0.5,0.5,0.5,5,100.0,0.0,-190.0,144.0,,,,,,,,,,,,46.5,OVER,23.0,GOOD,WATCH
MLB,adley rutschman,Adley Rutschman,hits_runs_rbis,87e824da83d83bcea518867ca5c3d75f,2026-09-03T23:15:00Z,,,1.5,1.5,1.5,5,100.0,0.0,-110.0,-121.0,1.5,0.0,,,,,,,,,,41.3,UNDER,2.2,GOOD,WATCH
MLB,adley rutschman,Adley Rutschman,home_runs,87e824da83d83bcea518867ca5c3d75f,2026-09-03T23:15:00Z,,,0.5,0.5,0.5,5,100.0,0.0,575.0,-925.0,,,,,,,,,,,,58.7,UNDER,71.8,GOOD,WATCH
MLB,adley rutschman,Adley Rutschman,pitcher_strikeouts,87e824da83d83bcea518867ca5c3d75f,2026-09-03T23:15:00Z,,,0.5,0.5,0.5,1,100.0,0.0,-130.0,,,,,,,,,,,,,44.6,NEUTRAL,50.0,LOW,PASS
MLB,adley rutschman,Adley Rutschman,rbis,87e824da83d83bcea518867ca5c3d75f,2026-09-03T23:15:00Z,,,0.5,0.5,0.5,5,100.0,0.0,174.0,-240.0,,,,,,,,,,,,48.7,UNDER,31.8,GOOD,WATCH
MLB,adley rutschman,Adley Rutschman,runs,87e824da83d83bcea518867ca5c3d75f,2026-09-03T23:15:00Z,,,0.5,0.5,0.5,5,100.0,0.0,128.0,-175.0,,,,,,,,,,,,45.3,UNDER,18.4,GOOD,WATCH
MLB,adley rutschman,Adley Rutschman,singles,87e824da83d83bcea518867ca5c3d75f,2026-09-03T23:15:00Z,,,0.5,0.5,0.5,5,100.0,0.0,-105.0,-142.5,,,,,,,,,,,,42.4,UNDER,6.9,GOOD,WATCH
MLB,adley rutschman,Adley Rutschman,total_bases,87e824da83d83bcea518867ca5c3d75f,2026-09-03T23:15:00Z,,,0.5,0.5,1.5,3,66.7,0.471,-190.0,139.0,,,,,,,,,,,,35.3,OVER,22.1,USABLE,WATCH
MLB,adley rutschman,Adley Rutschman,triples,87e824da83d83bcea518867ca5c3d75f,2026-09-03T23:15:00Z,,,0.5,0.5,0.5,2,100.0,0.0,4950.0,,,,,,,,,,,,,46.8,NEUTRAL,50.0,LOW,PASS
MLB,adley rutschman,Adley Rutschman,walks,87e824da83d83bcea518867ca5c3d75f,2026-09-03T23:15:00Z,,,0.5,0.5,0.5,1,100.0,0.0,140.0,-230.0,,,,,,,,,,,,38.4,UNDER,25.2,LOW,PASS
MLB,adley rutschman runs,Adley Rutschman - Runs,runs,87e824da83d83bcea518867ca5c3d75f,2026-09-03T23:15:00Z,,,0.5,0.5,0.5,1,100.0,0.0,138.0,-190.0,,,,,,,,,,,,37.6,UNDER,21.9,LOW,PASS
MLB,alec burleson,Alec Burleson,home_runs,178e47f48ce23704395138f8f050b334,2026-09-04T02:10:00Z,,,0.5,0.5,0.5,1,100.0,0.0,600.0,-1268.0,,,,,,,,,,,,50.5,UNDER,73.3,LOW,PASS
MLB,alejandro kirk,Alejandro Kirk,hits,3ffba29c7cccfbdb0cb05ee26cd7d550,2026-09-03T17:10:00Z,,,1.5,1.5,1.5,1,100.0,0.0,180.0,-245.0,,,,,,,,,,,,40.4,UNDER,33.1,LOW,PASS
MLB,alejandro kirk,Alejandro Kirk,rbis,3ffba29c7cccfbdb0cb05ee26cd7d550,2026-09-03T17:10:00Z,,,0.5,0.5,0.5,1,100.0,0.0,155.0,-225.0,,,,,,,,,,,,39.1,UNDER,27.7,LOW,PASS
MLB,alejandro kirk,Alejandro Kirk,runs,3ffba29c7cccfbdb0cb05ee26cd7d550,2026-09-03T17:10:00Z,,,0.5,0.5,0.5,1,100.0,0.0,115.0,-150.0,,,,,,,,,,,,35.3,UNDER,12.7,LOW,PASS
MLB,alejandro kirk,Alejandro Kirk,total_bases,3ffba29c7cccfbdb0cb05ee26cd7d550,2026-09-03T17:10:00Z,,,1.5,1.5,1.5,1,100.0,0.0,115.0,-150.0,,,,,,,,,,,,35.3,UNDER,12.7,LOW,PASS
MLB,alex bregman,Alex Bregman,doubles,919bdbd90145290fd9a5266e0fed035b,2026-09-03T23:15:00Z,,,0.5,0.5,0.5,5,100.0,0.0,448.0,-730.0,,,,,,,,,,,,57.1,UNDER,65.6,GOOD,WATCH
MLB,alex bregman,Alex Bregman,hits,919bdbd90145290fd9a5266e0fed035b,2026-09-03T23:15:00Z,,,0.5,0.5,0.5,5,100.0,0.0,-178.0,150.0,,,,,,,,,,,,46.5,OVER,23.1,GOOD,WATCH
MLB,alex bregman,Alex Bregman,hits_runs_rbis,919bdbd90145290fd9a5266e0fed035b,2026-09-03T23:15:00Z,,,1.5,1.5,1.5,5,100.0,0.0,102.0,-136.0,,,,,,,,,,,,42.6,UNDER,7.6,GOOD,WATCH
MLB,alex bregman,Alex Bregman,home_runs,919bdbd90145290fd9a5266e0fed035b,2026-09-03T23:15:00Z,,,0.5,0.5,0.5,5,100.0,0.0,475.0,-825.0,,,,,,,,,,,,57.6,UNDER,67.4,GOOD,WATCH
MLB,alex bregman,Alex Bregman,pitcher_strikeouts,919bdbd90145290fd9a5266e0fed035b,2026-09-03T23:15:00Z,,,0.5,0.5,0.5,1,100.0,0.0,-140.0,105.0,,,,,,,,,,,,34.4,OVER,8.9,LOW,PASS
MLB,alex bregman,Alex Bregman,rbis,919bdbd90145290fd9a5266e0fed035b,2026-09-03T23:15:00Z,,,0.5,0.5,0.5,5,100.0,0.0,190.0,-277.5,,,,,,,,,,,,49.7,UNDER,36.1,GOOD,WATCH
MLB,alex bregman,Alex Bregman,runs,919bdbd90145290fd9a5266e0fed035b,2026-09-03T23:15:00Z,,,0.5,0.5,0.5,3,100.0,0.0,135.0,-194.0,,,,,,,,,,,,41.8,UNDER,21.6,USABLE,WATCH
MLB,alex bregman,Alex Bregman,singles,919bdbd90145290fd9a5266e0fed035b,2026-09-03T23:15:00Z,,,0.5,0.5,0.5,4,100.0,0.0,106.0,-153.0,,,,,,,,,,,,41.3,UNDER,10.9,USABLE,WATCH
MLB,alex bregman,Alex Bregman,stolen_bases,919bdbd90145290fd9a5266e0fed035b,2026-09-03T23:15:00Z,,,0.5,0.5,0.5,3,100.0,0.0,960.0,-3000.0,,,,,,,,,,,,57.0,UNDER,82.2,USABLE,WATCH
MLB,alex bregman,Alex Bregman,total_bases,919bdbd90145290fd9a5266e0fed035b,2026-09-03T23:15:00Z,,,0.5,0.5,1.5,5,60.0,0.49,-185.0,126.0,,,,,,,,,,,,37.4,OVER,18.9,GOOD,WATCH
MLB,alex bregman,Alex Bregman,walks,919bdbd90145290fd9a5266e0fed035b,2026-09-03T23:15:00Z,,,0.5,0.5,0.5,3,100.0,0.0,198.0,-300.0,,,,,,,,,,,,46.0,UNDER,38.2,USABLE,WATCH
MLB,andr s gim nez,Andrés Giménez,doubles,3ffba29c7cccfbdb0cb05ee26cd7d550,2026-09-03T17:10:00Z,,,0.5,0.5,0.5,1,100.0,0.0,550.0,-1195.0,,,,,,,,,,,,50.0,UNDER,71.4,LOW,PASS
MLB,andr s gim nez,Andrés Giménez,hits,3ffba29c7cccfbdb0cb05ee26cd7d550,2026-09-03T17:10:00Z,,,0.5,0.5,0.5,1,100.0,0.0,-125.0,-120.0,,,,,,,,,,,,32.4,OVER,0.9,LOW,PASS
MLB,andr s gim nez,Andrés Giménez,hits_runs_rbis,3ffba29c7cccfbdb0cb05ee26cd7d550,2026-09-03T17:10:00Z,,,0.5,0.5,0.5,1,100.0,0.0,-160.0,105.0,,,,,,,,,,,,35.0,OVER,11.6,LOW,PASS
MLB,andr s gim nez,Andrés Giménez,home_runs,3ffba29c7cccfbdb0cb05ee26cd7d550,2026-09-03T17:10:00Z,,,0.5,0.5,0.5,2,100.0,0.0,1982.5,-16295.0,,,,,,,,,,,,57.0,UNDER,90.8,LOW,PASS
MLB,andr s gim nez,Andrés Giménez,rbis,3ffba29c7cccfbdb0cb05ee26cd7d550,2026-09-03T17:10:00Z,,,0.5,0.5,0.5,1,100.0,0.0,440.0,-875.0,,,,,,,,,,,,48.6,UNDER,65.8,LOW,PASS
MLB,andr s gim nez,Andrés Giménez,runs,3ffba29c7cccfbdb0cb05ee26cd7d550,2026-09-03T17:10:00Z,,,0.5,0.5,0.5,1,100.0,0.0,250.0,-400.0,,,,,,,,,,,,44.0,UNDER,47.4,LOW,PASS
MLB,andr s gim nez,Andrés Giménez,singles,3ffba29c7cccfbdb0cb05ee26cd7d550,2026-09-03T17:10:00Z,,,0.5,0.5,0.5,1,100.0,0.0,125.0,-190.0,,,,,,,,,,,,36.9,UNDER,19.2,LOW,PASS
MLB,andr s gim nez,Andrés Giménez,total_bases,3ffba29c7cccfbdb0cb05ee26cd7d550,2026-09-03T17:10:00Z,,,0.5,0.5,0.5,1,100.0,0.0,150.0,-230.0,,,,,,,,,,,,38.9,UNDER,27.1,LOW,PASS
MLB,andres gimenez,Andres Gimenez,doubles,3ffba29c7cccfbdb0cb05ee26cd7d550,2026-09-03T17:10:00Z,,,0.5,0.5,0.5,2,100.0,0.0,462.5,-750.0,,,,,,,,,,,,50.9,UNDER,66.5,LOW,PASS
MLB,andres gimenez,Andres Gimenez,hits,3ffba29c7cccfbdb0cb05ee26cd7d550,2026-09-03T17:10:00Z,,,0.5,0.5,0.5,2,100.0,0.0,-167.5,122.5,,,,,,,,,,,,38.4,OVER,16.4,LOW,PASS
MLB,andres gimenez,Andres Gimenez,hits_runs_rbis,3ffba29c7cccfbdb0cb05ee26cd7d550,2026-09-03T17:10:00Z,,,1.5,1.5,1.5,1,100.0,0.0,115.0,-165.0,,,,,,,,,,,,35.8,UNDER,14.5,LOW,PASS
MLB,andres gimenez,Andres Gimenez,home_runs,3ffba29c7cccfbdb0cb05ee26cd7d550,2026-09-03T17:10:00Z,,,0.5,0.5,0.5,1,100.0,0.0,850.0,-1600.0,,,,,,,,,,,,52.1,UNDER,79.9,LOW,PASS
MLB,andres gimenez,Andres Gimenez,rbis,3ffba29c7cccfbdb0cb05ee26cd7d550,2026-09-03T17:10:00Z,,,0.5,0.5,0.5,2,100.0,0.0,327.5,-575.0,,,,,,,,,,,,48.5,UNDER,56.9,LOW,PASS
MLB,andres gimenez,Andres Gimenez,runs,3ffba29c7cccfbdb0cb05ee26cd7d550,2026-09-03T17:10:00Z,,,0.5,0.5,0.5,2,100.0,0.0,265.0,-415.0,,,,,,,,,,,,46.6,UNDER,49.3,LOW,PASS
MLB,andres gimenez,Andres Gimenez,stolen_bases,3ffba29c7cccfbdb0cb05ee26cd7d550,2026-09-03T17:10:00Z,,,0.5,0.5,0.5,2,100.0,0.0,687.5,-1400.0,,,,,,,,,,,,53.3,UNDER,76.0,LOW,PASS
MLB,andres gimenez,Andres Gimenez,total_bases,3ffba29c7cccfbdb0cb05ee26cd7d550,2026-09-03T17:10:00Z,,,0.5,0.5,0.5,1,100.0,0.0,-165.0,115.0,,,,,,,,,,,,35.8,OVER,14.5,LOW,PASS
MLB,andrew benintendi,Andrew Benintendi,doubles,4531806102eb01c9886a2ceb2b16b0b9,2026-09-03T18:10:00Z,,,0.5,0.5,0.5,1,100.0,0.0,450.0,-700.0,,,,,,,,,,,,48.5,UNDER,65.6,LOW,PASS
MLB,andrew benintendi,Andrew Benintendi,hits,4531806102eb01c9886a2ceb2b16b0b9,2026-09-03T18:10:00Z,,,0.5,0.5,0.5,4,100.0,0.0,-130.0,101.0,,,,,,,,,,,,40.2,OVER,6.4,USABLE,WATCH
MLB,andrew benintendi,Andrew Benintendi,hits_runs_rbis,4531806102eb01c9886a2ceb2b16b0b9,2026-09-03T18:10:00Z,,,0.5,0.5,0.5,2,100.0,0.0,-250.0,130.0,,,,,,,,,,,,40.4,OVER,24.3,LOW,PASS
MLB,andrew benintendi,Andrew Benintendi,home_runs,4531806102eb01c9886a2ceb2b16b0b9,2026-09-03T18:10:00Z,,,0.5,0.5,0.5,3,100.0,0.0,750.0,-1400.0,,,,,,,,,,,,55.8,UNDER,77.6,USABLE,WATCH
MLB,andrew benintendi,Andrew Benintendi,rbis,4531806102eb01c9886a2ceb2b16b0b9,2026-09-03T18:10:00Z,,,0.5,0.5,0.5,3,100.0,0.0,190.0,-300.0,,,,,,,,,,,,45.7,UNDER,37.0,USABLE,WATCH
MLB,andrew benintendi,Andrew Benintendi,runs,4531806102eb01c9886a2ceb2b16b0b9,2026-09-03T18:10:00Z,,,0.5,0.5,0.5,1,100.0,0.0,170.0,-240.0,,,,,,,,,,,,39.9,UNDER,31.2,LOW,PASS
MLB,andrew benintendi,Andrew Benintendi,singles,4531806102eb01c9886a2ceb2b16b0b9,2026-09-03T18:10:00Z,,,0.5,0.5,0.5,1,100.0,0.0,104.0,-184.0,,,,,,,,,,,,35.6,UNDER,13.9,LOW,PASS
MLB,andrew benintendi,Andrew Benintendi,total_bases,4531806102eb01c9886a2ceb2b16b0b9,2026-09-03T18:10:00Z,,,1.5,0.5,1.5,3,66.7,0.471,190.0,-223.0,,,,,,,,,,,,38.1,UNDER,33.4,USABLE,WATCH
MLB,andrew knizner,Andrew Knizner,doubles,4b25e965b62d7c19e2aa8fbfff667da3,2026-09-03T16:35:00Z,,,0.5,0.5,0.5,2,100.0,0.0,487.5,-750.0,,,,,,,,,,,,51.2,UNDER,67.7,LOW,PASS
MLB,andrew knizner,Andrew Knizner,hits,4b25e965b62d7c19e2aa8fbfff667da3,2026-09-03T16:35:00Z,,,0.5,0.5,0.5,2,100.0,0.0,-130.0,-2.0,,,,,,,,,,,,57.6,OVER,93.3,LOW,PASS
MLB,andrew knizner,Andrew Knizner,home_runs,4b25e965b62d7c19e2aa8fbfff667da3,2026-09-03T16:35:00Z,,,0.5,0.5,0.5,1,100.0,0.0,800.0,-1500.0,,,,,,,,,,,,51.8,UNDER,78.8,LOW,PASS
MLB,andrew knizner,Andrew Knizner,rbis,4b25e965b62d7c19e2aa8fbfff667da3,2026-09-03T16:35:00Z,,,0.5,0.5,0.5,2,100.0,0.0,210.0,-312.5,,,,,,,,,,,,44.4,UNDER,40.3,LOW,PASS
MLB,andrew knizner,Andrew Knizner,runs,4b25e965b62d7c19e2aa8fbfff667da3,2026-09-03T16:35:00Z,,,0.5,0.5,0.5,2,100.0,0.0,175.0,-250.0,,,,,,,,,,,,42.4,UNDER,32.5,LOW,PASS
MLB,andrew knizner,Andrew Knizner,total_bases,4b25e965b62d7c19e2aa8fbfff667da3,2026-09-03T16:35:00Z,,,0.5,0.5,0.5,2,100.0,0.0,-128.5,-105.0,,,,,,,,,,,,35.5,OVER,4.7,LOW,PASS
MLB,angel genao,Angel Genao,doubles,3ffba29c7cccfbdb0cb05ee26cd7d550,2026-09-03T17:10:00Z,,,0.5,0.5,0.5,3,100.0,0.0,525.0,-850.0,,,,,,,,,,,,53.8,UNDER,69.7,USABLE,WATCH
MLB,angel genao,Angel Genao,hits,3ffba29c7cccfbdb0cb05ee26cd7d550,2026-09-03T17:10:00Z,,,1.0,0.5,1.5,2,100.0,0.5,-43.0,-7.5,,,,,,,,,,,,49.9,OVER,62.3,LOW,PASS
MLB,angel genao,Angel Genao,hits_runs_rbis,3ffba29c7cccfbdb0cb05ee26cd7d550,2026-09-03T17:10:00Z,,,2.5,2.5,2.5,1,100.0,0.0,-125.0,-120.0,,,,,,,,,,,,32.4,OVER,0.9,LOW,PASS
MLB,angel genao,Angel Genao,home_runs,3ffba29c7cccfbdb0cb05ee26cd7d550,2026-09-03T17:10:00Z,,,0.5,0.5,0.5,3,100.0,0.0,2220.0,-17330.0,,,,,,,,,,,,59.4,UNDER,91.7,USABLE,WATCH
MLB,angel genao,Angel Genao,rbis,3ffba29c7cccfbdb0cb05ee26cd7d550,2026-09-03T17:10:00Z,,,1.5,0.5,1.5,3,66.7,0.471,345.0,-446.5,,,,,,,,,,,,44.0,UNDER,56.9,USABLE,WATCH
MLB,angel genao,Angel Genao,runs,3ffba29c7cccfbdb0cb05ee26cd7d550,2026-09-03T17:10:00Z,,,0.5,0.5,0.5,3,100.0,0.0,305.0,-520.0,,,,,,,,,,,,50.1,UNDER,54.5,USABLE,WATCH
MLB,angel genao,Angel Genao,singles,3ffba29c7cccfbdb0cb05ee26cd7d550,2026-09-03T17:10:00Z,,,1.5,1.5,1.5,1,100.0,0.0,145.0,-215.0,0.5,-1.0,,,,,,,,,,68.4,UNDER,25.2,LOW,PASS
MLB,angel genao,Angel Genao,stolen_bases,3ffba29c7cccfbdb0cb05ee26cd7d550,2026-09-03T17:10:00Z,,,0.5,0.5,0.5,2,100.0,0.0,1200.0,-4550.0,,,,,,,,,,,,55.6,UNDER,85.4,LOW,PASS
MLB,angel genao,Angel Genao,total_bases,3ffba29c7cccfbdb0cb05ee26cd7d550,2026-09-03T17:10:00Z,,,1.5,1.5,1.5,3,100.0,0.0,109.0,-160.0,,,,,,,,,,,,39.6,UNDER,12.5,USABLE,WATCH
MLB,angel genao,Angel Genao,triples,3ffba29c7cccfbdb0cb05ee26cd7d550,2026-09-03T17:10:00Z,,,0.5,0.5,0.5,1,100.0,0.0,1800.0,-15000.0,,,,,,,,,,,,54.6,UNDER,89.9,LOW,PASS
MLB,angel genao,Angel Genao,walks,3ffba29c7cccfbdb0cb05ee26cd7d550,2026-09-03T17:10:00Z,,,0.5,0.5,0.5,1,100.0,0.0,360.0,-655.0,,,,,,,,,,,,47.1,UNDER,59.9,LOW,PASS
MLB,austin hedges,Austin Hedges,doubles,3ffba29c7cccfbdb0cb05ee26cd7d550,2026-09-03T17:10:00Z,,,0.5,0.5,0.5,3,100.0,0.0,650.0,-1300.0,,,,,,,,,,,,55.2,UNDER,74.9,USABLE,WATCH
MLB,austin hedges,Austin Hedges,hits,3ffba29c7cccfbdb0cb05ee26cd7d550,2026-09-03T17:10:00Z,,,0.5,0.5,0.5,4,100.0,0.0,5.0,-135.0,0.5,0.0,,,,,,,,,,44.8,OVER,24.8,USABLE,WATCH
MLB,austin hedges,Austin Hedges,hits_runs_rbis,3ffba29c7cccfbdb0cb05ee26cd7d550,2026-09-03T17:10:00Z,,,0.5,0.5,0.5,2,100.0,0.0,-132.5,-12.5,,,,,,,,,,,,51.1,OVER,67.4,LOW,PASS
MLB,austin hedges,Austin Hedges,home_runs,3ffba29c7cccfbdb0cb05ee26cd7d550,2026-09-03T17:10:00Z,,,0.5,0.5,0.5,4,100.0,0.0,1420.0,-3000.0,,,,,,,,,,,,60.4,UNDER,87.3,USABLE,WATCH
MLB,austin hedges,Austin Hedges,rbis,3ffba29c7cccfbdb0cb05ee26cd7d550,2026-09-03T17:10:00Z,,,0.5,0.5,0.5,4,100.0,0.0,392.5,-737.5,,,,,,,,,,,,54.2,UNDER,62.5,USABLE,WATCH
MLB,austin hedges,Austin Hedges,runs,3ffba29c7cccfbdb0cb05ee26cd7d550,2026-09-03T17:10:00Z,,,0.5,0.5,0.5,3,100.0,0.0,450.0,-410.0,,,,,,,,,,,,52.2,UNDER,63.1,USABLE,WATCH
MLB,austin hedges,Austin Hedges,singles,3ffba29c7cccfbdb0cb05ee26cd7d550,2026-09-03T17:10:00Z,,,0.5,0.5,0.5,1,100.0,0.0,165.0,-255.0,,,,,,,,,,,,39.9,UNDER,31.1,LOW,PASS
MLB,austin hedges,Austin Hedges,total_bases,3ffba29c7cccfbdb0cb05ee26cd7d550,2026-09-03T17:10:00Z,,,0.5,0.5,1.5,3,66.7,0.471,115.0,-170.0,0.5,0.0,,,,,,,,,,33.5,UNDER,15.0,USABLE,WATCH
MLB,austin hedges,Austin Hedges,walks,3ffba29c7cccfbdb0cb05ee26cd7d550,2026-09-03T17:10:00Z,,,1.5,1.5,1.5,1,100.0,0.0,310.0,-535.0,,,,,,,,,,,,45.9,UNDER,55.1,LOW,PASS
MLB,blade tidwell,Blade Tidwell,pitcher_strikeouts,4b25e965b62d7c19e2aa8fbfff667da3,2026-09-03T16:35:00Z,,,4.5,4.5,4.5,4,100.0,0.0,-1.0,-134.5,4.0,-0.5,,,,,,,,,,79.4,UNDER,96.6,USABLE,LEAN
MLB,blaze alexander,Blaze Alexander,doubles,87e824da83d83bcea518867ca5c3d75f,2026-09-03T23:15:00Z,,,0.5,0.5,0.5,5,100.0,0.0,360.0,-600.0,,,,,,,,,,,,55.6,UNDER,59.5,GOOD,WATCH
MLB,blaze alexander,Blaze Alexander,hits,87e824da83d83bcea518867ca5c3d75f,2026-09-03T23:15:00Z,,,0.5,0.5,1.5,6,83.3,0.373,-219.0,150.0,,,,,,,,,,,,46.1,OVER,26.4,GOOD,WATCH
MLB,blaze alexander,Blaze Alexander,hits_runs_rbis,87e824da83d83bcea518867ca5c3d75f,2026-09-03T23:15:00Z,,,1.5,1.5,1.5,4,100.0,0.0,-116.5,-123.0,1.5,0.0,,,,,,,,,,38.9,UNDER,1.2,USABLE,WATCH
MLB,blaze alexander,Blaze Alexander,home_runs,87e824da83d83bcea518867ca5c3d75f,2026-09-03T23:15:00Z,,,0.5,0.5,0.5,4,100.0,0.0,900.0,-1800.0,,,,,,,,,,,,58.8,UNDER,80.9,USABLE,WATCH
MLB,blaze alexander,Blaze Alexander,pitcher_strikeouts,87e824da83d83bcea518867ca5c3d75f,2026-09-03T23:15:00Z,,,0.5,0.5,0.5,2,100.0,0.0,-217.5,165.0,,,,,,,,,,,,41.5,OVER,29.0,LOW,PASS
MLB,blaze alexander,Blaze Alexander,rbis,87e824da83d83bcea518867ca5c3d75f,2026-09-03T23:15:00Z,,,0.5,0.5,0.5,7,100.0,0.0,250.0,-367.5,,,,,,,,,,,,56.7,UNDER,46.7,STRONG,WATCH
MLB,blaze alexander,Blaze Alexander,runs,87e824da83d83bcea518867ca5c3d75f,2026-09-03T23:15:00Z,,,0.5,0.5,0.5,4,100.0,0.0,122.5,-184.0,,,,,,,,,,,,43.1,UNDER,18.1,USABLE,WATCH
MLB,blaze alexander,Blaze Alexander,singles,87e824da83d83bcea518867ca5c3d75f,2026-09-03T23:15:00Z,,,0.5,0.5,0.5,3,100.0,0.0,-130.0,-103.0,0.5,0.0,,,,,,,,,,37.8,OVER,5.4,USABLE,WATCH
MLB,blaze alexander,Blaze Alexander,stolen_bases,87e824da83d83bcea518867ca5c3d75f,2026-09-03T23:15:00Z,,,0.5,0.5,0.5,7,100.0,0.0,800.0,-1840.0,,,,,,,,,,,,64.8,UNDER,79.0,STRONG,WATCH
MLB,blaze alexander,Blaze Alexander,total_bases,87e824da83d83bcea518867ca5c3d75f,2026-09-03T23:15:00Z,,,1.5,1.5,1.5,7,100.0,0.0,136.0,-192.0,,,,,,,,,,,,50.4,UNDER,21.6,STRONG,WATCH
MLB,blaze alexander,Blaze Alexander,triples,87e824da83d83bcea518867ca5c3d75f,2026-09-03T23:15:00Z,,,0.5,0.5,0.5,3,100.0,0.0,2600.0,,,,,,,,,,,,,48.9,NEUTRAL,50.0,USABLE,WATCH
MLB,blaze alexander,Blaze Alexander,walks,87e824da83d83bcea518867ca5c3d75f,2026-09-03T23:15:00Z,,,0.5,0.5,0.5,2,100.0,0.0,299.0,-514.5,,,,,,,,,,,,47.8,UNDER,53.9,LOW,PASS
MLB,blaze alexander runs,Blaze Alexander - Runs,runs,87e824da83d83bcea518867ca5c3d75f,2026-09-03T23:15:00Z,,,0.5,0.5,0.5,1,100.0,0.0,115.0,-155.0,,,,,,,,,,,,35.5,UNDER,13.3,LOW,PASS
MLB,bobby witt,Bobby Witt,hits,18307ff6045b1448e7ad3a1f2d836c6a,2026-09-03T23:40:00Z,,,0.5,0.5,0.5,1,100.0,0.0,-335.0,215.0,,,,,,,,,,,,42.5,OVER,41.6,LOW,PASS
MLB,bobby witt,Bobby Witt,rbis,18307ff6045b1448e7ad3a1f2d836c6a,2026-09-03T23:40:00Z,,,0.5,0.5,0.5,1,100.0,0.0,133.0,-186.0,,,,,,,,,,,,37.3,UNDER,20.5,LOW,PASS
MLB,bobby witt,Bobby Witt,total_bases,18307ff6045b1448e7ad3a1f2d836c6a,2026-09-03T23:40:00Z,,,1.5,1.5,1.5,1,100.0,0.0,100.0,-139.0,,,,,,,,,,,,34.0,UNDER,7.5,LOW,PASS
MLB,bobby witt jr,Bobby Witt Jr.,hits,18307ff6045b1448e7ad3a1f2d836c6a,2026-09-03T23:40:00Z,,,1.5,1.5,1.5,1,100.0,0.0,182.0,,,,,,,,,,,,,44.6,NEUTRAL,50.0,LOW,PASS
MLB,bobby witt jr,Bobby Witt Jr.,hits_runs_rbis,18307ff6045b1448e7ad3a1f2d836c6a,2026-09-03T23:40:00Z,,,1.5,1.5,1.5,1,100.0,0.0,-153.0,130.0,,,,,,,,,,,,36.2,OVER,16.3,LOW,PASS
MLB,bobby witt jr,Bobby Witt Jr.,home_runs,18307ff6045b1448e7ad3a1f2d836c6a,2026-09-03T23:40:00Z,,,0.5,0.5,0.5,1,100.0,0.0,401.0,-670.0,,,,,,,,,,,,47.8,UNDER,62.7,LOW,PASS
MLB,bobby witt jr,Bobby Witt Jr.,rbis,18307ff6045b1448e7ad3a1f2d836c6a,2026-09-03T23:40:00Z,,,1.5,1.5,1.5,1,100.0,0.0,506.0,,,,,,,,,,,,,44.6,NEUTRAL,50.0,LOW,PASS
MLB,bobby witt jr,Bobby Witt Jr.,runs,18307ff6045b1448e7ad3a1f2d836c6a,2026-09-03T23:40:00Z,,,0.5,0.5,0.5,1,100.0,0.0,-115.0,113.0,0.5,0.0,,,,,,,,,,33.8,OVER,6.5,LOW,PASS
MLB,bobby witt jr,Bobby Witt Jr.,total_bases,18307ff6045b1448e7ad3a1f2d836c6a,2026-09-03T23:40:00Z,,,2.5,2.5,2.5,1,100.0,0.0,194.0,,1.5,-1.0,,,,,,,,,,74.6,NEUTRAL,50.0,LOW,PASS
MLB,braden montgomery,Braden Montgomery,doubles,4531806102eb01c9886a2ceb2b16b0b9,2026-09-03T18:10:00Z,,,0.5,0.5,0.5,2,100.0,0.0,500.0,-800.0,,,,,,,,,,,,51.4,UNDER,68.4,LOW,PASS
MLB,braden montgomery,Braden Montgomery,hits,4531806102eb01c9886a2ceb2b16b0b9,2026-09-03T18:10:00Z,,,0.5,0.5,0.5,3,100.0,0.0,-205.0,137.5,,,,,,,,,,,,42.2,OVER,23.0,USABLE,WATCH
MLB,braden montgomery,Braden Montgomery,hits_runs_rbis,4531806102eb01c9886a2ceb2b16b0b9,2026-09-03T18:10:00Z,,,1.5,1.5,1.5,1,100.0,0.0,115.0,-170.0,,,,,,,,,,,,35.9,UNDER,15.0,LOW,PASS
MLB,braden montgomery,Braden Montgomery,home_runs,4531806102eb01c9886a2ceb2b16b0b9,2026-09-03T18:10:00Z,,,0.5,0.5,0.5,3,100.0,0.0,1000.0,-2500.0,,,,,,,,,,,,57.1,UNDER,82.7,USABLE,WATCH
MLB,braden montgomery,Braden Montgomery,rbis,4531806102eb01c9886a2ceb2b16b0b9,2026-09-03T18:10:00Z,,,0.5,0.5,0.5,2,100.0,0.0,197.5,-307.5,,,,,,,,,,,,43.9,UNDER,38.4,LOW,PASS
MLB,braden montgomery,Braden Montgomery,runs,4531806102eb01c9886a2ceb2b16b0b9,2026-09-03T18:10:00Z,,,0.5,0.5,0.5,1,100.0,0.0,160.0,-300.0,,,,,,,,,,,,40.2,UNDER,32.2,LOW,PASS
MLB,braden montgomery,Braden Montgomery,singles,4531806102eb01c9886a2ceb2b16b0b9,2026-09-03T18:10:00Z,,,0.5,0.5,0.5,1,100.0,0.0,100.0,-150.0,,,,,,,,,,,,34.4,UNDER,9.1,LOW,PASS
MLB,braden montgomery,Braden Montgomery,stolen_bases,4531806102eb01c9886a2ceb2b16b0b9,2026-09-03T18:10:00Z,,,0.5,0.5,0.5,1,100.0,0.0,900.0,-1800.0,,,,,,,,,,,,52.4,UNDER,80.9,LOW,PASS
MLB,braden montgomery,Braden Montgomery,total_bases,4531806102eb01c9886a2ceb2b16b0b9,2026-09-03T18:10:00Z,,,1.0,0.5,1.5,2,100.0,0.5,-3.5,-265.0,,,,,,,,,,,,57.1,UNDER,91.1,LOW,PASS
MLB,braden montgomery,Braden Montgomery,triples,4531806102eb01c9886a2ceb2b16b0b9,2026-09-03T18:10:00Z,,,0.5,0.5,0.5,1,100.0,0.0,2200.0,,,,,,,,,,,,,44.6,NEUTRAL,50.0,LOW,PASS
MLB,brandon lowe,Brandon Lowe,doubles,4b25e965b62d7c19e2aa8fbfff667da3,2026-09-03T16:35:00Z,,,0.5,0.5,0.5,3,100.0,0.0,320.0,-500.0,,,,,,,,,,,,50.3,UNDER,55.6,USABLE,WATCH
MLB,brandon lowe,Brandon Lowe,hits,4b25e965b62d7c19e2aa8fbfff667da3,2026-09-03T16:35:00Z,,,0.5,0.5,0.5,2,100.0,0.0,-237.5,170.0,,,,,,,,,,,,42.0,OVER,31.0,LOW,PASS
MLB,brandon lowe,Brandon Lowe,hits_runs_rbis,4b25e965b62d7c19e2aa8fbfff667da3,2026-09-03T16:35:00Z,,,1.5,1.5,1.5,1,100.0,0.0,-140.0,100.0,,,,,,,,,,,,34.1,OVER,7.7,LOW,PASS
MLB,brandon lowe,Brandon Lowe,home_runs,4b25e965b62d7c19e2aa8fbfff667da3,2026-09-03T16:35:00Z,,,0.5,0.5,0.5,1,100.0,0.0,350.0,-525.0,,,,,,,,,,,,46.7,UNDER,58.2,LOW,PASS
MLB,brandon lowe,Brandon Lowe,rbis,4b25e965b62d7c19e2aa8fbfff667da3,2026-09-03T16:35:00Z,,,0.5,0.5,0.5,2,100.0,0.0,124.0,-172.0,,,,,,,,,,,,38.6,UNDER,17.2,LOW,PASS
MLB,brandon lowe,Brandon Lowe,runs,4b25e965b62d7c19e2aa8fbfff667da3,2026-09-03T16:35:00Z,,,0.5,0.5,0.5,2,100.0,0.0,-135.0,-230.0,0.5,0.0,,,,,,,,,,36.7,UNDER,9.6,LOW,PASS
MLB,brandon lowe,Brandon Lowe,stolen_bases,4b25e965b62d7c19e2aa8fbfff667da3,2026-09-03T16:35:00Z,,,0.5,0.5,0.5,1,100.0,0.0,1750.0,-20000.0,,,,,,,,,,,,54.6,UNDER,89.7,LOW,PASS
MLB,brandon lowe,Brandon Lowe,total_bases,4b25e965b62d7c19e2aa8fbfff667da3,2026-09-03T16:35:00Z,,,1.5,1.5,1.5,2,100.0,0.0,112.5,-152.0,,,,,,,,,,,,37.4,UNDER,12.3,LOW,PASS
MLB,brandon lowe,Brandon Lowe,triples,4b25e965b62d7c19e2aa8fbfff667da3,2026-09-03T16:35:00Z,,,0.5,0.5,0.5,1,100.0,0.0,4500.0,,,,,,,,,,,,,44.6,NEUTRAL,50.0,LOW,PASS
MLB,brandon nimmo,Brandon Nimmo,hits,f64033ef76653cc57533ab4c515fa24b,2026-09-04T00:05:00Z,,,0.5,0.5,0.5,1,100.0,0.0,-215.0,150.0,,,,,,,,,,,,38.7,OVER,26.1,LOW,PASS
MLB,brandon nimmo,Brandon Nimmo,home_runs,f64033ef76653cc57533ab4c515fa24b,2026-09-04T00:05:00Z,,,0.5,0.5,0.5,2,100.0,0.0,533.5,-1116.5,,,,,,,,,,,,51.9,UNDER,70.6,LOW,PASS
MLB,brandon nimmo,Brandon Nimmo,rbis,f64033ef76653cc57533ab4c515fa24b,2026-09-04T00:05:00Z,,,0.5,0.5,0.5,1,100.0,0.0,170.0,-240.0,,,,,,,,,,,,39.9,UNDER,31.2,LOW,PASS
MLB,brandon nimmo,Brandon Nimmo,total_bases,f64033ef76653cc57533ab4c515fa24b,2026-09-04T00:05:00Z,,,1.5,1.5,1.5,1,100.0,0.0,148.0,-205.0,,,,,,,,,,,,38.4,UNDER,25.0,LOW,PASS
MLB,brandon valenzuela,Brandon Valenzuela,doubles,3ffba29c7cccfbdb0cb05ee26cd7d550,2026-09-03T17:10:00Z,,,0.5,0.5,0.5,2,100.0,0.0,687.5,-1582.5,,,,,,,,,,,,53.3,UNDER,76.2,LOW,PASS
MLB,brandon valenzuela,Brandon Valenzuela,hits,3ffba29c7cccfbdb0cb05ee26cd7d550,2026-09-03T17:10:00Z,,,0.5,0.5,0.5,1,100.0,0.0,135.0,-200.0,0.5,0.0,,,,,,,,,,37.7,UNDER,22.1,LOW,PASS
MLB,brandon valenzuela,Brandon Valenzuela,hits_runs_rbis,3ffba29c7cccfbdb0cb05ee26cd7d550,2026-09-03T17:10:00Z,,,0.5,0.5,0.5,1,100.0,0.0,-105.0,-145.0,,,,,,,,,,,,33.9,UNDER,7.2,LOW,PASS
MLB,brandon valenzuela,Brandon Valenzuela,home_runs,3ffba29c7cccfbdb0cb05ee26cd7d550,2026-09-03T17:10:00Z,,,0.5,0.5,0.5,4,100.0,0.0,967.5,-2480.0,,,,,,,,,,,,59.1,UNDER,82.2,USABLE,WATCH
MLB,brandon valenzuela,Brandon Valenzuela,rbis,3ffba29c7cccfbdb0cb05ee26cd7d550,2026-09-03T17:10:00Z,,,0.5,0.5,0.5,2,100.0,0.0,417.5,-802.5,,,,,,,,,,,,50.4,UNDER,64.3,LOW,PASS
MLB,brandon valenzuela,Brandon Valenzuela,runs,3ffba29c7cccfbdb0cb05ee26cd7d550,2026-09-03T17:10:00Z,,,0.5,0.5,0.5,3,100.0,0.0,245.0,-380.0,,,,,,,,,,,,48.0,UNDER,46.4,USABLE,WATCH
MLB,brandon valenzuela,Brandon Valenzuela,singles,3ffba29c7cccfbdb0cb05ee26cd7d550,2026-09-03T17:10:00Z,,,0.5,0.5,0.5,1,100.0,0.0,230.0,-360.0,,,,,,,,,,,,43.2,UNDER,44.2,LOW,PASS
MLB,brandon valenzuela,Brandon Valenzuela,total_bases,3ffba29c7cccfbdb0cb05ee26cd7d550,2026-09-03T17:10:00Z,,,0.5,0.5,0.5,1,100.0,0.0,135.0,-200.0,,,,,,,,,,,,37.7,UNDER,22.1,LOW,PASS
MLB,brandon valenzuela,Brandon Valenzuela,walks,3ffba29c7cccfbdb0cb05ee26cd7d550,2026-09-03T17:10:00Z,,,0.5,0.5,0.5,1,100.0,0.0,310.0,-535.0,,,,,,,,,,,,45.9,UNDER,55.1,LOW,PASS
MLB,brandon young,Brandon Young,earned_runs,87e824da83d83bcea518867ca5c3d75f,2026-09-03T23:15:00Z,,,2.5,2.5,2.5,6,100.0,0.0,-103.5,-129.5,,,,,,,,,,,,44.2,UNDER,5.2,GOOD,WATCH
MLB,brandon young,Brandon Young,hits_allowed,87e824da83d83bcea518867ca5c3d75f,2026-09-03T23:15:00Z,,,5.5,5.5,5.5,7,100.0,0.0,-111.0,-128.0,5.5,0.0,,,,,,,,,,45.8,UNDER,3.2,STRONG,WATCH
MLB,brandon young,Brandon Young,pitcher_strikeouts,87e824da83d83bcea518867ca5c3d75f,2026-09-03T23:15:00Z,,,4.5,4.5,5.5,8,88.9,0.314,120.0,-160.0,4.0,-0.5,,,,,,,,,,63.2,UNDER,15.0,STRONG,WATCH
MLB,brandon young,Brandon Young,walks,87e824da83d83bcea518867ca5c3d75f,2026-09-03T23:15:00Z,,,1.5,1.5,1.5,1,100.0,0.0,-117.0,113.0,,,,,,,,,,,,33.9,OVER,6.9,LOW,PASS
MLB,brandon young hits allowed,Brandon Young - Hits Allowed,hits_allowed,87e824da83d83bcea518867ca5c3d75f,2026-09-03T23:15:00Z,,,5.5,5.5,5.5,1,100.0,0.0,115.0,-155.0,,,,,,,,,,,,35.5,UNDER,13.3,LOW,PASS
MLB,brayan rocchio,Brayan Rocchio,doubles,3ffba29c7cccfbdb0cb05ee26cd7d550,2026-09-03T17:10:00Z,,,0.5,0.5,0.5,2,100.0,0.0,620.0,-1300.0,,,,,,,,,,,,52.8,UNDER,74.0,LOW,PASS
MLB,brayan rocchio,Brayan Rocchio,hits,3ffba29c7cccfbdb0cb05ee26cd7d550,2026-09-03T17:10:00Z,,,0.5,0.5,0.5,3,100.0,0.0,-148.0,110.0,,,,,,,,,,,,39.2,OVER,11.2,USABLE,WATCH
MLB,brayan rocchio,Brayan Rocchio,hits_runs_rbis,3ffba29c7cccfbdb0cb05ee26cd7d550,2026-09-03T17:10:00Z,,,1.0,0.5,1.5,2,100.0,0.5,-25.0,-27.5,,,,,,,,,,,,35.2,UNDER,3.8,LOW,PASS
MLB,brayan rocchio,Brayan Rocchio,home_runs,3ffba29c7cccfbdb0cb05ee26cd7d550,2026-09-03T17:10:00Z,,,0.5,0.5,0.5,3,100.0,0.0,2220.0,-17580.0,,,,,,,,,,,,59.4,UNDER,91.7,USABLE,WATCH
MLB,brayan rocchio,Brayan Rocchio,rbis,3ffba29c7cccfbdb0cb05ee26cd7d550,2026-09-03T17:10:00Z,,,0.5,0.5,0.5,4,100.0,0.0,300.0,-350.0,,,,,,,,,,,,51.4,UNDER,51.4,USABLE,WATCH
MLB,brayan rocchio,Brayan Rocchio,runs,3ffba29c7cccfbdb0cb05ee26cd7d550,2026-09-03T17:10:00Z,,,0.5,0.5,0.5,3,100.0,0.0,320.0,-500.0,,,,,,,,,,,,50.3,UNDER,55.6,USABLE,WATCH
MLB,brayan rocchio,Brayan Rocchio,singles,3ffba29c7cccfbdb0cb05ee26cd7d550,2026-09-03T17:10:00Z,,,0.5,0.5,0.5,1,100.0,0.0,115.0,-175.0,,,,,,,,,,,,36.0,UNDER,15.5,LOW,PASS
MLB,brayan rocchio,Brayan Rocchio,stolen_bases,3ffba29c7cccfbdb0cb05ee26cd7d550,2026-09-03T17:10:00Z,,,0.5,0.5,0.5,1,100.0,0.0,1100.0,-3000.0,,,,,,,,,,,,53.2,UNDER,84.1,LOW,PASS
MLB,brayan rocchio,Brayan Rocchio,total_bases,3ffba29c7cccfbdb0cb05ee26cd7d550,2026-09-03T17:10:00Z,,,0.5,0.5,0.5,3,100.0,0.0,-152.0,108.0,,,,,,,,,,,,39.3,OVER,11.3,USABLE,WATCH
MLB,brayan rocchio,Brayan Rocchio,walks,3ffba29c7cccfbdb0cb05ee26cd7d550,2026-09-03T17:10:00Z,,,0.5,0.5,0.5,1,100.0,0.0,345.0,-610.0,,,,,,,,,,,,46.8,UNDER,58.5,LOW,PASS
MLB,brett bateman,Brett Bateman,hits,3ffba29c7cccfbdb0cb05ee26cd7d550,2026-09-03T17:10:00Z,,,0.5,0.5,1.5,3,66.7,0.471,-190.0,-11.0,,,,,,,,,,,,48.2,OVER,73.7,USABLE,WATCH
MLB,brett bateman,Brett Bateman,hits_runs_rbis,3ffba29c7cccfbdb0cb05ee26cd7d550,2026-09-03T17:10:00Z,,,1.5,1.5,1.5,1,100.0,0.0,-125.0,-120.0,1.5,0.0,,,,,,,,,,32.4,OVER,0.9,LOW,PASS
MLB,brett bateman,Brett Bateman,home_runs,3ffba29c7cccfbdb0cb05ee26cd7d550,2026-09-03T17:10:00Z,,,0.5,0.5,0.5,4,100.0,0.0,1125.0,-1600.0,,,,,,,,,,,,59.6,UNDER,84.0,USABLE,WATCH
MLB,brett bateman,Brett Bateman,rbis,3ffba29c7cccfbdb0cb05ee26cd7d550,2026-09-03T17:10:00Z,,,0.5,0.5,0.5,4,100.0,0.0,285.0,-400.0,,,,,,,,,,,,51.3,UNDER,51.0,USABLE,WATCH
MLB,brett bateman,Brett Bateman,runs,3ffba29c7cccfbdb0cb05ee26cd7d550,2026-09-03T17:10:00Z,,,0.5,0.5,0.5,4,100.0,0.0,225.0,-342.5,,,,,,,,,,,,49.3,UNDER,43.1,USABLE,WATCH
MLB,brett bateman,Brett Bateman,singles,3ffba29c7cccfbdb0cb05ee26cd7d550,2026-09-03T17:10:00Z,,,1.0,0.5,1.5,2,100.0,0.5,7.5,-67.5,,,,,,,,,,,,44.2,OVER,39.5,LOW,PASS
MLB,brett bateman,Brett Bateman,total_bases,3ffba29c7cccfbdb0cb05ee26cd7d550,2026-09-03T17:10:00Z,,,1.5,1.5,2.5,4,75.0,0.433,151.0,-207.5,,,,,,,,,,,,40.0,UNDER,25.8,USABLE,WATCH
MLB,brett bateman,Brett Bateman,walks,3ffba29c7cccfbdb0cb05ee26cd7d550,2026-09-03T17:10:00Z,,,0.5,0.5,0.5,1,100.0,0.0,275.0,-455.0,,,,,,,,,,,,44.9,UNDER,50.9,LOW,PASS
MLB,brice turang,Brice Turang,doubles,919bdbd90145290fd9a5266e0fed035b,2026-09-03T23:15:00Z,,,0.5,0.5,0.5,3,100.0,0.0,375.0,-647.5,,,,,,,,,,,,51.7,UNDER,60.9,USABLE,WATCH
MLB,brice turang,Brice Turang,hits,919bdbd90145290fd9a5266e0fed035b,2026-09-03T23:15:00Z,,,0.5,0.5,0.5,3,100.0,0.0,-230.0,163.0,,,,,,,,,,,,43.8,OVER,29.4,USABLE,WATCH
MLB,brice turang,Brice Turang,hits_runs_rbis,919bdbd90145290fd9a5266e0fed035b,2026-09-03T23:15:00Z,,,1.5,1.5,1.5,5,100.0,0.0,-120.0,-114.0,1.5,0.0,,,,,,,,,,41.0,OVER,1.2,GOOD,WATCH
MLB,brice turang,Brice Turang,home_runs,919bdbd90145290fd9a5266e0fed035b,2026-09-03T23:15:00Z,,,0.5,0.5,0.5,6,100.0,0.0,665.0,-1150.0,,,,,,,,,,,,61.6,UNDER,75.1,GOOD,WATCH
MLB,brice turang,Brice Turang,rbis,919bdbd90145290fd9a5266e0fed035b,2026-09-03T23:15:00Z,,,0.5,0.5,0.5,5,100.0,0.0,190.0,-267.5,,,,,,,,,,,,49.6,UNDER,35.7,GOOD,WATCH
MLB,brice turang,Brice Turang,runs,919bdbd90145290fd9a5266e0fed035b,2026-09-03T23:15:00Z,,,0.5,0.5,0.5,6,100.0,0.0,102.0,-140.0,,,,,,,,,,,,44.9,UNDER,8.2,GOOD,WATCH
MLB,brice turang,Brice Turang,singles,919bdbd90145290fd9a5266e0fed035b,2026-09-03T23:15:00Z,,,0.5,0.5,0.5,3,100.0,0.0,-115.0,-122.0,0.5,0.0,,,,,,,,,,36.8,UNDER,1.4,USABLE,WATCH
MLB,brice turang,Brice Turang,stolen_bases,919bdbd90145290fd9a5266e0fed035b,2026-09-03T23:15:00Z,,,0.5,0.5,0.5,7,100.0,0.0,340.0,-567.0,,,,,,,,,,,,59.5,UNDER,57.8,STRONG,WATCH
MLB,brice turang,Brice Turang,total_bases,919bdbd90145290fd9a5266e0fed035b,2026-09-03T23:15:00Z,,,1.5,1.5,1.5,7,100.0,0.0,147.0,-180.0,,,,,,,,,,,,50.7,UNDER,22.7,STRONG,WATCH
MLB,brice turang,Brice Turang,triples,919bdbd90145290fd9a5266e0fed035b,2026-09-03T23:15:00Z,,,0.5,0.5,0.5,2,100.0,0.0,1450.0,,,,,,,,,,,,,46.8,NEUTRAL,50.0,LOW,PASS
MLB,brice turang,Brice Turang,walks,919bdbd90145290fd9a5266e0fed035b,2026-09-03T23:15:00Z,,,0.5,0.5,0.5,3,100.0,0.0,120.0,-173.0,,,,,,,,,,,,40.5,UNDER,16.5,USABLE,WATCH
MLB,brock rodden,Brock Rodden,home_runs,0bbf9d80b06a1e1868b6224c751b8a2e,2026-09-04T01:40:00Z,,,0.5,0.5,0.5,1,100.0,0.0,760.0,-2050.0,,,,,,,,,,,,51.7,UNDER,78.3,LOW,PASS
MLB,bryan reynolds,Bryan Reynolds,doubles,4b25e965b62d7c19e2aa8fbfff667da3,2026-09-03T16:35:00Z,,,0.5,0.5,0.5,3,100.0,0.0,320.0,-475.0,,,,,,,,,,,,50.2,UNDER,55.3,USABLE,WATCH
MLB,bryan reynolds,Bryan Reynolds,hits,4b25e965b62d7c19e2aa8fbfff667da3,2026-09-03T16:35:00Z,,,0.5,0.5,0.5,3,100.0,0.0,-245.0,187.5,,,,,,,,,,,,45.0,OVER,34.2,USABLE,WATCH
MLB,bryan reynolds,Bryan Reynolds,hits_runs_rbis,4b25e965b62d7c19e2aa8fbfff667da3,2026-09-03T16:35:00Z,,,1.5,1.5,1.5,1,100.0,0.0,-140.0,100.0,,,,,,,,,,,,34.1,OVER,7.7,LOW,PASS
MLB,bryan reynolds,Bryan Reynolds,home_runs,4b25e965b62d7c19e2aa8fbfff667da3,2026-09-03T16:35:00Z,,,0.5,0.5,0.5,1,100.0,0.0,650.0,-800.0,,,,,,,,,,,,50.6,UNDER,73.9,LOW,PASS
MLB,bryan reynolds,Bryan Reynolds,rbis,4b25e965b62d7c19e2aa8fbfff667da3,2026-09-03T16:35:00Z,,,0.5,0.5,0.5,2,100.0,0.0,151.5,-215.0,,,,,,,,,,,,40.9,UNDER,26.4,LOW,PASS
MLB,bryan reynolds,Bryan Reynolds,runs,4b25e965b62d7c19e2aa8fbfff667da3,2026-09-03T16:35:00Z,,,0.5,0.5,0.5,1,100.0,0.0,105.0,-130.0,,,,,,,,,,,,34.0,UNDER,7.4,LOW,PASS
MLB,bryan reynolds,Bryan Reynolds,stolen_bases,4b25e965b62d7c19e2aa8fbfff667da3,2026-09-03T16:35:00Z,,,0.5,0.5,0.5,1,100.0,0.0,1500.0,-9000.0,,,,,,,,,,,,54.2,UNDER,88.1,LOW,PASS
MLB,bryan reynolds,Bryan Reynolds,total_bases,4b25e965b62d7c19e2aa8fbfff667da3,2026-09-03T16:35:00Z,,,1.5,1.5,1.5,2,100.0,0.0,124.0,-172.5,,,,,,,,,,,,38.6,UNDER,17.3,LOW,PASS
MLB,bryan reynolds,Bryan Reynolds,triples,4b25e965b62d7c19e2aa8fbfff667da3,2026-09-03T16:35:00Z,,,0.5,0.5,0.5,2,100.0,0.0,2300.0,,,,,,,,,,,,,46.8,NEUTRAL,50.0,LOW,PASS
MLB,bryce eldridge,Bryce Eldridge,doubles,4b25e965b62d7c19e2aa8fbfff667da3,2026-09-03T16:35:00Z,,,0.5,0.5,0.5,1,100.0,0.0,350.0,-575.0,,,,,,,,,,,,46.8,UNDER,58.6,LOW,PASS
MLB,bryce eldridge,Bryce Eldridge,hits,4b25e965b62d7c19e2aa8fbfff667da3,2026-09-03T16:35:00Z,,,0.5,0.5,0.5,2,100.0,0.0,27.5,165.0,,,,,,,,,,,,43.0,OVER,35.0,LOW,PASS
MLB,bryce eldridge,Bryce Eldridge,home_runs,4b25e965b62d7c19e2aa8fbfff667da3,2026-09-03T16:35:00Z,,,0.5,0.5,0.5,2,100.0,0.0,512.5,-930.0,,,,,,,,,,,,51.6,UNDER,69.4,LOW,PASS
MLB,bryce eldridge,Bryce Eldridge,rbis,4b25e965b62d7c19e2aa8fbfff667da3,2026-09-03T16:35:00Z,,,0.5,0.5,0.5,1,100.0,0.0,148.0,-205.0,,,,,,,,,,,,38.4,UNDER,25.0,LOW,PASS
MLB,bryce eldridge,Bryce Eldridge,runs,4b25e965b62d7c19e2aa8fbfff667da3,2026-09-03T16:35:00Z,,,0.5,0.5,0.5,2,100.0,0.0,112.5,-350.0,,,,,,,,,,,,40.4,UNDER,24.6,LOW,PASS
MLB,bryce eldridge,Bryce Eldridge,total_bases,4b25e965b62d7c19e2aa8fbfff667da3,2026-09-03T16:35:00Z,,,1.5,1.5,1.5,1,100.0,0.0,133.0,-186.0,,,,,,,,,,,,37.3,UNDER,20.5,LOW,PASS
MLB,cal quantrill,Cal Quantrill,earned_runs,f64033ef76653cc57533ab4c515fa24b,2026-09-04T00:05:00Z,,,2.5,2.5,2.5,1,100.0,0.0,115.0,-153.0,,,,,,,,,,,,35.4,UNDER,13.1,LOW,PASS
MLB,cal quantrill,Cal Quantrill,hits_allowed,f64033ef76653cc57533ab4c515fa24b,2026-09-04T00:05:00Z,,,4.5,4.5,4.5,1,100.0,0.0,-146.0,110.0,,,,,,,,,,,,34.9,OVER,11.0,LOW,PASS
MLB,cal quantrill,Cal Quantrill,pitcher_strikeouts,f64033ef76653cc57533ab4c515fa24b,2026-09-04T00:05:00Z,,,3.5,3.5,3.5,3,100.0,0.0,110.0,-159.0,,,,,,,,,,,,39.6,UNDER,12.6,USABLE,WATCH
MLB,cal raleigh,Cal Raleigh,home_runs,0bbf9d80b06a1e1868b6224c751b8a2e,2026-09-04T01:40:00Z,,,0.5,0.5,0.5,1,100.0,0.0,290.0,-436.0,,,,,,,,,,,,45.2,UNDER,52.1,LOW,PASS
MLB,caleb durbin,Caleb Durbin,doubles,87e824da83d83bcea518867ca5c3d75f,2026-09-03T23:15:00Z,,,0.5,0.5,0.5,5,100.0,0.0,475.0,-800.0,,,,,,,,,,,,57.5,UNDER,67.3,GOOD,WATCH
MLB,caleb durbin,Caleb Durbin,hits,87e824da83d83bcea518867ca5c3d75f,2026-09-03T23:15:00Z,,,0.5,0.5,1.5,5,80.0,0.4,-200.0,150.0,,,,,,,,,,,,43.0,OVER,25.0,GOOD,WATCH
MLB,caleb durbin,Caleb Durbin,hits_runs_rbis,87e824da83d83bcea518867ca5c3d75f,2026-09-03T23:15:00Z,,,1.5,1.5,1.5,4,100.0,0.0,-2.5,-130.0,1.5,0.0,,,,,,,,,,61.5,UNDER,91.7,USABLE,WATCH
MLB,caleb durbin,Caleb Durbin,home_runs,87e824da83d83bcea518867ca5c3d75f,2026-09-03T23:15:00Z,,,0.5,0.5,0.5,3,100.0,0.0,930.0,-3332.5,,,,,,,,,,,,56.9,UNDER,81.8,USABLE,WATCH
MLB,caleb durbin,Caleb Durbin,pitcher_strikeouts,87e824da83d83bcea518867ca5c3d75f,2026-09-03T23:15:00Z,,,0.5,0.5,0.5,1,100.0,0.0,100.0,,,,,,,,,,,,,44.6,NEUTRAL,50.0,LOW,PASS
MLB,caleb durbin,Caleb Durbin,rbis,87e824da83d83bcea518867ca5c3d75f,2026-09-03T23:15:00Z,,,0.5,0.5,0.5,7,100.0,0.0,200.0,-319.0,,,,,,,,,,,,54.8,UNDER,39.1,STRONG,WATCH
MLB,caleb durbin,Caleb Durbin,runs,87e824da83d83bcea518867ca5c3d75f,2026-09-03T23:15:00Z,,,0.5,0.5,0.5,5,100.0,0.0,149.0,-210.0,,,,,,,,,,,,47.1,UNDER,25.6,GOOD,WATCH
MLB,caleb durbin,Caleb Durbin,singles,87e824da83d83bcea518867ca5c3d75f,2026-09-03T23:15:00Z,,,0.5,0.5,0.5,5,100.0,0.0,-142.0,-107.0,,,,,,,,,,,,42.3,OVER,6.3,GOOD,WATCH
MLB,caleb durbin,Caleb Durbin,stolen_bases,87e824da83d83bcea518867ca5c3d75f,2026-09-03T23:15:00Z,,,0.5,0.5,0.5,8,100.0,0.0,700.0,-1750.0,,,,,,,,,,,,64.2,UNDER,76.7,STRONG,WATCH
MLB,caleb durbin,Caleb Durbin,total_bases,87e824da83d83bcea518867ca5c3d75f,2026-09-03T23:15:00Z,,,0.5,0.5,1.5,7,57.1,0.495,-175.0,130.0,,,,,,,,,,,,41.1,OVER,18.8,STRONG,WATCH
MLB,caleb durbin,Caleb Durbin,triples,87e824da83d83bcea518867ca5c3d75f,2026-09-03T23:15:00Z,,,0.5,0.5,0.5,2,100.0,0.0,3250.0,,,,,,,,,,,,,46.8,NEUTRAL,50.0,LOW,PASS
MLB,caleb durbin,Caleb Durbin,walks,87e824da83d83bcea518867ca5c3d75f,2026-09-03T23:15:00Z,,,0.5,0.5,0.5,3,100.0,0.0,285.0,-440.0,,,,,,,,,,,,49.3,UNDER,51.7,USABLE,WATCH
MLB,caleb durbin bos,Caleb Durbin (BOS),hits,87e824da83d83bcea518867ca5c3d75f,2026-09-03T23:15:00Z,,,1.5,1.5,1.5,1,100.0,0.0,,-130.0,,,,,,,,,,,,44.6,NEUTRAL,50.0,LOW,PASS
MLB,caleb durbin runs,Caleb Durbin - Runs,runs,87e824da83d83bcea518867ca5c3d75f,2026-09-03T23:15:00Z,,,0.5,0.5,0.5,1,100.0,0.0,165.0,-220.0,,,,,,,,,,,,39.4,UNDER,29.1,LOW,PASS
MLB,cam smith,Cam Smith,doubles,4531806102eb01c9886a2ceb2b16b0b9,2026-09-03T18:10:00Z,,,0.5,0.5,0.5,1,100.0,0.0,575.0,-950.0,,,,,,,,,,,,50.1,UNDER,71.9,LOW,PASS
MLB,cam smith,Cam Smith,hits,4531806102eb01c9886a2ceb2b16b0b9,2026-09-03T18:10:00Z,,,0.5,0.5,0.5,1,100.0,0.0,-160.0,120.0,,,,,,,,,,,,35.9,OVER,15.0,LOW,PASS
MLB,cam smith,Cam Smith,home_runs,4531806102eb01c9886a2ceb2b16b0b9,2026-09-03T18:10:00Z,,,0.5,0.5,0.5,2,100.0,0.0,600.0,-1035.0,,,,,,,,,,,,52.5,UNDER,72.9,LOW,PASS
MLB,cam smith,Cam Smith,rbis,4531806102eb01c9886a2ceb2b16b0b9,2026-09-03T18:10:00Z,,,0.5,0.5,0.5,1,100.0,0.0,220.0,-330.0,,,,,,,,,,,,42.7,UNDER,42.1,LOW,PASS
MLB,cam smith,Cam Smith,runs,4531806102eb01c9886a2ceb2b16b0b9,2026-09-03T18:10:00Z,,,0.5,0.5,0.5,1,100.0,0.0,140.0,-190.0,,,,,,,,,,,,37.7,UNDER,22.3,LOW,PASS
MLB,cam smith,Cam Smith,stolen_bases,4531806102eb01c9886a2ceb2b16b0b9,2026-09-03T18:10:00Z,,,0.5,0.5,0.5,1,100.0,0.0,1200.0,-4000.0,,,,,,,,,,,,53.5,UNDER,85.4,LOW,PASS
MLB,cam smith,Cam Smith,total_bases,4531806102eb01c9886a2ceb2b16b0b9,2026-09-03T18:10:00Z,,,0.5,0.5,0.5,1,100.0,0.0,-150.0,115.0,,,,,,,,,,,,35.3,OVER,12.7,LOW,PASS
MLB,cam smith,Cam Smith,triples,4531806102eb01c9886a2ceb2b16b0b9,2026-09-03T18:10:00Z,,,0.5,0.5,0.5,1,100.0,0.0,1900.0,,,,,,,,,,,,,44.6,NEUTRAL,50.0,LOW,PASS
MLB,carlos narv ez,Carlos Narváez,doubles,87e824da83d83bcea518867ca5c3d75f,2026-09-03T23:15:00Z,,,0.5,0.5,0.5,1,100.0,0.0,500.0,-1230.0,,,,,,,,,,,,49.5,UNDER,69.5,LOW,PASS
MLB,carlos narv ez,Carlos Narváez,hits,87e824da83d83bcea518867ca5c3d75f,2026-09-03T23:15:00Z,,,0.5,0.5,0.5,1,100.0,0.0,-115.0,-145.0,0.5,0.0,,,,,,,,,,33.4,UNDER,5.1,LOW,PASS
MLB,carlos narv ez,Carlos Narváez,hits_runs_rbis,87e824da83d83bcea518867ca5c3d75f,2026-09-03T23:15:00Z,,,0.5,0.5,0.5,2,100.0,0.0,-151.0,104.0,,,,,,,,,,,,36.8,OVER,10.2,LOW,PASS
MLB,carlos narv ez,Carlos Narváez,home_runs,87e824da83d83bcea518867ca5c3d75f,2026-09-03T23:15:00Z,,,0.5,0.5,0.5,2,100.0,0.0,707.5,-2305.0,,,,,,,,,,,,53.6,UNDER,77.1,LOW,PASS
MLB,carlos narv ez,Carlos Narváez,rbis,87e824da83d83bcea518867ca5c3d75f,2026-09-03T23:15:00Z,,,0.5,0.5,0.5,2,100.0,0.0,255.0,-435.0,,,,,,,,,,,,46.4,UNDER,48.5,LOW,PASS
MLB,carlos narv ez,Carlos Narváez,runs,87e824da83d83bcea518867ca5c3d75f,2026-09-03T23:15:00Z,,,0.5,0.5,0.5,2,100.0,0.0,187.5,-300.0,,,,,,,,,,,,43.4,UNDER,36.6,LOW,PASS
MLB,carlos narv ez,Carlos Narváez,singles,87e824da83d83bcea518867ca5c3d75f,2026-09-03T23:15:00Z,,,0.5,0.5,0.5,2,100.0,0.0,165.0,-270.0,,,,,,,,,,,,42.2,UNDER,31.8,LOW,PASS
MLB,carlos narv ez,Carlos Narváez,total_bases,87e824da83d83bcea518867ca5c3d75f,2026-09-03T23:15:00Z,,,0.5,0.5,0.5,2,100.0,0.0,-110.5,-133.5,0.5,0.0,,,,,,,,,,35.4,UNDER,4.3,LOW,PASS
MLB,carlos narv ez,Carlos Narváez,walks,87e824da83d83bcea518867ca5c3d75f,2026-09-03T23:15:00Z,,,0.5,0.5,0.5,1,100.0,0.0,290.0,-580.0,,,,,,,,,,,,45.6,UNDER,53.8,LOW,PASS
MLB,carlos narvaez,Carlos Narvaez,doubles,87e824da83d83bcea518867ca5c3d75f,2026-09-03T23:15:00Z,,,0.5,0.5,0.5,2,100.0,0.0,562.5,-975.0,,,,,,,,,,,,52.2,UNDER,71.5,LOW,PASS
MLB,carlos narvaez,Carlos Narvaez,hits,87e824da83d83bcea518867ca5c3d75f,2026-09-03T23:15:00Z,,,0.5,0.5,0.5,6,100.0,0.0,-4.5,-120.0,,,,,,,,,,,,64.2,UNDER,85.4,GOOD,WATCH
MLB,carlos narvaez,Carlos Narvaez,hits_runs_rbis,87e824da83d83bcea518867ca5c3d75f,2026-09-03T23:15:00Z,,,0.5,0.5,1.5,4,75.0,0.433,-147.5,107.0,,,,,,,,,,,,36.2,OVER,10.5,USABLE,WATCH
MLB,carlos narvaez,Carlos Narvaez,home_runs,87e824da83d83bcea518867ca5c3d75f,2026-09-03T23:15:00Z,,,0.5,0.5,0.5,2,100.0,0.0,826.0,-1288.0,,,,,,,,,,,,54.1,UNDER,79.2,LOW,PASS
MLB,carlos narvaez,Carlos Narvaez,pitcher_strikeouts,87e824da83d83bcea518867ca5c3d75f,2026-09-03T23:15:00Z,,,0.5,0.5,0.5,1,100.0,0.0,-160.0,,,,,,,,,,,,,44.6,NEUTRAL,50.0,LOW,PASS
MLB,carlos narvaez,Carlos Narvaez,rbis,87e824da83d83bcea518867ca5c3d75f,2026-09-03T23:15:00Z,,,0.5,0.5,0.5,4,100.0,0.0,272.5,-420.0,,,,,,,,,,,,51.1,UNDER,50.1,USABLE,WATCH
MLB,carlos narvaez,Carlos Narvaez,runs,87e824da83d83bcea518867ca5c3d75f,2026-09-03T23:15:00Z,,,0.5,0.5,0.5,3,100.0,0.0,187.0,-260.0,,,,,,,,,,,,45.2,UNDER,34.9,USABLE,WATCH
MLB,carlos narvaez,Carlos Narvaez,singles,87e824da83d83bcea518867ca5c3d75f,2026-09-03T23:15:00Z,,,0.5,0.5,0.5,3,100.0,0.0,150.0,-204.5,,,,,,,,,,,,42.8,UNDER,25.3,USABLE,WATCH
MLB,carlos narvaez,Carlos Narvaez,total_bases,87e824da83d83bcea518867ca5c3d75f,2026-09-03T23:15:00Z,,,0.5,0.5,1.5,4,75.0,0.433,3.5,-125.0,,,,,,,,,,,,40.3,OVER,27.0,USABLE,WATCH
MLB,carlos narvaez,Carlos Narvaez,triples,87e824da83d83bcea518867ca5c3d75f,2026-09-03T23:15:00Z,,,0.5,0.5,0.5,1,100.0,0.0,2000.0,,,,,,,,,,,,,44.6,NEUTRAL,50.0,LOW,PASS
MLB,carlos narvaez,Carlos Narvaez,walks,87e824da83d83bcea518867ca5c3d75f,2026-09-03T23:15:00Z,,,0.5,0.5,0.5,2,100.0,0.0,317.0,-487.5,,,,,,,,,,,,48.1,UNDER,55.2,LOW,PASS
MLB,carlos narvaez runs,Carlos Narvaez - Runs,runs,87e824da83d83bcea518867ca5c3d75f,2026-09-03T23:15:00Z,,,0.5,0.5,0.5,1,100.0,0.0,210.0,-295.0,,,,,,,,,,,,42.1,UNDER,39.7,LOW,PASS
MLB,carson kelly,Carson Kelly,doubles,919bdbd90145290fd9a5266e0fed035b,2026-09-03T23:15:00Z,,,0.5,0.5,0.5,3,100.0,0.0,525.0,-1120.0,,,,,,,,,,,,54.0,UNDER,70.3,USABLE,WATCH
MLB,carson kelly,Carson Kelly,hits,919bdbd90145290fd9a5266e0fed035b,2026-09-03T23:15:00Z,,,0.5,0.5,0.5,6,100.0,0.0,-123.5,-107.5,,,,,,,,,,,,43.7,OVER,3.2,GOOD,WATCH
MLB,carson kelly,Carson Kelly,hits_runs_rbis,919bdbd90145290fd9a5266e0fed035b,2026-09-03T23:15:00Z,,,0.5,0.5,0.5,5,100.0,0.0,-173.0,125.0,,,,,,,,,,,,45.1,OVER,17.6,GOOD,WATCH
MLB,carson kelly,Carson Kelly,home_runs,919bdbd90145290fd9a5266e0fed035b,2026-09-03T23:15:00Z,,,0.5,0.5,0.5,7,100.0,0.0,725.0,-1664.5,,,,,,,,,,,,64.3,UNDER,77.2,STRONG,WATCH
MLB,carson kelly,Carson Kelly,rbis,919bdbd90145290fd9a5266e0fed035b,2026-09-03T23:15:00Z,,,0.5,0.5,0.5,6,100.0,0.0,245.0,-387.5,,,,,,,,,,,,54.5,UNDER,46.6,GOOD,WATCH
MLB,carson kelly,Carson Kelly,runs,919bdbd90145290fd9a5266e0fed035b,2026-09-03T23:15:00Z,,,0.5,0.5,0.5,5,100.0,0.0,164.0,-240.0,,,,,,,,,,,,48.3,UNDER,30.2,GOOD,WATCH
MLB,carson kelly,Carson Kelly,singles,919bdbd90145290fd9a5266e0fed035b,2026-09-03T23:15:00Z,,,0.5,0.5,0.5,2,100.0,0.0,126.0,-189.0,,,,,,,,,,,,39.1,UNDER,19.3,LOW,PASS
MLB,carson kelly,Carson Kelly,stolen_bases,919bdbd90145290fd9a5266e0fed035b,2026-09-03T23:15:00Z,,,0.5,0.5,0.5,1,100.0,0.0,900.0,,,,,,,,,,,,,44.6,NEUTRAL,50.0,LOW,PASS
MLB,carson kelly,Carson Kelly,total_bases,919bdbd90145290fd9a5266e0fed035b,2026-09-03T23:15:00Z,,,0.5,0.5,1.5,6,83.3,0.373,-125.0,-112.5,0.5,0.0,,,,,,,,,,40.1,OVER,2.4,GOOD,WATCH
MLB,carson kelly,Carson Kelly,walks,919bdbd90145290fd9a5266e0fed035b,2026-09-03T23:15:00Z,,,0.5,0.5,0.5,2,100.0,0.0,242.5,-345.0,,,,,,,,,,,,45.6,UNDER,45.3,LOW,PASS
MLB,carter jensen,Carter Jensen,hits,18307ff6045b1448e7ad3a1f2d836c6a,2026-09-03T23:40:00Z,,,1.0,0.5,1.5,2,100.0,0.5,35.0,-90.0,,,,,,,,,,,,39.8,OVER,22.0,LOW,PASS
MLB,carter jensen,Carter Jensen,hits_runs_rbis,18307ff6045b1448e7ad3a1f2d836c6a,2026-09-03T23:40:00Z,,,1.5,1.5,1.5,1,100.0,0.0,-125.0,111.0,,,,,,,,,,,,34.1,OVER,7.9,LOW,PASS
MLB,carter jensen,Carter Jensen,home_runs,18307ff6045b1448e7ad3a1f2d836c6a,2026-09-03T23:40:00Z,,,0.5,0.5,0.5,2,100.0,0.0,390.0,-531.0,,,,,,,,,,,,49.5,UNDER,61.0,LOW,PASS
MLB,carter jensen,Carter Jensen,rbis,18307ff6045b1448e7ad3a1f2d836c6a,2026-09-03T23:40:00Z,,,0.5,0.5,0.5,2,100.0,0.0,168.0,-205.0,,,,,,,,,,,,41.4,UNDER,28.6,LOW,PASS
MLB,carter jensen,Carter Jensen,runs,18307ff6045b1448e7ad3a1f2d836c6a,2026-09-03T23:40:00Z,,,0.5,0.5,0.5,1,100.0,0.0,-117.0,,0.5,0.0,,,,,,,,,,44.6,NEUTRAL,50.0,LOW,PASS
MLB,carter jensen,Carter Jensen,stolen_bases,18307ff6045b1448e7ad3a1f2d836c6a,2026-09-03T23:40:00Z,,,0.5,0.5,0.5,1,100.0,0.0,1567.0,,,,,,,,,,,,,44.6,NEUTRAL,50.0,LOW,PASS
MLB,carter jensen,Carter Jensen,total_bases,18307ff6045b1448e7ad3a1f2d836c6a,2026-09-03T23:40:00Z,,,1.5,1.5,1.5,1,100.0,0.0,133.0,-190.0,,,,,,,,,,,,37.4,UNDER,20.8,LOW,PASS
MLB,ceddanne rafaela,Ceddanne Rafaela,doubles,87e824da83d83bcea518867ca5c3d75f,2026-09-03T23:15:00Z,,,0.5,0.5,0.5,6,100.0,0.0,325.0,-537.5,,,,,,,,,,,,56.9,UNDER,56.4,GOOD,WATCH
MLB,ceddanne rafaela,Ceddanne Rafaela,hits,87e824da83d83bcea518867ca5c3d75f,2026-09-03T23:15:00Z,,,0.5,0.5,1.5,8,62.5,0.484,-242.5,-47.5,,,,,,,,,,,,46.9,OVER,37.5,STRONG,WATCH
MLB,ceddanne rafaela,Ceddanne Rafaela,hits_runs_rbis,87e824da83d83bcea518867ca5c3d75f,2026-09-03T23:15:00Z,,,1.5,1.5,1.5,6,100.0,0.0,-129.0,-103.0,,,,,,,,,,,,44.2,OVER,5.2,GOOD,WATCH
MLB,ceddanne rafaela,Ceddanne Rafaela,home_runs,87e824da83d83bcea518867ca5c3d75f,2026-09-03T23:15:00Z,,,0.5,0.5,0.5,5,100.0,0.0,650.0,-1290.0,,,,,,,,,,,,59.4,UNDER,74.9,GOOD,WATCH
MLB,ceddanne rafaela,Ceddanne Rafaela,pitcher_strikeouts,87e824da83d83bcea518867ca5c3d75f,2026-09-03T23:15:00Z,,,0.5,0.5,0.5,2,100.0,0.0,-205.0,155.0,,,,,,,,,,,,40.9,OVER,26.3,LOW,PASS
MLB,ceddanne rafaela,Ceddanne Rafaela,rbis,87e824da83d83bcea518867ca5c3d75f,2026-09-03T23:15:00Z,,,0.5,0.5,0.5,6,100.0,0.0,162.0,-250.0,,,,,,,,,,,,50.4,UNDER,30.3,GOOD,WATCH
MLB,ceddanne rafaela,Ceddanne Rafaela,runs,87e824da83d83bcea518867ca5c3d75f,2026-09-03T23:15:00Z,,,0.5,0.5,0.5,6,100.0,0.0,121.0,-169.0,,,,,,,,,,,,46.9,UNDER,16.3,GOOD,WATCH
MLB,ceddanne rafaela,Ceddanne Rafaela,singles,87e824da83d83bcea518867ca5c3d75f,2026-09-03T23:15:00Z,,,0.5,0.5,0.5,5,100.0,0.0,-159.0,102.0,,,,,,,,,,,,43.4,OVER,10.7,GOOD,WATCH
MLB,ceddanne rafaela,Ceddanne Rafaela,stolen_bases,87e824da83d83bcea518867ca5c3d75f,2026-09-03T23:15:00Z,,,0.5,0.5,0.5,6,100.0,0.0,647.5,-1400.0,,,,,,,,,,,,61.6,UNDER,74.9,GOOD,WATCH
MLB,ceddanne rafaela,Ceddanne Rafaela,total_bases,87e824da83d83bcea518867ca5c3d75f,2026-09-03T23:15:00Z,,,1.5,1.5,1.5,8,100.0,0.0,118.5,-158.0,,,,,,,,,,,,48.6,UNDER,14.5,STRONG,WATCH
MLB,ceddanne rafaela,Ceddanne Rafaela,triples,87e824da83d83bcea518867ca5c3d75f,2026-09-03T23:15:00Z,,,0.5,0.5,0.5,1,100.0,0.0,2700.0,,,,,,,,,,,,,44.6,NEUTRAL,50.0,LOW,PASS
MLB,ceddanne rafaela runs,Ceddanne Rafaela - Runs,runs,87e824da83d83bcea518867ca5c3d75f,2026-09-03T23:15:00Z,,,0.5,0.5,0.5,1,100.0,0.0,130.0,-175.0,,,,,,,,,,,,36.8,UNDER,18.8,LOW,PASS
MLB,cedric mullins,Cedric Mullins,hits,f64033ef76653cc57533ab4c515fa24b,2026-09-04T00:05:00Z,,,0.5,0.5,0.5,1,100.0,0.0,-148.0,108.0,,,,,,,,,,,,34.8,OVER,10.8,LOW,PASS
MLB,cedric mullins,Cedric Mullins,home_runs,f64033ef76653cc57533ab4c515fa24b,2026-09-04T00:05:00Z,,,0.5,0.5,0.5,1,100.0,0.0,555.0,-1106.0,,,,,,,,,,,,50.0,UNDER,71.5,LOW,PASS
MLB,cedric mullins,Cedric Mullins,rbis,f64033ef76653cc57533ab4c515fa24b,2026-09-04T00:05:00Z,,,0.5,0.5,0.5,1,100.0,0.0,170.0,-240.0,,,,,,,,,,,,39.9,UNDER,31.2,LOW,PASS
MLB,cedric mullins,Cedric Mullins,total_bases,f64033ef76653cc57533ab4c515fa24b,2026-09-04T00:05:00Z,,,1.5,1.5,1.5,1,100.0,0.0,190.0,-278.0,,,,,,,,,,,,41.2,UNDER,36.2,LOW,PASS
MLB,chandler simpson,Chandler Simpson,hits,f64033ef76653cc57533ab4c515fa24b,2026-09-04T00:05:00Z,,,0.5,0.5,0.5,1,100.0,0.0,-265.0,180.0,,,,,,,,,,,,40.7,OVER,34.1,LOW,PASS
MLB,chandler simpson,Chandler Simpson,rbis,f64033ef76653cc57533ab4c515fa24b,2026-09-04T00:05:00Z,,,0.5,0.5,0.5,1,100.0,0.0,180.0,-265.0,,,,,,,,,,,,40.7,UNDER,34.1,LOW,PASS
MLB,chandler simpson,Chandler Simpson,total_bases,f64033ef76653cc57533ab4c515fa24b,2026-09-04T00:05:00Z,,,1.5,1.5,1.5,1,100.0,0.0,165.0,-240.0,,,,,,,,,,,,39.7,UNDER,30.3,LOW,PASS
MLB,chase delauter,Chase DeLauter,doubles,3ffba29c7cccfbdb0cb05ee26cd7d550,2026-09-03T17:10:00Z,,,0.5,0.5,1.5,3,66.7,0.471,375.0,-550.0,,,,,,,,,,,,44.8,UNDER,60.2,USABLE,WATCH
MLB,chase delauter,Chase DeLauter,hits,3ffba29c7cccfbdb0cb05ee26cd7d550,2026-09-03T17:10:00Z,,,1.0,0.5,1.5,2,100.0,0.5,-175.0,17.5,,,,,,,,,,,,37.9,UNDER,14.4,LOW,PASS
MLB,chase delauter,Chase DeLauter,hits_runs_rbis,3ffba29c7cccfbdb0cb05ee26cd7d550,2026-09-03T17:10:00Z,,,1.5,1.5,1.5,1,100.0,0.0,-170.0,115.0,,,,,,,,,,,,35.9,OVER,15.0,LOW,PASS
MLB,chase delauter,Chase DeLauter,home_runs,3ffba29c7cccfbdb0cb05ee26cd7d550,2026-09-03T17:10:00Z,,,0.5,0.5,0.5,4,100.0,0.0,880.0,-2252.5,,,,,,,,,,,,58.8,UNDER,80.7,USABLE,WATCH
MLB,chase delauter,Chase DeLauter,rbis,3ffba29c7cccfbdb0cb05ee26cd7d550,2026-09-03T17:10:00Z,,,0.5,0.5,0.5,3,100.0,0.0,240.0,-385.0,,,,,,,,,,,,47.9,UNDER,45.9,USABLE,WATCH
MLB,chase delauter,Chase DeLauter,runs,3ffba29c7cccfbdb0cb05ee26cd7d550,2026-09-03T17:10:00Z,,,0.5,0.5,0.5,3,100.0,0.0,305.0,-480.0,,,,,,,,,,,,49.9,UNDER,54.0,USABLE,WATCH
MLB,chase delauter,Chase DeLauter,singles,3ffba29c7cccfbdb0cb05ee26cd7d550,2026-09-03T17:10:00Z,,,0.5,0.5,0.5,1,100.0,0.0,140.0,-210.0,,,,,,,,,,,,38.1,UNDER,23.8,LOW,PASS
MLB,chase delauter,Chase DeLauter,stolen_bases,3ffba29c7cccfbdb0cb05ee26cd7d550,2026-09-03T17:10:00Z,,,0.5,0.5,0.5,2,100.0,0.0,1250.0,-4800.0,,,,,,,,,,,,55.8,UNDER,85.9,LOW,PASS
MLB,chase delauter,Chase DeLauter,total_bases,3ffba29c7cccfbdb0cb05ee26cd7d550,2026-09-03T17:10:00Z,,,2.5,1.5,2.5,3,66.7,0.471,138.0,-190.0,,,,,,,,,,,,35.2,UNDER,21.9,USABLE,WATCH
MLB,chase delauter,Chase DeLauter,walks,3ffba29c7cccfbdb0cb05ee26cd7d550,2026-09-03T17:10:00Z,,,0.5,0.5,0.5,1,100.0,0.0,230.0,-365.0,,,,,,,,,,,,43.2,UNDER,44.3,LOW,PASS
MLB,chase meidroth,Chase Meidroth,doubles,4531806102eb01c9886a2ceb2b16b0b9,2026-09-03T18:10:00Z,,,0.5,0.5,0.5,1,100.0,0.0,600.0,-1000.0,,,,,,,,,,,,50.4,UNDER,72.8,LOW,PASS
MLB,chase meidroth,Chase Meidroth,hits,4531806102eb01c9886a2ceb2b16b0b9,2026-09-03T18:10:00Z,,,0.5,0.5,0.5,3,100.0,0.0,-167.0,123.0,,,,,,,,,,,,40.5,OVER,16.5,USABLE,WATCH
MLB,chase meidroth,Chase Meidroth,hits_runs_rbis,4531806102eb01c9886a2ceb2b16b0b9,2026-09-03T18:10:00Z,,,1.5,1.5,1.5,1,100.0,0.0,130.0,-185.0,,,,,,,,,,,,37.1,UNDER,19.8,LOW,PASS
MLB,chase meidroth,Chase Meidroth,home_runs,4531806102eb01c9886a2ceb2b16b0b9,2026-09-03T18:10:00Z,,,0.5,0.5,0.5,3,100.0,0.0,1400.0,-4000.0,,,,,,,,,,,,58.2,UNDER,87.2,USABLE,WATCH
MLB,chase meidroth,Chase Meidroth,rbis,4531806102eb01c9886a2ceb2b16b0b9,2026-09-03T18:10:00Z,,,0.5,0.5,0.5,3,100.0,0.0,230.0,-350.0,,,,,,,,,,,,47.4,UNDER,43.9,USABLE,WATCH
MLB,chase meidroth,Chase Meidroth,runs,4531806102eb01c9886a2ceb2b16b0b9,2026-09-03T18:10:00Z,,,0.5,0.5,0.5,1,100.0,0.0,220.0,-325.0,,,,,,,,,,,,42.6,UNDER,42.0,LOW,PASS
MLB,chase meidroth,Chase Meidroth,singles,4531806102eb01c9886a2ceb2b16b0b9,2026-09-03T18:10:00Z,,,0.5,0.5,0.5,1,100.0,0.0,-112.0,-132.0,0.5,0.0,,,,,,,,,,33.1,UNDER,3.7,LOW,PASS
MLB,chase meidroth,Chase Meidroth,stolen_bases,4531806102eb01c9886a2ceb2b16b0b9,2026-09-03T18:10:00Z,,,0.5,0.5,0.5,1,100.0,0.0,1600.0,-9000.0,,,,,,,,,,,,54.3,UNDER,88.8,LOW,PASS
MLB,chase meidroth,Chase Meidroth,total_bases,4531806102eb01c9886a2ceb2b16b0b9,2026-09-03T18:10:00Z,,,0.5,0.5,0.5,3,100.0,0.0,-167.0,129.0,,,,,,,,,,,,40.9,OVER,17.8,USABLE,WATCH
MLB,christian encarnacion strand,Christian Encarnacion-Strand,doubles,87e824da83d83bcea518867ca5c3d75f,2026-09-03T23:15:00Z,,,0.5,0.5,0.5,5,100.0,0.0,450.0,-760.0,,,,,,,,,,,,57.2,UNDER,65.9,GOOD,WATCH
MLB,christian encarnacion strand,Christian Encarnacion-Strand,hits,87e824da83d83bcea518867ca5c3d75f,2026-09-03T23:15:00Z,,,0.5,0.5,0.5,6,100.0,0.0,-193.0,150.0,,,,,,,,,,,,49.0,OVER,24.4,GOOD,WATCH
MLB,christian encarnacion strand,Christian Encarnacion-Strand,hits_runs_rbis,87e824da83d83bcea518867ca5c3d75f,2026-09-03T23:15:00Z,,,1.5,1.5,1.5,3,100.0,0.0,100.0,-140.0,,,,,,,,,,,,38.4,UNDER,7.7,USABLE,WATCH
MLB,christian encarnacion strand,Christian Encarnacion-Strand,home_runs,87e824da83d83bcea518867ca5c3d75f,2026-09-03T23:15:00Z,,,0.5,0.5,0.5,6,100.0,0.0,395.5,-660.0,,,,,,,,,,,,58.4,UNDER,62.3,GOOD,WATCH
MLB,christian encarnacion strand,Christian Encarnacion-Strand,pitcher_strikeouts,87e824da83d83bcea518867ca5c3d75f,2026-09-03T23:15:00Z,,,0.5,0.5,0.5,1,100.0,0.0,-225.0,,,,,,,,,,,,,44.6,NEUTRAL,50.0,LOW,PASS
MLB,christian encarnacion strand,Christian Encarnacion-Strand,rbis,87e824da83d83bcea518867ca5c3d75f,2026-09-03T23:15:00Z,,,0.5,0.5,0.5,5,100.0,0.0,178.0,-245.0,,,,,,,,,,,,48.9,UNDER,32.8,GOOD,WATCH
MLB,christian encarnacion strand,Christian Encarnacion-Strand,runs,87e824da83d83bcea518867ca5c3d75f,2026-09-03T23:15:00Z,,,0.5,0.5,0.5,6,100.0,0.0,138.5,-194.0,,,,,,,,,,,,48.4,UNDER,22.3,GOOD,WATCH
MLB,christian encarnacion strand,Christian Encarnacion-Strand,singles,87e824da83d83bcea518867ca5c3d75f,2026-09-03T23:15:00Z,,,0.5,0.5,0.5,5,100.0,0.0,117.0,-163.0,,,,,,,,,,,,44.4,UNDER,14.7,GOOD,WATCH
MLB,christian encarnacion strand,Christian Encarnacion-Strand,total_bases,87e824da83d83bcea518867ca5c3d75f,2026-09-03T23:15:00Z,,,1.5,1.5,1.5,7,100.0,0.0,135.0,-192.5,,,,,,,,,,,,50.4,UNDER,21.5,STRONG,WATCH
MLB,christian encarnacion strand,Christian Encarnacion-Strand,triples,87e824da83d83bcea518867ca5c3d75f,2026-09-03T23:15:00Z,,,0.5,0.5,0.5,3,100.0,0.0,4000.0,,,,,,,,,,,,,48.9,NEUTRAL,50.0,USABLE,WATCH
MLB,christian encarnacion strand bal,Christian Encarnacion-Strand (BAL),hits,87e824da83d83bcea518867ca5c3d75f,2026-09-03T23:15:00Z,,,1.5,1.5,1.5,1,100.0,0.0,105.0,-135.0,,,,,,,,,,,,34.2,UNDER,8.2,LOW,PASS
MLB,christian encarnacion strand runs,Christian Encarnacion-Strand - Runs,runs,87e824da83d83bcea518867ca5c3d75f,2026-09-03T23:15:00Z,,,0.5,0.5,0.5,1,100.0,0.0,140.0,-190.0,,,,,,,,,,,,37.7,UNDER,22.3,LOW,PASS
MLB,christian koss,Christian Koss,doubles,4b25e965b62d7c19e2aa8fbfff667da3,2026-09-03T16:35:00Z,,,0.5,0.5,0.5,1,100.0,0.0,475.0,-750.0,,,,,,,,,,,,48.9,UNDER,67.1,LOW,PASS
MLB,christian koss,Christian Koss,hits,4b25e965b62d7c19e2aa8fbfff667da3,2026-09-03T16:35:00Z,,,0.5,0.5,0.5,3,100.0,0.0,-140.0,0.5,,,,,,,,,,,,42.9,UNDER,26.1,USABLE,WATCH
MLB,christian koss,Christian Koss,home_runs,4b25e965b62d7c19e2aa8fbfff667da3,2026-09-03T16:35:00Z,,,0.5,0.5,0.5,1,100.0,0.0,1200.0,-2500.0,,,,,,,,,,,,53.4,UNDER,85.2,LOW,PASS
MLB,christian koss,Christian Koss,rbis,4b25e965b62d7c19e2aa8fbfff667da3,2026-09-03T16:35:00Z,,,0.5,0.5,0.5,1,100.0,0.0,225.0,-335.0,,,,,,,,,,,,42.9,UNDER,42.9,LOW,PASS
MLB,christian koss,Christian Koss,runs,4b25e965b62d7c19e2aa8fbfff667da3,2026-09-03T16:35:00Z,,,0.5,0.5,0.5,2,100.0,0.0,220.0,-475.0,,,,,,,,,,,,45.6,UNDER,45.1,LOW,PASS
MLB,christian koss,Christian Koss,singles,4b25e965b62d7c19e2aa8fbfff667da3,2026-09-03T16:35:00Z,,,0.5,0.5,0.5,1,100.0,0.0,-100.0,,,,,,,,,,,,,44.6,NEUTRAL,50.0,LOW,PASS
MLB,christian koss,Christian Koss,stolen_bases,4b25e965b62d7c19e2aa8fbfff667da3,2026-09-03T16:35:00Z,,,0.5,0.5,0.5,1,100.0,0.0,1100.0,-3000.0,,,,,,,,,,,,53.2,UNDER,84.1,LOW,PASS
MLB,christian koss,Christian Koss,total_bases,4b25e965b62d7c19e2aa8fbfff667da3,2026-09-03T16:35:00Z,,,0.5,0.5,0.5,1,100.0,0.0,-130.0,-105.0,,,,,,,,,,,,33.4,OVER,4.9,LOW,PASS
MLB,christian koss,Christian Koss,triples,4b25e965b62d7c19e2aa8fbfff667da3,2026-09-03T16:35:00Z,,,0.5,0.5,0.5,1,100.0,0.0,4000.0,,,,,,,,,,,,,44.6,NEUTRAL,50.0,LOW,PASS
MLB,christian walker,Christian Walker,doubles,4531806102eb01c9886a2ceb2b16b0b9,2026-09-03T18:10:00Z,,,0.5,0.5,0.5,1,100.0,0.0,500.0,-800.0,,,,,,,,,,,,49.2,UNDER,68.4,LOW,PASS
MLB,christian walker,Christian Walker,hits,4531806102eb01c9886a2ceb2b16b0b9,2026-09-03T18:10:00Z,,,0.5,0.5,0.5,3,100.0,0.0,-167.0,125.0,,,,,,,,,,,,40.7,OVER,16.9,USABLE,WATCH
MLB,christian walker,Christian Walker,hits_runs_rbis,4531806102eb01c9886a2ceb2b16b0b9,2026-09-03T18:10:00Z,,,1.5,1.5,1.5,2,100.0,0.0,105.5,-155.5,,,,,,,,,,,,37.1,UNDER,11.1,LOW,PASS
MLB,christian walker,Christian Walker,home_runs,4531806102eb01c9886a2ceb2b16b0b9,2026-09-03T18:10:00Z,,,0.5,0.5,0.5,2,100.0,0.0,440.0,-800.0,,,,,,,,,,,,50.7,UNDER,65.5,LOW,PASS
MLB,christian walker,Christian Walker,rbis,4531806102eb01c9886a2ceb2b16b0b9,2026-09-03T18:10:00Z,,,0.5,0.5,0.5,3,100.0,0.0,175.0,-255.0,,,,,,,,,,,,44.6,UNDER,32.8,USABLE,WATCH
MLB,christian walker,Christian Walker,runs,4531806102eb01c9886a2ceb2b16b0b9,2026-09-03T18:10:00Z,,,0.5,0.5,0.5,1,100.0,0.0,120.0,-185.0,,,,,,,,,,,,36.6,UNDER,17.6,LOW,PASS
MLB,christian walker,Christian Walker,singles,4531806102eb01c9886a2ceb2b16b0b9,2026-09-03T18:10:00Z,,,0.5,0.5,0.5,1,100.0,0.0,110.0,-176.0,,,,,,,,,,,,35.8,UNDER,14.5,LOW,PASS
MLB,christian walker,Christian Walker,total_bases,4531806102eb01c9886a2ceb2b16b0b9,2026-09-03T18:10:00Z,,,1.0,0.5,1.5,4,100.0,0.5,12.5,-213.0,,,,,,,,,,,,41.9,OVER,13.3,USABLE,WATCH
MLB,christian yelich,Christian Yelich,doubles,919bdbd90145290fd9a5266e0fed035b,2026-09-03T23:15:00Z,,,0.5,0.5,0.5,3,100.0,0.0,425.0,-750.0,,,,,,,,,,,,52.6,UNDER,64.5,USABLE,WATCH
MLB,christian yelich,Christian Yelich,hits,919bdbd90145290fd9a5266e0fed035b,2026-09-03T23:15:00Z,,,0.5,0.5,0.5,5,100.0,0.0,-190.0,145.0,,,,,,,,,,,,46.5,OVER,23.2,GOOD,WATCH
MLB,christian yelich,Christian Yelich,hits_runs_rbis,919bdbd90145290fd9a5266e0fed035b,2026-09-03T23:15:00Z,,,1.5,1.5,1.5,5,100.0,0.0,-105.0,-135.0,1.5,0.0,,,,,,,,,,42.1,UNDER,5.7,GOOD,WATCH
MLB,christian yelich,Christian Yelich,home_runs,919bdbd90145290fd9a5266e0fed035b,2026-09-03T23:15:00Z,,,0.5,0.5,0.5,4,100.0,0.0,754.0,-1719.0,,,,,,,,,,,,58.1,UNDER,78.0,USABLE,WATCH
MLB,christian yelich,Christian Yelich,pitcher_strikeouts,919bdbd90145290fd9a5266e0fed035b,2026-09-03T23:15:00Z,,,0.5,0.5,0.5,1,100.0,0.0,-270.0,195.0,,,,,,,,,,,,41.3,OVER,36.6,LOW,PASS
MLB,christian yelich,Christian Yelich,rbis,919bdbd90145290fd9a5266e0fed035b,2026-09-03T23:15:00Z,,,0.5,0.5,0.5,7,100.0,0.0,196.0,-310.0,,,,,,,,,,,,54.6,UNDER,38.2,STRONG,WATCH
MLB,christian yelich,Christian Yelich,runs,919bdbd90145290fd9a5266e0fed035b,2026-09-03T23:15:00Z,,,0.5,0.5,0.5,6,100.0,0.0,131.5,-187.0,,,,,,,,,,,,47.9,UNDER,20.3,GOOD,WATCH
MLB,christian yelich,Christian Yelich,singles,919bdbd90145290fd9a5266e0fed035b,2026-09-03T23:15:00Z,,,0.5,0.5,0.5,3,100.0,0.0,-110.0,-124.0,0.5,0.0,,,,,,,,,,37.1,UNDER,2.8,USABLE,WATCH
MLB,christian yelich,Christian Yelich,stolen_bases,919bdbd90145290fd9a5266e0fed035b,2026-09-03T23:15:00Z,,,0.5,0.5,0.5,3,100.0,0.0,575.0,-950.0,,,,,,,,,,,,54.4,UNDER,71.9,USABLE,WATCH
MLB,christian yelich,Christian Yelich,total_bases,919bdbd90145290fd9a5266e0fed035b,2026-09-03T23:15:00Z,,,1.5,0.5,1.5,5,80.0,0.4,144.0,-216.0,,,,,,,,,,,,43.0,UNDER,25.0,GOOD,WATCH
MLB,christian yelich,Christian Yelich,triples,919bdbd90145290fd9a5266e0fed035b,2026-09-03T23:15:00Z,,,0.5,0.5,0.5,1,100.0,0.0,1900.0,-20000.0,,,,,,,,,,,,54.8,UNDER,90.4,LOW,PASS
MLB,christian yelich,Christian Yelich,walks,919bdbd90145290fd9a5266e0fed035b,2026-09-03T23:15:00Z,,,0.5,0.5,0.5,3,100.0,0.0,140.0,-209.0,,,,,,,,,,,,42.4,UNDER,23.8,USABLE,WATCH
MLB,coby mayo,Coby Mayo,doubles,87e824da83d83bcea518867ca5c3d75f,2026-09-03T23:15:00Z,,,0.5,0.5,0.5,4,100.0,0.0,437.5,-750.0,,,,,,,,,,,,54.9,UNDER,65.2,USABLE,WATCH
MLB,coby mayo,Coby Mayo,hits,87e824da83d83bcea518867ca5c3d75f,2026-09-03T23:15:00Z,,,0.5,0.5,0.5,5,100.0,0.0,-170.0,140.0,,,,,,,,,,,,45.8,OVER,20.4,GOOD,WATCH
MLB,coby mayo,Coby Mayo,hits_runs_rbis,87e824da83d83bcea518867ca5c3d75f,2026-09-03T23:15:00Z,,,1.5,1.5,1.5,6,100.0,0.0,101.5,-137.5,,,,,,,,,,,,44.8,UNDER,7.7,GOOD,WATCH
MLB,coby mayo,Coby Mayo,home_runs,87e824da83d83bcea518867ca5c3d75f,2026-09-03T23:15:00Z,,,0.5,0.5,0.5,8,100.0,0.0,328.0,-480.5,,,,,,,,,,,,59.0,UNDER,56.0,STRONG,WATCH
MLB,coby mayo,Coby Mayo,pitcher_strikeouts,87e824da83d83bcea518867ca5c3d75f,2026-09-03T23:15:00Z,,,0.5,0.5,0.5,2,100.0,0.0,-262.5,185.0,,,,,,,,,,,,43.0,OVER,34.7,LOW,PASS
MLB,coby mayo,Coby Mayo,rbis,87e824da83d83bcea518867ca5c3d75f,2026-09-03T23:15:00Z,,,0.5,0.5,0.5,6,100.0,0.0,158.0,-220.0,,,,,,,,,,,,49.8,UNDER,27.9,GOOD,WATCH
MLB,coby mayo,Coby Mayo,runs,87e824da83d83bcea518867ca5c3d75f,2026-09-03T23:15:00Z,,,0.5,0.5,0.5,1,100.0,0.0,120.0,-160.0,,,,,,,,,,,,35.9,UNDER,15.0,LOW,PASS
MLB,coby mayo,Coby Mayo,singles,87e824da83d83bcea518867ca5c3d75f,2026-09-03T23:15:00Z,,,0.5,0.5,0.5,3,100.0,0.0,150.0,-197.5,,,,,,,,,,,,42.6,UNDER,24.8,USABLE,WATCH
MLB,coby mayo,Coby Mayo,stolen_bases,87e824da83d83bcea518867ca5c3d75f,2026-09-03T23:15:00Z,,,0.5,0.5,0.5,4,100.0,0.0,1200.0,-12500.0,,,,,,,,,,,,60.0,UNDER,85.6,USABLE,WATCH
MLB,coby mayo,Coby Mayo,total_bases,87e824da83d83bcea518867ca5c3d75f,2026-09-03T23:15:00Z,,,1.5,0.5,1.5,6,83.3,0.373,131.5,-172.5,,,,,,,,,,,,44.2,UNDER,18.9,GOOD,WATCH
MLB,coby mayo,Coby Mayo,triples,87e824da83d83bcea518867ca5c3d75f,2026-09-03T23:15:00Z,,,0.5,0.5,0.5,3,100.0,0.0,1850.0,-15000.0,,,,,,,,,,,,59.0,UNDER,90.2,USABLE,WATCH
MLB,coby mayo,Coby Mayo,walks,87e824da83d83bcea518867ca5c3d75f,2026-09-03T23:15:00Z,,,0.5,0.5,0.5,3,100.0,0.0,263.0,-390.0,,,,,,,,,,,,48.6,UNDER,48.6,USABLE,WATCH
MLB,coby mayo bal,Coby Mayo (BAL),hits,87e824da83d83bcea518867ca5c3d75f,2026-09-03T23:15:00Z,,,1.5,1.5,1.5,1,100.0,0.0,105.0,-135.0,,,,,,,,,,,,34.2,UNDER,8.2,LOW,PASS
MLB,coby mayo runs,Coby Mayo - Runs,runs,87e824da83d83bcea518867ca5c3d75f,2026-09-03T23:15:00Z,,,0.5,0.5,0.5,1,100.0,0.0,125.0,-165.0,,,,,,,,,,,,36.3,UNDER,16.7,LOW,PASS
MLB,cole young,Cole Young,home_runs,0bbf9d80b06a1e1868b6224c751b8a2e,2026-09-04T01:40:00Z,,,0.5,0.5,0.5,1,100.0,0.0,780.0,-2180.0,,,,,,,,,,,,51.8,UNDER,78.8,LOW,PASS
MLB,colson montgomery,Colson Montgomery,doubles,4531806102eb01c9886a2ceb2b16b0b9,2026-09-03T18:10:00Z,,,0.5,0.5,0.5,1,100.0,0.0,500.0,-800.0,,,,,,,,,,,,49.2,UNDER,68.4,LOW,PASS
MLB,colson montgomery,Colson Montgomery,hits,4531806102eb01c9886a2ceb2b16b0b9,2026-09-03T18:10:00Z,,,0.5,0.5,0.5,3,100.0,0.0,-139.0,-108.0,0.5,0.0,,,,,,,,,,37.8,OVER,5.7,USABLE,WATCH
MLB,colson montgomery,Colson Montgomery,hits_runs_rbis,4531806102eb01c9886a2ceb2b16b0b9,2026-09-03T18:10:00Z,,,0.5,0.5,0.5,2,100.0,0.0,-167.5,118.5,,,,,,,,,,,,38.2,OVER,15.5,LOW,PASS
MLB,colson montgomery,Colson Montgomery,home_runs,4531806102eb01c9886a2ceb2b16b0b9,2026-09-03T18:10:00Z,,,0.5,0.5,0.5,3,100.0,0.0,475.0,-750.0,,,,,,,,,,,,53.2,UNDER,67.1,USABLE,WATCH
MLB,colson montgomery,Colson Montgomery,rbis,4531806102eb01c9886a2ceb2b16b0b9,2026-09-03T18:10:00Z,,,0.5,0.5,0.5,3,100.0,0.0,185.0,-270.0,,,,,,,,,,,,45.2,UNDER,35.1,USABLE,WATCH
MLB,colson montgomery,Colson Montgomery,runs,4531806102eb01c9886a2ceb2b16b0b9,2026-09-03T18:10:00Z,,,0.5,0.5,0.5,1,100.0,0.0,160.0,-230.0,,,,,,,,,,,,39.4,UNDER,28.9,LOW,PASS
MLB,colson montgomery,Colson Montgomery,total_bases,4531806102eb01c9886a2ceb2b16b0b9,2026-09-03T18:10:00Z,,,0.5,0.5,1.5,3,66.7,0.471,-107.0,-203.0,0.5,0.0,,,,,,,,,,33.0,UNDER,12.9,USABLE,WATCH
MLB,connor wong,Connor Wong,hits,87e824da83d83bcea518867ca5c3d75f,2026-09-03T23:15:00Z,,,0.5,0.5,0.5,5,100.0,0.0,-129.0,-103.0,,,,,,,,,,,,42.0,OVER,5.2,GOOD,WATCH
MLB,connor wong,Connor Wong,home_runs,87e824da83d83bcea518867ca5c3d75f,2026-09-03T23:15:00Z,,,0.5,0.5,0.5,1,100.0,0.0,1076.0,-1438.0,,,,,,,,,,,,53.0,UNDER,83.3,LOW,PASS
MLB,connor wong,Connor Wong,rbis,87e824da83d83bcea518867ca5c3d75f,2026-09-03T23:15:00Z,,,0.5,0.5,0.5,4,100.0,0.0,305.0,-510.0,,,,,,,,,,,,52.2,UNDER,54.4,USABLE,WATCH
MLB,connor wong,Connor Wong,total_bases,87e824da83d83bcea518867ca5c3d75f,2026-09-03T23:15:00Z,,,0.5,0.5,0.5,3,100.0,0.0,-135.0,-115.0,,,,,,,,,,,,37.3,OVER,3.6,USABLE,WATCH
MLB,cooper pratt,Cooper Pratt,doubles,919bdbd90145290fd9a5266e0fed035b,2026-09-03T23:15:00Z,,,0.5,0.5,0.5,2,100.0,0.0,505.0,-962.5,,,,,,,,,,,,51.6,UNDER,69.1,LOW,PASS
MLB,cooper pratt,Cooper Pratt,hits,919bdbd90145290fd9a5266e0fed035b,2026-09-03T23:15:00Z,,,0.5,0.5,0.5,4,100.0,0.0,-172.5,126.0,,,,,,,,,,,,43.0,OVER,17.7,USABLE,WATCH
MLB,cooper pratt,Cooper Pratt,hits_runs_rbis,919bdbd90145290fd9a5266e0fed035b,2026-09-03T23:15:00Z,,,1.5,1.5,1.5,4,100.0,0.0,111.0,-156.0,,,,,,,,,,,,41.7,UNDER,12.5,USABLE,WATCH
MLB,cooper pratt,Cooper Pratt,home_runs,919bdbd90145290fd9a5266e0fed035b,2026-09-03T23:15:00Z,,,0.5,0.5,0.5,4,100.0,0.0,965.0,-1900.0,,,,,,,,,,,,59.1,UNDER,82.0,USABLE,WATCH
MLB,cooper pratt,Cooper Pratt,pitcher_strikeouts,919bdbd90145290fd9a5266e0fed035b,2026-09-03T23:15:00Z,,,0.5,0.5,0.5,1,100.0,0.0,-180.0,135.0,,,,,,,,,,,,37.2,OVER,20.3,LOW,PASS
MLB,cooper pratt,Cooper Pratt,rbis,919bdbd90145290fd9a5266e0fed035b,2026-09-03T23:15:00Z,,,0.5,0.5,0.5,6,100.0,0.0,205.0,-290.0,,,,,,,,,,,,52.6,UNDER,38.8,GOOD,WATCH
MLB,cooper pratt,Cooper Pratt,runs,919bdbd90145290fd9a5266e0fed035b,2026-09-03T23:15:00Z,,,0.5,0.5,0.5,6,100.0,0.0,155.5,-225.0,,,,,,,,,,,,49.8,UNDER,27.8,GOOD,WATCH
MLB,cooper pratt,Cooper Pratt,singles,919bdbd90145290fd9a5266e0fed035b,2026-09-03T23:15:00Z,,,0.5,0.5,0.5,4,100.0,0.0,-103.5,-136.5,,,,,,,,,,,,40.2,UNDER,6.3,USABLE,WATCH
MLB,cooper pratt,Cooper Pratt,stolen_bases,919bdbd90145290fd9a5266e0fed035b,2026-09-03T23:15:00Z,,,0.5,0.5,0.5,3,100.0,0.0,325.0,-537.5,,,,,,,,,,,,50.5,UNDER,56.4,USABLE,WATCH
MLB,cooper pratt,Cooper Pratt,total_bases,919bdbd90145290fd9a5266e0fed035b,2026-09-03T23:15:00Z,,,0.5,0.5,0.5,4,100.0,0.0,-169.5,121.5,,,,,,,,,,,,42.7,OVER,16.4,USABLE,WATCH
MLB,cooper pratt,Cooper Pratt,triples,919bdbd90145290fd9a5266e0fed035b,2026-09-03T23:15:00Z,,,0.5,0.5,0.5,1,100.0,0.0,1900.0,-20000.0,,,,,,,,,,,,54.8,UNDER,90.4,LOW,PASS
MLB,cooper pratt,Cooper Pratt,walks,919bdbd90145290fd9a5266e0fed035b,2026-09-03T23:15:00Z,,,0.5,0.5,0.5,2,100.0,0.0,260.0,-447.5,,,,,,,,,,,,46.6,UNDER,49.3,LOW,PASS
MLB,corey seager,Corey Seager,home_runs,f64033ef76653cc57533ab4c515fa24b,2026-09-04T00:05:00Z,,,0.5,0.5,0.5,1,100.0,0.0,345.0,-545.0,,,,,,,,,,,,46.6,UNDER,58.0,LOW,PASS
MLB,danny jansen,Danny Jansen,home_runs,f64033ef76653cc57533ab4c515fa24b,2026-09-04T00:05:00Z,,,0.5,0.5,0.5,1,100.0,0.0,740.0,-1929.0,,,,,,,,,,,,51.6,UNDER,77.7,LOW,PASS
MLB,daulton varsho,Daulton Varsho,doubles,4531806102eb01c9886a2ceb2b16b0b9,2026-09-03T18:10:00Z,,,0.5,0.5,0.5,1,100.0,0.0,375.0,-575.0,,,,,,,,,,,,47.2,UNDER,60.4,LOW,PASS
MLB,daulton varsho,Daulton Varsho,hits,4531806102eb01c9886a2ceb2b16b0b9,2026-09-03T18:10:00Z,,,0.5,0.5,0.5,4,100.0,0.0,-200.0,150.0,,,,,,,,,,,,44.8,OVER,25.0,USABLE,WATCH
MLB,daulton varsho,Daulton Varsho,hits_runs_rbis,4531806102eb01c9886a2ceb2b16b0b9,2026-09-03T18:10:00Z,,,1.5,1.5,1.5,2,100.0,0.0,-112.5,-123.5,1.5,0.0,,,,,,,,,,34.8,UNDER,2.1,LOW,PASS
MLB,daulton varsho,Daulton Varsho,home_runs,4531806102eb01c9886a2ceb2b16b0b9,2026-09-03T18:10:00Z,,,0.5,0.5,0.5,2,100.0,0.0,495.0,-800.0,,,,,,,,,,,,51.3,UNDER,68.2,LOW,PASS
MLB,daulton varsho,Daulton Varsho,rbis,4531806102eb01c9886a2ceb2b16b0b9,2026-09-03T18:10:00Z,,,0.5,0.5,0.5,3,100.0,0.0,155.0,-215.0,,,,,,,,,,,,43.2,UNDER,27.0,USABLE,WATCH
MLB,daulton varsho,Daulton Varsho,runs,4531806102eb01c9886a2ceb2b16b0b9,2026-09-03T18:10:00Z,,,0.5,0.5,0.5,1,100.0,0.0,170.0,-165.0,,,,,,,,,,,,38.5,UNDER,25.4,LOW,PASS
MLB,daulton varsho,Daulton Varsho,stolen_bases,4531806102eb01c9886a2ceb2b16b0b9,2026-09-03T18:10:00Z,,,0.5,0.5,0.5,2,100.0,0.0,960.0,-2500.0,,,,,,,,,,,,54.8,UNDER,82.1,LOW,PASS
MLB,daulton varsho,Daulton Varsho,total_bases,4531806102eb01c9886a2ceb2b16b0b9,2026-09-03T18:10:00Z,,,1.5,1.5,1.5,3,100.0,0.0,130.0,-194.0,,,,,,,,,,,,41.6,UNDER,20.6,USABLE,WATCH
MLB,daulton varsho,Daulton Varsho,triples,4531806102eb01c9886a2ceb2b16b0b9,2026-09-03T18:10:00Z,,,0.5,0.5,0.5,2,100.0,0.0,2150.0,,,,,,,,,,,,,46.8,NEUTRAL,50.0,LOW,PASS
MLB,david hamilton,David Hamilton,doubles,919bdbd90145290fd9a5266e0fed035b,2026-09-03T23:15:00Z,,,0.5,0.5,0.5,3,100.0,0.0,500.0,-975.0,,,,,,,,,,,,53.7,UNDER,69.0,USABLE,WATCH
MLB,david hamilton,David Hamilton,hits,919bdbd90145290fd9a5266e0fed035b,2026-09-03T23:15:00Z,,,0.5,0.5,0.5,6,100.0,0.0,-145.5,112.0,,,,,,,,,,,,45.7,OVER,11.4,GOOD,WATCH
MLB,david hamilton,David Hamilton,hits_runs_rbis,919bdbd90145290fd9a5266e0fed035b,2026-09-03T23:15:00Z,,,1.5,1.5,1.5,5,100.0,0.0,130.0,-189.5,,,,,,,,,,,,45.8,UNDER,20.2,GOOD,WATCH
MLB,david hamilton,David Hamilton,home_runs,919bdbd90145290fd9a5266e0fed035b,2026-09-03T23:15:00Z,,,0.5,0.5,0.5,4,100.0,0.0,1125.0,-2550.0,,,,,,,,,,,,59.7,UNDER,84.4,USABLE,WATCH
MLB,david hamilton,David Hamilton,pitcher_strikeouts,919bdbd90145290fd9a5266e0fed035b,2026-09-03T23:15:00Z,,,0.5,0.5,0.5,1,100.0,0.0,-190.0,140.0,,,,,,,,,,,,37.7,OVER,22.3,LOW,PASS
MLB,david hamilton,David Hamilton,rbis,919bdbd90145290fd9a5266e0fed035b,2026-09-03T23:15:00Z,,,0.5,0.5,0.5,5,100.0,0.0,215.0,-330.0,,,,,,,,,,,,51.1,UNDER,41.5,GOOD,WATCH
MLB,david hamilton,David Hamilton,runs,919bdbd90145290fd9a5266e0fed035b,2026-09-03T23:15:00Z,,,0.5,0.5,0.5,6,100.0,0.0,180.5,-257.0,,,,,,,,,,,,51.3,UNDER,33.8,GOOD,WATCH
MLB,david hamilton,David Hamilton,singles,919bdbd90145290fd9a5266e0fed035b,2026-09-03T23:15:00Z,,,0.5,0.5,0.5,3,100.0,0.0,112.0,-170.0,,,,,,,,,,,,40.0,UNDER,14.3,USABLE,WATCH
MLB,david hamilton,David Hamilton,stolen_bases,919bdbd90145290fd9a5266e0fed035b,2026-09-03T23:15:00Z,,,0.5,0.5,0.5,8,100.0,0.0,277.5,-466.0,,,,,,,,,,,,57.8,UNDER,51.3,STRONG,WATCH
MLB,david hamilton,David Hamilton,total_bases,919bdbd90145290fd9a5266e0fed035b,2026-09-03T23:15:00Z,,,0.5,0.5,1.5,7,71.4,0.452,-145.0,108.0,,,,,,,,,,,,41.9,OVER,10.4,STRONG,WATCH
MLB,david hamilton,David Hamilton,triples,919bdbd90145290fd9a5266e0fed035b,2026-09-03T23:15:00Z,,,0.5,0.5,0.5,1,100.0,0.0,1300.0,,,,,,,,,,,,,44.6,NEUTRAL,50.0,LOW,PASS
MLB,david hamilton,David Hamilton,walks,919bdbd90145290fd9a5266e0fed035b,2026-09-03T23:15:00Z,,,0.5,0.5,0.5,2,100.0,0.0,242.5,-410.0,,,,,,,,,,,,46.0,UNDER,46.7,LOW,PASS
MLB,dominic canzone,Dominic Canzone,home_runs,0bbf9d80b06a1e1868b6224c751b8a2e,2026-09-04T01:40:00Z,,,0.5,0.5,0.5,1,100.0,0.0,460.0,-819.0,,,,,,,,,,,,48.8,UNDER,66.6,LOW,PASS
MLB,drew gilbert,Drew Gilbert,doubles,4b25e965b62d7c19e2aa8fbfff667da3,2026-09-03T16:35:00Z,,,0.5,0.5,0.5,1,100.0,0.0,425.0,-650.0,,,,,,,,,,,,48.1,UNDER,64.0,LOW,PASS
MLB,drew gilbert,Drew Gilbert,hits,4b25e965b62d7c19e2aa8fbfff667da3,2026-09-03T16:35:00Z,,,0.5,0.5,0.5,2,100.0,0.0,-167.5,112.0,,,,,,,,,,,,37.8,OVER,14.1,LOW,PASS
MLB,drew gilbert,Drew Gilbert,home_runs,4b25e965b62d7c19e2aa8fbfff667da3,2026-09-03T16:35:00Z,,,0.5,0.5,0.5,1,100.0,0.0,850.0,-2000.0,,,,,,,,,,,,52.2,UNDER,80.1,LOW,PASS
MLB,drew gilbert,Drew Gilbert,rbis,4b25e965b62d7c19e2aa8fbfff667da3,2026-09-03T16:35:00Z,,,0.5,0.5,0.5,1,100.0,0.0,250.0,-375.0,,,,,,,,,,,,43.9,UNDER,46.9,LOW,PASS
MLB,drew gilbert,Drew Gilbert,runs,4b25e965b62d7c19e2aa8fbfff667da3,2026-09-03T16:35:00Z,,,0.5,0.5,0.5,1,100.0,0.0,155.0,-400.0,,,,,,,,,,,,40.7,UNDER,34.2,LOW,PASS
MLB,drew gilbert,Drew Gilbert,singles,4b25e965b62d7c19e2aa8fbfff667da3,2026-09-03T16:35:00Z,,,0.5,0.5,0.5,1,100.0,0.0,-105.0,,,,,,,,,,,,,44.6,NEUTRAL,50.0,LOW,PASS
MLB,drew gilbert,Drew Gilbert,stolen_bases,4b25e965b62d7c19e2aa8fbfff667da3,2026-09-03T16:35:00Z,,,0.5,0.5,0.5,1,100.0,0.0,1500.0,-10000.0,,,,,,,,,,,,54.2,UNDER,88.1,LOW,PASS
MLB,drew gilbert,Drew Gilbert,total_bases,4b25e965b62d7c19e2aa8fbfff667da3,2026-09-03T16:35:00Z,,,0.5,0.5,0.5,1,100.0,0.0,-159.0,112.0,,,,,,,,,,,,35.4,OVER,13.1,LOW,PASS
MLB,drew gilbert,Drew Gilbert,triples,4b25e965b62d7c19e2aa8fbfff667da3,2026-09-03T16:35:00Z,,,0.5,0.5,0.5,1,100.0,0.0,4500.0,,,,,,,,,,,,,44.6,NEUTRAL,50.0,LOW,PASS
MLB,dylan beavers,Dylan Beavers,hits,87e824da83d83bcea518867ca5c3d75f,2026-09-03T23:15:00Z,,,0.5,0.5,0.5,1,100.0,0.0,-135.0,-120.0,0.5,0.0,,,,,,,,,,32.8,OVER,2.6,LOW,PASS
MLB,dylan beavers,Dylan Beavers,home_runs,87e824da83d83bcea518867ca5c3d75f,2026-09-03T23:15:00Z,,,0.5,0.5,0.5,1,100.0,0.0,733.0,-669.0,,,,,,,,,,,,51.1,UNDER,75.7,LOW,PASS
MLB,dylan beavers,Dylan Beavers,rbis,87e824da83d83bcea518867ca5c3d75f,2026-09-03T23:15:00Z,,,0.5,0.5,0.5,2,100.0,0.0,247.5,-435.0,,,,,,,,,,,,46.2,UNDER,47.7,LOW,PASS
MLB,dylan beavers,Dylan Beavers,total_bases,87e824da83d83bcea518867ca5c3d75f,2026-09-03T23:15:00Z,,,0.5,0.5,0.5,2,100.0,0.0,-128.5,-114.0,,,,,,,,,,,,35.0,OVER,2.7,LOW,PASS
MLB,elias diaz,Elias Diaz,home_runs,f64033ef76653cc57533ab4c515fa24b,2026-09-04T00:05:00Z,,,0.5,0.5,0.5,1,100.0,0.0,670.0,-1564.0,,,,,,,,,,,,51.1,UNDER,75.7,LOW,PASS
MLB,enrique hernandez,Enrique Hernandez,home_runs,178e47f48ce23704395138f8f050b334,2026-09-04T02:10:00Z,,,0.5,0.5,0.5,1,100.0,0.0,470.0,-846.0,,,,,,,,,,,,48.9,UNDER,67.2,LOW,PASS
MLB,ernie clement,Ernie Clement,doubles,3ffba29c7cccfbdb0cb05ee26cd7d550,2026-09-03T17:10:00Z,,,0.5,0.5,0.5,3,100.0,0.0,400.0,-745.0,,,,,,,,,,,,52.2,UNDER,63.0,USABLE,WATCH
MLB,ernie clement,Ernie Clement,hits,3ffba29c7cccfbdb0cb05ee26cd7d550,2026-09-03T17:10:00Z,,,0.5,0.5,0.5,4,100.0,0.0,-215.0,150.0,,,,,,,,,,,,45.1,OVER,26.1,USABLE,WATCH
MLB,ernie clement,Ernie Clement,hits_runs_rbis,3ffba29c7cccfbdb0cb05ee26cd7d550,2026-09-03T17:10:00Z,,,1.5,1.5,1.5,2,100.0,0.0,10.0,-160.0,1.5,0.0,,,,,,,,,,39.1,OVER,19.3,LOW,PASS
MLB,ernie clement,Ernie Clement,home_runs,3ffba29c7cccfbdb0cb05ee26cd7d550,2026-09-03T17:10:00Z,,,0.5,0.5,0.5,3,100.0,0.0,1150.0,-3310.0,,,,,,,,,,,,57.6,UNDER,84.8,USABLE,WATCH
MLB,ernie clement,Ernie Clement,rbis,3ffba29c7cccfbdb0cb05ee26cd7d550,2026-09-03T17:10:00Z,,,0.5,0.5,0.5,4,100.0,0.0,215.0,-330.0,,,,,,,,,,,,48.9,UNDER,41.5,USABLE,WATCH
MLB,ernie clement,Ernie Clement,runs,3ffba29c7cccfbdb0cb05ee26cd7d550,2026-09-03T17:10:00Z,,,0.5,0.5,0.5,4,100.0,0.0,215.0,-360.0,,,,,,,,,,,,49.1,UNDER,42.3,USABLE,WATCH
MLB,ernie clement,Ernie Clement,singles,3ffba29c7cccfbdb0cb05ee26cd7d550,2026-09-03T17:10:00Z,,,0.5,0.5,0.5,1,100.0,0.0,100.0,-155.0,,,,,,,,,,,,34.6,UNDER,9.7,LOW,PASS
MLB,ernie clement,Ernie Clement,stolen_bases,3ffba29c7cccfbdb0cb05ee26cd7d550,2026-09-03T17:10:00Z,,,0.5,0.5,0.5,1,100.0,0.0,1400.0,-6000.0,,,,,,,,,,,,54.0,UNDER,87.3,LOW,PASS
MLB,ernie clement,Ernie Clement,total_bases,3ffba29c7cccfbdb0cb05ee26cd7d550,2026-09-03T17:10:00Z,,,1.5,0.5,1.5,3,66.7,0.471,130.0,-185.0,,,,,,,,,,,,34.7,UNDER,19.8,USABLE,WATCH
MLB,esmerlyn valdez,Esmerlyn Valdez,runs,4b25e965b62d7c19e2aa8fbfff667da3,2026-09-03T16:35:00Z,,,0.5,0.5,0.5,1,100.0,0.0,125.0,-165.0,,,,,,,,,,,,36.3,UNDER,16.7,LOW,PASS
MLB,freddie freeman,Freddie Freeman,home_runs,178e47f48ce23704395138f8f050b334,2026-09-04T02:10:00Z,,,0.5,0.5,0.5,1,100.0,0.0,530.0,-1024.0,,,,,,,,,,,,49.7,UNDER,70.3,LOW,PASS
MLB,garrett mitchell,Garrett Mitchell,doubles,919bdbd90145290fd9a5266e0fed035b,2026-09-03T23:15:00Z,,,0.5,0.5,0.5,4,100.0,0.0,462.5,-785.0,,,,,,,,,,,,55.2,UNDER,66.6,USABLE,WATCH
MLB,garrett mitchell,Garrett Mitchell,hits,919bdbd90145290fd9a5266e0fed035b,2026-09-03T23:15:00Z,,,0.5,0.5,0.5,7,100.0,0.0,-157.0,118.5,,,,,,,,,,,,48.6,OVER,14.3,STRONG,WATCH
MLB,garrett mitchell,Garrett Mitchell,hits_runs_rbis,919bdbd90145290fd9a5266e0fed035b,2026-09-03T23:15:00Z,,,1.5,1.5,1.5,5,100.0,0.0,110.0,-150.0,,,,,,,,,,,,43.6,UNDER,11.5,GOOD,WATCH
MLB,garrett mitchell,Garrett Mitchell,home_runs,919bdbd90145290fd9a5266e0fed035b,2026-09-03T23:15:00Z,,,0.5,0.5,0.5,6,100.0,0.0,640.0,-1200.0,,,,,,,,,,,,61.5,UNDER,74.5,GOOD,WATCH
MLB,garrett mitchell,Garrett Mitchell,rbis,919bdbd90145290fd9a5266e0fed035b,2026-09-03T23:15:00Z,,,0.5,0.5,0.5,5,100.0,0.0,198.0,-285.0,,,,,,,,,,,,50.1,UNDER,37.6,GOOD,WATCH
MLB,garrett mitchell,Garrett Mitchell,runs,919bdbd90145290fd9a5266e0fed035b,2026-09-03T23:15:00Z,,,0.5,0.5,0.5,6,100.0,0.0,144.5,-200.0,,,,,,,,,,,,48.8,UNDER,24.0,GOOD,WATCH
MLB,garrett mitchell,Garrett Mitchell,singles,919bdbd90145290fd9a5266e0fed035b,2026-09-03T23:15:00Z,,,0.5,0.5,0.5,3,100.0,0.0,125.0,-176.0,,,,,,,,,,,,40.9,UNDER,17.9,USABLE,WATCH
MLB,garrett mitchell,Garrett Mitchell,stolen_bases,919bdbd90145290fd9a5266e0fed035b,2026-09-03T23:15:00Z,,,0.5,0.5,0.5,6,100.0,0.0,494.0,-1022.5,,,,,,,,,,,,60.1,UNDER,68.8,GOOD,WATCH
MLB,garrett mitchell,Garrett Mitchell,total_bases,919bdbd90145290fd9a5266e0fed035b,2026-09-03T23:15:00Z,,,0.5,0.5,1.5,6,83.3,0.373,-163.5,117.5,,,,,,,,,,,,43.2,OVER,14.9,GOOD,WATCH
MLB,garrett mitchell,Garrett Mitchell,triples,919bdbd90145290fd9a5266e0fed035b,2026-09-03T23:15:00Z,,,0.5,0.5,0.5,3,100.0,0.0,1200.0,-12000.0,,,,,,,,,,,,57.8,UNDER,85.6,USABLE,WATCH
MLB,garrett mitchell,Garrett Mitchell,walks,919bdbd90145290fd9a5266e0fed035b,2026-09-03T23:15:00Z,,,0.5,0.5,0.5,3,100.0,0.0,152.0,-220.0,,,,,,,,,,,,43.1,UNDER,26.8,USABLE,WATCH
MLB,george springer,George Springer,hits,3ffba29c7cccfbdb0cb05ee26cd7d550,2026-09-03T17:10:00Z,,,0.5,0.5,0.5,1,100.0,0.0,-275.0,200.0,,,,,,,,,,,,41.5,OVER,37.5,LOW,PASS
MLB,george springer,George Springer,home_runs,3ffba29c7cccfbdb0cb05ee26cd7d550,2026-09-03T17:10:00Z,,,0.5,0.5,0.5,1,100.0,0.0,465.0,-1300.0,,,,,,,,,,,,49.1,UNDER,68.0,LOW,PASS
MLB,george springer,George Springer,rbis,3ffba29c7cccfbdb0cb05ee26cd7d550,2026-09-03T17:10:00Z,,,0.5,0.5,0.5,1,100.0,0.0,145.0,-210.0,,,,,,,,,,,,38.3,UNDER,24.8,LOW,PASS
MLB,george springer,George Springer,runs,3ffba29c7cccfbdb0cb05ee26cd7d550,2026-09-03T17:10:00Z,,,0.5,0.5,0.5,1,100.0,0.0,120.0,-160.0,,,,,,,,,,,,35.9,UNDER,15.0,LOW,PASS
MLB,george springer,George Springer,stolen_bases,3ffba29c7cccfbdb0cb05ee26cd7d550,2026-09-03T17:10:00Z,,,0.5,0.5,0.5,1,100.0,0.0,750.0,-1600.0,,,,,,,,,,,,51.6,UNDER,77.8,LOW,PASS
MLB,george springer,George Springer,total_bases,3ffba29c7cccfbdb0cb05ee26cd7d550,2026-09-03T17:10:00Z,,,1.5,1.5,1.5,1,100.0,0.0,115.0,-150.0,,,,,,,,,,,,35.3,UNDER,12.7,LOW,PASS
MLB,graham pauley,Graham Pauley,hits,18307ff6045b1448e7ad3a1f2d836c6a,2026-09-03T23:40:00Z,,,0.5,0.5,0.5,1,100.0,0.0,-127.0,117.0,0.5,0.0,,,,,,,,,,34.6,OVER,9.7,LOW,PASS
MLB,graham pauley,Graham Pauley,hits_runs_rbis,18307ff6045b1448e7ad3a1f2d836c6a,2026-09-03T23:40:00Z,,,0.5,0.5,0.5,1,100.0,0.0,-144.0,,,,,,,,,,,,,44.6,NEUTRAL,50.0,LOW,PASS
MLB,graham pauley,Graham Pauley,home_runs,18307ff6045b1448e7ad3a1f2d836c6a,2026-09-03T23:40:00Z,,,0.5,0.5,0.5,1,100.0,0.0,900.0,-1011.0,,,,,,,,,,,,52.2,UNDER,80.2,LOW,PASS
MLB,graham pauley,Graham Pauley,rbis,18307ff6045b1448e7ad3a1f2d836c6a,2026-09-03T23:40:00Z,,,0.5,0.5,0.5,1,100.0,0.0,277.0,-285.0,,,,,,,,,,,,44.0,UNDER,47.2,LOW,PASS
MLB,graham pauley mia,Graham Pauley (MIA),hits,18307ff6045b1448e7ad3a1f2d836c6a,2026-09-03T23:40:00Z,,,0.5,0.5,0.5,1,100.0,0.0,-145.0,110.0,,,,,,,,,,,,34.8,OVER,10.8,LOW,PASS
MLB,griffin conine,Griffin Conine,hits,18307ff6045b1448e7ad3a1f2d836c6a,2026-09-03T23:40:00Z,,,0.5,0.5,0.5,2,100.0,0.0,-182.0,120.0,,,,,,,,,,,,38.6,OVER,17.4,LOW,PASS
MLB,griffin conine,Griffin Conine,hits_runs_rbis,18307ff6045b1448e7ad3a1f2d836c6a,2026-09-03T23:40:00Z,,,1.5,1.5,1.5,1,100.0,0.0,-117.0,-108.0,1.5,0.0,,,,,,,,,,32.6,OVER,1.9,LOW,PASS
MLB,griffin conine,Griffin Conine,home_runs,18307ff6045b1448e7ad3a1f2d836c6a,2026-09-03T23:40:00Z,,,0.5,0.5,0.5,1,100.0,0.0,351.0,-558.0,,,,,,,,,,,,46.8,UNDER,58.5,LOW,PASS
MLB,griffin conine,Griffin Conine,rbis,18307ff6045b1448e7ad3a1f2d836c6a,2026-09-03T23:40:00Z,,,0.5,0.5,0.5,1,100.0,0.0,132.0,-182.0,,,,,,,,,,,,37.1,UNDER,19.9,LOW,PASS
MLB,griffin conine,Griffin Conine,total_bases,18307ff6045b1448e7ad3a1f2d836c6a,2026-09-03T23:40:00Z,,,1.5,1.5,1.5,1,100.0,0.0,135.0,-195.0,,,,,,,,,,,,37.6,UNDER,21.7,LOW,PASS
MLB,gunnar henderson,Gunnar Henderson,doubles,87e824da83d83bcea518867ca5c3d75f,2026-09-03T23:15:00Z,,,0.5,0.5,0.5,5,100.0,0.0,450.0,-740.0,,,,,,,,,,,,57.2,UNDER,65.8,GOOD,WATCH
MLB,gunnar henderson,Gunnar Henderson,hits,87e824da83d83bcea518867ca5c3d75f,2026-09-03T23:15:00Z,,,0.5,0.5,0.5,6,100.0,0.0,-191.0,142.5,,,,,,,,,,,,48.6,OVER,22.8,GOOD,WATCH
MLB,gunnar henderson,Gunnar Henderson,hits_runs_rbis,87e824da83d83bcea518867ca5c3d75f,2026-09-03T23:15:00Z,,,1.5,1.5,1.5,6,100.0,0.0,-105.0,-126.0,1.5,0.0,,,,,,,,,,43.9,UNDER,4.2,GOOD,WATCH
MLB,gunnar henderson,Gunnar Henderson,home_runs,87e824da83d83bcea518867ca5c3d75f,2026-09-03T23:15:00Z,,,0.5,0.5,0.5,6,100.0,0.0,645.0,-1075.0,,,,,,,,,,,,61.5,UNDER,74.4,GOOD,WATCH
MLB,gunnar henderson,Gunnar Henderson,pitcher_strikeouts,87e824da83d83bcea518867ca5c3d75f,2026-09-03T23:15:00Z,,,0.5,0.5,0.5,1,100.0,0.0,-185.0,,,,,,,,,,,,,44.6,NEUTRAL,50.0,LOW,PASS
MLB,gunnar henderson,Gunnar Henderson,rbis,87e824da83d83bcea518867ca5c3d75f,2026-09-03T23:15:00Z,,,0.5,0.5,0.5,6,100.0,0.0,215.0,-295.0,,,,,,,,,,,,52.9,UNDER,40.3,GOOD,WATCH
MLB,gunnar henderson,Gunnar Henderson,runs,87e824da83d83bcea518867ca5c3d75f,2026-09-03T23:15:00Z,,,0.5,0.5,0.5,6,100.0,0.0,140.0,-190.0,,,,,,,,,,,,48.4,UNDER,22.3,GOOD,WATCH
MLB,gunnar henderson,Gunnar Henderson,singles,87e824da83d83bcea518867ca5c3d75f,2026-09-03T23:15:00Z,,,0.5,0.5,0.5,6,100.0,0.0,-119.0,-120.0,0.5,0.0,,,,,,,,,,42.9,UNDER,0.2,GOOD,WATCH
MLB,gunnar henderson,Gunnar Henderson,stolen_bases,87e824da83d83bcea518867ca5c3d75f,2026-09-03T23:15:00Z,,,0.5,0.5,0.5,2,100.0,0.0,740.0,-1450.0,,,,,,,,,,,,53.6,UNDER,77.4,LOW,PASS
MLB,gunnar henderson,Gunnar Henderson,total_bases,87e824da83d83bcea518867ca5c3d75f,2026-09-03T23:15:00Z,,,1.5,0.5,1.5,7,57.1,0.495,135.0,-204.0,,,,,,,,,,,,42.0,UNDER,22.4,STRONG,WATCH
MLB,gunnar henderson,Gunnar Henderson,triples,87e824da83d83bcea518867ca5c3d75f,2026-09-03T23:15:00Z,,,0.5,0.5,0.5,3,100.0,0.0,2000.0,,,,,,,,,,,,,48.9,NEUTRAL,50.0,USABLE,WATCH
MLB,gunnar henderson,Gunnar Henderson,walks,87e824da83d83bcea518867ca5c3d75f,2026-09-03T23:15:00Z,,,0.5,0.5,0.5,3,100.0,0.0,235.0,-345.0,,,,,,,,,,,,47.5,UNDER,44.4,USABLE,WATCH
MLB,gunnar henderson bal,Gunnar Henderson (BAL),hits,87e824da83d83bcea518867ca5c3d75f,2026-09-03T23:15:00Z,,,1.5,1.5,1.5,1,100.0,0.0,,-130.0,,,,,,,,,,,,44.6,NEUTRAL,50.0,LOW,PASS
MLB,henry bolte,Henry Bolte,home_runs,0bbf9d80b06a1e1868b6224c751b8a2e,2026-09-04T01:40:00Z,,,0.5,0.5,0.5,1,100.0,0.0,790.0,-2248.0,,,,,,,,,,,,51.9,UNDER,79.0,LOW,PASS
MLB,heriberto hern ndez,Heriberto Hernández,home_runs,18307ff6045b1448e7ad3a1f2d836c6a,2026-09-03T23:40:00Z,,,0.5,0.5,0.5,1,100.0,0.0,309.0,-472.0,,,,,,,,,,,,45.7,UNDER,54.3,LOW,PASS
MLB,heriberto hernandez,Heriberto Hernandez,hits,18307ff6045b1448e7ad3a1f2d836c6a,2026-09-03T23:40:00Z,,,1.0,0.5,1.5,2,100.0,0.5,26.0,-67.5,,,,,,,,,,,,42.4,OVER,32.6,LOW,PASS
MLB,heriberto hernandez,Heriberto Hernandez,rbis,18307ff6045b1448e7ad3a1f2d836c6a,2026-09-03T23:40:00Z,,,0.5,0.5,0.5,1,100.0,0.0,148.0,-205.0,,,,,,,,,,,,38.4,UNDER,25.0,LOW,PASS
MLB,heriberto hernandez,Heriberto Hernandez,stolen_bases,18307ff6045b1448e7ad3a1f2d836c6a,2026-09-03T23:40:00Z,,,0.5,0.5,0.5,1,100.0,0.0,1150.0,,,,,,,,,,,,,44.6,NEUTRAL,50.0,LOW,PASS
MLB,heriberto hernandez,Heriberto Hernandez,total_bases,18307ff6045b1448e7ad3a1f2d836c6a,2026-09-03T23:40:00Z,,,1.5,1.5,1.5,2,100.0,0.0,116.0,-149.5,,,,,,,,,,,,37.5,UNDER,12.8,LOW,PASS
MLB,hunter brown,Hunter Brown,earned_runs,4531806102eb01c9886a2ceb2b16b0b9,2026-09-03T18:10:00Z,,,1.5,1.5,1.5,1,100.0,0.0,-168.0,125.0,,,,,,,,,,,,36.4,OVER,17.0,LOW,PASS
MLB,hunter brown,Hunter Brown,hits_allowed,4531806102eb01c9886a2ceb2b16b0b9,2026-09-03T18:10:00Z,,,4.5,4.5,4.5,1,100.0,0.0,,-134.0,,,,,,,,,,,,44.6,NEUTRAL,50.0,LOW,PASS
MLB,hunter brown,Hunter Brown,pitcher_strikeouts,4531806102eb01c9886a2ceb2b16b0b9,2026-09-03T18:10:00Z,,,6.5,5.5,6.5,4,75.0,0.433,-112.0,-129.0,,,,,,,,,,,,34.4,UNDER,3.2,USABLE,WATCH
MLB,ian happ,Ian Happ,doubles,919bdbd90145290fd9a5266e0fed035b,2026-09-03T23:15:00Z,,,0.5,0.5,0.5,3,100.0,0.0,475.0,-770.0,,,,,,,,,,,,53.2,UNDER,67.2,USABLE,WATCH
MLB,ian happ,Ian Happ,hits,919bdbd90145290fd9a5266e0fed035b,2026-09-03T23:15:00Z,,,0.5,0.5,0.5,6,100.0,0.0,-133.5,107.0,,,,,,,,,,,,45.0,OVER,8.4,GOOD,WATCH
MLB,ian happ,Ian Happ,hits_runs_rbis,919bdbd90145290fd9a5266e0fed035b,2026-09-03T23:15:00Z,,,1.5,0.5,1.5,6,83.3,0.373,126.5,-176.0,,,,,,,,,,,,44.1,UNDER,18.2,GOOD,WATCH
MLB,ian happ,Ian Happ,home_runs,919bdbd90145290fd9a5266e0fed035b,2026-09-03T23:15:00Z,,,0.5,0.5,0.5,5,100.0,0.0,405.0,-690.0,,,,,,,,,,,,56.5,UNDER,63.0,GOOD,WATCH
MLB,ian happ,Ian Happ,pitcher_strikeouts,919bdbd90145290fd9a5266e0fed035b,2026-09-03T23:15:00Z,,,1.5,1.5,1.5,1,100.0,0.0,190.0,-260.0,,,,,,,,,,,,41.0,UNDER,35.4,LOW,PASS
MLB,ian happ,Ian Happ,rbis,919bdbd90145290fd9a5266e0fed035b,2026-09-03T23:15:00Z,,,0.5,0.5,0.5,6,100.0,0.0,193.0,-295.0,,,,,,,,,,,,52.2,UNDER,37.3,GOOD,WATCH
MLB,ian happ,Ian Happ,runs,919bdbd90145290fd9a5266e0fed035b,2026-09-03T23:15:00Z,,,0.5,0.5,0.5,7,100.0,0.0,140.0,-192.5,,,,,,,,,,,,50.6,UNDER,22.5,STRONG,WATCH
MLB,ian happ,Ian Happ,singles,919bdbd90145290fd9a5266e0fed035b,2026-09-03T23:15:00Z,,,0.5,0.5,0.5,5,100.0,0.0,167.0,-240.0,,,,,,,,,,,,48.4,UNDER,30.7,GOOD,WATCH
MLB,ian happ,Ian Happ,stolen_bases,919bdbd90145290fd9a5266e0fed035b,2026-09-03T23:15:00Z,,,0.5,0.5,0.5,1,100.0,0.0,1750.0,-20000.0,,,,,,,,,,,,54.6,UNDER,89.7,LOW,PASS
MLB,ian happ,Ian Happ,total_bases,919bdbd90145290fd9a5266e0fed035b,2026-09-03T23:15:00Z,,,0.5,0.5,1.5,7,57.1,0.495,-137.0,-0.5,,,,,,,,,,,,61.0,OVER,98.3,STRONG,WATCH
MLB,ian happ,Ian Happ,triples,919bdbd90145290fd9a5266e0fed035b,2026-09-03T23:15:00Z,,,0.5,0.5,0.5,2,100.0,0.0,1900.0,-15000.0,,,,,,,,,,,,56.9,UNDER,90.4,LOW,PASS
MLB,ian happ,Ian Happ,walks,919bdbd90145290fd9a5266e0fed035b,2026-09-03T23:15:00Z,,,0.5,0.5,0.5,3,100.0,0.0,165.0,-230.0,,,,,,,,,,,,43.9,UNDER,29.7,USABLE,WATCH
MLB,isaac collins,Isaac Collins,hits,18307ff6045b1448e7ad3a1f2d836c6a,2026-09-03T23:40:00Z,,,0.5,0.5,0.5,1,100.0,0.0,-167.0,123.0,,,,,,,,,,,,36.3,OVER,16.5,LOW,PASS
MLB,isaac collins,Isaac Collins,hits_runs_rbis,18307ff6045b1448e7ad3a1f2d836c6a,2026-09-03T23:40:00Z,,,1.5,1.5,1.5,1,100.0,0.0,122.0,,,,,,,,,,,,,44.6,NEUTRAL,50.0,LOW,PASS
MLB,isaac collins,Isaac Collins,home_runs,18307ff6045b1448e7ad3a1f2d836c6a,2026-09-03T23:40:00Z,,,0.5,0.5,0.5,1,100.0,0.0,1011.0,,,,,,,,,,,,,44.6,NEUTRAL,50.0,LOW,PASS
MLB,isaac collins,Isaac Collins,rbis,18307ff6045b1448e7ad3a1f2d836c6a,2026-09-03T23:40:00Z,,,0.5,0.5,0.5,2,100.0,0.0,228.5,-278.0,,,,,,,,,,,,44.6,UNDER,41.5,LOW,PASS
MLB,isaac collins,Isaac Collins,runs,18307ff6045b1448e7ad3a1f2d836c6a,2026-09-03T23:40:00Z,,,0.5,0.5,0.5,1,100.0,0.0,153.0,,,,,,,,,,,,,44.6,NEUTRAL,50.0,LOW,PASS
MLB,isaac collins,Isaac Collins,stolen_bases,18307ff6045b1448e7ad3a1f2d836c6a,2026-09-03T23:40:00Z,,,0.5,0.5,0.5,1,100.0,0.0,809.0,,,,,,,,,,,,,44.6,NEUTRAL,50.0,LOW,PASS
MLB,isaac collins,Isaac Collins,total_bases,18307ff6045b1448e7ad3a1f2d836c6a,2026-09-03T23:40:00Z,,,1.0,0.5,1.5,2,100.0,0.5,-9.5,123.0,,,,,,,,,,,,51.2,UNDER,67.6,LOW,PASS
MLB,isaac paredes,Isaac Paredes,doubles,4531806102eb01c9886a2ceb2b16b0b9,2026-09-03T18:10:00Z,,,0.5,0.5,0.5,1,100.0,0.0,425.0,-650.0,,,,,,,,,,,,48.1,UNDER,64.0,LOW,PASS
MLB,isaac paredes,Isaac Paredes,hits,4531806102eb01c9886a2ceb2b16b0b9,2026-09-03T18:10:00Z,,,0.5,0.5,0.5,4,100.0,0.0,-205.0,156.0,,,,,,,,,,,,45.2,OVER,26.5,USABLE,WATCH
MLB,isaac paredes,Isaac Paredes,hits_runs_rbis,4531806102eb01c9886a2ceb2b16b0b9,2026-09-03T18:10:00Z,,,1.5,1.5,1.5,2,100.0,0.0,-110.0,-133.5,1.5,0.0,,,,,,,,,,35.4,UNDER,4.4,LOW,PASS
MLB,isaac paredes,Isaac Paredes,home_runs,4531806102eb01c9886a2ceb2b16b0b9,2026-09-03T18:10:00Z,,,0.5,0.5,0.5,3,100.0,0.0,525.0,-855.0,,,,,,,,,,,,53.8,UNDER,69.7,USABLE,WATCH
MLB,isaac paredes,Isaac Paredes,rbis,4531806102eb01c9886a2ceb2b16b0b9,2026-09-03T18:10:00Z,,,0.5,0.5,0.5,4,100.0,0.0,149.5,-200.0,,,,,,,,,,,,44.8,UNDER,24.9,USABLE,WATCH
MLB,isaac paredes,Isaac Paredes,runs,4531806102eb01c9886a2ceb2b16b0b9,2026-09-03T18:10:00Z,,,0.5,0.5,0.5,1,100.0,0.0,120.0,-170.0,,,,,,,,,,,,36.2,UNDER,16.1,LOW,PASS
MLB,isaac paredes,Isaac Paredes,singles,4531806102eb01c9886a2ceb2b16b0b9,2026-09-03T18:10:00Z,,,0.5,0.5,0.5,1,100.0,0.0,-108.0,-132.0,0.5,0.0,,,,,,,,,,33.3,UNDER,4.6,LOW,PASS
MLB,isaac paredes,Isaac Paredes,total_bases,4531806102eb01c9886a2ceb2b16b0b9,2026-09-03T18:10:00Z,,,1.5,1.5,1.5,3,100.0,0.0,145.0,-197.5,,,,,,,,,,,,42.4,UNDER,23.9,USABLE,WATCH
MLB,isiah kiner falefa,Isiah Kiner-Falefa,hits,87e824da83d83bcea518867ca5c3d75f,2026-09-03T23:15:00Z,,,0.5,0.5,0.5,1,100.0,0.0,-190.0,140.0,,,,,,,,,,,,37.7,OVER,22.3,LOW,PASS
MLB,isiah kiner falefa,Isiah Kiner-Falefa,hits_runs_rbis,87e824da83d83bcea518867ca5c3d75f,2026-09-03T23:15:00Z,,,1.5,1.5,1.5,3,100.0,0.0,105.0,-156.0,,,,,,,,,,,,39.2,UNDER,11.1,USABLE,WATCH
MLB,isiah kiner falefa,Isiah Kiner-Falefa,home_runs,87e824da83d83bcea518867ca5c3d75f,2026-09-03T23:15:00Z,,,0.5,0.5,0.5,1,100.0,0.0,1650.0,-6600.0,,,,,,,,,,,,54.4,UNDER,89.0,LOW,PASS
MLB,isiah kiner falefa,Isiah Kiner-Falefa,rbis,87e824da83d83bcea518867ca5c3d75f,2026-09-03T23:15:00Z,,,0.5,0.5,0.5,1,100.0,0.0,255.0,-360.0,,,,,,,,,,,,43.9,UNDER,47.1,LOW,PASS
MLB,isiah kiner falefa,Isiah Kiner-Falefa,singles,87e824da83d83bcea518867ca5c3d75f,2026-09-03T23:15:00Z,,,0.5,0.5,0.5,3,100.0,0.0,-142.0,-104.0,,,,,,,,,,,,38.2,OVER,7.0,USABLE,WATCH
MLB,isiah kiner falefa,Isiah Kiner-Falefa,stolen_bases,87e824da83d83bcea518867ca5c3d75f,2026-09-03T23:15:00Z,,,0.5,0.5,0.5,1,100.0,0.0,850.0,-2200.0,,,,,,,,,,,,52.2,UNDER,80.2,LOW,PASS
MLB,isiah kiner falefa,Isiah Kiner-Falefa,total_bases,87e824da83d83bcea518867ca5c3d75f,2026-09-03T23:15:00Z,,,1.5,1.5,1.5,1,100.0,0.0,215.0,-310.0,,,,,,,,,,,,42.4,UNDER,40.9,LOW,PASS
MLB,ivan herrera,Ivan Herrera,home_runs,178e47f48ce23704395138f8f050b334,2026-09-04T02:10:00Z,,,0.5,0.5,0.5,1,100.0,0.0,600.0,-1268.0,,,,,,,,,,,,50.5,UNDER,73.3,LOW,PASS
MLB,jac caglianone,Jac Caglianone,hits,18307ff6045b1448e7ad3a1f2d836c6a,2026-09-03T23:40:00Z,,,0.5,0.5,0.5,2,100.0,0.0,-264.5,201.5,,,,,,,,,,,,43.6,OVER,37.3,LOW,PASS
MLB,jac caglianone,Jac Caglianone,home_runs,18307ff6045b1448e7ad3a1f2d836c6a,2026-09-03T23:40:00Z,,,0.5,0.5,0.5,2,100.0,0.0,387.0,-510.5,,,,,,,,,,,,49.4,UNDER,60.6,LOW,PASS
MLB,jac caglianone,Jac Caglianone,rbis,18307ff6045b1448e7ad3a1f2d836c6a,2026-09-03T23:40:00Z,,,0.5,0.5,0.5,2,100.0,0.0,129.5,-164.5,,,,,,,,,,,,38.7,UNDER,17.6,LOW,PASS
MLB,jac caglianone,Jac Caglianone,stolen_bases,18307ff6045b1448e7ad3a1f2d836c6a,2026-09-03T23:40:00Z,,,0.5,0.5,0.5,1,100.0,0.0,1329.0,,,,,,,,,,,,,44.6,NEUTRAL,50.0,LOW,PASS
MLB,jac caglianone,Jac Caglianone,total_bases,18307ff6045b1448e7ad3a1f2d836c6a,2026-09-03T23:40:00Z,,,1.5,1.5,1.5,2,100.0,0.0,109.0,-131.5,,,,,,,,,,,,36.4,UNDER,8.6,LOW,PASS
MLB,jack perkins,Jack Perkins,earned_runs,0bbf9d80b06a1e1868b6224c751b8a2e,2026-09-04T01:40:00Z,,,2.5,2.5,2.5,1,100.0,0.0,110.0,-146.0,,,,,,,,,,,,34.9,UNDER,11.0,LOW,PASS
MLB,jack perkins,Jack Perkins,hits_allowed,0bbf9d80b06a1e1868b6224c751b8a2e,2026-09-04T01:40:00Z,,,4.5,4.5,4.5,1,100.0,0.0,110.0,-146.0,,,,,,,,,,,,34.9,UNDER,11.0,LOW,PASS
MLB,jack perkins,Jack Perkins,pitcher_strikeouts,0bbf9d80b06a1e1868b6224c751b8a2e,2026-09-04T01:40:00Z,,,5.5,5.5,5.5,2,100.0,0.0,0.0,-137.5,5.0,-0.5,,,,,,,,,,60.4,NEUTRAL,50.0,LOW,PASS
MLB,jackson chourio,Jackson Chourio,doubles,919bdbd90145290fd9a5266e0fed035b,2026-09-03T23:15:00Z,,,0.5,0.5,0.5,5,100.0,0.0,305.0,-545.0,,,,,,,,,,,,54.4,UNDER,54.8,GOOD,WATCH
MLB,jackson chourio,Jackson Chourio,hits,919bdbd90145290fd9a5266e0fed035b,2026-09-03T23:15:00Z,,,0.5,0.5,1.5,6,66.7,0.471,-242.5,200.0,,,,,,,,,,,,45.2,OVER,36.0,GOOD,WATCH
MLB,jackson chourio,Jackson Chourio,hits_runs_rbis,919bdbd90145290fd9a5266e0fed035b,2026-09-03T23:15:00Z,,,1.5,1.5,1.5,4,100.0,0.0,-142.5,102.5,,,,,,,,,,,,40.7,OVER,8.7,USABLE,WATCH
MLB,jackson chourio,Jackson Chourio,home_runs,919bdbd90145290fd9a5266e0fed035b,2026-09-03T23:15:00Z,,,0.5,0.5,0.5,6,100.0,0.0,387.5,-550.0,,,,,,,,,,,,58.1,UNDER,61.0,GOOD,WATCH
MLB,jackson chourio,Jackson Chourio,pitcher_strikeouts,919bdbd90145290fd9a5266e0fed035b,2026-09-03T23:15:00Z,,,0.5,0.5,0.5,1,100.0,0.0,-260.0,190.0,,,,,,,,,,,,41.0,OVER,35.4,LOW,PASS
MLB,jackson chourio,Jackson Chourio,rbis,919bdbd90145290fd9a5266e0fed035b,2026-09-03T23:15:00Z,,,0.5,0.5,0.5,6,100.0,0.0,148.5,-197.5,,,,,,,,,,,,49.0,UNDER,24.5,GOOD,WATCH
MLB,jackson chourio,Jackson Chourio,runs,919bdbd90145290fd9a5266e0fed035b,2026-09-03T23:15:00Z,,,0.5,0.5,0.5,5,100.0,0.0,-105.0,-132.0,0.5,0.0,,,,,,,,,,42.0,UNDER,5.3,GOOD,WATCH
MLB,jackson chourio,Jackson Chourio,singles,919bdbd90145290fd9a5266e0fed035b,2026-09-03T23:15:00Z,,,0.5,0.5,0.5,5,100.0,0.0,-127.0,-111.0,0.5,0.0,,,,,,,,,,41.5,OVER,3.1,GOOD,WATCH
MLB,jackson chourio,Jackson Chourio,stolen_bases,919bdbd90145290fd9a5266e0fed035b,2026-09-03T23:15:00Z,,,0.5,0.5,0.5,5,100.0,0.0,425.0,-880.0,,,,,,,,,,,,57.0,UNDER,65.0,GOOD,WATCH
MLB,jackson chourio,Jackson Chourio,total_bases,919bdbd90145290fd9a5266e0fed035b,2026-09-03T23:15:00Z,,,1.5,1.5,1.5,5,100.0,0.0,-103.0,-145.0,,,,,,,,,,,,42.6,UNDER,7.7,GOOD,WATCH
MLB,jackson chourio,Jackson Chourio,triples,919bdbd90145290fd9a5266e0fed035b,2026-09-03T23:15:00Z,,,0.5,0.5,0.5,2,100.0,0.0,2500.0,,,,,,,,,,,,,46.8,NEUTRAL,50.0,LOW,PASS
MLB,jackson chourio,Jackson Chourio,walks,919bdbd90145290fd9a5266e0fed035b,2026-09-03T23:15:00Z,,,0.5,0.5,0.5,2,100.0,0.0,292.5,-495.0,,,,,,,,,,,,47.6,UNDER,53.1,LOW,PASS
MLB,jackson holliday,Jackson Holliday,doubles,87e824da83d83bcea518867ca5c3d75f,2026-09-03T23:15:00Z,,,0.5,0.5,0.5,2,100.0,0.0,507.5,-997.5,,,,,,,,,,,,51.6,UNDER,69.3,LOW,PASS
MLB,jackson holliday,Jackson Holliday,hits,87e824da83d83bcea518867ca5c3d75f,2026-09-03T23:15:00Z,,,0.5,0.5,0.5,5,100.0,0.0,-154.0,116.0,,,,,,,,,,,,44.1,OVER,13.4,GOOD,WATCH
MLB,jackson holliday,Jackson Holliday,hits_runs_rbis,87e824da83d83bcea518867ca5c3d75f,2026-09-03T23:15:00Z,,,1.5,1.5,1.5,4,100.0,0.0,130.0,-150.0,,,,,,,,,,,,42.6,UNDER,16.0,USABLE,WATCH
MLB,jackson holliday,Jackson Holliday,home_runs,87e824da83d83bcea518867ca5c3d75f,2026-09-03T23:15:00Z,,,0.5,0.5,0.5,4,100.0,0.0,900.0,-2310.0,,,,,,,,,,,,58.8,UNDER,81.1,USABLE,WATCH
MLB,jackson holliday,Jackson Holliday,pitcher_strikeouts,87e824da83d83bcea518867ca5c3d75f,2026-09-03T23:15:00Z,,,0.5,0.5,0.5,1,100.0,0.0,-250.0,,,,,,,,,,,,,44.6,NEUTRAL,50.0,LOW,PASS
MLB,jackson holliday,Jackson Holliday,rbis,87e824da83d83bcea518867ca5c3d75f,2026-09-03T23:15:00Z,,,0.5,0.5,0.5,7,100.0,0.0,260.0,-400.0,,,,,,,,,,,,57.1,UNDER,48.5,STRONG,WATCH
MLB,jackson holliday,Jackson Holliday,runs,87e824da83d83bcea518867ca5c3d75f,2026-09-03T23:15:00Z,,,0.5,0.5,0.5,7,100.0,0.0,175.0,-250.0,,,,,,,,,,,,53.1,UNDER,32.5,STRONG,WATCH
MLB,jackson holliday,Jackson Holliday,singles,87e824da83d83bcea518867ca5c3d75f,2026-09-03T23:15:00Z,,,0.5,0.5,0.5,4,100.0,0.0,-106.0,-135.0,,,,,,,,,,,,39.9,UNDER,5.5,USABLE,WATCH
MLB,jackson holliday,Jackson Holliday,stolen_bases,87e824da83d83bcea518867ca5c3d75f,2026-09-03T23:15:00Z,,,0.5,0.5,0.5,5,100.0,0.0,800.0,-2395.0,,,,,,,,,,,,60.5,UNDER,79.3,GOOD,WATCH
MLB,jackson holliday,Jackson Holliday,total_bases,87e824da83d83bcea518867ca5c3d75f,2026-09-03T23:15:00Z,,,0.5,0.5,1.5,5,80.0,0.4,-165.0,120.0,,,,,,,,,,,,40.6,OVER,15.6,GOOD,WATCH
MLB,jackson holliday,Jackson Holliday,triples,87e824da83d83bcea518867ca5c3d75f,2026-09-03T23:15:00Z,,,0.5,0.5,0.5,1,100.0,0.0,1900.0,,,,,,,,,,,,,44.6,NEUTRAL,50.0,LOW,PASS
MLB,jackson holliday,Jackson Holliday,walks,87e824da83d83bcea518867ca5c3d75f,2026-09-03T23:15:00Z,,,0.5,0.5,0.5,1,100.0,0.0,239.0,-346.0,,,,,,,,,,,,43.4,UNDER,44.9,LOW,PASS
MLB,jackson holliday bal,Jackson Holliday (BAL),hits,87e824da83d83bcea518867ca5c3d75f,2026-09-03T23:15:00Z,,,1.5,1.5,1.5,1,100.0,0.0,130.0,-170.0,,,,,,,,,,,,36.7,UNDER,18.3,LOW,PASS
MLB,jacob gonzalez,Jacob Gonzalez,doubles,4b25e965b62d7c19e2aa8fbfff667da3,2026-09-03T16:35:00Z,,,0.5,0.5,0.5,1,100.0,0.0,425.0,-650.0,,,,,,,,,,,,48.1,UNDER,64.0,LOW,PASS
MLB,jacob gonzalez,Jacob Gonzalez,hits,4b25e965b62d7c19e2aa8fbfff667da3,2026-09-03T16:35:00Z,,,0.5,0.5,0.5,1,100.0,0.0,-165.0,120.0,,,,,,,,,,,,36.0,OVER,15.6,LOW,PASS
MLB,jacob gonzalez,Jacob Gonzalez,home_runs,4b25e965b62d7c19e2aa8fbfff667da3,2026-09-03T16:35:00Z,,,0.5,0.5,0.5,1,100.0,0.0,750.0,-1400.0,,,,,,,,,,,,51.5,UNDER,77.6,LOW,PASS
MLB,jacob gonzalez,Jacob Gonzalez,rbis,4b25e965b62d7c19e2aa8fbfff667da3,2026-09-03T16:35:00Z,,,0.5,0.5,0.5,1,100.0,0.0,175.0,-245.0,,,,,,,,,,,,40.2,UNDER,32.3,LOW,PASS
MLB,jacob gonzalez,Jacob Gonzalez,runs,4b25e965b62d7c19e2aa8fbfff667da3,2026-09-03T16:35:00Z,,,0.5,0.5,0.5,1,100.0,0.0,140.0,-190.0,,,,,,,,,,,,37.7,UNDER,22.3,LOW,PASS
MLB,jacob gonzalez,Jacob Gonzalez,stolen_bases,4b25e965b62d7c19e2aa8fbfff667da3,2026-09-03T16:35:00Z,,,0.5,0.5,0.5,1,100.0,0.0,1500.0,-9000.0,,,,,,,,,,,,54.2,UNDER,88.1,LOW,PASS
MLB,jacob gonzalez,Jacob Gonzalez,total_bases,4b25e965b62d7c19e2aa8fbfff667da3,2026-09-03T16:35:00Z,,,0.5,0.5,0.5,1,100.0,0.0,-165.0,118.0,,,,,,,,,,,,35.9,OVER,15.2,LOW,PASS
MLB,jake bauers,Jake Bauers,doubles,919bdbd90145290fd9a5266e0fed035b,2026-09-03T23:15:00Z,,,0.5,0.5,0.5,3,100.0,0.0,425.0,-780.0,,,,,,,,,,,,52.6,UNDER,64.6,USABLE,WATCH
MLB,jake bauers,Jake Bauers,hits,919bdbd90145290fd9a5266e0fed035b,2026-09-03T23:15:00Z,,,0.5,0.5,0.5,6,100.0,0.0,-181.5,135.0,,,,,,,,,,,,48.0,OVER,20.5,GOOD,WATCH
MLB,jake bauers,Jake Bauers,hits_runs_rbis,919bdbd90145290fd9a5266e0fed035b,2026-09-03T23:15:00Z,,,1.5,1.5,1.5,7,100.0,0.0,-108.0,-113.0,1.5,0.0,,,,,,,,,,45.3,UNDER,1.1,STRONG,WATCH
MLB,jake bauers,Jake Bauers,home_runs,919bdbd90145290fd9a5266e0fed035b,2026-09-03T23:15:00Z,,,0.5,0.5,0.5,6,100.0,0.0,412.5,-668.0,,,,,,,,,,,,58.7,UNDER,63.4,GOOD,WATCH
MLB,jake bauers,Jake Bauers,rbis,919bdbd90145290fd9a5266e0fed035b,2026-09-03T23:15:00Z,,,0.5,0.5,0.5,6,100.0,0.0,150.0,-194.0,,,,,,,,,,,,49.0,UNDER,24.5,GOOD,WATCH
MLB,jake bauers,Jake Bauers,runs,919bdbd90145290fd9a5266e0fed035b,2026-09-03T23:15:00Z,,,0.5,0.5,0.5,5,100.0,0.0,104.0,-150.0,,,,,,,,,,,,43.2,UNDER,10.1,GOOD,WATCH
MLB,jake bauers,Jake Bauers,singles,919bdbd90145290fd9a5266e0fed035b,2026-09-03T23:15:00Z,,,0.5,0.5,0.5,5,100.0,0.0,125.0,-182.0,,,,,,,,,,,,45.3,UNDER,18.4,GOOD,WATCH
MLB,jake bauers,Jake Bauers,stolen_bases,919bdbd90145290fd9a5266e0fed035b,2026-09-03T23:15:00Z,,,0.5,0.5,0.5,6,100.0,0.0,600.0,-1347.5,,,,,,,,,,,,61.2,UNDER,73.4,GOOD,WATCH
MLB,jake bauers,Jake Bauers,total_bases,919bdbd90145290fd9a5266e0fed035b,2026-09-03T23:15:00Z,,,1.5,0.5,1.5,6,66.7,0.471,127.5,-170.0,,,,,,,,,,,,40.6,UNDER,17.8,GOOD,WATCH
MLB,jake bauers,Jake Bauers,walks,919bdbd90145290fd9a5266e0fed035b,2026-09-03T23:15:00Z,,,0.5,0.5,0.5,3,100.0,0.0,-135.0,-108.0,0.5,0.0,,,,,,,,,,37.7,OVER,5.1,USABLE,WATCH
MLB,jake bennett,Jake Bennett,earned_runs,87e824da83d83bcea518867ca5c3d75f,2026-09-03T23:15:00Z,,,2.5,2.5,2.5,4,100.0,0.0,114.5,-158.5,,,,,,,,,,,,42.0,UNDER,13.6,USABLE,WATCH
MLB,jake bennett,Jake Bennett,hits_allowed,87e824da83d83bcea518867ca5c3d75f,2026-09-03T23:15:00Z,,,5.5,5.5,5.5,3,100.0,0.0,108.0,-162.0,,,,,,,,,,,,39.6,UNDER,12.5,USABLE,WATCH
MLB,jake bennett,Jake Bennett,pitcher_strikeouts,87e824da83d83bcea518867ca5c3d75f,2026-09-03T23:15:00Z,,,4.5,4.5,5.5,8,75.0,0.433,-145.5,107.0,5.0,0.5,,,,,,,,,,59.2,OVER,10.2,STRONG,WATCH
MLB,jake bennett,Jake Bennett,walks,87e824da83d83bcea518867ca5c3d75f,2026-09-03T23:15:00Z,,,1.5,1.5,1.5,2,100.0,0.0,163.5,-252.0,,,,,,,,,,,,42.0,UNDER,30.7,LOW,PASS
MLB,jake bennett bos,Jake Bennett (BOS),hits_allowed,87e824da83d83bcea518867ca5c3d75f,2026-09-03T23:15:00Z,,,5.5,5.5,5.5,1,100.0,0.0,105.0,-145.0,,,,,,,,,,,,34.6,UNDER,9.6,LOW,PASS
MLB,jake bennett bos,Jake Bennett (BOS),pitcher_strikeouts,87e824da83d83bcea518867ca5c3d75f,2026-09-03T23:15:00Z,,,5.5,2.5,7.5,1,20.0,1.855,155.0,,,,,,,,,,,,,28.6,NEUTRAL,50.0,LOW,PASS
MLB,jake burger,Jake Burger,home_runs,f64033ef76653cc57533ab4c515fa24b,2026-09-04T00:05:00Z,,,0.5,0.5,0.5,1,100.0,0.0,398.0,-663.0,,,,,,,,,,,,47.8,UNDER,62.5,LOW,PASS
MLB,jake mangum,Jake Mangum,doubles,4b25e965b62d7c19e2aa8fbfff667da3,2026-09-03T16:35:00Z,,,0.5,0.5,0.5,1,100.0,0.0,400.0,-600.0,,,,,,,,,,,,47.7,UNDER,62.2,LOW,PASS
MLB,jake mangum,Jake Mangum,hits,4b25e965b62d7c19e2aa8fbfff667da3,2026-09-03T16:35:00Z,,,0.5,0.5,0.5,1,100.0,0.0,-286.0,195.0,,,,,,,,,,,,41.4,OVER,37.2,LOW,PASS
MLB,jake mangum,Jake Mangum,home_runs,4b25e965b62d7c19e2aa8fbfff667da3,2026-09-03T16:35:00Z,,,0.5,0.5,0.5,1,100.0,0.0,1500.0,-4000.0,,,,,,,,,,,,54.1,UNDER,88.0,LOW,PASS
MLB,jake mangum,Jake Mangum,rbis,4b25e965b62d7c19e2aa8fbfff667da3,2026-09-03T16:35:00Z,,,0.5,0.5,0.5,1,100.0,0.0,132.0,-177.0,,,,,,,,,,,,37.0,UNDER,19.4,LOW,PASS
MLB,jake mangum,Jake Mangum,runs,4b25e965b62d7c19e2aa8fbfff667da3,2026-09-03T16:35:00Z,,,0.5,0.5,0.5,1,100.0,0.0,135.0,-1000.0,,,,,,,,,,,,41.2,UNDER,36.2,LOW,PASS
MLB,jake mangum,Jake Mangum,stolen_bases,4b25e965b62d7c19e2aa8fbfff667da3,2026-09-03T16:35:00Z,,,0.5,0.5,0.5,1,100.0,0.0,350.0,-600.0,,,,,,,,,,,,46.8,UNDER,58.8,LOW,PASS
MLB,jake mangum,Jake Mangum,total_bases,4b25e965b62d7c19e2aa8fbfff667da3,2026-09-03T16:35:00Z,,,1.5,1.5,1.5,1,100.0,0.0,140.0,-200.0,,,,,,,,,,,,37.9,UNDER,23.1,LOW,PASS
MLB,jake rogers,Jake Rogers,doubles,4531806102eb01c9886a2ceb2b16b0b9,2026-09-03T18:10:00Z,,,0.5,0.5,0.5,1,100.0,0.0,700.0,-1200.0,,,,,,,,,,,,51.2,UNDER,76.1,LOW,PASS
MLB,jake rogers,Jake Rogers,hits,4531806102eb01c9886a2ceb2b16b0b9,2026-09-03T18:10:00Z,,,0.5,0.5,0.5,4,100.0,0.0,-107.5,-130.0,,,,,,,,,,,,39.7,UNDER,4.4,USABLE,WATCH
MLB,jake rogers,Jake Rogers,hits_runs_rbis,4531806102eb01c9886a2ceb2b16b0b9,2026-09-03T18:10:00Z,,,0.5,0.5,0.5,2,100.0,0.0,-155.0,102.0,,,,,,,,,,,,36.8,OVER,10.2,LOW,PASS
MLB,jake rogers,Jake Rogers,home_runs,4531806102eb01c9886a2ceb2b16b0b9,2026-09-03T18:10:00Z,,,0.5,0.5,0.5,2,100.0,0.0,735.0,-1600.0,,,,,,,,,,,,53.6,UNDER,77.4,LOW,PASS
MLB,jake rogers,Jake Rogers,rbis,4531806102eb01c9886a2ceb2b16b0b9,2026-09-03T18:10:00Z,,,0.5,0.5,0.5,3,100.0,0.0,280.0,-475.0,,,,,,,,,,,,49.3,UNDER,51.7,USABLE,WATCH
MLB,jake rogers,Jake Rogers,runs,4531806102eb01c9886a2ceb2b16b0b9,2026-09-03T18:10:00Z,,,0.5,0.5,0.5,2,100.0,0.0,180.0,-280.0,,,,,,,,,,,,43.0,UNDER,34.7,LOW,PASS
MLB,jake rogers,Jake Rogers,singles,4531806102eb01c9886a2ceb2b16b0b9,2026-09-03T18:10:00Z,,,0.5,0.5,0.5,1,100.0,0.0,155.0,,,,,,,,,,,,,44.6,NEUTRAL,50.0,LOW,PASS
MLB,jake rogers,Jake Rogers,total_bases,4531806102eb01c9886a2ceb2b16b0b9,2026-09-03T18:10:00Z,,,0.5,0.5,0.5,3,100.0,0.0,105.0,-136.0,,,,,,,,,,,,38.5,UNDER,8.3,USABLE,WATCH
MLB,jakob marsee,Jakob Marsee,hits,18307ff6045b1448e7ad3a1f2d836c6a,2026-09-03T23:40:00Z,,,0.5,0.5,0.5,2,100.0,0.0,-219.0,163.0,,,,,,,,,,,,41.5,OVER,28.7,LOW,PASS
MLB,jakob marsee,Jakob Marsee,home_runs,18307ff6045b1448e7ad3a1f2d836c6a,2026-09-03T23:40:00Z,,,0.5,0.5,0.5,1,100.0,0.0,852.0,-1011.0,,,,,,,,,,,,52.0,UNDER,79.3,LOW,PASS
MLB,jakob marsee,Jakob Marsee,rbis,18307ff6045b1448e7ad3a1f2d836c6a,2026-09-03T23:40:00Z,,,0.5,0.5,0.5,2,100.0,0.0,181.5,-220.0,,,,,,,,,,,,42.3,UNDER,31.9,LOW,PASS
MLB,jakob marsee,Jakob Marsee,stolen_bases,18307ff6045b1448e7ad3a1f2d836c6a,2026-09-03T23:40:00Z,,,0.5,0.5,0.5,1,100.0,0.0,852.0,-852.0,,,,,,,,,,,,51.9,UNDER,79.0,LOW,PASS
MLB,jakob marsee,Jakob Marsee,total_bases,18307ff6045b1448e7ad3a1f2d836c6a,2026-09-03T23:40:00Z,,,1.5,1.5,1.5,2,100.0,0.0,144.0,-225.0,,,,,,,,,,,,40.7,UNDER,25.6,LOW,PASS
MLB,jakob marsee mia,Jakob Marsee (MIA),hits,18307ff6045b1448e7ad3a1f2d836c6a,2026-09-03T23:40:00Z,,,1.5,1.5,1.5,1,100.0,0.0,-110.0,-120.0,,,,,,,,,,,,32.6,UNDER,2.0,LOW,PASS
MLB,jared triolo,Jared Triolo,doubles,4b25e965b62d7c19e2aa8fbfff667da3,2026-09-03T16:35:00Z,,,0.5,0.5,0.5,1,100.0,0.0,525.0,-850.0,,,,,,,,,,,,49.6,UNDER,69.7,LOW,PASS
MLB,jared triolo,Jared Triolo,hits,4b25e965b62d7c19e2aa8fbfff667da3,2026-09-03T16:35:00Z,,,0.5,0.5,0.5,1,100.0,0.0,-148.0,107.0,,,,,,,,,,,,34.8,OVER,10.5,LOW,PASS
MLB,jared triolo,Jared Triolo,home_runs,4b25e965b62d7c19e2aa8fbfff667da3,2026-09-03T16:35:00Z,,,0.5,0.5,0.5,1,100.0,0.0,1200.0,-3000.0,,,,,,,,,,,,53.5,UNDER,85.3,LOW,PASS
MLB,jared triolo,Jared Triolo,rbis,4b25e965b62d7c19e2aa8fbfff667da3,2026-09-03T16:35:00Z,,,0.5,0.5,0.5,1,100.0,0.0,205.0,-295.0,,,,,,,,,,,,41.9,UNDER,39.0,LOW,PASS
MLB,jared triolo,Jared Triolo,runs,4b25e965b62d7c19e2aa8fbfff667da3,2026-09-03T16:35:00Z,,,0.5,0.5,0.5,1,100.0,0.0,350.0,-210.0,,,,,,,,,,,,44.8,UNDER,50.6,LOW,PASS
MLB,jared triolo,Jared Triolo,stolen_bases,4b25e965b62d7c19e2aa8fbfff667da3,2026-09-03T16:35:00Z,,,0.5,0.5,0.5,1,100.0,0.0,750.0,-1600.0,,,,,,,,,,,,51.6,UNDER,77.8,LOW,PASS
MLB,jared triolo,Jared Triolo,total_bases,4b25e965b62d7c19e2aa8fbfff667da3,2026-09-03T16:35:00Z,,,0.5,0.5,0.5,1,100.0,0.0,-148.0,106.0,,,,,,,,,,,,34.7,OVER,10.3,LOW,PASS
MLB,jarren duran,Jarren Duran,doubles,87e824da83d83bcea518867ca5c3d75f,2026-09-03T23:15:00Z,,,0.5,0.5,0.5,4,100.0,0.0,400.0,-650.0,,,,,,,,,,,,54.2,UNDER,62.5,USABLE,WATCH
MLB,jarren duran,Jarren Duran,hits,87e824da83d83bcea518867ca5c3d75f,2026-09-03T23:15:00Z,,,0.5,0.5,0.5,7,100.0,0.0,-188.0,132.5,,,,,,,,,,,,50.1,OVER,20.6,STRONG,WATCH
MLB,jarren duran,Jarren Duran,hits_runs_rbis,87e824da83d83bcea518867ca5c3d75f,2026-09-03T23:15:00Z,,,1.5,1.5,1.5,5,100.0,0.0,-103.0,-131.0,1.5,0.0,,,,,,,,,,42.1,UNDER,5.6,GOOD,WATCH
MLB,jarren duran,Jarren Duran,home_runs,87e824da83d83bcea518867ca5c3d75f,2026-09-03T23:15:00Z,,,0.5,0.5,0.5,7,100.0,0.0,525.0,-850.0,,,,,,,,,,,,62.4,UNDER,69.7,STRONG,WATCH
MLB,jarren duran,Jarren Duran,pitcher_strikeouts,87e824da83d83bcea518867ca5c3d75f,2026-09-03T23:15:00Z,,,0.5,0.5,0.5,2,100.0,0.0,-195.0,130.0,,,,,,,,,,,,39.4,OVER,20.6,LOW,PASS
MLB,jarren duran,Jarren Duran,rbis,87e824da83d83bcea518867ca5c3d75f,2026-09-03T23:15:00Z,,,0.5,0.5,0.5,5,100.0,0.0,170.0,-256.0,,,,,,,,,,,,48.7,UNDER,32.0,GOOD,WATCH
MLB,jarren duran,Jarren Duran,runs,87e824da83d83bcea518867ca5c3d75f,2026-09-03T23:15:00Z,,,0.5,0.5,0.5,6,100.0,0.0,135.0,-182.0,,,,,,,,,,,,48.0,UNDER,20.5,GOOD,WATCH
MLB,jarren duran,Jarren Duran,singles,87e824da83d83bcea518867ca5c3d75f,2026-09-03T23:15:00Z,,,0.5,0.5,0.5,3,100.0,0.0,110.0,-162.0,,,,,,,,,,,,39.7,UNDER,13.0,USABLE,WATCH
MLB,jarren duran,Jarren Duran,stolen_bases,87e824da83d83bcea518867ca5c3d75f,2026-09-03T23:15:00Z,,,0.5,0.5,0.5,7,100.0,0.0,635.0,-2047.5,,,,,,,,,,,,63.8,UNDER,75.0,STRONG,WATCH
MLB,jarren duran,Jarren Duran,total_bases,87e824da83d83bcea518867ca5c3d75f,2026-09-03T23:15:00Z,,,1.5,0.5,1.5,7,57.1,0.495,125.0,-196.5,,,,,,,,,,,,41.3,UNDER,19.7,STRONG,WATCH
MLB,jarren duran,Jarren Duran,triples,87e824da83d83bcea518867ca5c3d75f,2026-09-03T23:15:00Z,,,0.5,0.5,0.5,3,100.0,0.0,1400.0,-5000.0,,,,,,,,,,,,58.2,UNDER,87.3,USABLE,WATCH
MLB,jarren duran,Jarren Duran,walks,87e824da83d83bcea518867ca5c3d75f,2026-09-03T23:15:00Z,,,0.5,0.5,0.5,1,100.0,0.0,235.0,-440.0,,,,,,,,,,,,43.7,UNDER,46.4,LOW,PASS
MLB,jarren duran bos,Jarren Duran (BOS),hits,87e824da83d83bcea518867ca5c3d75f,2026-09-03T23:15:00Z,,,1.5,1.5,1.5,1,100.0,0.0,,-130.0,,,,,,,,,,,,44.6,NEUTRAL,50.0,LOW,PASS
MLB,javier sanoja,Javier Sanoja,hits,18307ff6045b1448e7ad3a1f2d836c6a,2026-09-03T23:40:00Z,,,0.5,0.5,0.5,2,100.0,0.0,-231.5,205.0,,,,,,,,,,,,43.3,OVER,36.1,LOW,PASS
MLB,javier sanoja,Javier Sanoja,hits_runs_rbis,18307ff6045b1448e7ad3a1f2d836c6a,2026-09-03T23:40:00Z,,,1.5,1.5,1.5,1,100.0,0.0,-108.0,-106.0,1.5,0.0,,,,,,,,,,32.3,OVER,0.5,LOW,PASS
MLB,javier sanoja,Javier Sanoja,rbis,18307ff6045b1448e7ad3a1f2d836c6a,2026-09-03T23:40:00Z,,,0.5,0.5,0.5,2,100.0,0.0,182.5,-219.0,,,,,,,,,,,,42.3,UNDER,32.0,LOW,PASS
MLB,javier sanoja,Javier Sanoja,runs,18307ff6045b1448e7ad3a1f2d836c6a,2026-09-03T23:40:00Z,,,0.5,0.5,0.5,1,100.0,0.0,147.0,,,,,,,,,,,,,44.6,NEUTRAL,50.0,LOW,PASS
MLB,javier sanoja,Javier Sanoja,total_bases,18307ff6045b1448e7ad3a1f2d836c6a,2026-09-03T23:40:00Z,,,1.5,1.5,1.5,1,100.0,0.0,155.0,-230.0,,,,,,,,,,,,39.1,UNDER,28.0,LOW,PASS
MLB,jeremy pe a,Jeremy Peña,doubles,4531806102eb01c9886a2ceb2b16b0b9,2026-09-03T18:10:00Z,,,0.5,0.5,0.5,1,100.0,0.0,355.0,,,,,,,,,,,,,44.6,NEUTRAL,50.0,LOW,PASS
MLB,jeremy pe a,Jeremy Peña,hits,4531806102eb01c9886a2ceb2b16b0b9,2026-09-03T18:10:00Z,,,0.5,0.5,0.5,1,100.0,0.0,-375.0,215.0,,,,,,,,,,,,42.8,OVER,42.6,LOW,PASS
MLB,jeremy pe a,Jeremy Peña,hits_runs_rbis,4531806102eb01c9886a2ceb2b16b0b9,2026-09-03T18:10:00Z,,,1.5,1.5,1.5,1,100.0,0.0,-150.0,108.0,,,,,,,,,,,,34.9,OVER,11.0,LOW,PASS
MLB,jeremy pe a,Jeremy Peña,home_runs,4531806102eb01c9886a2ceb2b16b0b9,2026-09-03T18:10:00Z,,,0.5,0.5,0.5,1,100.0,0.0,740.0,,,,,,,,,,,,,44.6,NEUTRAL,50.0,LOW,PASS
MLB,jeremy pe a,Jeremy Peña,rbis,4531806102eb01c9886a2ceb2b16b0b9,2026-09-03T18:10:00Z,,,0.5,0.5,0.5,1,100.0,0.0,200.0,-315.0,,,,,,,,,,,,41.9,UNDER,39.0,LOW,PASS
MLB,jeremy pe a,Jeremy Peña,singles,4531806102eb01c9886a2ceb2b16b0b9,2026-09-03T18:10:00Z,,,0.5,0.5,0.5,1,100.0,0.0,,101.0,,,,,,,,,,,,44.6,NEUTRAL,50.0,LOW,PASS
MLB,jeremy pe a,Jeremy Peña,stolen_bases,4531806102eb01c9886a2ceb2b16b0b9,2026-09-03T18:10:00Z,,,0.5,0.5,0.5,1,100.0,0.0,750.0,,,,,,,,,,,,,44.6,NEUTRAL,50.0,LOW,PASS
MLB,jeremy pe a,Jeremy Peña,total_bases,4531806102eb01c9886a2ceb2b16b0b9,2026-09-03T18:10:00Z,,,1.5,1.5,1.5,1,100.0,0.0,101.0,-156.0,,,,,,,,,,,,34.7,UNDER,10.1,LOW,PASS
MLB,jeremy pena,Jeremy Pena,doubles,4531806102eb01c9886a2ceb2b16b0b9,2026-09-03T18:10:00Z,,,0.5,0.5,0.5,2,100.0,0.0,350.0,-650.0,,,,,,,,,,,,49.1,UNDER,59.2,LOW,PASS
MLB,jeremy pena,Jeremy Pena,hits,4531806102eb01c9886a2ceb2b16b0b9,2026-09-03T18:10:00Z,,,0.5,0.5,0.5,4,100.0,0.0,-269.5,200.0,,,,,,,,,,,,47.9,OVER,37.3,USABLE,WATCH
MLB,jeremy pena,Jeremy Pena,hits_runs_rbis,4531806102eb01c9886a2ceb2b16b0b9,2026-09-03T18:10:00Z,,,1.5,1.5,1.5,2,100.0,0.0,-140.0,117.5,,,,,,,,,,,,37.2,OVER,11.8,LOW,PASS
MLB,jeremy pena,Jeremy Pena,home_runs,4531806102eb01c9886a2ceb2b16b0b9,2026-09-03T18:10:00Z,,,0.5,0.5,0.5,3,100.0,0.0,600.0,-971.5,,,,,,,,,,,,54.6,UNDER,72.8,USABLE,WATCH
MLB,jeremy pena,Jeremy Pena,rbis,4531806102eb01c9886a2ceb2b16b0b9,2026-09-03T18:10:00Z,,,0.5,0.5,0.5,2,100.0,0.0,187.5,-272.5,,,,,,,,,,,,43.2,UNDER,35.6,LOW,PASS
MLB,jeremy pena,Jeremy Pena,runs,4531806102eb01c9886a2ceb2b16b0b9,2026-09-03T18:10:00Z,,,0.5,0.5,0.5,1,100.0,0.0,115.0,-125.0,,,,,,,,,,,,34.4,UNDER,8.9,LOW,PASS
MLB,jeremy pena,Jeremy Pena,singles,4531806102eb01c9886a2ceb2b16b0b9,2026-09-03T18:10:00Z,,,0.5,0.5,0.5,1,100.0,0.0,-155.0,,,,,,,,,,,,,44.6,NEUTRAL,50.0,LOW,PASS
MLB,jeremy pena,Jeremy Pena,stolen_bases,4531806102eb01c9886a2ceb2b16b0b9,2026-09-03T18:10:00Z,,,0.5,0.5,0.5,1,100.0,0.0,900.0,-3000.0,,,,,,,,,,,,52.5,UNDER,81.3,LOW,PASS
MLB,jeremy pena,Jeremy Pena,total_bases,4531806102eb01c9886a2ceb2b16b0b9,2026-09-03T18:10:00Z,,,1.5,1.5,1.5,2,100.0,0.0,124.0,-170.0,,,,,,,,,,,,38.5,UNDER,17.0,LOW,PASS
MLB,jeremy pena,Jeremy Pena,triples,4531806102eb01c9886a2ceb2b16b0b9,2026-09-03T18:10:00Z,,,0.5,0.5,0.5,1,100.0,0.0,2700.0,,,,,,,,,,,,,44.6,NEUTRAL,50.0,LOW,PASS
MLB,jes s s nchez,Jesús Sánchez,doubles,3ffba29c7cccfbdb0cb05ee26cd7d550,2026-09-03T17:10:00Z,,,0.5,0.5,0.5,1,100.0,0.0,810.0,-2270.0,,,,,,,,,,,,52.0,UNDER,79.4,LOW,PASS
MLB,jes s s nchez,Jesús Sánchez,hits,3ffba29c7cccfbdb0cb05ee26cd7d550,2026-09-03T17:10:00Z,,,0.5,0.5,0.5,1,100.0,0.0,165.0,-250.0,,,,,,,,,,,,39.9,UNDER,30.9,LOW,PASS
MLB,jes s s nchez,Jesús Sánchez,hits_runs_rbis,3ffba29c7cccfbdb0cb05ee26cd7d550,2026-09-03T17:10:00Z,,,0.5,0.5,0.5,1,100.0,0.0,135.0,-200.0,,,,,,,,,,,,37.7,UNDER,22.1,LOW,PASS
MLB,jes s s nchez,Jesús Sánchez,home_runs,3ffba29c7cccfbdb0cb05ee26cd7d550,2026-09-03T17:10:00Z,,,0.5,0.5,0.5,2,100.0,0.0,1190.0,-2130.0,,,,,,,,,,,,55.5,UNDER,85.0,LOW,PASS
MLB,jes s s nchez,Jesús Sánchez,rbis,3ffba29c7cccfbdb0cb05ee26cd7d550,2026-09-03T17:10:00Z,,,0.5,0.5,0.5,1,100.0,0.0,485.0,-995.0,,,,,,,,,,,,49.2,UNDER,68.3,LOW,PASS
MLB,jes s s nchez,Jesús Sánchez,runs,3ffba29c7cccfbdb0cb05ee26cd7d550,2026-09-03T17:10:00Z,,,0.5,0.5,0.5,1,100.0,0.0,370.0,-680.0,,,,,,,,,,,,47.3,UNDER,60.8,LOW,PASS
MLB,jes s s nchez,Jesús Sánchez,singles,3ffba29c7cccfbdb0cb05ee26cd7d550,2026-09-03T17:10:00Z,,,0.5,0.5,0.5,1,100.0,0.0,290.0,-485.0,,,,,,,,,,,,45.3,UNDER,52.8,LOW,PASS
MLB,jes s s nchez,Jesús Sánchez,total_bases,3ffba29c7cccfbdb0cb05ee26cd7d550,2026-09-03T17:10:00Z,,,0.5,0.5,0.5,1,100.0,0.0,165.0,-255.0,,,,,,,,,,,,39.9,UNDER,31.1,LOW,PASS
MLB,jes s s nchez,Jesús Sánchez,walks,3ffba29c7cccfbdb0cb05ee26cd7d550,2026-09-03T17:10:00Z,,,0.5,0.5,0.5,1,100.0,0.0,620.0,-1435.0,,,,,,,,,,,,50.7,UNDER,74.1,LOW,PASS
MLB,jesus sanchez,Jesus Sanchez,doubles,3ffba29c7cccfbdb0cb05ee26cd7d550,2026-09-03T17:10:00Z,,,0.5,0.5,0.5,1,100.0,0.0,450.0,-700.0,,,,,,,,,,,,48.5,UNDER,65.6,LOW,PASS
MLB,jesus sanchez,Jesus Sanchez,hits,3ffba29c7cccfbdb0cb05ee26cd7d550,2026-09-03T17:10:00Z,,,0.5,0.5,0.5,3,100.0,0.0,-130.0,5.5,,,,,,,,,,,,42.8,UNDER,25.3,USABLE,WATCH
MLB,jesus sanchez,Jesus Sanchez,hits_runs_rbis,3ffba29c7cccfbdb0cb05ee26cd7d550,2026-09-03T17:10:00Z,,,1.5,1.5,1.5,1,100.0,0.0,-110.0,-130.0,,,,,,,,,,,,33.1,UNDER,3.8,LOW,PASS
MLB,jesus sanchez,Jesus Sanchez,home_runs,3ffba29c7cccfbdb0cb05ee26cd7d550,2026-09-03T17:10:00Z,,,0.5,0.5,0.5,2,100.0,0.0,467.5,-950.0,,,,,,,,,,,,51.1,UNDER,67.4,LOW,PASS
MLB,jesus sanchez,Jesus Sanchez,rbis,3ffba29c7cccfbdb0cb05ee26cd7d550,2026-09-03T17:10:00Z,,,0.5,0.5,0.5,3,100.0,0.0,210.0,-280.0,,,,,,,,,,,,46.2,UNDER,39.1,USABLE,WATCH
MLB,jesus sanchez,Jesus Sanchez,runs,3ffba29c7cccfbdb0cb05ee26cd7d550,2026-09-03T17:10:00Z,,,0.5,0.5,0.5,2,100.0,0.0,302.5,-500.0,,,,,,,,,,,,47.8,UNDER,54.1,LOW,PASS
MLB,jesus sanchez,Jesus Sanchez,stolen_bases,3ffba29c7cccfbdb0cb05ee26cd7d550,2026-09-03T17:10:00Z,,,0.5,0.5,0.5,1,100.0,0.0,1400.0,-6000.0,,,,,,,,,,,,54.0,UNDER,87.3,LOW,PASS
MLB,jesus sanchez,Jesus Sanchez,total_bases,3ffba29c7cccfbdb0cb05ee26cd7d550,2026-09-03T17:10:00Z,,,0.5,0.5,0.5,2,100.0,0.0,-149.5,4.5,,,,,,,,,,,,40.0,UNDER,23.0,LOW,PASS
MLB,jo adell,Jo Adell,doubles,3ffba29c7cccfbdb0cb05ee26cd7d550,2026-09-03T17:10:00Z,,,0.5,0.5,0.5,2,100.0,0.0,550.0,-1145.0,,,,,,,,,,,,52.1,UNDER,71.3,LOW,PASS
MLB,jo adell,Jo Adell,hits,3ffba29c7cccfbdb0cb05ee26cd7d550,2026-09-03T17:10:00Z,,,0.5,0.5,0.5,4,100.0,0.0,-139.5,125.0,,,,,,,,,,,,41.9,OVER,13.4,USABLE,WATCH
MLB,jo adell,Jo Adell,hits_runs_rbis,3ffba29c7cccfbdb0cb05ee26cd7d550,2026-09-03T17:10:00Z,,,1.5,1.5,1.5,2,100.0,0.0,-127.5,-115.0,1.5,0.0,,,,,,,,,,34.9,OVER,2.3,LOW,PASS
MLB,jo adell,Jo Adell,home_runs,3ffba29c7cccfbdb0cb05ee26cd7d550,2026-09-03T17:10:00Z,,,0.5,0.5,0.5,4,100.0,0.0,650.0,-2130.0,,,,,,,,,,,,57.4,UNDER,75.5,USABLE,WATCH
MLB,jo adell,Jo Adell,rbis,3ffba29c7cccfbdb0cb05ee26cd7d550,2026-09-03T17:10:00Z,,,0.5,0.5,0.5,4,100.0,0.0,207.5,-327.5,,,,,,,,,,,,48.7,UNDER,40.4,USABLE,WATCH
MLB,jo adell,Jo Adell,runs,3ffba29c7cccfbdb0cb05ee26cd7d550,2026-09-03T17:10:00Z,,,1.5,0.5,1.5,3,66.7,0.471,220.0,-320.0,,,,,,,,,,,,40.2,UNDER,41.8,USABLE,WATCH
MLB,jo adell,Jo Adell,singles,3ffba29c7cccfbdb0cb05ee26cd7d550,2026-09-03T17:10:00Z,,,0.5,0.5,0.5,1,100.0,0.0,185.0,-280.0,,,,,,,,,,,,41.0,UNDER,35.5,LOW,PASS
MLB,jo adell,Jo Adell,stolen_bases,3ffba29c7cccfbdb0cb05ee26cd7d550,2026-09-03T17:10:00Z,,,0.5,0.5,0.5,1,100.0,0.0,1600.0,-9000.0,,,,,,,,,,,,54.3,UNDER,88.8,LOW,PASS
MLB,jo adell,Jo Adell,total_bases,3ffba29c7cccfbdb0cb05ee26cd7d550,2026-09-03T17:10:00Z,,,0.5,0.5,1.5,3,66.7,0.471,105.0,-155.0,,,,,,,,,,,,32.5,UNDER,11.0,USABLE,WATCH
MLB,jo adell,Jo Adell,walks,3ffba29c7cccfbdb0cb05ee26cd7d550,2026-09-03T17:10:00Z,,,1.5,1.5,1.5,1,100.0,0.0,360.0,-660.0,,,,,,,,,,,,47.1,UNDER,60.0,LOW,PASS
MLB,joe mack,Joe Mack,hits,18307ff6045b1448e7ad3a1f2d836c6a,2026-09-03T23:40:00Z,,,0.5,0.5,0.5,1,100.0,0.0,-130.0,-103.0,,,,,,,,,,,,33.5,OVER,5.4,LOW,PASS
MLB,joe mack,Joe Mack,hits_runs_rbis,18307ff6045b1448e7ad3a1f2d836c6a,2026-09-03T23:40:00Z,,,1.5,1.5,1.5,1,100.0,0.0,122.0,,,,,,,,,,,,,44.6,NEUTRAL,50.0,LOW,PASS
MLB,joe mack,Joe Mack,home_runs,18307ff6045b1448e7ad3a1f2d836c6a,2026-09-03T23:40:00Z,,,0.5,0.5,0.5,2,100.0,0.0,544.5,-849.5,,,,,,,,,,,,51.9,UNDER,70.4,LOW,PASS
MLB,joe mack,Joe Mack,rbis,18307ff6045b1448e7ad3a1f2d836c6a,2026-09-03T23:40:00Z,,,0.5,0.5,0.5,1,100.0,0.0,185.0,-265.0,,,,,,,,,,,,40.9,UNDER,34.8,LOW,PASS
MLB,joe mack,Joe Mack,stolen_bases,18307ff6045b1448e7ad3a1f2d836c6a,2026-09-03T23:40:00Z,,,0.5,0.5,0.5,1,100.0,0.0,1438.0,,,,,,,,,,,,,44.6,NEUTRAL,50.0,LOW,PASS
MLB,joe mack,Joe Mack,total_bases,18307ff6045b1448e7ad3a1f2d836c6a,2026-09-03T23:40:00Z,,,0.5,0.5,0.5,1,100.0,0.0,-136.0,-104.0,,,,,,,,,,,,33.7,OVER,6.1,LOW,PASS
MLB,jonah cox,Jonah Cox,hits,4b25e965b62d7c19e2aa8fbfff667da3,2026-09-03T16:35:00Z,,,0.5,0.5,0.5,1,100.0,0.0,-159.0,117.0,,,,,,,,,,,,35.7,OVER,14.2,LOW,PASS
MLB,jonah cox,Jonah Cox,rbis,4b25e965b62d7c19e2aa8fbfff667da3,2026-09-03T16:35:00Z,,,0.5,0.5,0.5,1,100.0,0.0,188.0,-275.0,,,,,,,,,,,,41.1,UNDER,35.7,LOW,PASS
MLB,jonah cox,Jonah Cox,stolen_bases,4b25e965b62d7c19e2aa8fbfff667da3,2026-09-03T16:35:00Z,,,0.5,0.5,0.5,1,100.0,0.0,300.0,-500.0,,,,,,,,,,,,45.6,UNDER,53.8,LOW,PASS
MLB,jonah cox,Jonah Cox,total_bases,4b25e965b62d7c19e2aa8fbfff667da3,2026-09-03T16:35:00Z,,,0.5,0.5,0.5,1,100.0,0.0,-162.0,117.0,,,,,,,,,,,,35.8,OVER,14.6,LOW,PASS
MLB,jonah heim,Jonah Heim,home_runs,0bbf9d80b06a1e1868b6224c751b8a2e,2026-09-04T01:40:00Z,,,0.5,0.5,0.5,1,100.0,0.0,650.0,-1473.0,,,,,,,,,,,,50.9,UNDER,75.1,LOW,PASS
MLB,jonathan aranda,Jonathan Aranda,home_runs,f64033ef76653cc57533ab4c515fa24b,2026-09-04T00:05:00Z,,,0.5,0.5,0.5,1,100.0,0.0,480.0,-874.0,,,,,,,,,,,,49.1,UNDER,67.8,LOW,PASS
MLB,jordan walker,Jordan Walker,home_runs,178e47f48ce23704395138f8f050b334,2026-09-04T02:10:00Z,,,0.5,0.5,0.5,1,100.0,0.0,400.0,-668.0,,,,,,,,,,,,47.8,UNDER,62.6,LOW,PASS
MLB,jos ram rez,José Ramírez,home_runs,3ffba29c7cccfbdb0cb05ee26cd7d550,2026-09-03T17:10:00Z,,,0.5,0.5,0.5,1,100.0,0.0,640.0,,,,,,,,,,,,,44.6,NEUTRAL,50.0,LOW,PASS
MLB,jose altuve,Jose Altuve,doubles,4531806102eb01c9886a2ceb2b16b0b9,2026-09-03T18:10:00Z,,,0.5,0.5,0.5,1,100.0,0.0,450.0,-700.0,,,,,,,,,,,,48.5,UNDER,65.6,LOW,PASS
MLB,jose altuve,Jose Altuve,hits,4531806102eb01c9886a2ceb2b16b0b9,2026-09-03T18:10:00Z,,,0.5,0.5,0.5,3,100.0,0.0,-220.0,170.0,,,,,,,,,,,,43.9,OVER,30.0,USABLE,WATCH
MLB,jose altuve,Jose Altuve,hits_runs_rbis,4531806102eb01c9886a2ceb2b16b0b9,2026-09-03T18:10:00Z,,,1.5,1.5,1.5,2,100.0,0.0,-126.0,-116.0,1.5,0.0,,,,,,,,,,34.8,OVER,1.9,LOW,PASS
MLB,jose altuve,Jose Altuve,home_runs,4531806102eb01c9886a2ceb2b16b0b9,2026-09-03T18:10:00Z,,,0.5,0.5,0.5,3,100.0,0.0,800.0,850.0,,,,,,,,,,,,37.1,OVER,2.7,USABLE,WATCH
MLB,jose altuve,Jose Altuve,rbis,4531806102eb01c9886a2ceb2b16b0b9,2026-09-03T18:10:00Z,,,0.5,0.5,0.5,4,100.0,0.0,168.0,-225.0,,,,,,,,,,,,46.1,UNDER,30.0,USABLE,WATCH
MLB,jose altuve,Jose Altuve,runs,4531806102eb01c9886a2ceb2b16b0b9,2026-09-03T18:10:00Z,,,0.5,0.5,0.5,1,100.0,0.0,135.0,-200.0,,,,,,,,,,,,37.7,UNDER,22.1,LOW,PASS
MLB,jose altuve,Jose Altuve,singles,4531806102eb01c9886a2ceb2b16b0b9,2026-09-03T18:10:00Z,,,0.5,0.5,0.5,1,100.0,0.0,-168.0,-112.0,0.5,0.0,,,,,,,,,,34.3,OVER,8.5,LOW,PASS
MLB,jose altuve,Jose Altuve,stolen_bases,4531806102eb01c9886a2ceb2b16b0b9,2026-09-03T18:10:00Z,,,0.5,0.5,0.5,2,100.0,0.0,1150.0,-4000.0,,,,,,,,,,,,55.5,UNDER,84.8,LOW,PASS
MLB,jose altuve,Jose Altuve,total_bases,4531806102eb01c9886a2ceb2b16b0b9,2026-09-03T18:10:00Z,,,1.5,0.5,1.5,3,66.7,0.471,145.0,-205.0,,,,,,,,,,,,35.9,UNDER,24.4,USABLE,WATCH
MLB,jose ramirez,Jose Ramirez,doubles,3ffba29c7cccfbdb0cb05ee26cd7d550,2026-09-03T17:10:00Z,,,0.5,0.5,0.5,2,100.0,0.0,325.0,-550.0,,,,,,,,,,,,48.4,UNDER,56.5,LOW,PASS
MLB,jose ramirez,Jose Ramirez,hits,3ffba29c7cccfbdb0cb05ee26cd7d550,2026-09-03T17:10:00Z,,,0.5,0.5,0.5,3,100.0,0.0,-245.0,180.0,,,,,,,,,,,,44.7,OVER,33.1,USABLE,WATCH
MLB,jose ramirez,Jose Ramirez,hits_runs_rbis,3ffba29c7cccfbdb0cb05ee26cd7d550,2026-09-03T17:10:00Z,,,1.5,1.5,1.5,1,100.0,0.0,-135.0,-105.0,,,,,,,,,,,,33.6,OVER,5.7,LOW,PASS
MLB,jose ramirez,Jose Ramirez,home_runs,3ffba29c7cccfbdb0cb05ee26cd7d550,2026-09-03T17:10:00Z,,,0.5,0.5,0.5,4,100.0,0.0,557.5,-1215.0,,,,,,,,,,,,56.5,UNDER,71.7,USABLE,WATCH
MLB,jose ramirez,Jose Ramirez,rbis,3ffba29c7cccfbdb0cb05ee26cd7d550,2026-09-03T17:10:00Z,,,0.5,0.5,0.5,3,100.0,0.0,155.0,-215.0,,,,,,,,,,,,43.2,UNDER,27.0,USABLE,WATCH
MLB,jose ramirez,Jose Ramirez,runs,3ffba29c7cccfbdb0cb05ee26cd7d550,2026-09-03T17:10:00Z,,,0.5,0.5,0.5,2,100.0,0.0,142.0,-247.5,,,,,,,,,,,,40.9,UNDER,26.6,LOW,PASS
MLB,jose ramirez,Jose Ramirez,stolen_bases,3ffba29c7cccfbdb0cb05ee26cd7d550,2026-09-03T17:10:00Z,,,0.5,0.5,0.5,2,100.0,0.0,402.5,-750.0,,,,,,,,,,,,50.1,UNDER,63.2,LOW,PASS
MLB,jose ramirez,Jose Ramirez,total_bases,3ffba29c7cccfbdb0cb05ee26cd7d550,2026-09-03T17:10:00Z,,,1.5,0.5,1.5,3,66.7,0.471,105.0,-150.0,,,,,,,,,,,,32.3,UNDER,10.3,USABLE,WATCH
MLB,jose ramirez,Jose Ramirez,triples,3ffba29c7cccfbdb0cb05ee26cd7d550,2026-09-03T17:10:00Z,,,0.5,0.5,0.5,1,100.0,0.0,1600.0,,,,,,,,,,,,,44.6,NEUTRAL,50.0,LOW,PASS
MLB,jose soriano,Jose Soriano,pitcher_strikeouts,3ffba29c7cccfbdb0cb05ee26cd7d550,2026-09-03T17:10:00Z,,,4.5,3.5,4.5,3,66.7,0.471,108.0,-162.0,,,,,,,,,,,,32.9,UNDER,12.5,USABLE,WATCH
MLB,josh naylor,Josh Naylor,home_runs,0bbf9d80b06a1e1868b6224c751b8a2e,2026-09-04T01:40:00Z,,,0.5,0.5,0.5,1,100.0,0.0,810.0,-2392.0,,,,,,,,,,,,52.0,UNDER,79.5,LOW,PASS
MLB,josh rojas,Josh Rojas,home_runs,18307ff6045b1448e7ad3a1f2d836c6a,2026-09-03T23:40:00Z,,,0.5,0.5,0.5,1,100.0,0.0,567.0,,,,,,,,,,,,,44.6,NEUTRAL,50.0,LOW,PASS
MLB,josh smith,Josh Smith,doubles,3ffba29c7cccfbdb0cb05ee26cd7d550,2026-09-03T17:10:00Z,,,0.5,0.5,0.5,2,100.0,0.0,727.5,-2012.5,,,,,,,,,,,,53.7,UNDER,77.5,LOW,PASS
MLB,josh smith,Josh Smith,hits,3ffba29c7cccfbdb0cb05ee26cd7d550,2026-09-03T17:10:00Z,,,0.5,0.5,0.5,2,100.0,0.0,-11.0,105.0,,,,,,,,,,,,50.8,UNDER,66.2,LOW,PASS
MLB,josh smith,Josh Smith,hits_runs_rbis,3ffba29c7cccfbdb0cb05ee26cd7d550,2026-09-03T17:10:00Z,,,0.5,0.5,0.5,1,100.0,0.0,-195.0,135.0,,,,,,,,,,,,37.6,OVER,21.7,LOW,PASS
MLB,josh smith,Josh Smith,home_runs,3ffba29c7cccfbdb0cb05ee26cd7d550,2026-09-03T17:10:00Z,,,0.5,0.5,0.5,2,100.0,0.0,1150.0,-1200.0,,,,,,,,,,,,55.3,UNDER,84.0,LOW,PASS
MLB,josh smith,Josh Smith,rbis,3ffba29c7cccfbdb0cb05ee26cd7d550,2026-09-03T17:10:00Z,,,0.5,0.5,0.5,2,100.0,0.0,362.5,-475.0,,,,,,,,,,,,48.9,UNDER,58.5,LOW,PASS
MLB,josh smith,Josh Smith,runs,3ffba29c7cccfbdb0cb05ee26cd7d550,2026-09-03T17:10:00Z,,,0.5,0.5,0.5,2,100.0,0.0,340.0,-377.5,,,,,,,,,,,,48.1,UNDER,55.3,LOW,PASS
MLB,josh smith,Josh Smith,stolen_bases,3ffba29c7cccfbdb0cb05ee26cd7d550,2026-09-03T17:10:00Z,,,0.5,0.5,0.5,1,100.0,0.0,900.0,-2200.0,,,,,,,,,,,,52.4,UNDER,81.1,LOW,PASS
MLB,josh smith,Josh Smith,total_bases,3ffba29c7cccfbdb0cb05ee26cd7d550,2026-09-03T17:10:00Z,,,0.5,0.5,0.5,1,100.0,0.0,-150.0,105.0,,,,,,,,,,,,34.7,OVER,10.3,LOW,PASS
MLB,joshua baez,Joshua Baez,home_runs,178e47f48ce23704395138f8f050b334,2026-09-04T02:10:00Z,,,0.5,0.5,0.5,1,100.0,0.0,500.0,-932.0,,,,,,,,,,,,49.4,UNDER,68.8,LOW,PASS
MLB,julio rodriguez,Julio Rodriguez,home_runs,0bbf9d80b06a1e1868b6224c751b8a2e,2026-09-04T01:40:00Z,,,0.5,0.5,0.5,1,100.0,0.0,470.0,-846.0,,,,,,,,,,,,48.9,UNDER,67.2,LOW,PASS
MLB,jung hoo lee,Jung Hoo Lee,runs,4b25e965b62d7c19e2aa8fbfff667da3,2026-09-03T16:35:00Z,,,0.5,0.5,0.5,1,100.0,0.0,140.0,-185.0,,,,,,,,,,,,37.6,UNDER,21.8,LOW,PASS
MLB,jung hoo lee,Jung Hoo Lee,stolen_bases,4b25e965b62d7c19e2aa8fbfff667da3,2026-09-03T16:35:00Z,,,0.5,0.5,0.5,1,100.0,0.0,800.0,-1600.0,,,,,,,,,,,,51.9,UNDER,78.9,LOW,PASS
MLB,junior caminero,Junior Caminero,home_runs,f64033ef76653cc57533ab4c515fa24b,2026-09-04T00:05:00Z,,,0.5,0.5,0.5,1,100.0,0.0,325.0,-504.0,,,,,,,,,,,,46.1,UNDER,56.0,LOW,PASS
MLB,justin foscue,Justin Foscue,home_runs,f64033ef76653cc57533ab4c515fa24b,2026-09-04T00:05:00Z,,,0.5,0.5,0.5,1,100.0,0.0,770.0,-2114.0,,,,,,,,,,,,51.8,UNDER,78.5,LOW,PASS
MLB,kade anderson,Kade Anderson,earned_runs,0bbf9d80b06a1e1868b6224c751b8a2e,2026-09-04T01:40:00Z,,,1.5,1.5,1.5,1,100.0,0.0,118.0,-157.0,,,,,,,,,,,,35.7,UNDER,14.2,LOW,PASS
MLB,kade anderson,Kade Anderson,hits_allowed,0bbf9d80b06a1e1868b6224c751b8a2e,2026-09-04T01:40:00Z,,,3.5,3.5,3.5,1,100.0,0.0,-159.0,120.0,,,,,,,,,,,,35.9,OVER,14.9,LOW,PASS
MLB,kade anderson,Kade Anderson,pitcher_strikeouts,0bbf9d80b06a1e1868b6224c751b8a2e,2026-09-04T01:40:00Z,,,5.5,5.5,5.5,2,100.0,0.0,-129.0,-106.5,,,,,,,,,,,,35.4,OVER,4.4,LOW,PASS
MLB,kazuma okamoto,Kazuma Okamoto,home_runs,3ffba29c7cccfbdb0cb05ee26cd7d550,2026-09-03T17:10:00Z,,,0.5,0.5,0.5,1,100.0,0.0,,-25000.0,,,,,,,,,,,,44.6,NEUTRAL,50.0,LOW,PASS
MLB,kazuma okamoto,Kazuma Okamoto,runs,3ffba29c7cccfbdb0cb05ee26cd7d550,2026-09-03T17:10:00Z,,,0.5,0.5,0.5,1,100.0,0.0,125.0,-165.0,,,,,,,,,,,,36.3,UNDER,16.7,LOW,PASS
MLB,kevin gausman,Kevin Gausman,earned_runs,919bdbd90145290fd9a5266e0fed035b,2026-09-03T23:15:00Z,,,2.5,2.5,2.5,6,100.0,0.0,109.5,-146.0,,,,,,,,,,,,45.6,UNDER,10.8,GOOD,WATCH
MLB,kevin gausman,Kevin Gausman,hits_allowed,919bdbd90145290fd9a5266e0fed035b,2026-09-03T23:15:00Z,,,4.5,4.5,4.5,6,100.0,0.0,-153.5,112.0,,,,,,,,,,,,46.0,OVER,12.4,GOOD,WATCH
MLB,kevin gausman,Kevin Gausman,pitcher_strikeouts,919bdbd90145290fd9a5266e0fed035b,2026-09-03T23:15:00Z,,,5.5,5.5,5.5,8,100.0,0.0,103.0,-129.0,5.5,0.0,,,,,,,,,,46.7,UNDER,6.7,STRONG,WATCH
MLB,kevin gausman,Kevin Gausman,walks,919bdbd90145290fd9a5266e0fed035b,2026-09-03T23:15:00Z,,,1.5,1.5,1.5,2,100.0,0.0,-173.5,135.0,,,,,,,,,,,,39.2,OVER,19.7,LOW,PASS
MLB,kevin gausman chc,Kevin Gausman (CHC),pitcher_strikeouts,919bdbd90145290fd9a5266e0fed035b,2026-09-03T23:15:00Z,,,4.5,2.5,7.5,1,20.0,1.855,-225.0,,,,,,,,,,,,,28.6,NEUTRAL,50.0,LOW,PASS
MLB,kyle isbel,Kyle Isbel,hits,18307ff6045b1448e7ad3a1f2d836c6a,2026-09-03T23:40:00Z,,,0.5,0.5,0.5,1,100.0,0.0,-150.0,110.0,,,,,,,,,,,,35.0,OVER,11.5,LOW,PASS
MLB,kyle isbel,Kyle Isbel,hits_runs_rbis,18307ff6045b1448e7ad3a1f2d836c6a,2026-09-03T23:40:00Z,,,1.5,1.5,1.5,1,100.0,0.0,125.0,,,,,,,,,,,,,44.6,NEUTRAL,50.0,LOW,PASS
MLB,kyle isbel,Kyle Isbel,home_runs,18307ff6045b1448e7ad3a1f2d836c6a,2026-09-03T23:40:00Z,,,0.5,0.5,0.5,1,100.0,0.0,1150.0,-1233.0,,,,,,,,,,,,53.2,UNDER,84.1,LOW,PASS
MLB,kyle isbel,Kyle Isbel,rbis,18307ff6045b1448e7ad3a1f2d836c6a,2026-09-03T23:40:00Z,,,0.5,0.5,0.5,1,100.0,0.0,205.0,-295.0,,,,,,,,,,,,41.9,UNDER,39.0,LOW,PASS
MLB,kyle isbel,Kyle Isbel,stolen_bases,18307ff6045b1448e7ad3a1f2d836c6a,2026-09-03T23:40:00Z,,,0.5,0.5,0.5,1,100.0,0.0,900.0,,,,,,,,,,,,,44.6,NEUTRAL,50.0,LOW,PASS
MLB,kyle isbel,Kyle Isbel,total_bases,18307ff6045b1448e7ad3a1f2d836c6a,2026-09-03T23:40:00Z,,,0.5,0.5,0.5,1,100.0,0.0,-152.0,108.0,,,,,,,,,,,,35.0,OVER,11.3,LOW,PASS
MLB,kyle stowers,Kyle Stowers,hits,18307ff6045b1448e7ad3a1f2d836c6a,2026-09-03T23:40:00Z,,,0.5,0.5,0.5,2,100.0,0.0,-221.5,173.0,,,,,,,,,,,,41.9,OVER,30.6,LOW,PASS
MLB,kyle stowers,Kyle Stowers,hits_runs_rbis,18307ff6045b1448e7ad3a1f2d836c6a,2026-09-03T23:40:00Z,,,2.5,2.5,2.5,1,100.0,0.0,113.0,,,,,,,,,,,,,44.6,NEUTRAL,50.0,LOW,PASS
MLB,kyle stowers,Kyle Stowers,home_runs,18307ff6045b1448e7ad3a1f2d836c6a,2026-09-03T23:40:00Z,,,0.5,0.5,0.5,2,100.0,0.0,300.0,-392.0,,,,,,,,,,,,47.3,UNDER,52.2,LOW,PASS
MLB,kyle stowers,Kyle Stowers,rbis,18307ff6045b1448e7ad3a1f2d836c6a,2026-09-03T23:40:00Z,,,0.5,0.5,0.5,2,100.0,0.0,145.5,-188.0,,,,,,,,,,,,40.1,UNDER,23.2,LOW,PASS
MLB,kyle stowers,Kyle Stowers,runs,18307ff6045b1448e7ad3a1f2d836c6a,2026-09-03T23:40:00Z,,,0.5,0.5,0.5,1,100.0,0.0,-117.0,,0.5,0.0,,,,,,,,,,44.6,NEUTRAL,50.0,LOW,PASS
MLB,kyle stowers,Kyle Stowers,total_bases,18307ff6045b1448e7ad3a1f2d836c6a,2026-09-03T23:40:00Z,,,1.5,1.5,1.5,2,100.0,0.0,107.0,-136.0,1.5,0.0,,,,,,,,,,36.5,UNDER,8.8,LOW,PASS
MLB,kyle tucker,Kyle Tucker,home_runs,178e47f48ce23704395138f8f050b334,2026-09-04T02:10:00Z,,,0.5,0.5,0.5,1,100.0,0.0,600.0,-1268.0,,,,,,,,,,,,50.5,UNDER,73.3,LOW,PASS
MLB,lamonte wade,LaMonte Wade,doubles,4531806102eb01c9886a2ceb2b16b0b9,2026-09-03T18:10:00Z,,,0.5,0.5,0.5,2,100.0,0.0,550.0,-1000.0,,,,,,,,,,,,52.0,UNDER,71.1,LOW,PASS
MLB,lamonte wade,LaMonte Wade,hits,4531806102eb01c9886a2ceb2b16b0b9,2026-09-03T18:10:00Z,,,0.5,0.5,0.5,3,100.0,0.0,-115.0,-120.0,,,,,,,,,,,,36.7,UNDER,1.0,USABLE,WATCH
MLB,lamonte wade,LaMonte Wade,hits_runs_rbis,4531806102eb01c9886a2ceb2b16b0b9,2026-09-03T18:10:00Z,,,0.5,0.5,0.5,1,100.0,0.0,-150.0,105.0,,,,,,,,,,,,34.7,OVER,10.3,LOW,PASS
MLB,lamonte wade,LaMonte Wade,home_runs,4531806102eb01c9886a2ceb2b16b0b9,2026-09-03T18:10:00Z,,,0.5,0.5,0.5,2,100.0,0.0,775.0,-1400.0,,,,,,,,,,,,53.8,UNDER,78.2,LOW,PASS
MLB,lamonte wade,LaMonte Wade,rbis,4531806102eb01c9886a2ceb2b16b0b9,2026-09-03T18:10:00Z,,,0.5,0.5,0.5,2,100.0,0.0,260.0,-400.0,,,,,,,,,,,,46.4,UNDER,48.5,LOW,PASS
MLB,lamonte wade,LaMonte Wade,runs,4531806102eb01c9886a2ceb2b16b0b9,2026-09-03T18:10:00Z,,,0.5,0.5,0.5,1,100.0,0.0,160.0,-250.0,,,,,,,,,,,,39.6,UNDER,30.0,LOW,PASS
MLB,lamonte wade,LaMonte Wade,total_bases,4531806102eb01c9886a2ceb2b16b0b9,2026-09-03T18:10:00Z,,,0.5,0.5,0.5,2,100.0,0.0,-9.0,-124.0,,,,,,,,,,,,52.8,UNDER,74.0,LOW,PASS
MLB,lamonte wade jr,LaMonte Wade Jr.,hits,4531806102eb01c9886a2ceb2b16b0b9,2026-09-03T18:10:00Z,,,0.5,0.5,0.5,1,100.0,0.0,-160.0,-117.0,0.5,0.0,,,,,,,,,,33.8,OVER,6.6,LOW,PASS
MLB,lamonte wade jr,LaMonte Wade Jr.,home_runs,4531806102eb01c9886a2ceb2b16b0b9,2026-09-03T18:10:00Z,,,0.5,0.5,0.5,2,100.0,0.0,711.5,-900.0,,,,,,,,,,,,53.3,UNDER,75.9,LOW,PASS
MLB,lamonte wade jr,LaMonte Wade Jr.,rbis,4531806102eb01c9886a2ceb2b16b0b9,2026-09-03T18:10:00Z,,,0.5,0.5,0.5,1,100.0,0.0,250.0,-485.0,,,,,,,,,,,,44.3,UNDER,48.7,LOW,PASS
MLB,lamonte wade jr,LaMonte Wade Jr.,runs,4531806102eb01c9886a2ceb2b16b0b9,2026-09-03T18:10:00Z,,,0.5,0.5,0.5,1,100.0,0.0,136.0,-230.0,,,,,,,,,,,,38.2,UNDER,24.4,LOW,PASS
MLB,lawrence butler,Lawrence Butler,home_runs,0bbf9d80b06a1e1868b6224c751b8a2e,2026-09-04T01:40:00Z,,,0.5,0.5,0.5,1,100.0,0.0,840.0,-2631.0,,,,,,,,,,,,52.2,UNDER,80.1,LOW,PASS
MLB,lazaro montes,Lazaro Montes,home_runs,0bbf9d80b06a1e1868b6224c751b8a2e,2026-09-04T01:40:00Z,,,0.5,0.5,0.5,1,100.0,0.0,630.0,-1388.0,,,,,,,,,,,,50.7,UNDER,74.4,LOW,PASS
MLB,leody taveras,Leody Taveras,doubles,87e824da83d83bcea518867ca5c3d75f,2026-09-03T23:15:00Z,,,0.5,0.5,0.5,4,100.0,0.0,512.5,-967.5,,,,,,,,,,,,55.9,UNDER,69.5,USABLE,WATCH
MLB,leody taveras,Leody Taveras,hits,87e824da83d83bcea518867ca5c3d75f,2026-09-03T23:15:00Z,,,0.5,0.5,0.5,5,100.0,0.0,-145.0,107.5,,,,,,,,,,,,43.3,OVER,10.2,GOOD,WATCH
MLB,leody taveras,Leody Taveras,hits_runs_rbis,87e824da83d83bcea518867ca5c3d75f,2026-09-03T23:15:00Z,,,1.0,0.5,1.5,4,100.0,0.5,-30.5,130.0,,,,,,,,,,,,46.1,UNDER,30.1,USABLE,WATCH
MLB,leody taveras,Leody Taveras,home_runs,87e824da83d83bcea518867ca5c3d75f,2026-09-03T23:15:00Z,,,0.5,0.5,0.5,5,100.0,0.0,930.0,-3000.0,,,,,,,,,,,,61.2,UNDER,81.8,GOOD,WATCH
MLB,leody taveras,Leody Taveras,pitcher_strikeouts,87e824da83d83bcea518867ca5c3d75f,2026-09-03T23:15:00Z,,,0.5,0.5,0.5,2,100.0,0.0,-217.5,165.0,,,,,,,,,,,,41.5,OVER,29.0,LOW,PASS
MLB,leody taveras,Leody Taveras,rbis,87e824da83d83bcea518867ca5c3d75f,2026-09-03T23:15:00Z,,,0.5,0.5,0.5,6,100.0,0.0,250.0,-410.0,,,,,,,,,,,,54.7,UNDER,47.6,GOOD,WATCH
MLB,leody taveras,Leody Taveras,runs,87e824da83d83bcea518867ca5c3d75f,2026-09-03T23:15:00Z,,,0.5,0.5,0.5,7,100.0,0.0,180.0,-252.0,,,,,,,,,,,,53.4,UNDER,33.4,STRONG,WATCH
MLB,leody taveras,Leody Taveras,singles,87e824da83d83bcea518867ca5c3d75f,2026-09-03T23:15:00Z,,,0.5,0.5,0.5,3,100.0,0.0,101.0,-155.0,,,,,,,,,,,,38.9,UNDER,10.0,USABLE,WATCH
MLB,leody taveras,Leody Taveras,stolen_bases,87e824da83d83bcea518867ca5c3d75f,2026-09-03T23:15:00Z,,,0.5,0.5,0.5,6,100.0,0.0,587.5,-1325.0,,,,,,,,,,,,61.1,UNDER,72.9,GOOD,WATCH
MLB,leody taveras,Leody Taveras,total_bases,87e824da83d83bcea518867ca5c3d75f,2026-09-03T23:15:00Z,,,0.5,0.5,1.5,7,85.7,0.35,-140.0,105.0,,,,,,,,,,,,44.4,OVER,8.9,STRONG,WATCH
MLB,leody taveras,Leody Taveras,triples,87e824da83d83bcea518867ca5c3d75f,2026-09-03T23:15:00Z,,,0.5,0.5,0.5,2,100.0,0.0,1800.0,,,,,,,,,,,,,46.8,NEUTRAL,50.0,LOW,PASS
MLB,leody taveras,Leody Taveras,walks,87e824da83d83bcea518867ca5c3d75f,2026-09-03T23:15:00Z,,,0.5,0.5,0.5,1,100.0,0.0,240.0,-450.0,,,,,,,,,,,,43.9,UNDER,47.1,LOW,PASS
MLB,leody taveras bal,Leody Taveras (BAL),hits,87e824da83d83bcea518867ca5c3d75f,2026-09-03T23:15:00Z,,,1.5,1.5,1.5,1,100.0,0.0,125.0,-165.0,,,,,,,,,,,,36.3,UNDER,16.7,LOW,PASS
MLB,logan henderson,Logan Henderson,earned_runs,919bdbd90145290fd9a5266e0fed035b,2026-09-03T23:15:00Z,,,2.5,1.5,2.5,6,83.3,0.373,124.5,-175.0,,,,,,,,,,,,43.9,UNDER,17.6,GOOD,WATCH
MLB,logan henderson,Logan Henderson,hits_allowed,919bdbd90145290fd9a5266e0fed035b,2026-09-03T23:15:00Z,,,4.5,4.5,4.5,4,100.0,0.0,-113.5,-119.0,4.5,0.0,,,,,,,,,,38.8,UNDER,1.1,USABLE,WATCH
MLB,logan henderson,Logan Henderson,pitcher_strikeouts,919bdbd90145290fd9a5266e0fed035b,2026-09-03T23:15:00Z,,,5.5,5.5,5.5,10,100.0,0.0,-118.0,-109.5,5.5,0.0,,,,,,,,,,45.4,OVER,1.7,STRONG,WATCH
MLB,logan henderson,Logan Henderson,walks,919bdbd90145290fd9a5266e0fed035b,2026-09-03T23:15:00Z,,,1.5,1.5,1.5,2,100.0,0.0,3.0,-146.5,,,,,,,,,,,,40.3,OVER,24.1,LOW,PASS
MLB,logan henderson mil,Logan Henderson (MIL),pitcher_strikeouts,919bdbd90145290fd9a5266e0fed035b,2026-09-03T23:15:00Z,,,4.5,2.5,7.5,1,20.0,1.855,-250.0,,,,,,,,,,,,,28.6,NEUTRAL,50.0,LOW,PASS
MLB,luis castillo,Luis Castillo,earned_runs,4531806102eb01c9886a2ceb2b16b0b9,2026-09-03T18:10:00Z,,,2.5,2.5,2.5,2,100.0,0.0,-102.0,-134.0,,,,,,,,,,,,35.9,UNDER,6.3,LOW,PASS
MLB,luis castillo,Luis Castillo,hits_allowed,4531806102eb01c9886a2ceb2b16b0b9,2026-09-03T18:10:00Z,,,5.5,5.5,5.5,1,100.0,0.0,108.0,,,,,,,,,,,,,44.6,NEUTRAL,50.0,LOW,PASS
MLB,luis castillo,Luis Castillo,pitcher_strikeouts,4531806102eb01c9886a2ceb2b16b0b9,2026-09-03T18:10:00Z,,,4.5,3.5,5.5,5,66.7,0.577,0.5,-139.0,4.0,-0.5,,,,,,,,,,57.3,OVER,26.2,GOOD,WATCH
MLB,luis robert,Luis Robert,doubles,87e824da83d83bcea518867ca5c3d75f,2026-09-03T23:15:00Z,,,0.5,0.5,0.5,2,100.0,0.0,475.0,-750.0,,,,,,,,,,,,51.1,UNDER,67.1,LOW,PASS
MLB,luis robert,Luis Robert,hits,87e824da83d83bcea518867ca5c3d75f,2026-09-03T23:15:00Z,,,0.5,0.5,0.5,4,100.0,0.0,-172.5,130.0,,,,,,,,,,,,43.2,OVER,18.6,USABLE,WATCH
MLB,luis robert,Luis Robert,hits_runs_rbis,87e824da83d83bcea518867ca5c3d75f,2026-09-03T23:15:00Z,,,1.5,1.5,1.5,4,100.0,0.0,107.5,-145.5,,,,,,,,,,,,41.1,UNDER,10.3,USABLE,WATCH
MLB,luis robert,Luis Robert,home_runs,87e824da83d83bcea518867ca5c3d75f,2026-09-03T23:15:00Z,,,0.5,0.5,0.5,1,100.0,0.0,475.0,-750.0,,,,,,,,,,,,48.9,UNDER,67.1,LOW,PASS
MLB,luis robert,Luis Robert,pitcher_strikeouts,87e824da83d83bcea518867ca5c3d75f,2026-09-03T23:15:00Z,,,0.5,0.5,0.5,1,100.0,0.0,-185.0,,,,,,,,,,,,,44.6,NEUTRAL,50.0,LOW,PASS
MLB,luis robert,Luis Robert,rbis,87e824da83d83bcea518867ca5c3d75f,2026-09-03T23:15:00Z,,,0.5,0.5,0.5,3,100.0,0.0,180.0,-257.5,,,,,,,,,,,,44.9,UNDER,33.7,USABLE,WATCH
MLB,luis robert,Luis Robert,runs,87e824da83d83bcea518867ca5c3d75f,2026-09-03T23:15:00Z,,,0.5,0.5,0.5,2,100.0,0.0,140.5,-192.5,,,,,,,,,,,,39.9,UNDER,22.6,LOW,PASS
MLB,luis robert,Luis Robert,singles,87e824da83d83bcea518867ca5c3d75f,2026-09-03T23:15:00Z,,,0.5,0.5,0.5,4,100.0,0.0,108.5,-147.5,,,,,,,,,,,,41.3,UNDER,10.8,USABLE,WATCH
MLB,luis robert,Luis Robert,stolen_bases,87e824da83d83bcea518867ca5c3d75f,2026-09-03T23:15:00Z,,,0.5,0.5,0.5,4,100.0,0.0,562.5,-1140.0,,,,,,,,,,,,56.5,UNDER,71.8,USABLE,WATCH
MLB,luis robert,Luis Robert,total_bases,87e824da83d83bcea518867ca5c3d75f,2026-09-03T23:15:00Z,,,0.5,0.5,1.5,3,66.7,0.471,-165.0,125.0,,,,,,,,,,,,33.9,OVER,16.7,USABLE,WATCH
MLB,luis robert,Luis Robert,triples,87e824da83d83bcea518867ca5c3d75f,2026-09-03T23:15:00Z,,,0.5,0.5,0.5,2,100.0,0.0,1900.0,-15000.0,,,,,,,,,,,,56.9,UNDER,90.4,LOW,PASS
MLB,luis robert,Luis Robert,walks,87e824da83d83bcea518867ca5c3d75f,2026-09-03T23:15:00Z,,,0.5,0.5,0.5,1,100.0,0.0,270.0,-397.0,,,,,,,,,,,,44.5,UNDER,49.4,LOW,PASS
MLB,luis robert jr,Luis Robert Jr.,doubles,87e824da83d83bcea518867ca5c3d75f,2026-09-03T23:15:00Z,,,0.5,0.5,0.5,1,100.0,0.0,410.0,-915.0,,,,,,,,,,,,48.2,UNDER,64.3,LOW,PASS
MLB,luis robert jr,Luis Robert Jr.,hits,87e824da83d83bcea518867ca5c3d75f,2026-09-03T23:15:00Z,,,0.5,0.5,0.5,3,100.0,0.0,-186.0,134.5,,,,,,,,,,,,41.6,OVER,20.8,USABLE,WATCH
MLB,luis robert jr,Luis Robert Jr.,hits_runs_rbis,87e824da83d83bcea518867ca5c3d75f,2026-09-03T23:15:00Z,,,1.5,1.5,1.5,3,100.0,0.0,106.0,-152.5,,,,,,,,,,,,39.1,UNDER,10.9,USABLE,WATCH
MLB,luis robert jr,Luis Robert Jr.,home_runs,87e824da83d83bcea518867ca5c3d75f,2026-09-03T23:15:00Z,,,0.5,0.5,0.5,4,100.0,0.0,469.0,-788.0,,,,,,,,,,,,55.3,UNDER,66.9,USABLE,WATCH
MLB,luis robert jr,Luis Robert Jr.,rbis,87e824da83d83bcea518867ca5c3d75f,2026-09-03T23:15:00Z,,,0.5,0.5,0.5,3,100.0,0.0,215.0,-330.0,,,,,,,,,,,,46.8,UNDER,41.5,USABLE,WATCH
MLB,luis robert jr,Luis Robert Jr.,runs,87e824da83d83bcea518867ca5c3d75f,2026-09-03T23:15:00Z,,,0.5,0.5,0.5,2,100.0,0.0,141.0,-210.0,,,,,,,,,,,,40.3,UNDER,24.0,LOW,PASS
MLB,luis robert jr,Luis Robert Jr.,singles,87e824da83d83bcea518867ca5c3d75f,2026-09-03T23:15:00Z,,,0.5,0.5,0.5,2,100.0,0.0,2.5,-152.5,,,,,,,,,,,,40.2,OVER,23.5,LOW,PASS
MLB,luis robert jr,Luis Robert Jr.,stolen_bases,87e824da83d83bcea518867ca5c3d75f,2026-09-03T23:15:00Z,,,0.5,0.5,0.5,3,100.0,0.0,669.0,-1220.0,,,,,,,,,,,,55.3,UNDER,75.3,USABLE,WATCH
MLB,luis robert jr,Luis Robert Jr.,total_bases,87e824da83d83bcea518867ca5c3d75f,2026-09-03T23:15:00Z,,,1.5,1.5,1.5,1,100.0,0.0,135.0,,,,,,,,,,,,,44.6,NEUTRAL,50.0,LOW,PASS
MLB,matt shaw,Matt Shaw,hits,919bdbd90145290fd9a5266e0fed035b,2026-09-03T23:15:00Z,,,0.5,0.5,0.5,3,100.0,0.0,-115.0,-115.0,0.5,0.0,,,,,,,,,,36.4,UNDER,0.0,USABLE,WATCH
MLB,matt shaw,Matt Shaw,hits_runs_rbis,919bdbd90145290fd9a5266e0fed035b,2026-09-03T23:15:00Z,,,0.5,0.5,0.5,4,100.0,0.0,-170.0,125.0,,,,,,,,,,,,42.9,OVER,17.2,USABLE,WATCH
MLB,matt shaw,Matt Shaw,home_runs,919bdbd90145290fd9a5266e0fed035b,2026-09-03T23:15:00Z,,,0.5,0.5,0.5,3,100.0,0.0,733.0,-910.0,,,,,,,,,,,,55.5,UNDER,76.5,USABLE,WATCH
MLB,matt shaw,Matt Shaw,pitcher_strikeouts,919bdbd90145290fd9a5266e0fed035b,2026-09-03T23:15:00Z,,,0.5,0.5,0.5,1,100.0,0.0,-180.0,135.0,,,,,,,,,,,,37.2,OVER,20.3,LOW,PASS
MLB,matt shaw,Matt Shaw,rbis,919bdbd90145290fd9a5266e0fed035b,2026-09-03T23:15:00Z,,,0.5,0.5,0.5,4,100.0,0.0,250.0,-375.0,,,,,,,,,,,,50.3,UNDER,46.9,USABLE,WATCH
MLB,matt shaw,Matt Shaw,runs,919bdbd90145290fd9a5266e0fed035b,2026-09-03T23:15:00Z,,,0.5,0.5,0.5,3,100.0,0.0,186.0,-270.0,,,,,,,,,,,,45.2,UNDER,35.2,USABLE,WATCH
MLB,matt shaw,Matt Shaw,singles,919bdbd90145290fd9a5266e0fed035b,2026-09-03T23:15:00Z,,,0.5,0.5,0.5,4,100.0,0.0,139.5,-198.0,,,,,,,,,,,,44.3,UNDER,22.8,USABLE,WATCH
MLB,matt shaw,Matt Shaw,stolen_bases,919bdbd90145290fd9a5266e0fed035b,2026-09-03T23:15:00Z,,,0.5,0.5,0.5,4,100.0,0.0,900.0,-3700.0,,,,,,,,,,,,58.9,UNDER,81.4,USABLE,WATCH
MLB,matt shaw,Matt Shaw,total_bases,919bdbd90145290fd9a5266e0fed035b,2026-09-03T23:15:00Z,,,0.5,0.5,0.5,3,100.0,0.0,-112.0,-120.0,0.5,0.0,,,,,,,,,,36.8,UNDER,1.6,USABLE,WATCH
MLB,matt shaw,Matt Shaw,triples,919bdbd90145290fd9a5266e0fed035b,2026-09-03T23:15:00Z,,,0.5,0.5,0.5,1,100.0,0.0,1900.0,-20000.0,,,,,,,,,,,,54.8,UNDER,90.4,LOW,PASS
MLB,matt shaw,Matt Shaw,walks,919bdbd90145290fd9a5266e0fed035b,2026-09-03T23:15:00Z,,,0.5,0.5,0.5,2,100.0,0.0,262.5,-380.0,,,,,,,,,,,,46.4,UNDER,48.3,LOW,PASS
MLB,max muncy,Max Muncy,home_runs,0bbf9d80b06a1e1868b6224c751b8a2e,2026-09-04T01:40:00Z,,,0.5,0.5,0.5,1,100.0,0.0,620.0,-1347.0,,,,,,,,,,,,50.7,UNDER,74.0,LOW,PASS
MLB,michael busch,Michael Busch,doubles,919bdbd90145290fd9a5266e0fed035b,2026-09-03T23:15:00Z,,,0.5,0.5,0.5,2,100.0,0.0,437.5,-700.0,,,,,,,,,,,,50.5,UNDER,64.9,LOW,PASS
MLB,michael busch,Michael Busch,hits,919bdbd90145290fd9a5266e0fed035b,2026-09-03T23:15:00Z,,,0.5,0.5,0.5,6,100.0,0.0,-153.5,125.0,,,,,,,,,,,,46.7,OVER,15.3,GOOD,WATCH
MLB,michael busch,Michael Busch,hits_runs_rbis,919bdbd90145290fd9a5266e0fed035b,2026-09-03T23:15:00Z,,,1.5,1.5,1.5,4,100.0,0.0,113.5,-144.5,,,,,,,,,,,,41.5,UNDER,11.6,USABLE,WATCH
MLB,michael busch,Michael Busch,home_runs,919bdbd90145290fd9a5266e0fed035b,2026-09-03T23:15:00Z,,,0.5,0.5,0.5,5,100.0,0.0,450.0,-640.0,,,,,,,,,,,,57.0,UNDER,65.3,GOOD,WATCH
MLB,michael busch,Michael Busch,pitcher_strikeouts,919bdbd90145290fd9a5266e0fed035b,2026-09-03T23:15:00Z,,,1.5,1.5,1.5,1,100.0,0.0,170.0,-230.0,,,,,,,,,,,,39.8,UNDER,30.6,LOW,PASS
MLB,michael busch,Michael Busch,rbis,919bdbd90145290fd9a5266e0fed035b,2026-09-03T23:15:00Z,,,0.5,0.5,0.5,4,100.0,0.0,182.0,-245.0,,,,,,,,,,,,46.9,UNDER,33.4,USABLE,WATCH
MLB,michael busch,Michael Busch,runs,919bdbd90145290fd9a5266e0fed035b,2026-09-03T23:15:00Z,,,0.5,0.5,0.5,3,100.0,0.0,135.0,-187.0,,,,,,,,,,,,41.7,UNDER,21.0,USABLE,WATCH
MLB,michael busch,Michael Busch,singles,919bdbd90145290fd9a5266e0fed035b,2026-09-03T23:15:00Z,,,0.5,0.5,0.5,4,100.0,0.0,144.0,-200.0,,,,,,,,,,,,44.5,UNDER,23.9,USABLE,WATCH
MLB,michael busch,Michael Busch,stolen_bases,919bdbd90145290fd9a5266e0fed035b,2026-09-03T23:15:00Z,,,0.5,0.5,0.5,3,100.0,0.0,1000.0,-2122.0,,,,,,,,,,,,57.1,UNDER,82.6,USABLE,WATCH
MLB,michael busch,Michael Busch,total_bases,919bdbd90145290fd9a5266e0fed035b,2026-09-03T23:15:00Z,,,1.0,0.5,1.5,4,100.0,0.5,-3.0,121.0,,,,,,,,,,,,60.5,UNDER,87.9,USABLE,WATCH
MLB,michael busch,Michael Busch,triples,919bdbd90145290fd9a5266e0fed035b,2026-09-03T23:15:00Z,,,0.5,0.5,0.5,2,100.0,0.0,2150.0,-10000.0,,,,,,,,,,,,57.1,UNDER,91.4,LOW,PASS
MLB,michael busch,Michael Busch,walks,919bdbd90145290fd9a5266e0fed035b,2026-09-03T23:15:00Z,,,0.5,0.5,0.5,2,100.0,0.0,184.5,-255.0,,,,,,,,,,,,42.9,UNDER,34.3,LOW,PASS
MLB,michael conforto,Michael Conforto,doubles,919bdbd90145290fd9a5266e0fed035b,2026-09-03T23:15:00Z,,,0.5,0.5,0.5,1,100.0,0.0,550.0,-900.0,,,,,,,,,,,,49.8,UNDER,70.8,LOW,PASS
MLB,michael conforto,Michael Conforto,hits,919bdbd90145290fd9a5266e0fed035b,2026-09-03T23:15:00Z,,,0.5,0.5,0.5,3,100.0,0.0,-103.0,-120.0,0.5,0.0,,,,,,,,,,37.3,UNDER,3.6,USABLE,WATCH
MLB,michael conforto,Michael Conforto,hits_runs_rbis,919bdbd90145290fd9a5266e0fed035b,2026-09-03T23:15:00Z,,,0.5,0.5,0.5,3,100.0,0.0,-133.0,112.0,,,,,,,,,,,,38.8,OVER,9.5,USABLE,WATCH
MLB,michael conforto,Michael Conforto,home_runs,919bdbd90145290fd9a5266e0fed035b,2026-09-03T23:15:00Z,,,0.5,0.5,0.5,3,100.0,0.0,475.0,-750.0,,,,,,,,,,,,53.2,UNDER,67.1,USABLE,WATCH
MLB,michael conforto,Michael Conforto,pitcher_strikeouts,919bdbd90145290fd9a5266e0fed035b,2026-09-03T23:15:00Z,,,0.5,0.5,0.5,1,100.0,0.0,-250.0,185.0,,,,,,,,,,,,40.7,OVER,34.1,LOW,PASS
MLB,michael conforto,Michael Conforto,rbis,919bdbd90145290fd9a5266e0fed035b,2026-09-03T23:15:00Z,,,0.5,0.5,0.5,4,100.0,0.0,237.5,-347.5,,,,,,,,,,,,49.8,UNDER,44.8,USABLE,WATCH
MLB,michael conforto,Michael Conforto,runs,919bdbd90145290fd9a5266e0fed035b,2026-09-03T23:15:00Z,,,0.5,0.5,0.5,2,100.0,0.0,169.5,-242.5,,,,,,,,,,,,42.1,UNDER,31.2,LOW,PASS
MLB,michael conforto,Michael Conforto,singles,919bdbd90145290fd9a5266e0fed035b,2026-09-03T23:15:00Z,,,0.5,0.5,0.5,3,100.0,0.0,195.0,-300.0,,,,,,,,,,,,45.9,UNDER,37.7,USABLE,WATCH
MLB,michael conforto,Michael Conforto,stolen_bases,919bdbd90145290fd9a5266e0fed035b,2026-09-03T23:15:00Z,,,0.5,0.5,0.5,1,100.0,0.0,809.0,,,,,,,,,,,,,44.6,NEUTRAL,50.0,LOW,PASS
MLB,michael conforto,Michael Conforto,total_bases,919bdbd90145290fd9a5266e0fed035b,2026-09-03T23:15:00Z,,,0.5,0.5,1.5,5,60.0,0.49,-104.0,-134.0,0.5,0.0,,,,,,,,,,34.2,UNDER,5.8,GOOD,WATCH
MLB,michael conforto,Michael Conforto,walks,919bdbd90145290fd9a5266e0fed035b,2026-09-03T23:15:00Z,,,0.5,0.5,0.5,1,100.0,0.0,250.0,-350.0,,,,,,,,,,,,43.7,UNDER,46.3,LOW,PASS
MLB,michael massey,Michael Massey,hits,18307ff6045b1448e7ad3a1f2d836c6a,2026-09-03T23:40:00Z,,,0.5,0.5,0.5,2,100.0,0.0,-181.0,155.0,,,,,,,,,,,,40.4,OVER,24.3,LOW,PASS
MLB,michael massey,Michael Massey,home_runs,18307ff6045b1448e7ad3a1f2d836c6a,2026-09-03T23:40:00Z,,,0.5,0.5,0.5,1,100.0,0.0,700.0,-770.0,,,,,,,,,,,,51.0,UNDER,75.2,LOW,PASS
MLB,michael massey,Michael Massey,rbis,18307ff6045b1448e7ad3a1f2d836c6a,2026-09-03T23:40:00Z,,,0.5,0.5,0.5,1,100.0,0.0,200.0,-278.0,,,,,,,,,,,,41.5,UNDER,37.6,LOW,PASS
MLB,michael massey,Michael Massey,runs,18307ff6045b1448e7ad3a1f2d836c6a,2026-09-03T23:40:00Z,,,0.5,0.5,0.5,1,100.0,0.0,160.0,,,,,,,,,,,,,44.6,NEUTRAL,50.0,LOW,PASS
MLB,michael massey,Michael Massey,total_bases,18307ff6045b1448e7ad3a1f2d836c6a,2026-09-03T23:40:00Z,,,1.5,1.5,1.5,1,100.0,0.0,188.0,-278.0,,,,,,,,,,,,41.1,UNDER,35.9,LOW,PASS
MLB,michael wacha,Michael Wacha,earned_runs,18307ff6045b1448e7ad3a1f2d836c6a,2026-09-03T23:40:00Z,,,2.5,2.5,2.5,2,100.0,0.0,-138.0,113.5,,,,,,,,,,,,36.9,OVER,10.6,LOW,PASS
MLB,michael wacha,Michael Wacha,hits_allowed,18307ff6045b1448e7ad3a1f2d836c6a,2026-09-03T23:40:00Z,,,5.5,5.5,5.5,2,100.0,0.0,-132.0,108.5,5.5,0.0,,,,,,,,,,36.4,OVER,8.5,LOW,PASS
MLB,michael wacha,Michael Wacha,pitcher_strikeouts,18307ff6045b1448e7ad3a1f2d836c6a,2026-09-03T23:40:00Z,,,4.5,3.5,5.5,4,50.0,0.707,-152.0,107.0,5.0,0.5,,,,,,,,,,48.0,OVER,11.1,USABLE,WATCH
MLB,michael wacha,Michael Wacha,walks,18307ff6045b1448e7ad3a1f2d836c6a,2026-09-03T23:40:00Z,,,1.5,1.5,1.5,1,100.0,0.0,-100.0,-147.0,,,,,,,,,,,,34.3,UNDER,8.7,LOW,PASS
MLB,michael wacha kc,Michael Wacha (KC),earned_runs,18307ff6045b1448e7ad3a1f2d836c6a,2026-09-03T23:40:00Z,,,2.5,2.5,2.5,1,100.0,0.0,-140.0,,,,,,,,,,,,,44.6,NEUTRAL,50.0,LOW,PASS
MLB,michael wacha kc,Michael Wacha (KC),pitcher_outs,18307ff6045b1448e7ad3a1f2d836c6a,2026-09-03T23:40:00Z,,,17.5,17.5,17.5,1,100.0,0.0,-165.0,125.0,,,,,,,,,,,,36.3,OVER,16.7,LOW,PASS
MLB,michael wacha kc,Michael Wacha (KC),pitcher_strikeouts,18307ff6045b1448e7ad3a1f2d836c6a,2026-09-03T23:40:00Z,,,4.5,4.5,4.5,1,100.0,0.0,-200.0,,,,,,,,,,,,,44.6,NEUTRAL,50.0,LOW,PASS
MLB,mickey gasper,Mickey Gasper,doubles,87e824da83d83bcea518867ca5c3d75f,2026-09-03T23:15:00Z,,,0.5,0.5,0.5,2,100.0,0.0,425.0,-675.0,,,,,,,,,,,,50.3,UNDER,64.1,LOW,PASS
MLB,mickey gasper,Mickey Gasper,hits,87e824da83d83bcea518867ca5c3d75f,2026-09-03T23:15:00Z,,,0.5,0.5,0.5,5,100.0,0.0,-199.0,165.0,,,,,,,,,,,,47.6,OVER,27.6,GOOD,WATCH
MLB,mickey gasper,Mickey Gasper,hits_runs_rbis,87e824da83d83bcea518867ca5c3d75f,2026-09-03T23:15:00Z,,,1.5,1.5,1.5,4,100.0,0.0,-117.5,-1.5,1.5,0.0,,,,,,,,,,62.2,OVER,94.7,USABLE,WATCH
MLB,mickey gasper,Mickey Gasper,home_runs,87e824da83d83bcea518867ca5c3d75f,2026-09-03T23:15:00Z,,,0.5,0.5,0.5,2,100.0,0.0,554.5,-1010.0,,,,,,,,,,,,52.1,UNDER,71.2,LOW,PASS
MLB,mickey gasper,Mickey Gasper,pitcher_strikeouts,87e824da83d83bcea518867ca5c3d75f,2026-09-03T23:15:00Z,,,0.5,0.5,0.5,1,100.0,0.0,-130.0,,,,,,,,,,,,,44.6,NEUTRAL,50.0,LOW,PASS
MLB,mickey gasper,Mickey Gasper,rbis,87e824da83d83bcea518867ca5c3d75f,2026-09-03T23:15:00Z,,,0.5,0.5,0.5,5,100.0,0.0,175.0,-242.5,,,,,,,,,,,,48.7,UNDER,32.1,GOOD,WATCH
MLB,mickey gasper,Mickey Gasper,runs,87e824da83d83bcea518867ca5c3d75f,2026-09-03T23:15:00Z,,,0.5,0.5,0.5,3,100.0,0.0,115.0,-148.0,,,,,,,,,,,,39.5,UNDER,12.4,USABLE,WATCH
MLB,mickey gasper,Mickey Gasper,singles,87e824da83d83bcea518867ca5c3d75f,2026-09-03T23:15:00Z,,,0.5,0.5,0.5,2,100.0,0.0,-113.5,-123.5,0.5,0.0,,,,,,,,,,34.8,UNDER,1.9,LOW,PASS
MLB,mickey gasper,Mickey Gasper,total_bases,87e824da83d83bcea518867ca5c3d75f,2026-09-03T23:15:00Z,,,1.5,1.5,1.5,5,100.0,0.0,133.0,-175.0,,,,,,,,,,,,45.6,UNDER,19.4,GOOD,WATCH
MLB,mickey gasper,Mickey Gasper,triples,87e824da83d83bcea518867ca5c3d75f,2026-09-03T23:15:00Z,,,0.5,0.5,0.5,1,100.0,0.0,2000.0,,,,,,,,,,,,,44.6,NEUTRAL,50.0,LOW,PASS
MLB,miguel amaya,Miguel Amaya,home_runs,919bdbd90145290fd9a5266e0fed035b,2026-09-03T23:15:00Z,,,0.5,0.5,0.5,1,100.0,0.0,733.0,,,,,,,,,,,,,44.6,NEUTRAL,50.0,LOW,PASS
MLB,miguel vargas,Miguel Vargas,doubles,4531806102eb01c9886a2ceb2b16b0b9,2026-09-03T18:10:00Z,,,0.5,0.5,0.5,1,100.0,0.0,450.0,-700.0,,,,,,,,,,,,48.5,UNDER,65.6,LOW,PASS
MLB,miguel vargas,Miguel Vargas,hits,4531806102eb01c9886a2ceb2b16b0b9,2026-09-03T18:10:00Z,,,0.5,0.5,0.5,4,100.0,0.0,-217.5,150.0,,,,,,,,,,,,45.1,OVER,26.3,USABLE,WATCH
MLB,miguel vargas,Miguel Vargas,hits_runs_rbis,4531806102eb01c9886a2ceb2b16b0b9,2026-09-03T18:10:00Z,,,1.5,1.5,1.5,3,100.0,0.0,105.0,-127.0,1.5,0.0,,,,,,,,,,38.1,UNDER,6.8,USABLE,WATCH
MLB,miguel vargas,Miguel Vargas,home_runs,4531806102eb01c9886a2ceb2b16b0b9,2026-09-03T18:10:00Z,,,0.5,0.5,0.5,4,100.0,0.0,467.5,-819.0,,,,,,,,,,,,55.3,UNDER,67.0,USABLE,WATCH
MLB,miguel vargas,Miguel Vargas,rbis,4531806102eb01c9886a2ceb2b16b0b9,2026-09-03T18:10:00Z,,,0.5,0.5,0.5,3,100.0,0.0,155.0,-225.0,,,,,,,,,,,,43.3,UNDER,27.7,USABLE,WATCH
MLB,miguel vargas,Miguel Vargas,runs,4531806102eb01c9886a2ceb2b16b0b9,2026-09-03T18:10:00Z,,,0.5,0.5,0.5,3,100.0,0.0,115.0,-198.0,,,,,,,,,,,,40.8,UNDER,17.6,USABLE,WATCH
MLB,miguel vargas,Miguel Vargas,singles,4531806102eb01c9886a2ceb2b16b0b9,2026-09-03T18:10:00Z,,,0.5,0.5,0.5,2,100.0,0.0,-124.0,-162.0,,,,,,,,,,,,35.7,UNDER,5.5,LOW,PASS
MLB,miguel vargas,Miguel Vargas,stolen_bases,4531806102eb01c9886a2ceb2b16b0b9,2026-09-03T18:10:00Z,,,0.5,0.5,0.5,2,100.0,0.0,725.0,-1600.0,,,,,,,,,,,,53.6,UNDER,77.2,LOW,PASS
MLB,miguel vargas,Miguel Vargas,total_bases,4531806102eb01c9886a2ceb2b16b0b9,2026-09-03T18:10:00Z,,,1.5,0.5,1.5,3,66.7,0.471,115.0,-35.0,,,,,,,,,,,,36.9,OVER,28.4,USABLE,WATCH
MLB,miguel vargas,Miguel Vargas,triples,4531806102eb01c9886a2ceb2b16b0b9,2026-09-03T18:10:00Z,,,0.5,0.5,0.5,1,100.0,0.0,4000.0,,,,,,,,,,,,,44.6,NEUTRAL,50.0,LOW,PASS
MLB,mookie betts,Mookie Betts,home_runs,178e47f48ce23704395138f8f050b334,2026-09-04T02:10:00Z,,,0.5,0.5,0.5,1,100.0,0.0,450.0,-792.0,,,,,,,,,,,,48.6,UNDER,66.0,LOW,PASS
MLB,munetaka murakami,Munetaka Murakami,doubles,4531806102eb01c9886a2ceb2b16b0b9,2026-09-03T18:10:00Z,,,0.5,0.5,0.5,1,100.0,0.0,475.0,-800.0,,,,,,,,,,,,49.0,UNDER,67.3,LOW,PASS
MLB,munetaka murakami,Munetaka Murakami,hits,4531806102eb01c9886a2ceb2b16b0b9,2026-09-03T18:10:00Z,,,0.5,0.5,0.5,3,100.0,0.0,-132.0,-1.0,0.5,0.0,,,,,,,,,,60.6,OVER,96.6,USABLE,WATCH
MLB,munetaka murakami,Munetaka Murakami,hits_runs_rbis,4531806102eb01c9886a2ceb2b16b0b9,2026-09-03T18:10:00Z,,,1.5,1.5,1.5,2,100.0,0.0,125.0,-144.5,,,,,,,,,,,,37.8,UNDER,14.2,LOW,PASS
MLB,munetaka murakami,Munetaka Murakami,home_runs,4531806102eb01c9886a2ceb2b16b0b9,2026-09-03T18:10:00Z,,,0.5,0.5,0.5,2,100.0,0.0,457.5,-650.0,,,,,,,,,,,,50.7,UNDER,65.7,LOW,PASS
MLB,munetaka murakami,Munetaka Murakami,rbis,4531806102eb01c9886a2ceb2b16b0b9,2026-09-03T18:10:00Z,,,0.5,0.5,0.5,2,100.0,0.0,199.0,-295.0,,,,,,,,,,,,43.8,UNDER,38.1,LOW,PASS
MLB,munetaka murakami,Munetaka Murakami,runs,4531806102eb01c9886a2ceb2b16b0b9,2026-09-03T18:10:00Z,,,0.5,0.5,0.5,2,100.0,0.0,119.5,-195.0,,,,,,,,,,,,38.9,UNDER,18.4,LOW,PASS
MLB,munetaka murakami,Munetaka Murakami,stolen_bases,4531806102eb01c9886a2ceb2b16b0b9,2026-09-03T18:10:00Z,,,0.5,0.5,0.5,1,100.0,0.0,900.0,-2000.0,,,,,,,,,,,,52.4,UNDER,81.0,LOW,PASS
MLB,munetaka murakami,Munetaka Murakami,total_bases,4531806102eb01c9886a2ceb2b16b0b9,2026-09-03T18:10:00Z,,,1.0,0.5,1.5,2,100.0,0.5,34.5,-275.0,0.5,-0.5,,,,,,,,,,64.5,OVER,0.7,LOW,PASS
MLB,myles straw,Myles Straw,hits,3ffba29c7cccfbdb0cb05ee26cd7d550,2026-09-03T17:10:00Z,,,0.5,0.5,0.5,1,100.0,0.0,-145.0,110.0,,,,,,,,,,,,34.8,OVER,10.8,LOW,PASS
MLB,myles straw,Myles Straw,rbis,3ffba29c7cccfbdb0cb05ee26cd7d550,2026-09-03T17:10:00Z,,,0.5,0.5,0.5,1,100.0,0.0,285.0,-450.0,,,,,,,,,,,,45.1,UNDER,51.8,LOW,PASS
MLB,myles straw,Myles Straw,total_bases,3ffba29c7cccfbdb0cb05ee26cd7d550,2026-09-03T17:10:00Z,,,0.5,0.5,0.5,1,100.0,0.0,-140.0,105.0,,,,,,,,,,,,34.4,OVER,8.9,LOW,PASS
MLB,nate furman,Nate Furman,doubles,4b25e965b62d7c19e2aa8fbfff667da3,2026-09-03T16:35:00Z,,,0.5,0.5,0.5,1,100.0,0.0,600.0,-1000.0,,,,,,,,,,,,50.4,UNDER,72.8,LOW,PASS
MLB,nate furman,Nate Furman,hits,4b25e965b62d7c19e2aa8fbfff667da3,2026-09-03T16:35:00Z,,,0.5,0.5,0.5,1,100.0,0.0,-148.0,107.0,0.5,0.0,,,,,,,,,,34.8,OVER,10.5,LOW,PASS
MLB,nate furman,Nate Furman,home_runs,4b25e965b62d7c19e2aa8fbfff667da3,2026-09-03T16:35:00Z,,,0.5,0.5,0.5,1,100.0,0.0,1200.0,-3000.0,,,,,,,,,,,,53.5,UNDER,85.3,LOW,PASS
MLB,nate furman,Nate Furman,rbis,4b25e965b62d7c19e2aa8fbfff667da3,2026-09-03T16:35:00Z,,,0.5,0.5,0.5,1,100.0,0.0,215.0,-315.0,,,,,,,,,,,,42.4,UNDER,41.0,LOW,PASS
MLB,nate furman,Nate Furman,runs,4b25e965b62d7c19e2aa8fbfff667da3,2026-09-03T16:35:00Z,,,0.5,0.5,0.5,1,100.0,0.0,195.0,-375.0,,,,,,,,,,,,42.1,UNDER,39.9,LOW,PASS
MLB,nate furman,Nate Furman,stolen_bases,4b25e965b62d7c19e2aa8fbfff667da3,2026-09-03T16:35:00Z,,,0.5,0.5,0.5,1,100.0,0.0,1300.0,-5000.0,,,,,,,,,,,,53.7,UNDER,86.4,LOW,PASS
MLB,nate furman,Nate Furman,total_bases,4b25e965b62d7c19e2aa8fbfff667da3,2026-09-03T16:35:00Z,,,0.5,0.5,0.5,1,100.0,0.0,-148.0,105.0,0.5,0.0,,,,,,,,,,34.7,OVER,10.0,LOW,PASS
MLB,nathan lukes,Nathan Lukes,doubles,3ffba29c7cccfbdb0cb05ee26cd7d550,2026-09-03T17:10:00Z,,,0.5,0.5,0.5,1,100.0,0.0,400.0,-600.0,,,,,,,,,,,,47.7,UNDER,62.2,LOW,PASS
MLB,nathan lukes,Nathan Lukes,hits,3ffba29c7cccfbdb0cb05ee26cd7d550,2026-09-03T17:10:00Z,,,0.5,0.5,0.5,3,100.0,0.0,-205.0,129.0,,,,,,,,,,,,41.7,OVER,21.2,USABLE,WATCH
MLB,nathan lukes,Nathan Lukes,home_runs,3ffba29c7cccfbdb0cb05ee26cd7d550,2026-09-03T17:10:00Z,,,0.5,0.5,0.5,3,100.0,0.0,800.0,-1300.0,,,,,,,,,,,,56.1,UNDER,78.6,USABLE,WATCH
MLB,nathan lukes,Nathan Lukes,rbis,3ffba29c7cccfbdb0cb05ee26cd7d550,2026-09-03T17:10:00Z,,,0.5,0.5,0.5,3,100.0,0.0,220.0,-326.5,,,,,,,,,,,,46.9,UNDER,42.0,USABLE,WATCH
MLB,nathan lukes,Nathan Lukes,runs,3ffba29c7cccfbdb0cb05ee26cd7d550,2026-09-03T17:10:00Z,,,0.5,0.5,0.5,2,100.0,0.0,242.5,-280.0,,,,,,,,,,,,45.1,UNDER,43.2,LOW,PASS
MLB,nathan lukes,Nathan Lukes,total_bases,3ffba29c7cccfbdb0cb05ee26cd7d550,2026-09-03T17:10:00Z,,,1.0,0.5,1.5,2,100.0,0.5,2.5,-60.0,,,,,,,,,,,,45.4,OVER,44.5,LOW,PASS
MLB,nathaniel lowe,Nathaniel Lowe,doubles,3ffba29c7cccfbdb0cb05ee26cd7d550,2026-09-03T17:10:00Z,,,0.5,0.5,0.5,1,100.0,0.0,450.0,-750.0,,,,,,,,,,,,48.6,UNDER,65.8,LOW,PASS
MLB,nathaniel lowe,Nathaniel Lowe,hits,3ffba29c7cccfbdb0cb05ee26cd7d550,2026-09-03T17:10:00Z,,,0.5,0.5,0.5,2,100.0,0.0,-176.0,126.5,,,,,,,,,,,,38.8,OVER,18.2,LOW,PASS
MLB,nathaniel lowe,Nathaniel Lowe,hits_runs_rbis,3ffba29c7cccfbdb0cb05ee26cd7d550,2026-09-03T17:10:00Z,,,1.5,1.5,1.5,1,100.0,0.0,-115.0,-125.0,,,,,,,,,,,,32.6,UNDER,1.9,LOW,PASS
MLB,nathaniel lowe,Nathaniel Lowe,home_runs,3ffba29c7cccfbdb0cb05ee26cd7d550,2026-09-03T17:10:00Z,,,0.5,0.5,0.5,2,100.0,0.0,1125.0,-1800.0,,,,,,,,,,,,55.3,UNDER,84.1,LOW,PASS
MLB,nathaniel lowe,Nathaniel Lowe,rbis,3ffba29c7cccfbdb0cb05ee26cd7d550,2026-09-03T17:10:00Z,,,0.5,0.5,0.5,3,100.0,0.0,190.0,-280.0,,,,,,,,,,,,45.5,UNDER,36.2,USABLE,WATCH
MLB,nathaniel lowe,Nathaniel Lowe,runs,3ffba29c7cccfbdb0cb05ee26cd7d550,2026-09-03T17:10:00Z,,,0.5,0.5,0.5,2,100.0,0.0,335.0,-350.0,,,,,,,,,,,,47.9,UNDER,54.4,LOW,PASS
MLB,nathaniel lowe,Nathaniel Lowe,total_bases,3ffba29c7cccfbdb0cb05ee26cd7d550,2026-09-03T17:10:00Z,,,0.5,0.5,1.5,3,66.7,0.471,-175.0,120.0,,,,,,,,,,,,33.9,OVER,16.7,USABLE,WATCH
MLB,nick gonzales,Nick Gonzales,doubles,4b25e965b62d7c19e2aa8fbfff667da3,2026-09-03T16:35:00Z,,,0.5,0.5,0.5,1,100.0,0.0,350.0,-550.0,,,,,,,,,,,,46.7,UNDER,58.4,LOW,PASS
MLB,nick gonzales,Nick Gonzales,hits,4b25e965b62d7c19e2aa8fbfff667da3,2026-09-03T16:35:00Z,,,1.5,1.5,1.5,1,100.0,0.0,170.0,-240.0,,,,,,,,,,,,39.9,UNDER,31.2,LOW,PASS
MLB,nick gonzales,Nick Gonzales,home_runs,4b25e965b62d7c19e2aa8fbfff667da3,2026-09-03T16:35:00Z,,,0.5,0.5,0.5,1,100.0,0.0,1000.0,-2200.0,,,,,,,,,,,,52.8,UNDER,82.6,LOW,PASS
MLB,nick gonzales,Nick Gonzales,rbis,4b25e965b62d7c19e2aa8fbfff667da3,2026-09-03T16:35:00Z,,,0.5,0.5,0.5,1,100.0,0.0,128.0,-175.0,,,,,,,,,,,,36.7,UNDER,18.4,LOW,PASS
MLB,nick gonzales,Nick Gonzales,runs,4b25e965b62d7c19e2aa8fbfff667da3,2026-09-03T16:35:00Z,,,0.5,0.5,0.5,1,100.0,0.0,425.0,-850.0,,,,,,,,,,,,48.4,UNDER,64.9,LOW,PASS
MLB,nick gonzales,Nick Gonzales,stolen_bases,4b25e965b62d7c19e2aa8fbfff667da3,2026-09-03T16:35:00Z,,,0.5,0.5,0.5,1,100.0,0.0,1400.0,-6000.0,,,,,,,,,,,,54.0,UNDER,87.3,LOW,PASS
MLB,nick gonzales,Nick Gonzales,total_bases,4b25e965b62d7c19e2aa8fbfff667da3,2026-09-03T16:35:00Z,,,1.5,1.5,1.5,1,100.0,0.0,123.0,-175.0,,,,,,,,,,,,36.5,UNDER,17.3,LOW,PASS
MLB,nick loftin,Nick Loftin,hits,18307ff6045b1448e7ad3a1f2d836c6a,2026-09-03T23:40:00Z,,,0.5,0.5,0.5,2,100.0,0.0,-207.0,155.0,,,,,,,,,,,,40.9,OVER,26.5,LOW,PASS
MLB,nick loftin,Nick Loftin,rbis,18307ff6045b1448e7ad3a1f2d836c6a,2026-09-03T23:40:00Z,,,0.5,0.5,0.5,2,100.0,0.0,236.0,-316.0,,,,,,,,,,,,45.2,UNDER,43.7,LOW,PASS
MLB,nick loftin,Nick Loftin,runs,18307ff6045b1448e7ad3a1f2d836c6a,2026-09-03T23:40:00Z,,,0.5,0.5,0.5,1,100.0,0.0,156.0,,,,,,,,,,,,,44.6,NEUTRAL,50.0,LOW,PASS
MLB,nick loftin,Nick Loftin,stolen_bases,18307ff6045b1448e7ad3a1f2d836c6a,2026-09-03T23:40:00Z,,,0.5,0.5,0.5,1,100.0,0.0,809.0,,,,,,,,,,,,,44.6,NEUTRAL,50.0,LOW,PASS
MLB,nick loftin,Nick Loftin,total_bases,18307ff6045b1448e7ad3a1f2d836c6a,2026-09-03T23:40:00Z,,,1.5,1.5,1.5,2,100.0,0.0,153.0,-235.0,,,,,,,,,,,,41.3,UNDER,27.9,LOW,PASS
MLB,nick sogard,Nick Sogard,doubles,87e824da83d83bcea518867ca5c3d75f,2026-09-03T23:15:00Z,,,0.5,0.5,0.5,2,100.0,0.0,425.0,-675.0,,,,,,,,,,,,50.3,UNDER,64.1,LOW,PASS
MLB,nick sogard,Nick Sogard,hits,87e824da83d83bcea518867ca5c3d75f,2026-09-03T23:15:00Z,,,0.5,0.5,0.5,4,100.0,0.0,-188.0,140.0,,,,,,,,,,,,44.1,OVER,22.1,USABLE,WATCH
MLB,nick sogard,Nick Sogard,hits_runs_rbis,87e824da83d83bcea518867ca5c3d75f,2026-09-03T23:15:00Z,,,1.5,1.5,1.5,3,100.0,0.0,110.0,-152.5,,,,,,,,,,,,39.4,UNDER,11.8,USABLE,WATCH
MLB,nick sogard,Nick Sogard,home_runs,87e824da83d83bcea518867ca5c3d75f,2026-09-03T23:15:00Z,,,0.5,0.5,0.5,2,100.0,0.0,901.5,-1600.0,,,,,,,,,,,,54.5,UNDER,80.8,LOW,PASS
MLB,nick sogard,Nick Sogard,pitcher_strikeouts,87e824da83d83bcea518867ca5c3d75f,2026-09-03T23:15:00Z,,,0.5,0.5,0.5,1,100.0,0.0,-165.0,,,,,,,,,,,,,44.6,NEUTRAL,50.0,LOW,PASS
MLB,nick sogard,Nick Sogard,rbis,87e824da83d83bcea518867ca5c3d75f,2026-09-03T23:15:00Z,,,0.5,0.5,0.5,4,100.0,0.0,222.5,-325.0,,,,,,,,,,,,49.1,UNDER,42.3,USABLE,WATCH
MLB,nick sogard,Nick Sogard,runs,87e824da83d83bcea518867ca5c3d75f,2026-09-03T23:15:00Z,,,0.5,0.5,0.5,3,100.0,0.0,147.0,-202.5,,,,,,,,,,,,42.6,UNDER,24.6,USABLE,WATCH
MLB,nick sogard,Nick Sogard,singles,87e824da83d83bcea518867ca5c3d75f,2026-09-03T23:15:00Z,,,0.5,0.5,0.5,1,100.0,0.0,-110.0,-120.0,0.5,0.0,,,,,,,,,,32.6,UNDER,2.0,LOW,PASS
MLB,nick sogard,Nick Sogard,stolen_bases,87e824da83d83bcea518867ca5c3d75f,2026-09-03T23:15:00Z,,,0.5,0.5,0.5,3,100.0,0.0,1150.0,-6000.0,,,,,,,,,,,,57.7,UNDER,85.0,USABLE,WATCH
MLB,nick sogard,Nick Sogard,total_bases,87e824da83d83bcea518867ca5c3d75f,2026-09-03T23:15:00Z,,,1.5,0.5,1.5,3,66.7,0.471,153.0,-71.5,,,,,,,,,,,,30.4,UNDER,2.7,USABLE,WATCH
MLB,nico hoerner,Nico Hoerner,doubles,919bdbd90145290fd9a5266e0fed035b,2026-09-03T23:15:00Z,,,0.5,0.5,0.5,1,100.0,0.0,475.0,-750.0,,,,,,,,,,,,48.9,UNDER,67.1,LOW,PASS
MLB,nico hoerner,Nico Hoerner,hits,919bdbd90145290fd9a5266e0fed035b,2026-09-03T23:15:00Z,,,0.5,0.5,0.5,3,100.0,0.0,-213.0,144.0,,,,,,,,,,,,42.6,OVER,24.8,USABLE,WATCH
MLB,nico hoerner,Nico Hoerner,hits_runs_rbis,919bdbd90145290fd9a5266e0fed035b,2026-09-03T23:15:00Z,,,1.5,1.5,1.5,2,100.0,0.0,3.0,-117.5,,,,,,,,,,,,41.4,OVER,28.5,LOW,PASS
MLB,nico hoerner,Nico Hoerner,home_runs,919bdbd90145290fd9a5266e0fed035b,2026-09-03T23:15:00Z,,,0.5,0.5,0.5,2,100.0,0.0,1216.5,-2866.5,,,,,,,,,,,,55.6,UNDER,85.4,LOW,PASS
MLB,nico hoerner,Nico Hoerner,rbis,919bdbd90145290fd9a5266e0fed035b,2026-09-03T23:15:00Z,,,0.5,0.5,0.5,1,100.0,0.0,200.0,-295.0,,,,,,,,,,,,41.7,UNDER,38.3,LOW,PASS
MLB,nico hoerner,Nico Hoerner,runs,919bdbd90145290fd9a5266e0fed035b,2026-09-03T23:15:00Z,,,0.5,0.5,0.5,2,100.0,0.0,169.0,-225.0,,,,,,,,,,,,41.8,UNDER,30.1,LOW,PASS
MLB,nico hoerner,Nico Hoerner,stolen_bases,919bdbd90145290fd9a5266e0fed035b,2026-09-03T23:15:00Z,,,0.5,0.5,0.5,2,100.0,0.0,645.5,-1200.0,,,,,,,,,,,,52.9,UNDER,74.6,LOW,PASS
MLB,nico hoerner,Nico Hoerner,total_bases,919bdbd90145290fd9a5266e0fed035b,2026-09-03T23:15:00Z,,,0.5,0.5,0.5,1,100.0,0.0,-177.0,128.0,,,,,,,,,,,,36.8,OVER,18.6,LOW,PASS
MLB,oneil cruz,Oneil Cruz,doubles,4b25e965b62d7c19e2aa8fbfff667da3,2026-09-03T16:35:00Z,,,0.5,0.5,0.5,1,100.0,0.0,400.0,-650.0,,,,,,,,,,,,47.8,UNDER,62.5,LOW,PASS
MLB,oneil cruz,Oneil Cruz,hits,4b25e965b62d7c19e2aa8fbfff667da3,2026-09-03T16:35:00Z,,,0.5,0.5,0.5,1,100.0,0.0,-190.0,138.0,,,,,,,,,,,,37.6,OVER,21.9,LOW,PASS
MLB,oneil cruz,Oneil Cruz,home_runs,4b25e965b62d7c19e2aa8fbfff667da3,2026-09-03T16:35:00Z,,,0.5,0.5,0.5,1,100.0,0.0,425.0,-475.0,,,,,,,,,,,,47.8,UNDER,62.5,LOW,PASS
MLB,oneil cruz,Oneil Cruz,rbis,4b25e965b62d7c19e2aa8fbfff667da3,2026-09-03T16:35:00Z,,,0.5,0.5,0.5,1,100.0,0.0,112.0,-152.0,,,,,,,,,,,,35.2,UNDER,12.2,LOW,PASS
MLB,oneil cruz,Oneil Cruz,runs,4b25e965b62d7c19e2aa8fbfff667da3,2026-09-03T16:35:00Z,,,0.5,0.5,0.5,1,100.0,0.0,210.0,-325.0,0.5,0.0,,,,,,,,,,42.3,UNDER,40.7,LOW,PASS
MLB,oneil cruz,Oneil Cruz,stolen_bases,4b25e965b62d7c19e2aa8fbfff667da3,2026-09-03T16:35:00Z,,,0.5,0.5,0.5,1,100.0,0.0,475.0,-850.0,,,,,,,,,,,,49.0,UNDER,67.5,LOW,PASS
MLB,oneil cruz,Oneil Cruz,total_bases,4b25e965b62d7c19e2aa8fbfff667da3,2026-09-03T16:35:00Z,,,1.5,1.5,1.5,1,100.0,0.0,138.0,-200.0,,,,,,,,,,,,37.8,UNDER,22.7,LOW,PASS
MLB,otto lopez,Otto Lopez,hits,18307ff6045b1448e7ad3a1f2d836c6a,2026-09-03T23:40:00Z,,,0.5,0.5,0.5,2,100.0,0.0,-271.0,198.5,,,,,,,,,,,,43.6,OVER,37.1,LOW,PASS
MLB,otto lopez,Otto Lopez,hits_runs_rbis,18307ff6045b1448e7ad3a1f2d836c6a,2026-09-03T23:40:00Z,,,1.5,1.5,1.5,1,100.0,0.0,-133.0,,,,,,,,,,,,,44.6,NEUTRAL,50.0,LOW,PASS
MLB,otto lopez,Otto Lopez,home_runs,18307ff6045b1448e7ad3a1f2d836c6a,2026-09-03T23:40:00Z,,,0.5,0.5,0.5,2,100.0,0.0,714.5,-1457.0,,,,,,,,,,,,53.5,UNDER,76.8,LOW,PASS
MLB,otto lopez,Otto Lopez,rbis,18307ff6045b1448e7ad3a1f2d836c6a,2026-09-03T23:40:00Z,,,0.5,0.5,0.5,1,100.0,0.0,150.0,-215.0,,,,,,,,,,,,38.7,UNDER,26.1,LOW,PASS
MLB,otto lopez,Otto Lopez,stolen_bases,18307ff6045b1448e7ad3a1f2d836c6a,2026-09-03T23:40:00Z,,,0.5,0.5,0.5,1,100.0,0.0,700.0,-1150.0,,,,,,,,,,,,51.2,UNDER,76.1,LOW,PASS
MLB,otto lopez,Otto Lopez,total_bases,18307ff6045b1448e7ad3a1f2d836c6a,2026-09-03T23:40:00Z,,,1.5,1.5,1.5,1,100.0,0.0,133.0,-186.0,,,,,,,,,,,,37.3,UNDER,20.5,LOW,PASS
MLB,owen caissie,Owen Caissie,hits,18307ff6045b1448e7ad3a1f2d836c6a,2026-09-03T23:40:00Z,,,0.5,0.5,0.5,1,100.0,0.0,-141.0,104.0,,,,,,,,,,,,34.3,OVER,8.8,LOW,PASS
MLB,owen caissie,Owen Caissie,home_runs,18307ff6045b1448e7ad3a1f2d836c6a,2026-09-03T23:40:00Z,,,0.5,0.5,0.5,2,100.0,0.0,473.5,-874.0,,,,,,,,,,,,51.2,UNDER,67.5,LOW,PASS
MLB,owen caissie,Owen Caissie,rbis,18307ff6045b1448e7ad3a1f2d836c6a,2026-09-03T23:40:00Z,,,0.5,0.5,0.5,1,100.0,0.0,150.0,-210.0,,,,,,,,,,,,38.6,UNDER,25.7,LOW,PASS
MLB,owen caissie,Owen Caissie,total_bases,18307ff6045b1448e7ad3a1f2d836c6a,2026-09-03T23:40:00Z,,,1.5,1.5,1.5,1,100.0,0.0,185.0,-275.0,,,,,,,,,,,,41.0,UNDER,35.3,LOW,PASS
MLB,patrick bailey,Patrick Bailey,hits,3ffba29c7cccfbdb0cb05ee26cd7d550,2026-09-03T17:10:00Z,,,0.5,0.5,0.5,1,100.0,0.0,-130.0,100.0,,,,,,,,,,,,33.7,OVER,6.1,LOW,PASS
MLB,patrick bailey,Patrick Bailey,rbis,3ffba29c7cccfbdb0cb05ee26cd7d550,2026-09-03T17:10:00Z,,,0.5,0.5,0.5,1,100.0,0.0,275.0,-425.0,,,,,,,,,,,,44.8,UNDER,50.4,LOW,PASS
MLB,patrick bailey,Patrick Bailey,runs,3ffba29c7cccfbdb0cb05ee26cd7d550,2026-09-03T17:10:00Z,,,0.5,0.5,0.5,1,100.0,0.0,190.0,-275.0,,,,,,,,,,,,41.2,UNDER,36.0,LOW,PASS
MLB,patrick bailey,Patrick Bailey,total_bases,3ffba29c7cccfbdb0cb05ee26cd7d550,2026-09-03T17:10:00Z,,,0.5,0.5,0.5,1,100.0,0.0,-125.0,-105.0,,,,,,,,,,,,33.2,OVER,4.1,LOW,PASS
MLB,pedro ramirez,Pedro Ramirez,home_runs,919bdbd90145290fd9a5266e0fed035b,2026-09-03T23:15:00Z,,,0.5,0.5,0.5,1,100.0,0.0,292.0,-257.0,,,,,,,,,,,,44.1,UNDER,47.7,LOW,PASS
MLB,pete alonso,Pete Alonso,doubles,87e824da83d83bcea518867ca5c3d75f,2026-09-03T23:15:00Z,,,0.5,0.5,0.5,1,100.0,0.0,450.0,-700.0,,,,,,,,,,,,48.5,UNDER,65.6,LOW,PASS
MLB,pete alonso,Pete Alonso,hits,87e824da83d83bcea518867ca5c3d75f,2026-09-03T23:15:00Z,,,0.5,0.5,0.5,2,100.0,0.0,-214.0,170.5,,,,,,,,,,,,41.7,OVER,29.7,LOW,PASS
MLB,pete alonso,Pete Alonso,hits_runs_rbis,87e824da83d83bcea518867ca5c3d75f,2026-09-03T23:15:00Z,,,1.5,1.5,1.5,1,100.0,0.0,-115.0,115.0,1.5,0.0,,,,,,,,,,33.9,OVER,7.0,LOW,PASS
MLB,pete alonso,Pete Alonso,home_runs,87e824da83d83bcea518867ca5c3d75f,2026-09-03T23:15:00Z,,,0.5,0.5,0.5,3,100.0,0.0,305.0,-450.0,,,,,,,,,,,,49.8,UNDER,53.6,USABLE,WATCH
MLB,pete alonso,Pete Alonso,rbis,87e824da83d83bcea518867ca5c3d75f,2026-09-03T23:15:00Z,,,1.0,0.5,1.5,2,100.0,0.5,381.0,-507.0,,,,,,,,,,,,49.3,UNDER,60.1,LOW,PASS
MLB,pete alonso,Pete Alonso,runs,87e824da83d83bcea518867ca5c3d75f,2026-09-03T23:15:00Z,,,0.5,0.5,0.5,2,100.0,0.0,104.5,-140.0,,,,,,,,,,,,36.5,UNDER,8.8,LOW,PASS
MLB,pete alonso,Pete Alonso,total_bases,87e824da83d83bcea518867ca5c3d75f,2026-09-03T23:15:00Z,,,1.5,1.5,1.5,1,100.0,0.0,120.0,-167.0,,,,,,,,,,,,36.1,UNDER,15.8,LOW,PASS
MLB,pete crow armstrong,Pete Crow-Armstrong,doubles,919bdbd90145290fd9a5266e0fed035b,2026-09-03T23:15:00Z,,,0.5,0.5,0.5,1,100.0,0.0,400.0,-600.0,,,,,,,,,,,,47.7,UNDER,62.2,LOW,PASS
MLB,pete crow armstrong,Pete Crow-Armstrong,hits,919bdbd90145290fd9a5266e0fed035b,2026-09-03T23:15:00Z,,,0.5,0.5,0.5,1,100.0,0.0,-195.0,140.0,,,,,,,,,,,,37.8,OVER,22.7,LOW,PASS
MLB,pete crow armstrong,Pete Crow-Armstrong,hits_runs_rbis,919bdbd90145290fd9a5266e0fed035b,2026-09-03T23:15:00Z,,,1.5,1.5,1.5,1,100.0,0.0,-111.0,-100.0,1.5,0.0,,,,,,,,,,32.8,OVER,2.5,LOW,PASS
MLB,pete crow armstrong,Pete Crow-Armstrong,home_runs,919bdbd90145290fd9a5266e0fed035b,2026-09-03T23:15:00Z,,,0.5,0.5,0.5,3,100.0,0.0,292.0,-419.0,,,,,,,,,,,,49.4,UNDER,52.0,USABLE,WATCH
MLB,pete crow armstrong,Pete Crow-Armstrong,rbis,919bdbd90145290fd9a5266e0fed035b,2026-09-03T23:15:00Z,,,0.5,0.5,0.5,1,100.0,0.0,138.0,-190.0,,,,,,,,,,,,37.6,UNDER,21.9,LOW,PASS
MLB,pete crow armstrong,Pete Crow-Armstrong,runs,919bdbd90145290fd9a5266e0fed035b,2026-09-03T23:15:00Z,,,0.5,0.5,0.5,2,100.0,0.0,-110.5,-115.0,0.5,0.0,,,,,,,,,,34.5,UNDER,0.9,LOW,PASS
MLB,pete crow armstrong,Pete Crow-Armstrong,stolen_bases,919bdbd90145290fd9a5266e0fed035b,2026-09-03T23:15:00Z,,,0.5,0.5,0.5,2,100.0,0.0,510.0,-750.0,,,,,,,,,,,,51.5,UNDER,68.7,LOW,PASS
MLB,pete crow armstrong,Pete Crow-Armstrong,total_bases,919bdbd90145290fd9a5266e0fed035b,2026-09-03T23:15:00Z,,,1.5,1.5,1.5,2,100.0,0.0,118.5,-145.0,,,,,,,,,,,,37.5,UNDER,12.8,LOW,PASS
MLB,pete crow armstrong,Pete Crow-Armstrong,triples,919bdbd90145290fd9a5266e0fed035b,2026-09-03T23:15:00Z,,,0.5,0.5,0.5,1,100.0,0.0,2000.0,-20000.0,,,,,,,,,,,,54.9,UNDER,90.9,LOW,PASS
MLB,quinn mathews,Quinn Mathews,earned_runs,178e47f48ce23704395138f8f050b334,2026-09-04T02:10:00Z,,,2.5,2.5,2.5,1,100.0,0.0,-113.0,-117.0,,,,,,,,,,,,32.3,UNDER,0.8,LOW,PASS
MLB,quinn mathews,Quinn Mathews,hits_allowed,178e47f48ce23704395138f8f050b334,2026-09-04T02:10:00Z,,,5.5,5.5,5.5,1,100.0,0.0,118.0,-157.0,,,,,,,,,,,,35.7,UNDER,14.2,LOW,PASS
MLB,quinn mathews,Quinn Mathews,pitcher_strikeouts,178e47f48ce23704395138f8f050b334,2026-09-04T02:10:00Z,,,4.5,4.5,4.5,2,100.0,0.0,-129.0,-106.5,4.5,0.0,,,,,,,,,,35.4,OVER,4.4,LOW,PASS
MLB,rafael devers,Rafael Devers,doubles,4b25e965b62d7c19e2aa8fbfff667da3,2026-09-03T16:35:00Z,,,0.5,0.5,0.5,1,100.0,0.0,350.0,-550.0,,,,,,,,,,,,46.7,UNDER,58.4,LOW,PASS
MLB,rafael devers,Rafael Devers,hits,4b25e965b62d7c19e2aa8fbfff667da3,2026-09-03T16:35:00Z,,,0.5,0.5,0.5,1,100.0,0.0,-250.0,175.0,,,,,,,,,,,,40.3,OVER,32.5,LOW,PASS
MLB,rafael devers,Rafael Devers,home_runs,4b25e965b62d7c19e2aa8fbfff667da3,2026-09-03T16:35:00Z,,,0.5,0.5,0.5,1,100.0,0.0,325.0,-500.0,,,,,,,,,,,,46.1,UNDER,56.0,LOW,PASS
MLB,rafael devers,Rafael Devers,rbis,4b25e965b62d7c19e2aa8fbfff667da3,2026-09-03T16:35:00Z,,,0.5,0.5,0.5,1,100.0,0.0,143.0,-200.0,,,,,,,,,,,,38.1,UNDER,23.7,LOW,PASS
MLB,rafael devers,Rafael Devers,runs,4b25e965b62d7c19e2aa8fbfff667da3,2026-09-03T16:35:00Z,,,0.5,0.5,0.5,1,100.0,0.0,-120.0,-525.0,0.5,0.0,,,,,,,,,,37.5,UNDER,21.3,LOW,PASS
MLB,rafael devers,Rafael Devers,total_bases,4b25e965b62d7c19e2aa8fbfff667da3,2026-09-03T16:35:00Z,,,1.5,1.5,1.5,1,100.0,0.0,115.0,-159.0,,,,,,,,,,,,35.6,UNDER,13.8,LOW,PASS
MLB,rafael flores,Rafael Flores,doubles,4b25e965b62d7c19e2aa8fbfff667da3,2026-09-03T16:35:00Z,,,0.5,0.5,0.5,1,100.0,0.0,475.0,-750.0,,,,,,,,,,,,48.9,UNDER,67.1,LOW,PASS
MLB,rafael flores,Rafael Flores,hits,4b25e965b62d7c19e2aa8fbfff667da3,2026-09-03T16:35:00Z,,,0.5,0.5,0.5,1,100.0,0.0,-148.0,107.0,,,,,,,,,,,,34.8,OVER,10.5,LOW,PASS
MLB,rafael flores,Rafael Flores,home_runs,4b25e965b62d7c19e2aa8fbfff667da3,2026-09-03T16:35:00Z,,,0.5,0.5,0.5,1,100.0,0.0,750.0,-1400.0,,,,,,,,,,,,51.5,UNDER,77.6,LOW,PASS
MLB,rafael flores,Rafael Flores,rbis,4b25e965b62d7c19e2aa8fbfff667da3,2026-09-03T16:35:00Z,,,0.5,0.5,0.5,1,100.0,0.0,165.0,-235.0,,,,,,,,,,,,39.7,UNDER,30.0,LOW,PASS
MLB,rafael flores,Rafael Flores,runs,4b25e965b62d7c19e2aa8fbfff667da3,2026-09-03T16:35:00Z,,,0.5,0.5,0.5,1,100.0,0.0,325.0,-185.0,,,,,,,,,,,,43.8,UNDER,46.8,LOW,PASS
MLB,rafael flores,Rafael Flores,stolen_bases,4b25e965b62d7c19e2aa8fbfff667da3,2026-09-03T16:35:00Z,,,0.5,0.5,0.5,1,100.0,0.0,1600.0,-15000.0,,,,,,,,,,,,54.3,UNDER,88.8,LOW,PASS
MLB,rafael flores,Rafael Flores,total_bases,4b25e965b62d7c19e2aa8fbfff667da3,2026-09-03T16:35:00Z,,,0.5,0.5,0.5,1,100.0,0.0,-148.0,106.0,,,,,,,,,,,,34.7,OVER,10.3,LOW,PASS
MLB,randy arozarena,Randy Arozarena,home_runs,0bbf9d80b06a1e1868b6224c751b8a2e,2026-09-04T01:40:00Z,,,0.5,0.5,0.5,1,100.0,0.0,450.0,-792.0,,,,,,,,,,,,48.6,UNDER,66.0,LOW,PASS
MLB,roman anthony,Roman Anthony,doubles,87e824da83d83bcea518867ca5c3d75f,2026-09-03T23:15:00Z,,,0.5,0.5,0.5,1,100.0,0.0,350.0,-525.0,,,,,,,,,,,,46.7,UNDER,58.2,LOW,PASS
MLB,roman anthony,Roman Anthony,hits,87e824da83d83bcea518867ca5c3d75f,2026-09-03T23:15:00Z,,,0.5,0.5,0.5,2,100.0,0.0,-236.5,182.5,,,,,,,,,,,,42.5,OVER,33.0,LOW,PASS
MLB,roman anthony,Roman Anthony,hits_runs_rbis,87e824da83d83bcea518867ca5c3d75f,2026-09-03T23:15:00Z,,,1.5,1.5,1.5,1,100.0,0.0,-130.0,127.0,,,,,,,,,,,,35.2,OVER,12.4,LOW,PASS
MLB,roman anthony,Roman Anthony,home_runs,87e824da83d83bcea518867ca5c3d75f,2026-09-03T23:15:00Z,,,0.5,0.5,0.5,3,100.0,0.0,471.0,-750.0,,,,,,,,,,,,53.1,UNDER,66.9,USABLE,WATCH
MLB,roman anthony,Roman Anthony,rbis,87e824da83d83bcea518867ca5c3d75f,2026-09-03T23:15:00Z,,,0.5,0.5,0.5,2,100.0,0.0,173.5,-202.0,,,,,,,,,,,,41.6,UNDER,29.3,LOW,PASS
MLB,roman anthony,Roman Anthony,runs,87e824da83d83bcea518867ca5c3d75f,2026-09-03T23:15:00Z,,,0.5,0.5,0.5,2,100.0,0.0,-121.0,-110.0,0.5,0.0,,,,,,,,,,34.8,OVER,2.2,LOW,PASS
MLB,roman anthony,Roman Anthony,stolen_bases,87e824da83d83bcea518867ca5c3d75f,2026-09-03T23:15:00Z,,,0.5,0.5,0.5,2,100.0,0.0,1238.0,-6000.0,,,,,,,,,,,,55.8,UNDER,85.9,LOW,PASS
MLB,roman anthony,Roman Anthony,total_bases,87e824da83d83bcea518867ca5c3d75f,2026-09-03T23:15:00Z,,,1.5,1.5,1.5,2,100.0,0.0,122.5,-155.0,,,,,,,,,,,,38.0,UNDER,15.0,LOW,PASS
MLB,sal frelick,Sal Frelick,doubles,919bdbd90145290fd9a5266e0fed035b,2026-09-03T23:15:00Z,,,0.5,0.5,0.5,1,100.0,0.0,450.0,-700.0,,,,,,,,,,,,48.5,UNDER,65.6,LOW,PASS
MLB,sal frelick,Sal Frelick,hits,919bdbd90145290fd9a5266e0fed035b,2026-09-03T23:15:00Z,,,0.5,0.5,0.5,2,100.0,0.0,-197.0,140.0,,,,,,,,,,,,40.0,OVER,22.8,LOW,PASS
MLB,sal frelick,Sal Frelick,hits_runs_rbis,919bdbd90145290fd9a5266e0fed035b,2026-09-03T23:15:00Z,,,1.5,1.5,1.5,1,100.0,0.0,117.0,-138.0,,,,,,,,,,,,35.0,UNDER,11.4,LOW,PASS
MLB,sal frelick,Sal Frelick,home_runs,919bdbd90145290fd9a5266e0fed035b,2026-09-03T23:15:00Z,,,0.5,0.5,0.5,1,100.0,0.0,1200.0,-3000.0,,,,,,,,,,,,53.5,UNDER,85.3,LOW,PASS
MLB,sal frelick,Sal Frelick,rbis,919bdbd90145290fd9a5266e0fed035b,2026-09-03T23:15:00Z,,,0.5,0.5,0.5,1,100.0,0.0,185.0,-265.0,,,,,,,,,,,,40.9,UNDER,34.8,LOW,PASS
MLB,sal frelick,Sal Frelick,runs,919bdbd90145290fd9a5266e0fed035b,2026-09-03T23:15:00Z,,,0.5,0.5,0.5,1,100.0,0.0,170.0,-240.0,,,,,,,,,,,,39.9,UNDER,31.2,LOW,PASS
MLB,sal frelick,Sal Frelick,stolen_bases,919bdbd90145290fd9a5266e0fed035b,2026-09-03T23:15:00Z,,,0.5,0.5,0.5,2,100.0,0.0,634.5,-1100.0,,,,,,,,,,,,52.8,UNDER,74.1,LOW,PASS
MLB,sal frelick,Sal Frelick,total_bases,919bdbd90145290fd9a5266e0fed035b,2026-09-03T23:15:00Z,,,0.5,0.5,0.5,1,100.0,0.0,-200.0,140.0,,,,,,,,,,,,37.9,OVER,23.1,LOW,PASS
MLB,salvador perez,Salvador Perez,hits,18307ff6045b1448e7ad3a1f2d836c6a,2026-09-03T23:40:00Z,,,0.5,0.5,0.5,1,100.0,0.0,-230.0,163.0,,,,,,,,,,,,39.5,OVER,29.4,LOW,PASS
MLB,salvador perez,Salvador Perez,home_runs,18307ff6045b1448e7ad3a1f2d836c6a,2026-09-03T23:40:00Z,,,0.5,0.5,0.5,1,100.0,0.0,464.0,-830.0,,,,,,,,,,,,48.9,UNDER,66.9,LOW,PASS
MLB,salvador perez,Salvador Perez,rbis,18307ff6045b1448e7ad3a1f2d836c6a,2026-09-03T23:40:00Z,,,0.5,0.5,0.5,1,100.0,0.0,133.0,-177.0,,,,,,,,,,,,37.1,UNDER,19.6,LOW,PASS
MLB,salvador perez,Salvador Perez,total_bases,18307ff6045b1448e7ad3a1f2d836c6a,2026-09-03T23:40:00Z,,,1.5,1.5,1.5,1,100.0,0.0,138.0,-190.0,,,,,,,,,,,,37.6,UNDER,21.9,LOW,PASS
MLB,sam antonacci,Sam Antonacci,doubles,4531806102eb01c9886a2ceb2b16b0b9,2026-09-03T18:10:00Z,,,0.5,0.5,0.5,1,100.0,0.0,400.0,-600.0,,,,,,,,,,,,47.7,UNDER,62.2,LOW,PASS
MLB,sam antonacci,Sam Antonacci,hits,4531806102eb01c9886a2ceb2b16b0b9,2026-09-03T18:10:00Z,,,0.5,0.5,0.5,4,100.0,0.0,-200.0,150.0,,,,,,,,,,,,44.8,OVER,25.0,USABLE,WATCH
MLB,sam antonacci,Sam Antonacci,hits_runs_rbis,4531806102eb01c9886a2ceb2b16b0b9,2026-09-03T18:10:00Z,,,1.5,1.5,1.5,2,100.0,0.0,-7.5,-141.0,,,,,,,,,,,,54.0,UNDER,78.7,LOW,PASS
MLB,sam antonacci,Sam Antonacci,home_runs,4531806102eb01c9886a2ceb2b16b0b9,2026-09-03T18:10:00Z,,,0.5,0.5,0.5,2,100.0,0.0,1500.0,-2500.0,,,,,,,,,,,,56.2,UNDER,87.8,LOW,PASS
MLB,sam antonacci,Sam Antonacci,rbis,4531806102eb01c9886a2ceb2b16b0b9,2026-09-03T18:10:00Z,,,0.5,0.5,0.5,3,100.0,0.0,260.0,-400.0,,,,,,,,,,,,48.5,UNDER,48.5,USABLE,WATCH
MLB,sam antonacci,Sam Antonacci,runs,4531806102eb01c9886a2ceb2b16b0b9,2026-09-03T18:10:00Z,,,0.5,0.5,0.5,3,100.0,0.0,105.0,-203.0,,,,,,,,,,,,40.4,UNDER,15.7,USABLE,WATCH
MLB,sam antonacci,Sam Antonacci,singles,4531806102eb01c9886a2ceb2b16b0b9,2026-09-03T18:10:00Z,,,0.5,0.5,0.5,1,100.0,0.0,-132.0,-117.0,0.5,0.0,,,,,,,,,,32.8,OVER,2.7,LOW,PASS
MLB,sam antonacci,Sam Antonacci,stolen_bases,4531806102eb01c9886a2ceb2b16b0b9,2026-09-03T18:10:00Z,,,0.5,0.5,0.5,3,100.0,0.0,440.0,-800.0,,,,,,,,,,,,52.8,UNDER,65.5,USABLE,WATCH
MLB,sam antonacci,Sam Antonacci,total_bases,4531806102eb01c9886a2ceb2b16b0b9,2026-09-03T18:10:00Z,,,0.5,0.5,1.5,3,66.7,0.471,-174.0,-45.0,,,,,,,,,,,,38.4,OVER,34.3,USABLE,WATCH
MLB,sam antonacci,Sam Antonacci,triples,4531806102eb01c9886a2ceb2b16b0b9,2026-09-03T18:10:00Z,,,0.5,0.5,0.5,1,100.0,0.0,1700.0,,,,,,,,,,,,,44.6,NEUTRAL,50.0,LOW,PASS
MLB,sandy alcantara,Sandy Alcantara,earned_runs,18307ff6045b1448e7ad3a1f2d836c6a,2026-09-03T23:40:00Z,,,2.5,2.5,2.5,1,100.0,0.0,-148.0,111.0,,,,,,,,,,,,35.0,OVER,11.5,LOW,PASS
MLB,sandy alcantara,Sandy Alcantara,hits_allowed,18307ff6045b1448e7ad3a1f2d836c6a,2026-09-03T23:40:00Z,,,6.5,6.5,6.5,1,100.0,0.0,108.0,-143.0,,,,,,,,,,,,34.7,UNDER,10.1,LOW,PASS
MLB,sandy alcantara,Sandy Alcantara,pitcher_strikeouts,18307ff6045b1448e7ad3a1f2d836c6a,2026-09-03T23:40:00Z,,,4.5,3.5,4.5,3,66.7,0.471,108.0,-155.0,3.5,-1.0,,,,,,,,,,62.7,UNDER,11.7,USABLE,WATCH
MLB,sandy alcantara mia,Sandy Alcantara (MIA),earned_runs,18307ff6045b1448e7ad3a1f2d836c6a,2026-09-03T23:40:00Z,,,3.5,3.5,3.5,1,100.0,0.0,125.0,-165.0,,,,,,,,,,,,36.3,UNDER,16.7,LOW,PASS
MLB,sean keys,Sean Keys,doubles,3ffba29c7cccfbdb0cb05ee26cd7d550,2026-09-03T17:10:00Z,,,0.5,0.5,0.5,1,100.0,0.0,525.0,-850.0,,,,,,,,,,,,49.6,UNDER,69.7,LOW,PASS
MLB,sean keys,Sean Keys,home_runs,3ffba29c7cccfbdb0cb05ee26cd7d550,2026-09-03T17:10:00Z,,,0.5,0.5,0.5,4,100.0,0.0,512.5,-1000.0,,,,,,,,,,,,56.0,UNDER,69.6,USABLE,WATCH
MLB,sean keys,Sean Keys,rbis,3ffba29c7cccfbdb0cb05ee26cd7d550,2026-09-03T17:10:00Z,,,1.5,1.5,1.5,1,100.0,0.0,220.0,-325.0,,,,,,,,,,,,42.6,UNDER,42.0,LOW,PASS
MLB,sean keys,Sean Keys,runs,3ffba29c7cccfbdb0cb05ee26cd7d550,2026-09-03T17:10:00Z,,,0.5,0.5,0.5,2,100.0,0.0,260.0,-405.0,,,,,,,,,,,,46.4,UNDER,48.5,LOW,PASS
MLB,sean keys,Sean Keys,total_bases,3ffba29c7cccfbdb0cb05ee26cd7d550,2026-09-03T17:10:00Z,,,1.5,1.5,1.5,1,100.0,0.0,180.0,-250.0,,,,,,,,,,,,40.5,UNDER,33.3,LOW,PASS
MLB,seiya suzuki,Seiya Suzuki,doubles,919bdbd90145290fd9a5266e0fed035b,2026-09-03T23:15:00Z,,,0.5,0.5,0.5,1,100.0,0.0,400.0,-600.0,,,,,,,,,,,,47.7,UNDER,62.2,LOW,PASS
MLB,seiya suzuki,Seiya Suzuki,hits,919bdbd90145290fd9a5266e0fed035b,2026-09-03T23:15:00Z,,,0.5,0.5,0.5,2,100.0,0.0,-162.0,126.5,,,,,,,,,,,,38.5,OVER,16.7,LOW,PASS
MLB,seiya suzuki,Seiya Suzuki,hits_runs_rbis,919bdbd90145290fd9a5266e0fed035b,2026-09-03T23:15:00Z,,,1.5,1.5,1.5,1,100.0,0.0,113.0,-127.0,,,,,,,,,,,,34.3,UNDER,8.7,LOW,PASS
MLB,seiya suzuki,Seiya Suzuki,home_runs,919bdbd90145290fd9a5266e0fed035b,2026-09-03T23:15:00Z,,,0.5,0.5,0.5,3,100.0,0.0,430.0,-650.0,,,,,,,,,,,,52.5,UNDER,64.2,USABLE,WATCH
MLB,seiya suzuki,Seiya Suzuki,rbis,919bdbd90145290fd9a5266e0fed035b,2026-09-03T23:15:00Z,,,0.5,0.5,0.5,2,100.0,0.0,204.0,-264.5,,,,,,,,,,,,43.7,UNDER,37.6,LOW,PASS
MLB,seiya suzuki,Seiya Suzuki,runs,919bdbd90145290fd9a5266e0fed035b,2026-09-03T23:15:00Z,,,0.5,0.5,0.5,1,100.0,0.0,120.0,-155.0,,,,,,,,,,,,35.8,UNDER,14.4,LOW,PASS
MLB,seiya suzuki,Seiya Suzuki,stolen_bases,919bdbd90145290fd9a5266e0fed035b,2026-09-03T23:15:00Z,,,0.5,0.5,0.5,1,100.0,0.0,1600.0,-10000.0,,,,,,,,,,,,54.3,UNDER,88.8,LOW,PASS
MLB,seiya suzuki,Seiya Suzuki,total_bases,919bdbd90145290fd9a5266e0fed035b,2026-09-03T23:15:00Z,,,1.5,1.5,1.5,2,100.0,0.0,160.0,-250.0,,,,,,,,,,,,41.8,UNDER,30.0,LOW,PASS
MLB,shane mcclanahan,Shane McClanahan,earned_runs,f64033ef76653cc57533ab4c515fa24b,2026-09-04T00:05:00Z,,,1.5,1.5,1.5,1,100.0,0.0,-139.0,105.0,,,,,,,,,,,,34.3,OVER,8.8,LOW,PASS
MLB,shane mcclanahan,Shane McClanahan,hits_allowed,f64033ef76653cc57533ab4c515fa24b,2026-09-04T00:05:00Z,,,4.5,4.5,4.5,1,100.0,0.0,120.0,-160.0,,,,,,,,,,,,35.9,UNDER,15.0,LOW,PASS
MLB,shane mcclanahan,Shane McClanahan,pitcher_strikeouts,f64033ef76653cc57533ab4c515fa24b,2026-09-04T00:05:00Z,,,4.5,4.5,4.5,2,100.0,0.0,-144.0,4.5,4.5,0.0,,,,,,,,,,40.2,UNDER,23.7,LOW,PASS
MLB,shay whitcomb,Shay Whitcomb,doubles,4b25e965b62d7c19e2aa8fbfff667da3,2026-09-03T16:35:00Z,,,0.5,0.5,0.5,1,100.0,0.0,450.0,-700.0,,,,,,,,,,,,48.5,UNDER,65.6,LOW,PASS
MLB,shay whitcomb,Shay Whitcomb,hits,4b25e965b62d7c19e2aa8fbfff667da3,2026-09-03T16:35:00Z,,,0.5,0.5,0.5,1,100.0,0.0,-177.0,133.0,,,,,,,,,,,,37.1,OVER,19.6,LOW,PASS
MLB,shay whitcomb,Shay Whitcomb,home_runs,4b25e965b62d7c19e2aa8fbfff667da3,2026-09-03T16:35:00Z,,,0.5,0.5,0.5,1,100.0,0.0,850.0,-1600.0,,,,,,,,,,,,52.1,UNDER,79.9,LOW,PASS
MLB,shay whitcomb,Shay Whitcomb,rbis,4b25e965b62d7c19e2aa8fbfff667da3,2026-09-03T16:35:00Z,,,0.5,0.5,0.5,1,100.0,0.0,180.0,-265.0,,,,,,,,,,,,40.7,UNDER,34.1,LOW,PASS
MLB,shay whitcomb,Shay Whitcomb,runs,4b25e965b62d7c19e2aa8fbfff667da3,2026-09-03T16:35:00Z,,,0.5,0.5,0.5,1,100.0,0.0,230.0,-350.0,,,,,,,,,,,,43.1,UNDER,43.9,LOW,PASS
MLB,shay whitcomb,Shay Whitcomb,stolen_bases,4b25e965b62d7c19e2aa8fbfff667da3,2026-09-03T16:35:00Z,,,0.5,0.5,0.5,1,100.0,0.0,900.0,-2200.0,,,,,,,,,,,,52.4,UNDER,81.1,LOW,PASS
MLB,shay whitcomb,Shay Whitcomb,total_bases,4b25e965b62d7c19e2aa8fbfff667da3,2026-09-03T16:35:00Z,,,1.5,1.5,1.5,1,100.0,0.0,188.0,-278.0,,,,,,,,,,,,41.1,UNDER,35.9,LOW,PASS
MLB,shohei ohtani,Shohei Ohtani,home_runs,178e47f48ce23704395138f8f050b334,2026-09-04T02:10:00Z,,,0.5,0.5,0.5,1,100.0,0.0,271.0,-401.0,,,,,,,,,,,,44.5,UNDER,49.6,LOW,PASS
MLB,spencer horwitz,Spencer Horwitz,doubles,4b25e965b62d7c19e2aa8fbfff667da3,2026-09-03T16:35:00Z,,,0.5,0.5,0.5,1,100.0,0.0,350.0,-525.0,,,,,,,,,,,,46.7,UNDER,58.2,LOW,PASS
MLB,spencer horwitz,Spencer Horwitz,hits,4b25e965b62d7c19e2aa8fbfff667da3,2026-09-03T16:35:00Z,,,0.5,0.5,0.5,1,100.0,0.0,-225.0,160.0,,,,,,,,,,,,39.3,OVER,28.6,LOW,PASS
MLB,spencer horwitz,Spencer Horwitz,home_runs,4b25e965b62d7c19e2aa8fbfff667da3,2026-09-03T16:35:00Z,,,0.5,0.5,0.5,1,100.0,0.0,600.0,-1000.0,,,,,,,,,,,,50.4,UNDER,72.8,LOW,PASS
MLB,spencer horwitz,Spencer Horwitz,rbis,4b25e965b62d7c19e2aa8fbfff667da3,2026-09-03T16:35:00Z,,,0.5,0.5,0.5,1,100.0,0.0,170.0,-245.0,,,,,,,,,,,,40.0,UNDER,31.4,LOW,PASS
MLB,spencer horwitz,Spencer Horwitz,runs,4b25e965b62d7c19e2aa8fbfff667da3,2026-09-03T16:35:00Z,,,0.5,0.5,0.5,1,100.0,0.0,120.0,-115.0,0.5,0.0,,,,,,,,,,34.2,UNDER,8.1,LOW,PASS
MLB,spencer horwitz,Spencer Horwitz,stolen_bases,4b25e965b62d7c19e2aa8fbfff667da3,2026-09-03T16:35:00Z,,,0.5,0.5,0.5,1,100.0,0.0,1600.0,-15000.0,,,,,,,,,,,,54.3,UNDER,88.8,LOW,PASS
MLB,spencer horwitz,Spencer Horwitz,total_bases,4b25e965b62d7c19e2aa8fbfff667da3,2026-09-03T16:35:00Z,,,1.5,1.5,1.5,1,100.0,0.0,145.0,-205.0,,,,,,,,,,,,38.3,UNDER,24.4,LOW,PASS
MLB,steven kwan,Steven Kwan,doubles,3ffba29c7cccfbdb0cb05ee26cd7d550,2026-09-03T17:10:00Z,,,0.5,0.5,0.5,1,100.0,0.0,425.0,-650.0,,,,,,,,,,,,48.1,UNDER,64.0,LOW,PASS
MLB,steven kwan,Steven Kwan,hits,3ffba29c7cccfbdb0cb05ee26cd7d550,2026-09-03T17:10:00Z,,,0.5,0.5,0.5,2,100.0,0.0,-245.0,172.5,,,,,,,,,,,,42.3,OVER,31.9,LOW,PASS
MLB,steven kwan,Steven Kwan,hits_runs_rbis,3ffba29c7cccfbdb0cb05ee26cd7d550,2026-09-03T17:10:00Z,,,1.5,1.5,1.5,1,100.0,0.0,-135.0,-105.0,1.5,0.0,,,,,,,,,,33.6,OVER,5.7,LOW,PASS
MLB,steven kwan,Steven Kwan,home_runs,3ffba29c7cccfbdb0cb05ee26cd7d550,2026-09-03T17:10:00Z,,,0.5,0.5,0.5,2,100.0,0.0,3450.0,-15000.0,,,,,,,,,,,,57.9,UNDER,94.5,LOW,PASS
MLB,steven kwan,Steven Kwan,rbis,3ffba29c7cccfbdb0cb05ee26cd7d550,2026-09-03T17:10:00Z,,,0.5,0.5,0.5,3,100.0,0.0,260.0,-400.0,,,,,,,,,,,,48.5,UNDER,48.5,USABLE,WATCH
MLB,steven kwan,Steven Kwan,runs,3ffba29c7cccfbdb0cb05ee26cd7d550,2026-09-03T17:10:00Z,,,0.5,0.5,0.5,2,100.0,0.0,275.0,-237.5,,,,,,,,,,,,45.5,UNDER,45.0,LOW,PASS
MLB,steven kwan,Steven Kwan,stolen_bases,3ffba29c7cccfbdb0cb05ee26cd7d550,2026-09-03T17:10:00Z,,,0.5,0.5,0.5,1,100.0,0.0,1000.0,-2500.0,,,,,,,,,,,,52.8,UNDER,82.7,LOW,PASS
MLB,steven kwan,Steven Kwan,total_bases,3ffba29c7cccfbdb0cb05ee26cd7d550,2026-09-03T17:10:00Z,,,1.5,1.5,2.5,3,66.7,0.471,140.0,-200.0,,,,,,,,,,,,35.5,UNDER,23.1,USABLE,WATCH
MLB,steven kwan,Steven Kwan,triples,3ffba29c7cccfbdb0cb05ee26cd7d550,2026-09-03T17:10:00Z,,,0.5,0.5,0.5,1,100.0,0.0,1400.0,,,,,,,,,,,,,44.6,NEUTRAL,50.0,LOW,PASS
MLB,tanner bibee,Tanner Bibee,pitcher_strikeouts,3ffba29c7cccfbdb0cb05ee26cd7d550,2026-09-03T17:10:00Z,,,4.5,4.5,4.5,3,100.0,0.0,107.0,-155.0,4.0,-0.5,,,,,,,,,,56.0,UNDER,11.4,USABLE,WATCH
MLB,tarik skubal,Tarik Skubal,pitcher_strikeouts,178e47f48ce23704395138f8f050b334,2026-09-04T02:10:00Z,,,7.5,7.5,7.5,1,100.0,0.0,-165.0,117.0,8.0,0.5,,,,,,,,,,45.9,OVER,14.9,LOW,PASS
MLB,taylor trammell,Taylor Trammell,doubles,4531806102eb01c9886a2ceb2b16b0b9,2026-09-03T18:10:00Z,,,0.5,0.5,0.5,1,100.0,0.0,450.0,-700.0,,,,,,,,,,,,48.5,UNDER,65.6,LOW,PASS
MLB,taylor trammell,Taylor Trammell,hits,4531806102eb01c9886a2ceb2b16b0b9,2026-09-03T18:10:00Z,,,0.5,0.5,0.5,4,100.0,0.0,-125.0,-106.5,,,,,,,,,,,,39.5,OVER,3.7,USABLE,WATCH
MLB,taylor trammell,Taylor Trammell,hits_runs_rbis,4531806102eb01c9886a2ceb2b16b0b9,2026-09-03T18:10:00Z,,,0.5,0.5,0.5,2,100.0,0.0,-215.0,105.0,,,,,,,,,,,,38.4,OVER,16.6,LOW,PASS
MLB,taylor trammell,Taylor Trammell,home_runs,4531806102eb01c9886a2ceb2b16b0b9,2026-09-03T18:10:00Z,,,0.5,0.5,0.5,4,100.0,0.0,507.5,-722.5,,,,,,,,,,,,55.7,UNDER,68.4,USABLE,WATCH
MLB,taylor trammell,Taylor Trammell,rbis,4531806102eb01c9886a2ceb2b16b0b9,2026-09-03T18:10:00Z,,,0.5,0.5,0.5,3,100.0,0.0,205.0,-320.0,,,,,,,,,,,,46.4,UNDER,39.8,USABLE,WATCH
MLB,taylor trammell,Taylor Trammell,runs,4531806102eb01c9886a2ceb2b16b0b9,2026-09-03T18:10:00Z,,,0.5,0.5,0.5,1,100.0,0.0,140.0,-200.0,,,,,,,,,,,,37.9,UNDER,23.1,LOW,PASS
MLB,taylor trammell,Taylor Trammell,singles,4531806102eb01c9886a2ceb2b16b0b9,2026-09-03T18:10:00Z,,,0.5,0.5,0.5,1,100.0,0.0,138.0,-230.0,,,,,,,,,,,,38.3,UNDER,24.8,LOW,PASS
MLB,taylor trammell,Taylor Trammell,stolen_bases,4531806102eb01c9886a2ceb2b16b0b9,2026-09-03T18:10:00Z,,,0.5,0.5,0.5,1,100.0,0.0,1400.0,-5000.0,,,,,,,,,,,,54.0,UNDER,87.3,LOW,PASS
MLB,taylor trammell,Taylor Trammell,total_bases,4531806102eb01c9886a2ceb2b16b0b9,2026-09-03T18:10:00Z,,,0.5,0.5,0.5,2,100.0,0.0,-126.0,-107.0,0.5,0.0,,,,,,,,,,35.2,OVER,3.8,LOW,PASS
MLB,travis bazzana,Travis Bazzana,doubles,3ffba29c7cccfbdb0cb05ee26cd7d550,2026-09-03T17:10:00Z,,,0.5,0.5,0.5,1,100.0,0.0,525.0,-850.0,,,,,,,,,,,,49.6,UNDER,69.7,LOW,PASS
MLB,travis bazzana,Travis Bazzana,hits,3ffba29c7cccfbdb0cb05ee26cd7d550,2026-09-03T17:10:00Z,,,0.5,0.5,0.5,1,100.0,0.0,-132.0,-103.0,,,,,,,,,,,,33.6,OVER,5.7,LOW,PASS
MLB,travis bazzana,Travis Bazzana,home_runs,3ffba29c7cccfbdb0cb05ee26cd7d550,2026-09-03T17:10:00Z,,,0.5,0.5,0.5,2,100.0,0.0,950.0,-2000.0,,,,,,,,,,,,54.7,UNDER,81.8,LOW,PASS
MLB,travis bazzana,Travis Bazzana,rbis,3ffba29c7cccfbdb0cb05ee26cd7d550,2026-09-03T17:10:00Z,,,0.5,0.5,0.5,1,100.0,0.0,235.0,-345.0,,,,,,,,,,,,43.2,UNDER,44.4,LOW,PASS
MLB,travis bazzana,Travis Bazzana,runs,3ffba29c7cccfbdb0cb05ee26cd7d550,2026-09-03T17:10:00Z,,,0.5,0.5,0.5,1,100.0,0.0,160.0,-575.0,,,,,,,,,,,,41.6,UNDER,37.8,LOW,PASS
MLB,travis bazzana,Travis Bazzana,stolen_bases,3ffba29c7cccfbdb0cb05ee26cd7d550,2026-09-03T17:10:00Z,,,0.5,0.5,0.5,1,100.0,0.0,650.0,-1200.0,,,,,,,,,,,,50.8,UNDER,74.8,LOW,PASS
MLB,travis bazzana,Travis Bazzana,total_bases,3ffba29c7cccfbdb0cb05ee26cd7d550,2026-09-03T17:10:00Z,,,0.5,0.5,0.5,1,100.0,0.0,-136.0,-103.0,,,,,,,,,,,,33.7,OVER,6.4,LOW,PASS
MLB,trevor story,Trevor Story,doubles,87e824da83d83bcea518867ca5c3d75f,2026-09-03T23:15:00Z,,,0.5,0.5,0.5,1,100.0,0.0,475.0,-750.0,,,,,,,,,,,,48.9,UNDER,67.1,LOW,PASS
MLB,trevor story,Trevor Story,hits,87e824da83d83bcea518867ca5c3d75f,2026-09-03T23:15:00Z,,,0.5,0.5,0.5,2,100.0,0.0,-184.0,132.0,,,,,,,,,,,,39.3,OVER,20.1,LOW,PASS
MLB,trevor story,Trevor Story,hits_runs_rbis,87e824da83d83bcea518867ca5c3d75f,2026-09-03T23:15:00Z,,,1.5,1.5,1.5,1,100.0,0.0,104.0,-135.0,,,,,,,,,,,,34.1,UNDER,7.9,LOW,PASS
MLB,trevor story,Trevor Story,home_runs,87e824da83d83bcea518867ca5c3d75f,2026-09-03T23:15:00Z,,,0.5,0.5,0.5,2,100.0,0.0,590.5,-954.0,,,,,,,,,,,,52.4,UNDER,72.4,LOW,PASS
MLB,trevor story,Trevor Story,rbis,87e824da83d83bcea518867ca5c3d75f,2026-09-03T23:15:00Z,,,0.5,0.5,0.5,2,100.0,0.0,186.5,-210.0,,,,,,,,,,,,42.3,UNDER,32.0,LOW,PASS
MLB,trevor story,Trevor Story,runs,87e824da83d83bcea518867ca5c3d75f,2026-09-03T23:15:00Z,,,0.5,0.5,0.5,1,100.0,0.0,150.0,,,,,,,,,,,,,44.6,NEUTRAL,50.0,LOW,PASS
MLB,trevor story,Trevor Story,total_bases,87e824da83d83bcea518867ca5c3d75f,2026-09-03T23:15:00Z,,,1.5,1.5,1.5,1,100.0,0.0,165.0,-245.0,,,,,,,,,,,,39.8,UNDER,30.6,LOW,PASS
MLB,trevor story bos,Trevor Story (BOS),hits,87e824da83d83bcea518867ca5c3d75f,2026-09-03T23:15:00Z,,,1.5,1.5,1.5,1,100.0,0.0,105.0,-135.0,,,,,,,,,,,,34.2,UNDER,8.2,LOW,PASS
MLB,tristan peters,Tristan Peters,doubles,4531806102eb01c9886a2ceb2b16b0b9,2026-09-03T18:10:00Z,,,0.5,0.5,0.5,1,100.0,0.0,500.0,-800.0,,,,,,,,,,,,49.2,UNDER,68.4,LOW,PASS
MLB,tristan peters,Tristan Peters,hits,4531806102eb01c9886a2ceb2b16b0b9,2026-09-03T18:10:00Z,,,0.5,0.5,0.5,3,100.0,0.0,-148.0,106.0,,,,,,,,,,,,39.0,OVER,10.3,USABLE,WATCH
MLB,tristan peters,Tristan Peters,hits_runs_rbis,4531806102eb01c9886a2ceb2b16b0b9,2026-09-03T18:10:00Z,,,0.5,0.5,0.5,1,100.0,0.0,-240.0,127.0,,,,,,,,,,,,37.9,OVER,23.1,LOW,PASS
MLB,tristan peters,Tristan Peters,home_runs,4531806102eb01c9886a2ceb2b16b0b9,2026-09-03T18:10:00Z,,,0.5,0.5,0.5,3,100.0,0.0,1050.0,-1750.0,,,,,,,,,,,,57.2,UNDER,83.2,USABLE,WATCH
MLB,tristan peters,Tristan Peters,rbis,4531806102eb01c9886a2ceb2b16b0b9,2026-09-03T18:10:00Z,,,0.5,0.5,0.5,2,100.0,0.0,237.5,-410.0,,,,,,,,,,,,45.8,UNDER,46.1,LOW,PASS
MLB,tristan peters,Tristan Peters,runs,4531806102eb01c9886a2ceb2b16b0b9,2026-09-03T18:10:00Z,,,1.5,1.5,1.5,1,100.0,0.0,240.0,-375.0,,,,,,,,,,,,43.6,UNDER,45.7,LOW,PASS
MLB,tristan peters,Tristan Peters,singles,4531806102eb01c9886a2ceb2b16b0b9,2026-09-03T18:10:00Z,,,0.5,0.5,0.5,1,100.0,0.0,122.0,-194.0,,,,,,,,,,,,36.9,UNDER,18.9,LOW,PASS
MLB,tristan peters,Tristan Peters,stolen_bases,4531806102eb01c9886a2ceb2b16b0b9,2026-09-03T18:10:00Z,,,0.5,0.5,0.5,1,100.0,0.0,1000.0,-1800.0,,,,,,,,,,,,52.8,UNDER,82.5,LOW,PASS
MLB,tristan peters,Tristan Peters,total_bases,4531806102eb01c9886a2ceb2b16b0b9,2026-09-03T18:10:00Z,,,0.5,0.5,0.5,2,100.0,0.0,-137.0,108.0,,,,,,,,,,,,36.6,OVER,9.2,LOW,PASS
MLB,turner hill,Turner Hill,doubles,4b25e965b62d7c19e2aa8fbfff667da3,2026-09-03T16:35:00Z,,,0.5,0.5,0.5,1,100.0,0.0,425.0,-650.0,,,,,,,,,,,,48.1,UNDER,64.0,LOW,PASS
MLB,turner hill,Turner Hill,hits,4b25e965b62d7c19e2aa8fbfff667da3,2026-09-03T16:35:00Z,,,0.5,0.5,0.5,1,100.0,0.0,-210.0,148.0,,,,,,,,,,,,38.5,OVER,25.4,LOW,PASS
MLB,turner hill,Turner Hill,home_runs,4b25e965b62d7c19e2aa8fbfff667da3,2026-09-03T16:35:00Z,,,0.5,0.5,0.5,1,100.0,0.0,1100.0,-2200.0,,,,,,,,,,,,53.1,UNDER,84.0,LOW,PASS
MLB,turner hill,Turner Hill,rbis,4b25e965b62d7c19e2aa8fbfff667da3,2026-09-03T16:35:00Z,,,0.5,0.5,0.5,1,100.0,0.0,160.0,-230.0,,,,,,,,,,,,39.4,UNDER,28.9,LOW,PASS
MLB,turner hill,Turner Hill,runs,4b25e965b62d7c19e2aa8fbfff667da3,2026-09-03T16:35:00Z,,,0.5,0.5,0.5,1,100.0,0.0,160.0,-225.0,,,,,,,,,,,,39.3,UNDER,28.6,LOW,PASS
MLB,turner hill,Turner Hill,stolen_bases,4b25e965b62d7c19e2aa8fbfff667da3,2026-09-03T16:35:00Z,,,0.5,0.5,0.5,1,100.0,0.0,750.0,-1400.0,,,,,,,,,,,,51.5,UNDER,77.6,LOW,PASS
MLB,turner hill,Turner Hill,total_bases,4b25e965b62d7c19e2aa8fbfff667da3,2026-09-03T16:35:00Z,,,1.5,1.5,1.5,1,100.0,0.0,175.0,-265.0,,,,,,,,,,,,40.5,UNDER,33.3,LOW,PASS
MLB,tyrone taylor,Tyrone Taylor,home_runs,919bdbd90145290fd9a5266e0fed035b,2026-09-03T23:15:00Z,,,0.5,0.5,0.5,1,100.0,0.0,733.0,-1567.0,,,,,,,,,,,,51.5,UNDER,77.4,LOW,PASS
MLB,victor mesa jr,Victor Mesa Jr.,home_runs,f64033ef76653cc57533ab4c515fa24b,2026-09-04T00:05:00Z,,,0.5,0.5,0.5,1,100.0,0.0,465.0,-833.0,,,,,,,,,,,,48.9,UNDER,66.9,LOW,PASS
MLB,vinnie pasquantino,Vinnie Pasquantino,hits,18307ff6045b1448e7ad3a1f2d836c6a,2026-09-03T23:40:00Z,,,0.5,0.5,0.5,1,100.0,0.0,-230.0,160.0,,,,,,,,,,,,39.4,OVER,28.9,LOW,PASS
MLB,vinnie pasquantino,Vinnie Pasquantino,home_runs,18307ff6045b1448e7ad3a1f2d836c6a,2026-09-03T23:40:00Z,,,0.5,0.5,0.5,1,100.0,0.0,539.0,-1053.0,,,,,,,,,,,,49.8,UNDER,70.7,LOW,PASS
MLB,vinnie pasquantino,Vinnie Pasquantino,rbis,18307ff6045b1448e7ad3a1f2d836c6a,2026-09-03T23:40:00Z,,,0.5,0.5,0.5,1,100.0,0.0,175.0,-245.0,,,,,,,,,,,,40.2,UNDER,32.3,LOW,PASS
MLB,vinnie pasquantino,Vinnie Pasquantino,total_bases,18307ff6045b1448e7ad3a1f2d836c6a,2026-09-03T23:40:00Z,,,1.5,1.5,1.5,1,100.0,0.0,150.0,-215.0,,,,,,,,,,,,38.7,UNDER,26.1,LOW,PASS
MLB,vladimir guerrero,Vladimir Guerrero,doubles,3ffba29c7cccfbdb0cb05ee26cd7d550,2026-09-03T17:10:00Z,,,0.5,0.5,0.5,2,100.0,0.0,312.5,-525.0,,,,,,,,,,,,48.1,UNDER,55.2,LOW,PASS
MLB,vladimir guerrero,Vladimir Guerrero,hits,3ffba29c7cccfbdb0cb05ee26cd7d550,2026-09-03T17:10:00Z,,,1.0,0.5,1.5,2,100.0,0.5,-37.5,-40.0,,,,,,,,,,,,34.9,UNDER,2.3,LOW,PASS
MLB,vladimir guerrero,Vladimir Guerrero,hits_runs_rbis,3ffba29c7cccfbdb0cb05ee26cd7d550,2026-09-03T17:10:00Z,,,1.5,1.5,1.5,1,100.0,0.0,-155.0,110.0,,,,,,,,,,,,35.2,OVER,12.1,LOW,PASS
MLB,vladimir guerrero,Vladimir Guerrero,home_runs,3ffba29c7cccfbdb0cb05ee26cd7d550,2026-09-03T17:10:00Z,,,0.5,0.5,0.5,1,100.0,0.0,525.0,-850.0,,,,,,,,,,,,49.6,UNDER,69.7,LOW,PASS
MLB,vladimir guerrero,Vladimir Guerrero,rbis,3ffba29c7cccfbdb0cb05ee26cd7d550,2026-09-03T17:10:00Z,,,0.5,0.5,0.5,2,100.0,0.0,154.0,-217.5,,,,,,,,,,,,41.0,UNDER,27.0,LOW,PASS
MLB,vladimir guerrero,Vladimir Guerrero,runs,3ffba29c7cccfbdb0cb05ee26cd7d550,2026-09-03T17:10:00Z,,,0.5,0.5,0.5,1,100.0,0.0,120.0,-160.0,,,,,,,,,,,,35.9,UNDER,15.0,LOW,PASS
MLB,vladimir guerrero,Vladimir Guerrero,stolen_bases,3ffba29c7cccfbdb0cb05ee26cd7d550,2026-09-03T17:10:00Z,,,0.5,0.5,0.5,1,100.0,0.0,1000.0,-2500.0,,,,,,,,,,,,52.8,UNDER,82.7,LOW,PASS
MLB,vladimir guerrero,Vladimir Guerrero,total_bases,3ffba29c7cccfbdb0cb05ee26cd7d550,2026-09-03T17:10:00Z,,,1.5,1.5,1.5,2,100.0,0.0,123.5,-168.0,,,,,,,,,,,,38.5,UNDER,16.7,LOW,PASS
MLB,vladimir guerrero jr,Vladimir Guerrero Jr.,home_runs,3ffba29c7cccfbdb0cb05ee26cd7d550,2026-09-03T17:10:00Z,,,0.5,0.5,0.5,1,100.0,0.0,910.0,,,,,,,,,,,,,44.6,NEUTRAL,50.0,LOW,PASS
MLB,william contreras,William Contreras,hits,919bdbd90145290fd9a5266e0fed035b,2026-09-03T23:15:00Z,,,0.5,0.5,0.5,2,100.0,0.0,-219.0,173.5,,,,,,,,,,,,41.9,OVER,30.5,LOW,PASS
MLB,william contreras,William Contreras,hits_runs_rbis,919bdbd90145290fd9a5266e0fed035b,2026-09-03T23:15:00Z,,,1.5,1.5,1.5,1,100.0,0.0,-117.0,102.0,1.5,0.0,,,,,,,,,,33.2,OVER,4.3,LOW,PASS
MLB,william contreras,William Contreras,home_runs,919bdbd90145290fd9a5266e0fed035b,2026-09-03T23:15:00Z,,,0.5,0.5,0.5,2,100.0,0.0,479.0,-695.5,,,,,,,,,,,,51.0,UNDER,67.0,LOW,PASS
MLB,william contreras,William Contreras,rbis,919bdbd90145290fd9a5266e0fed035b,2026-09-03T23:15:00Z,,,0.5,0.5,0.5,1,100.0,0.0,128.0,-177.0,,,,,,,,,,,,36.8,UNDER,18.6,LOW,PASS
MLB,william contreras,William Contreras,stolen_bases,919bdbd90145290fd9a5266e0fed035b,2026-09-03T23:15:00Z,,,0.5,0.5,0.5,1,100.0,0.0,1941.0,,,,,,,,,,,,,44.6,NEUTRAL,50.0,LOW,PASS
MLB,william contreras,William Contreras,total_bases,919bdbd90145290fd9a5266e0fed035b,2026-09-03T23:15:00Z,,,1.5,1.5,1.5,2,100.0,0.0,136.5,-176.5,,,,,,,,,,,,39.4,UNDER,20.3,LOW,PASS
MLB,wilyer abreu,Wilyer Abreu,hits,87e824da83d83bcea518867ca5c3d75f,2026-09-03T23:15:00Z,,,0.5,0.5,0.5,2,100.0,0.0,-226.5,176.5,,,,,,,,,,,,42.2,OVER,31.5,LOW,PASS
MLB,wilyer abreu,Wilyer Abreu,hits_runs_rbis,87e824da83d83bcea518867ca5c3d75f,2026-09-03T23:15:00Z,,,1.5,1.5,1.5,1,100.0,0.0,-127.0,108.0,,,,,,,,,,,,34.0,OVER,7.6,LOW,PASS
MLB,wilyer abreu,Wilyer Abreu,home_runs,87e824da83d83bcea518867ca5c3d75f,2026-09-03T23:15:00Z,,,0.5,0.5,0.5,2,100.0,0.0,322.0,-415.5,,,,,,,,,,,,47.9,UNDER,54.6,LOW,PASS
MLB,wilyer abreu,Wilyer Abreu,rbis,87e824da83d83bcea518867ca5c3d75f,2026-09-03T23:15:00Z,,,0.5,0.5,0.5,2,100.0,0.0,121.5,-141.5,,,,,,,,,,,,37.5,UNDER,13.0,LOW,PASS
MLB,wilyer abreu,Wilyer Abreu,runs,87e824da83d83bcea518867ca5c3d75f,2026-09-03T23:15:00Z,,,0.5,0.5,0.5,1,100.0,0.0,102.0,,,,,,,,,,,,,44.6,NEUTRAL,50.0,LOW,PASS
MLB,wilyer abreu,Wilyer Abreu,stolen_bases,87e824da83d83bcea518867ca5c3d75f,2026-09-03T23:15:00Z,,,0.5,0.5,0.5,1,100.0,0.0,1718.0,,,,,,,,,,,,,44.6,NEUTRAL,50.0,LOW,PASS
MLB,wilyer abreu,Wilyer Abreu,total_bases,87e824da83d83bcea518867ca5c3d75f,2026-09-03T23:15:00Z,,,1.5,1.5,1.5,2,100.0,0.0,113.5,-145.0,,,,,,,,,,,,37.2,UNDER,11.6,LOW,PASS
MLB,wyatt langford,Wyatt Langford,home_runs,f64033ef76653cc57533ab4c515fa24b,2026-09-04T00:05:00Z,,,0.5,0.5,0.5,1,100.0,0.0,538.0,-1050.0,,,,,,,,,,,,49.8,UNDER,70.7,LOW,PASS
MLB,yainer diaz,Yainer Diaz,doubles,4531806102eb01c9886a2ceb2b16b0b9,2026-09-03T18:10:00Z,,,0.5,0.5,0.5,1,100.0,0.0,450.0,-700.0,,,,,,,,,,,,48.5,UNDER,65.6,LOW,PASS
MLB,yainer diaz,Yainer Diaz,hits,4531806102eb01c9886a2ceb2b16b0b9,2026-09-03T18:10:00Z,,,0.5,0.5,0.5,4,100.0,0.0,-225.0,156.0,,,,,,,,,,,,45.5,OVER,27.9,USABLE,WATCH
MLB,yainer diaz,Yainer Diaz,hits_runs_rbis,4531806102eb01c9886a2ceb2b16b0b9,2026-09-03T18:10:00Z,,,1.5,1.5,1.5,2,100.0,0.0,-107.5,-128.5,1.5,0.0,,,,,,,,,,35.3,UNDER,4.1,LOW,PASS
MLB,yainer diaz,Yainer Diaz,home_runs,4531806102eb01c9886a2ceb2b16b0b9,2026-09-03T18:10:00Z,,,0.5,0.5,0.5,3,100.0,0.0,809.0,-1154.5,,,,,,,,,,,,56.1,UNDER,78.6,USABLE,WATCH
MLB,yainer diaz,Yainer Diaz,rbis,4531806102eb01c9886a2ceb2b16b0b9,2026-09-03T18:10:00Z,,,0.5,0.5,0.5,3,100.0,0.0,190.0,-265.0,,,,,,,,,,,,45.3,UNDER,35.6,USABLE,WATCH
MLB,yainer diaz,Yainer Diaz,runs,4531806102eb01c9886a2ceb2b16b0b9,2026-09-03T18:10:00Z,,,0.5,0.5,0.5,1,100.0,0.0,145.0,-200.0,,,,,,,,,,,,38.2,UNDER,24.1,LOW,PASS
MLB,yainer diaz,Yainer Diaz,singles,4531806102eb01c9886a2ceb2b16b0b9,2026-09-03T18:10:00Z,,,0.5,0.5,0.5,1,100.0,0.0,-176.0,-112.0,0.5,0.0,,,,,,,,,,34.5,OVER,9.4,LOW,PASS
MLB,yainer diaz,Yainer Diaz,total_bases,4531806102eb01c9886a2ceb2b16b0b9,2026-09-03T18:10:00Z,,,1.5,0.5,1.5,4,75.0,0.433,155.0,-167.0,,,,,,,,,,,,39.3,UNDER,22.9,USABLE,WATCH
MLB,yandy diaz,Yandy Diaz,home_runs,f64033ef76653cc57533ab4c515fa24b,2026-09-04T00:05:00Z,,,0.5,0.5,0.5,1,100.0,0.0,525.0,-1008.0,,,,,,,,,,,,49.7,UNDER,70.1,LOW,PASS
MLB,yordan alvarez,Yordan Alvarez,doubles,4531806102eb01c9886a2ceb2b16b0b9,2026-09-03T18:10:00Z,,,0.5,0.5,0.5,2,100.0,0.0,300.0,-450.0,,,,,,,,,,,,47.6,UNDER,53.2,LOW,PASS
MLB,yordan alvarez,Yordan Alvarez,hits,4531806102eb01c9886a2ceb2b16b0b9,2026-09-03T18:10:00Z,,,1.5,0.5,1.5,4,75.0,0.433,184.0,-223.5,,,,,,,,,,,,41.7,UNDER,32.5,USABLE,WATCH
MLB,yordan alvarez,Yordan Alvarez,hits_runs_rbis,4531806102eb01c9886a2ceb2b16b0b9,2026-09-03T18:10:00Z,,,2.5,1.5,2.5,3,75.0,0.433,103.5,-122.0,,,,,,,,,,,,32.8,UNDER,5.6,USABLE,WATCH
MLB,yordan alvarez,Yordan Alvarez,home_runs,4531806102eb01c9886a2ceb2b16b0b9,2026-09-03T18:10:00Z,,,0.5,0.5,0.5,3,100.0,0.0,250.0,-300.0,,,,,,,,,,,,47.6,UNDER,44.8,USABLE,WATCH
MLB,yordan alvarez,Yordan Alvarez,rbis,4531806102eb01c9886a2ceb2b16b0b9,2026-09-03T18:10:00Z,,,0.5,0.5,0.5,4,100.0,0.0,120.0,-155.0,,,,,,,,,,,,42.2,UNDER,14.4,USABLE,WATCH
MLB,yordan alvarez,Yordan Alvarez,runs,4531806102eb01c9886a2ceb2b16b0b9,2026-09-03T18:10:00Z,,,0.5,0.5,0.5,3,100.0,0.0,-170.0,-18.5,,,,,,,,,,,,51.5,OVER,60.3,USABLE,WATCH
MLB,yordan alvarez,Yordan Alvarez,stolen_bases,4531806102eb01c9886a2ceb2b16b0b9,2026-09-03T18:10:00Z,,,0.5,0.5,0.5,1,100.0,0.0,2000.0,,,,,,,,,,,,,44.6,NEUTRAL,50.0,LOW,PASS
MLB,yordan alvarez,Yordan Alvarez,total_bases,4531806102eb01c9886a2ceb2b16b0b9,2026-09-03T18:10:00Z,,,1.5,1.5,1.5,4,100.0,0.0,-125.0,-104.5,1.5,0.0,,,,,,,,,,39.6,OVER,4.2,USABLE,WATCH
MLB,zack gelof,Zack Gelof,home_runs,0bbf9d80b06a1e1868b6224c751b8a2e,2026-09-04T01:40:00Z,,,0.5,0.5,0.5,1,100.0,0.0,600.0,-1268.0,,,,,,,,,,,,50.5,UNDER,73.3,LOW,PASS
NFL,a j brown,A.J. Brown,anytime_td,1bb67464f064518614cf526e0af54269,2026-09-10T00:20:00Z,,,0.0,0.0,0.0,2,100.0,0.0,165.0,,,,,,,,,,,,,46.8,NEUTRAL,50.0,LOW,PASS
NFL,a j brown,A.J. Brown,receiving_yards,1bb67464f064518614cf526e0af54269,2026-09-10T00:20:00Z,,,61.5,60.5,61.5,5,100.0,0.49,-114.0,-114.0,1099.5,1038.0,,,,,,,,,,70.7,UNDER,0.0,GOOD,LEAN
NFL,a j brown,A.J. Brown,receptions,1bb67464f064518614cf526e0af54269,2026-09-10T00:20:00Z,,,4.5,4.5,4.5,6,100.0,0.0,-147.0,112.0,78.5,74.0,,,,,,,,,,75.7,OVER,11.6,GOOD,LEAN
NFL,a j brown ne,A.J. Brown (NE),receiving_yards,1bb67464f064518614cf526e0af54269,2026-09-10T00:20:00Z,,,66.0,24.5,124.5,1,0.0,30.411,2.5,-115.0,,,,,,,,,,,,19.4,OVER,29.2,LOW,PASS
NFL,a j brown ne,A.J. Brown (NE),receptions,1bb67464f064518614cf526e0af54269,2026-09-10T00:20:00Z,,,4.5,4.5,4.5,1,100.0,0.0,-160.0,,,,,,,,,,,,,44.6,NEUTRAL,50.0,LOW,PASS
NFL,a j dillon,A.J. Dillon,anytime_td,207e2c8f6a173dbe03bda5c5be99caa7,2026-09-13T17:00:00Z,,,0.0,0.0,0.0,1,100.0,0.0,450.0,,,,,,,,,,,,,44.6,NEUTRAL,50.0,LOW,PASS
NFL,aaron jones,Aaron Jones,rushing_yards,c5d92fa7aed8de1061282616f16e529f,2026-09-13T20:25:00Z,,,30.5,30.5,30.5,1,100.0,0.0,-114.0,-117.0,499.5,469.0,,,,,,,,,,62.3,UNDER,0.6,LOW,PASS
NFL,aaron rodgers,Aaron Rodgers,passing_yards,f3c9935611447ad63290e74d5b1dde17,2026-09-13T17:00:00Z,,,216.5,216.5,216.5,1,100.0,0.0,-108.0,,215.5,-1.0,,,,,,,,,,45.3,NEUTRAL,50.0,LOW,PASS
NFL,aj barner,AJ Barner,anytime_td,1bb67464f064518614cf526e0af54269,2026-09-10T00:20:00Z,,,0.0,0.0,0.0,1,100.0,0.0,265.0,,,,,,,,,,,,,44.6,NEUTRAL,50.0,LOW,PASS
NFL,aj barner,AJ Barner,receiving_yards,1bb67464f064518614cf526e0af54269,2026-09-10T00:20:00Z,,,24.5,24.5,26.5,7,57.1,0.728,-114.5,-113.0,25.5,1.0,,,,,,,,,,42.6,OVER,0.3,STRONG,WATCH
NFL,aj barner,AJ Barner,receptions,1bb67464f064518614cf526e0af54269,2026-09-10T00:20:00Z,,,2.5,2.5,2.5,6,100.0,0.0,-146.0,113.5,,,,,,,,,,,,45.8,OVER,11.8,GOOD,WATCH
NFL,aj barner sea,AJ Barner (SEA),receiving_yards,1bb67464f064518614cf526e0af54269,2026-09-10T00:20:00Z,,,25.5,25.5,25.5,1,100.0,0.0,-115.0,-115.0,,,,,,,,,,,,32.1,UNDER,0.0,LOW,PASS
NFL,aj barner sea,AJ Barner (SEA),receptions,1bb67464f064518614cf526e0af54269,2026-09-10T00:20:00Z,,,2.5,2.5,2.5,1,100.0,0.0,-150.0,115.0,,,,,,,,,,,,35.3,OVER,12.7,LOW,PASS
NFL,amon ra st brown,Amon-Ra St. Brown,anytime_td,5aff92cd2660b12710bf709d6e022115,2026-09-13T17:00:00Z,,,1.5,1.5,1.5,1,100.0,0.0,441.0,,,,,,,,,,,,,44.6,NEUTRAL,50.0,LOW,PASS
NFL,amon ra st brown,Amon-Ra St. Brown,longest_reception,5aff92cd2660b12710bf709d6e022115,2026-09-13T17:00:00Z,,,22.5,22.5,22.5,1,100.0,0.0,-115.0,-115.0,22.5,0.0,,,,,,,,,,32.1,UNDER,0.0,LOW,PASS
NFL,amon ra st brown,Amon-Ra St. Brown,receiving_yards,5aff92cd2660b12710bf709d6e022115,2026-09-13T17:00:00Z,,,77.5,59.5,80.5,5,40.0,7.864,-115.0,-113.0,78.5,1.0,,,,,,,,,,30.8,OVER,0.4,GOOD,WATCH
NFL,amon ra st brown,Amon-Ra St. Brown,receiving_yards,a05d7c053eb1671d2e6d71e94acae4fb,2026-09-03T19:00:00Z,,,105.0,25.0,190.0,1,0.0,48.633,248.5,,78.5,-26.5,,,,,,,,,,54.6,NEUTRAL,50.0,LOW,PASS
NFL,amon ra st brown,Amon-Ra St. Brown,receptions,5aff92cd2660b12710bf709d6e022115,2026-09-13T17:00:00Z,,,6.5,6.5,6.5,3,100.0,0.0,-115.0,-116.0,6.5,0.0,,,,,,,,,,36.5,UNDER,0.2,USABLE,WATCH
NFL,andrei iosivas,Andrei Iosivas,anytime_td,e0bd613ef31e8bf41bc4330dec90c7e6,2026-09-13T17:00:00Z,,,0.25,0.0,0.5,2,100.0,0.25,270.0,,,,,,,,,,,,,46.8,NEUTRAL,50.0,LOW,PASS
NFL,andrei iosivas,Andrei Iosivas,receiving_yards,e0bd613ef31e8bf41bc4330dec90c7e6,2026-09-13T17:00:00Z,,,9.5,9.5,9.5,1,100.0,0.0,-110.0,-110.0,9.5,0.0,,,,,,,,,,32.1,UNDER,0.0,LOW,PASS
NFL,andrei iosivas,Andrei Iosivas,receptions,e0bd613ef31e8bf41bc4330dec90c7e6,2026-09-13T17:00:00Z,,,1.5,1.5,1.5,1,100.0,0.0,160.0,-230.0,,,,,,,,,,,,39.4,UNDER,28.9,LOW,PASS
NFL,audric estime,Audric Estime,anytime_td,5aff92cd2660b12710bf709d6e022115,2026-09-13T17:00:00Z,,,0.5,0.5,0.5,1,100.0,0.0,400.0,,,,,,,,,,,,,44.6,NEUTRAL,50.0,LOW,PASS
NFL,baker mayfield,Baker Mayfield,anytime_td,e0bd613ef31e8bf41bc4330dec90c7e6,2026-09-13T17:00:00Z,,,0.0,0.0,0.0,3,100.0,0.0,550.0,,,,,,,,,,,,,48.9,NEUTRAL,50.0,USABLE,WATCH
NFL,baker mayfield,Baker Mayfield,longest_rush,e0bd613ef31e8bf41bc4330dec90c7e6,2026-09-13T17:00:00Z,,,9.5,9.5,9.5,1,100.0,0.0,-115.0,-115.0,9.5,0.0,,,,,,,,,,32.1,UNDER,0.0,LOW,PASS
NFL,baker mayfield,Baker Mayfield,pass_attempts,e0bd613ef31e8bf41bc4330dec90c7e6,2026-09-13T17:00:00Z,,,33.0,32.5,33.5,4,100.0,0.5,-113.5,-116.0,33.0,0.0,,,,,,,,,,38.7,UNDER,0.5,USABLE,WATCH
NFL,baker mayfield,Baker Mayfield,pass_completions,e0bd613ef31e8bf41bc4330dec90c7e6,2026-09-13T17:00:00Z,,,21.5,21.5,22.5,3,66.7,0.471,-115.0,-114.0,22.5,1.0,,,,,,,,,,36.8,OVER,0.2,USABLE,WATCH
NFL,baker mayfield,Baker Mayfield,passing_tds,e0bd613ef31e8bf41bc4330dec90c7e6,2026-09-13T17:00:00Z,,,1.5,1.5,1.5,5,100.0,0.0,-120.0,-110.0,,,,,,,,,,,,41.2,OVER,2.0,GOOD,WATCH
NFL,baker mayfield,Baker Mayfield,passing_yards,e0bd613ef31e8bf41bc4330dec90c7e6,2026-09-13T17:00:00Z,,,245.5,230.5,247.5,6,66.7,7.141,-113.5,-115.0,239.5,-6.0,,,,,,,,,,39.9,UNDER,0.3,GOOD,WATCH
NFL,baker mayfield,Baker Mayfield,rushing_yards,677238b1b7b630af8e5eb327f610a9c8,2026-09-03T19:00:00Z,,,27.5,10.0,60.0,1,0.0,16.346,335.0,,16.5,-11.0,,,,,,,,,,54.6,NEUTRAL,50.0,LOW,PASS
NFL,baker mayfield,Baker Mayfield,rushing_yards,e0bd613ef31e8bf41bc4330dec90c7e6,2026-09-13T17:00:00Z,,,15.5,15.5,39.5,4,60.0,9.33,-110.0,-118.0,16.5,1.0,,,,,,,,,,40.7,UNDER,1.6,USABLE,WATCH
NFL,bhayshul tuten,Bhayshul Tuten,rush_attempts,a5af615996df7c99fdbffcc0e17b760b,2026-09-13T17:00:00Z,,,11.5,11.5,11.5,1,100.0,0.0,-137.0,106.0,,,,,,,,,,,,34.3,OVER,8.7,LOW,PASS
NFL,bhayshul tuten,Bhayshul Tuten,rushing_yards,a5af615996df7c99fdbffcc0e17b760b,2026-09-13T17:00:00Z,,,49.5,49.5,49.5,2,100.0,0.0,-119.0,-111.0,51.5,2.0,,,,,,,,,,40.8,OVER,1.6,LOW,PASS
NFL,blake corum,Blake Corum,anytime_td,764011b4dfb8ee727de8222f6213e1a9,2026-09-11T00:35:00Z,,,0.0,0.0,0.0,3,100.0,0.0,153.0,,,,,,,,,,,,,48.9,NEUTRAL,50.0,USABLE,WATCH
NFL,blake corum,Blake Corum,longest_reception,764011b4dfb8ee727de8222f6213e1a9,2026-09-11T00:35:00Z,,,1.5,1.5,1.5,1,100.0,0.0,-115.0,-115.0,1.5,0.0,,,,,,,,,,32.1,UNDER,0.0,LOW,PASS
NFL,blake corum,Blake Corum,rush_attempts,764011b4dfb8ee727de8222f6213e1a9,2026-09-11T00:35:00Z,,,9.5,9.5,9.5,1,100.0,0.0,110.0,-143.0,9.5,0.0,,,,,,,,,,34.8,UNDER,10.5,LOW,PASS
NFL,blake corum,Blake Corum,rushing_yards,764011b4dfb8ee727de8222f6213e1a9,2026-09-11T00:35:00Z,,,36.5,35.5,79.5,8,22.2,14.689,-114.0,-110.0,37.5,1.0,,,,,,,,,,33.8,OVER,0.8,STRONG,WATCH
NFL,brayden willis,Brayden Willis,anytime_td,764011b4dfb8ee727de8222f6213e1a9,2026-09-11T00:35:00Z,,,0.0,0.0,0.0,1,100.0,0.0,1200.0,,,,,,,,,,,,,44.6,NEUTRAL,50.0,LOW,PASS
NFL,breece hall,Breece Hall,receptions,20cdf8bcace09001101aa7b2d6734889,2026-09-13T17:00:00Z,,,2.5,2.5,2.5,1,100.0,0.0,123.0,,2.5,0.0,,,,,,,,,,44.6,NEUTRAL,50.0,LOW,PASS
NFL,brenton strange,Brenton Strange,receiving_yards,a5af615996df7c99fdbffcc0e17b760b,2026-09-13T17:00:00Z,,,35.5,35.5,35.5,2,100.0,0.0,-117.5,-112.5,34.5,-1.0,,,,,,,,,,38.8,OVER,1.0,LOW,PASS
NFL,brenton strange,Brenton Strange,receptions,a5af615996df7c99fdbffcc0e17b760b,2026-09-13T17:00:00Z,,,3.5,3.5,3.5,1,100.0,0.0,104.0,-136.0,44.5,41.0,,,,,,,,,,64.2,UNDER,8.1,LOW,PASS
NFL,brian thomas,Brian Thomas,receiving_yards,a5af615996df7c99fdbffcc0e17b760b,2026-09-13T17:00:00Z,,,37.5,37.5,37.5,2,100.0,0.0,-113.5,-116.0,724.5,687.0,,,,,,,,,,64.4,UNDER,0.5,LOW,PASS
NFL,brian thomas,Brian Thomas,receptions,a5af615996df7c99fdbffcc0e17b760b,2026-09-13T17:00:00Z,,,2.5,2.5,2.5,1,100.0,0.0,-175.0,133.0,50.5,48.0,,,,,,,,,,67.0,OVER,19.4,LOW,PASS
NFL,brock bowers,Brock Bowers,receiving_yards,8190f11dd0c3af350c7cdcf78e5d3fa7,2026-09-13T20:25:00Z,,,64.5,64.5,64.5,2,100.0,0.0,-113.5,-115.0,63.5,-1.0,,,,,,,,,,36.7,UNDER,0.3,LOW,PASS
NFL,brock bowers,Brock Bowers,receptions,8190f11dd0c3af350c7cdcf78e5d3fa7,2026-09-13T20:25:00Z,,,5.5,5.5,5.5,1,100.0,0.0,-132.0,102.0,83.5,78.0,,,,,,,,,,63.9,OVER,6.9,LOW,PASS
NFL,brock purdy,Brock Purdy,anytime_td,764011b4dfb8ee727de8222f6213e1a9,2026-09-11T00:35:00Z,,,0.0,0.0,0.0,2,100.0,0.0,562.5,,,,,,,,,,,,,46.8,NEUTRAL,50.0,LOW,PASS
NFL,brock purdy,Brock Purdy,interceptions,764011b4dfb8ee727de8222f6213e1a9,2026-09-11T00:35:00Z,,,0.5,0.5,0.5,2,100.0,0.0,-142.0,107.5,,,,,,,,,,,,36.7,OVER,9.8,LOW,PASS
NFL,brock purdy,Brock Purdy,pass_attempts,764011b4dfb8ee727de8222f6213e1a9,2026-09-11T00:35:00Z,,,33.5,33.5,33.5,2,100.0,0.0,-124.5,-106.0,33.5,0.0,,,,,,,,,,35.2,OVER,3.7,LOW,PASS
NFL,brock purdy,Brock Purdy,pass_completions,764011b4dfb8ee727de8222f6213e1a9,2026-09-11T00:35:00Z,,,22.5,22.5,22.5,1,100.0,0.0,100.0,-130.0,21.5,-1.0,,,,,,,,,,40.3,UNDER,6.1,LOW,PASS
NFL,brock purdy,Brock Purdy,passing_tds,764011b4dfb8ee727de8222f6213e1a9,2026-09-11T00:35:00Z,,,1.5,1.5,1.5,6,100.0,0.0,-103.5,-127.5,,,,,,,,,,,,44.1,UNDER,4.8,GOOD,WATCH
NFL,brock purdy,Brock Purdy,passing_yards,764011b4dfb8ee727de8222f6213e1a9,2026-09-11T00:35:00Z,,,244.5,241.5,245.5,7,100.0,1.309,-113.5,-114.0,243.5,-1.0,,,,,,,,,,45.6,UNDER,0.1,STRONG,WATCH
NFL,brock purdy,Brock Purdy,rush_attempts,764011b4dfb8ee727de8222f6213e1a9,2026-09-11T00:35:00Z,,,3.5,3.5,3.5,1,100.0,0.0,-136.0,102.0,,,,,,,,,,,,34.0,OVER,7.6,LOW,PASS
NFL,brock purdy,Brock Purdy,rushing_yards,764011b4dfb8ee727de8222f6213e1a9,2026-09-11T00:35:00Z,,,15.5,14.5,15.5,5,80.0,0.4,-112.0,-116.5,15.5,0.0,,,,,,,,,,36.9,UNDER,0.9,GOOD,WATCH
NFL,brock wright,Brock Wright,anytime_td,5aff92cd2660b12710bf709d6e022115,2026-09-13T17:00:00Z,,,0.5,0.5,0.5,1,100.0,0.0,809.0,,,,,,,,,,,,,44.6,NEUTRAL,50.0,LOW,PASS
NFL,bryce young,Bryce Young,anytime_td,207e2c8f6a173dbe03bda5c5be99caa7,2026-09-13T17:00:00Z,,,0.0,0.0,0.0,1,100.0,0.0,525.0,,,,,,,,,,,,,44.6,NEUTRAL,50.0,LOW,PASS
NFL,bryce young,Bryce Young,longest_rush,207e2c8f6a173dbe03bda5c5be99caa7,2026-09-13T17:00:00Z,,,9.5,9.5,9.5,1,100.0,0.0,-110.0,-120.0,9.5,0.0,,,,,,,,,,32.6,UNDER,2.0,LOW,PASS
NFL,bryce young,Bryce Young,pass_attempts,207e2c8f6a173dbe03bda5c5be99caa7,2026-09-13T17:00:00Z,,,30.5,29.5,30.5,5,80.0,0.4,-122.0,-108.0,30.5,0.0,,,,,,,,,,37.4,OVER,2.8,GOOD,WATCH
NFL,bryce young,Bryce Young,pass_completions,207e2c8f6a173dbe03bda5c5be99caa7,2026-09-13T17:00:00Z,,,19.5,19.5,19.5,4,100.0,0.0,-112.0,-117.0,19.5,0.0,,,,,,,,,,38.8,UNDER,1.0,USABLE,WATCH
NFL,bryce young,Bryce Young,passing_tds,207e2c8f6a173dbe03bda5c5be99caa7,2026-09-13T17:00:00Z,,,1.5,1.5,1.5,3,100.0,0.0,118.0,-157.0,,,,,,,,,,,,40.0,UNDER,14.2,USABLE,WATCH
NFL,bryce young,Bryce Young,passing_yards,207e2c8f6a173dbe03bda5c5be99caa7,2026-09-13T17:00:00Z,,,212.5,206.5,249.5,5,60.0,15.753,-113.0,-116.0,214.5,2.0,,,,,,,,,,34.3,UNDER,0.6,GOOD,WATCH
NFL,bryce young,Bryce Young,rush_attempts,207e2c8f6a173dbe03bda5c5be99caa7,2026-09-13T17:00:00Z,,,3.0,2.5,3.5,2,100.0,0.5,-145.0,7.5,3.5,0.5,,,,,,,,,,64.8,UNDER,22.2,LOW,PASS
NFL,bryce young,Bryce Young,rushing_yards,207e2c8f6a173dbe03bda5c5be99caa7,2026-09-13T17:00:00Z,,,14.5,13.5,15.5,5,60.0,0.632,-111.0,-118.0,14.5,0.0,,,,,,,,,,33.1,UNDER,1.4,GOOD,WATCH
NFL,bryce young,Bryce Young,rushing_yards,e5646a4a0f51c3953ba395fef4b14179,2026-09-03T19:00:00Z,,,27.5,10.0,60.0,1,0.0,16.346,318.0,,14.5,-13.0,,,,,,,,,,54.6,NEUTRAL,50.0,LOW,PASS
NFL,brycen tremayne,Brycen Tremayne,anytime_td,207e2c8f6a173dbe03bda5c5be99caa7,2026-09-13T17:00:00Z,,,0.5,0.5,0.5,1,100.0,0.0,1567.0,,,,,,,,,,,,,44.6,NEUTRAL,50.0,LOW,PASS
NFL,bucky irving,Bucky Irving,anytime_td,e0bd613ef31e8bf41bc4330dec90c7e6,2026-09-13T17:00:00Z,,,0.0,0.0,0.0,2,100.0,0.0,125.0,,,,,,,,,,,,,46.8,NEUTRAL,50.0,LOW,PASS
NFL,bucky irving,Bucky Irving,receiving_yards,e0bd613ef31e8bf41bc4330dec90c7e6,2026-09-13T17:00:00Z,,,12.5,10.5,13.5,4,50.0,1.09,-114.5,-112.0,13.5,1.0,,,,,,,,,,40.7,OVER,0.5,USABLE,WATCH
NFL,bucky irving,Bucky Irving,receptions,e0bd613ef31e8bf41bc4330dec90c7e6,2026-09-13T17:00:00Z,,,1.5,1.5,1.5,1,100.0,0.0,-190.0,143.0,,,,,,,,,,,,37.9,OVER,22.8,LOW,PASS
NFL,bucky irving,Bucky Irving,rush_attempts,e0bd613ef31e8bf41bc4330dec90c7e6,2026-09-13T17:00:00Z,,,15.0,14.5,15.5,2,100.0,0.5,-112.0,-116.0,14.5,-0.5,,,,,,,,,,39.5,UNDER,0.8,LOW,PASS
NFL,bucky irving,Bucky Irving,rushing_yards,677238b1b7b630af8e5eb327f610a9c8,2026-09-03T19:00:00Z,,,85.0,25.0,150.0,1,0.0,37.617,343.5,,55.5,-29.5,,,,,,,,,,54.6,NEUTRAL,50.0,LOW,PASS
NFL,bucky irving,Bucky Irving,rushing_yards,e0bd613ef31e8bf41bc4330dec90c7e6,2026-09-13T17:00:00Z,,,55.5,52.5,58.5,4,50.0,2.121,-116.0,-113.0,55.5,0.0,,,,,,,,,,28.7,OVER,0.6,USABLE,WATCH
NFL,c j stroud,C.J. Stroud,interceptions,a0b009be7e2431d207e96b99f596f541,2026-09-13T17:00:00Z,,,0.5,0.5,0.5,3,100.0,0.0,-130.0,-102.0,,,,,,,,,,,,37.8,OVER,5.6,USABLE,WATCH
NFL,c j stroud,C.J. Stroud,pass_attempts,a0b009be7e2431d207e96b99f596f541,2026-09-13T17:00:00Z,,,32.5,32.5,33.5,3,66.7,0.471,-130.0,-103.0,31.5,-1.0,,,,,,,,,,35.7,OVER,5.4,USABLE,WATCH
NFL,c j stroud,C.J. Stroud,pass_completions,a0b009be7e2431d207e96b99f596f541,2026-09-13T17:00:00Z,,,20.5,20.5,20.5,2,100.0,0.0,-6.0,-123.0,19.5,-1.0,,,,,,,,,,61.9,UNDER,81.4,LOW,PASS
NFL,c j stroud,C.J. Stroud,passing_tds,a0b009be7e2431d207e96b99f596f541,2026-09-13T17:00:00Z,,,1.5,1.5,1.5,2,100.0,0.0,125.0,-166.0,,,,,,,,,,,,38.5,UNDER,16.8,LOW,PASS
NFL,c j stroud,C.J. Stroud,passing_yards,a0b009be7e2431d207e96b99f596f541,2026-09-13T17:00:00Z,,,220.5,219.5,220.5,3,100.0,0.471,-114.0,-114.5,219.5,-1.0,,,,,,,,,,37.1,UNDER,0.1,USABLE,WATCH
NFL,cade otton,Cade Otton,anytime_td,e0bd613ef31e8bf41bc4330dec90c7e6,2026-09-13T17:00:00Z,,,0.0,0.0,0.0,3,100.0,0.0,310.0,,,,,,,,,,,,,48.9,NEUTRAL,50.0,USABLE,WATCH
NFL,cade otton,Cade Otton,longest_reception,e0bd613ef31e8bf41bc4330dec90c7e6,2026-09-13T17:00:00Z,,,13.5,13.5,13.5,1,100.0,0.0,-120.0,-110.0,13.5,0.0,,,,,,,,,,32.6,OVER,2.0,LOW,PASS
NFL,cade otton,Cade Otton,receiving_yards,e0bd613ef31e8bf41bc4330dec90c7e6,2026-09-13T17:00:00Z,,,27.0,25.5,28.5,2,0.0,1.5,-122.5,-5.0,28.5,1.5,,,,,,,,,,43.6,OVER,84.1,LOW,PASS
NFL,cairo santos,Cairo Santos,kicking_points,207e2c8f6a173dbe03bda5c5be99caa7,2026-09-13T17:00:00Z,,,7.5,7.5,7.5,1,100.0,0.0,-125.0,-105.0,7.5,0.0,,,,,,,,,,33.2,OVER,4.1,LOW,PASS
NFL,caleb williams,Caleb Williams,anytime_td,207e2c8f6a173dbe03bda5c5be99caa7,2026-09-13T17:00:00Z,,,0.0,0.0,0.0,3,100.0,0.0,400.0,,,,,,,,,,,,,48.9,NEUTRAL,50.0,USABLE,WATCH
NFL,caleb williams,Caleb Williams,interceptions,207e2c8f6a173dbe03bda5c5be99caa7,2026-09-13T17:00:00Z,,,0.5,0.5,0.5,1,100.0,0.0,-105.0,-125.0,,,,,,,,,,,,33.2,UNDER,4.1,LOW,PASS
NFL,caleb williams,Caleb Williams,pass_attempts,207e2c8f6a173dbe03bda5c5be99caa7,2026-09-13T17:00:00Z,,,32.5,32.5,32.5,4,100.0,0.0,-105.5,-122.5,32.5,0.0,,,,,,,,,,39.4,UNDER,3.5,USABLE,WATCH
NFL,caleb williams,Caleb Williams,pass_completions,207e2c8f6a173dbe03bda5c5be99caa7,2026-09-13T17:00:00Z,,,19.5,19.5,19.5,3,100.0,0.0,-130.0,-102.0,20.0,0.5,,,,,,,,,,41.7,OVER,5.6,USABLE,WATCH
NFL,caleb williams,Caleb Williams,passing_tds,207e2c8f6a173dbe03bda5c5be99caa7,2026-09-13T17:00:00Z,,,1.5,1.5,1.5,4,100.0,0.0,-111.5,-119.0,,,,,,,,,,,,38.9,UNDER,1.5,USABLE,WATCH
NFL,caleb williams,Caleb Williams,passing_yards,207e2c8f6a173dbe03bda5c5be99caa7,2026-09-13T17:00:00Z,,,226.5,224.5,249.5,6,83.3,8.699,-114.0,-114.0,231.5,5.0,,,,,,,,,,42.8,UNDER,0.0,GOOD,WATCH
NFL,caleb williams,Caleb Williams,rush_attempts,207e2c8f6a173dbe03bda5c5be99caa7,2026-09-13T17:00:00Z,,,3.5,3.5,3.5,2,100.0,0.0,-154.0,116.5,,,,,,,,,,,,37.7,OVER,13.5,LOW,PASS
NFL,caleb williams,Caleb Williams,rushing_yards,207e2c8f6a173dbe03bda5c5be99caa7,2026-09-13T17:00:00Z,,,20.5,18.5,21.5,5,40.0,1.095,-113.0,-114.0,21.5,1.0,,,,,,,,,,36.1,UNDER,0.2,GOOD,WATCH
NFL,caleb williams,Caleb Williams,rushing_yards,e5646a4a0f51c3953ba395fef4b14179,2026-09-03T19:00:00Z,,,30.0,10.0,80.0,1,9.1,22.326,145.0,,21.5,-8.5,,,,,,,,,,56.5,NEUTRAL,50.0,LOW,PASS
NFL,chase brown,Chase Brown,anytime_td,e0bd613ef31e8bf41bc4330dec90c7e6,2026-09-13T17:00:00Z,,,0.0,0.0,0.0,1,100.0,0.0,-145.0,,,,,,,,,,,,,44.6,NEUTRAL,50.0,LOW,PASS
NFL,chase brown,Chase Brown,receiving_yards,677238b1b7b630af8e5eb327f610a9c8,2026-09-03T19:00:00Z,,,55.0,15.0,120.0,1,0.0,35.814,432.0,,22.5,-32.5,,,,,,,,,,54.6,NEUTRAL,50.0,LOW,PASS
NFL,chase brown,Chase Brown,receiving_yards,e0bd613ef31e8bf41bc4330dec90c7e6,2026-09-13T17:00:00Z,,,22.5,22.5,22.5,2,100.0,0.0,-112.5,-117.0,22.5,0.0,,,,,,,,,,34.5,UNDER,0.9,LOW,PASS
NFL,chase brown,Chase Brown,receptions,e0bd613ef31e8bf41bc4330dec90c7e6,2026-09-13T17:00:00Z,,,3.5,3.5,3.5,2,100.0,0.0,-116.0,-113.5,3.5,0.0,,,,,,,,,,34.4,OVER,0.5,LOW,PASS
NFL,chase brown,Chase Brown,rush_attempts,e0bd613ef31e8bf41bc4330dec90c7e6,2026-09-13T17:00:00Z,,,14.5,14.5,14.5,1,100.0,0.0,100.0,-130.0,14.5,0.0,,,,,,,,,,33.7,UNDER,6.1,LOW,PASS
NFL,chase brown,Chase Brown,rushing_yards,677238b1b7b630af8e5eb327f610a9c8,2026-09-03T19:00:00Z,,,75.0,25.0,150.0,1,0.0,38.157,176.5,,59.5,-15.5,,,,,,,,,,54.6,NEUTRAL,50.0,LOW,PASS
NFL,chase brown,Chase Brown,rushing_yards,e0bd613ef31e8bf41bc4330dec90c7e6,2026-09-13T17:00:00Z,,,60.5,59.5,60.5,3,100.0,0.471,-115.0,-114.5,59.5,-1.0,,,,,,,,,,38.9,OVER,0.1,USABLE,WATCH
NFL,chris godwin,Chris Godwin,receiving_yards,e0bd613ef31e8bf41bc4330dec90c7e6,2026-09-13T17:00:00Z,,,43.5,43.5,43.5,1,100.0,0.0,-110.0,-110.0,674.5,631.0,,,,,,,,,,62.1,UNDER,0.0,LOW,PASS
NFL,chris olave,Chris Olave,receiving_yards,5aff92cd2660b12710bf709d6e022115,2026-09-13T17:00:00Z,,,75.5,39.5,76.5,4,75.0,15.738,-116.0,-114.0,75.5,0.0,,,,,,,,,,33.7,OVER,0.4,USABLE,WATCH
NFL,chris olave,Chris Olave,receiving_yards,a05d7c053eb1671d2e6d71e94acae4fb,2026-09-03T19:00:00Z,,,120.0,25.0,190.0,1,7.7,48.847,410.0,,75.5,-44.5,,,,,,,,,,56.2,NEUTRAL,50.0,LOW,PASS
NFL,chris olave,Chris Olave,receptions,5aff92cd2660b12710bf709d6e022115,2026-09-13T17:00:00Z,,,6.5,6.5,6.5,2,100.0,0.0,107.5,-139.0,6.5,0.0,,,,,,,,,,36.6,UNDER,9.4,LOW,PASS
NFL,chris rodriguez,Chris Rodriguez,rush_attempts,a5af615996df7c99fdbffcc0e17b760b,2026-09-13T17:00:00Z,,,8.5,8.5,8.5,1,100.0,0.0,108.0,-141.0,,,,,,,,,,,,34.6,UNDER,9.8,LOW,PASS
NFL,chris rodriguez,Chris Rodriguez,rushing_yards,a5af615996df7c99fdbffcc0e17b760b,2026-09-13T17:00:00Z,,,33.5,33.5,33.5,2,100.0,0.0,-117.0,-112.5,,,,,,,,,,,,34.5,OVER,0.9,LOW,PASS
NFL,christian mccaffrey,Christian McCaffrey,anytime_td,764011b4dfb8ee727de8222f6213e1a9,2026-09-11T00:35:00Z,,,0.0,0.0,0.0,3,100.0,0.0,-150.0,,,,,,,,,,,,,48.9,NEUTRAL,50.0,USABLE,WATCH
NFL,christian mccaffrey,Christian McCaffrey,longest_reception,764011b4dfb8ee727de8222f6213e1a9,2026-09-11T00:35:00Z,,,15.5,15.5,15.5,1,100.0,0.0,-114.0,-114.0,14.5,-1.0,,,,,,,,,,41.8,UNDER,0.0,LOW,PASS
NFL,christian mccaffrey,Christian McCaffrey,receiving_yards,764011b4dfb8ee727de8222f6213e1a9,2026-09-11T00:35:00Z,,,37.5,36.5,38.5,6,57.1,0.639,-114.5,-115.0,38.5,1.0,,,,,,,,,,38.3,UNDER,0.1,GOOD,WATCH
NFL,christian mccaffrey,Christian McCaffrey,receptions,764011b4dfb8ee727de8222f6213e1a9,2026-09-11T00:35:00Z,,,4.5,4.5,4.5,5,100.0,0.0,-102.0,-130.0,4.5,0.0,,,,,,,,,,42.1,UNDER,5.6,GOOD,WATCH
NFL,christian mccaffrey,Christian McCaffrey,rush_attempts,764011b4dfb8ee727de8222f6213e1a9,2026-09-11T00:35:00Z,,,16.5,16.5,16.5,1,100.0,0.0,-105.0,-124.0,15.0,-1.5,,,,,,,,,,46.7,UNDER,3.9,LOW,PASS
NFL,christian mccaffrey,Christian McCaffrey,rushing_yards,764011b4dfb8ee727de8222f6213e1a9,2026-09-11T00:35:00Z,,,59.5,58.5,60.5,5,100.0,0.748,-118.0,-111.0,59.5,0.0,,,,,,,,,,41.1,OVER,1.4,GOOD,WATCH
NFL,christian watson,Christian Watson,receiving_yards,c5d92fa7aed8de1061282616f16e529f,2026-09-13T20:25:00Z,,,52.5,52.5,52.5,1,100.0,0.0,,-117.0,54.5,2.0,,,,,,,,,,50.4,NEUTRAL,50.0,LOW,PASS
NFL,chuba hubbard,Chuba Hubbard,anytime_td,207e2c8f6a173dbe03bda5c5be99caa7,2026-09-13T17:00:00Z,,,0.0,0.0,0.0,2,100.0,0.0,112.5,,,,,,,,,,,,,46.8,NEUTRAL,50.0,LOW,PASS
NFL,cj daniels,CJ Daniels,anytime_td,764011b4dfb8ee727de8222f6213e1a9,2026-09-11T00:35:00Z,,,0.0,0.0,0.0,1,100.0,0.0,1900.0,,,,,,,,,,,,,44.6,NEUTRAL,50.0,LOW,PASS
NFL,colbie young,Colbie Young,anytime_td,e0bd613ef31e8bf41bc4330dec90c7e6,2026-09-13T17:00:00Z,,,0.0,0.0,0.0,1,100.0,0.0,500.0,,,,,,,,,,,,,44.6,NEUTRAL,50.0,LOW,PASS
NFL,colby parkinson,Colby Parkinson,anytime_td,764011b4dfb8ee727de8222f6213e1a9,2026-09-11T00:35:00Z,,,0.0,0.0,0.0,2,100.0,0.0,395.0,,,,,,,,,,,,,46.8,NEUTRAL,50.0,LOW,PASS
NFL,colby parkinson,Colby Parkinson,receiving_yards,764011b4dfb8ee727de8222f6213e1a9,2026-09-11T00:35:00Z,,,22.5,21.5,23.5,5,40.0,0.748,-116.0,-112.0,21.5,-1.0,,,,,,,,,,35.6,OVER,0.8,GOOD,WATCH
NFL,colby parkinson,Colby Parkinson,receptions,764011b4dfb8ee727de8222f6213e1a9,2026-09-11T00:35:00Z,,,2.5,2.5,2.5,4,100.0,0.0,104.0,-133.0,,,,,,,,,,,,40.5,UNDER,7.6,USABLE,WATCH
NFL,cole kmet,Cole Kmet,anytime_td,207e2c8f6a173dbe03bda5c5be99caa7,2026-09-13T17:00:00Z,,,0.25,0.0,0.5,2,100.0,0.25,431.5,,,,,,,,,,,,,46.8,NEUTRAL,50.0,LOW,PASS
NFL,cole kmet,Cole Kmet,receptions,207e2c8f6a173dbe03bda5c5be99caa7,2026-09-13T17:00:00Z,,,1.5,1.5,1.5,1,100.0,0.0,175.0,-255.0,1.5,0.0,,,,,,,,,,40.3,UNDER,32.8,LOW,PASS
NFL,colston loveland,Colston Loveland,anytime_td,207e2c8f6a173dbe03bda5c5be99caa7,2026-09-13T17:00:00Z,,,0.0,0.0,0.5,3,100.0,0.236,185.0,-182.0,,,,,,,,,,,,43.8,UNDER,29.6,USABLE,WATCH
NFL,colston loveland,Colston Loveland,receiving_yards,207e2c8f6a173dbe03bda5c5be99caa7,2026-09-13T17:00:00Z,,,50.5,48.5,50.5,5,80.0,0.8,-114.0,-114.5,52.5,2.0,,,,,,,,,,42.7,UNDER,0.1,GOOD,WATCH
NFL,colston loveland,Colston Loveland,receiving_yards,e5646a4a0f51c3953ba395fef4b14179,2026-09-03T19:00:00Z,,,75.0,15.0,140.0,1,0.0,38.03,304.5,,52.5,-22.5,,,,,,,,,,54.6,NEUTRAL,50.0,LOW,PASS
NFL,colston loveland,Colston Loveland,receptions,207e2c8f6a173dbe03bda5c5be99caa7,2026-09-13T17:00:00Z,,,4.5,4.5,4.5,4,100.0,0.0,104.0,-140.0,69.5,65.0,,,,,,,,,,70.7,UNDER,8.7,USABLE,LEAN
NFL,cooper kupp,Cooper Kupp,anytime_td,1bb67464f064518614cf526e0af54269,2026-09-10T00:20:00Z,,,0.0,0.0,0.0,2,100.0,0.0,222.5,,,,,,,,,,,,,46.8,NEUTRAL,50.0,LOW,PASS
NFL,cooper kupp,Cooper Kupp,longest_reception,1bb67464f064518614cf526e0af54269,2026-09-10T00:20:00Z,,,16.5,16.5,16.5,1,100.0,0.0,-108.0,-122.0,,,,,,,,,,,,32.9,UNDER,2.8,LOW,PASS
NFL,cooper kupp,Cooper Kupp,receiving_yards,1bb67464f064518614cf526e0af54269,2026-09-10T00:20:00Z,,,30.5,29.5,32.5,6,33.3,1.247,-115.0,-114.0,29.5,-1.0,,,,,,,,,,34.5,OVER,0.2,GOOD,WATCH
NFL,cooper kupp,Cooper Kupp,receptions,1bb67464f064518614cf526e0af54269,2026-09-10T00:20:00Z,,,2.5,2.5,2.5,5,100.0,0.0,-149.0,114.0,3.0,0.5,,,,,,,,,,73.8,OVER,12.3,GOOD,LEAN
NFL,cooper kupp sea,Cooper Kupp (SEA),receiving_yards,1bb67464f064518614cf526e0af54269,2026-09-10T00:20:00Z,,,44.5,9.5,109.5,1,0.0,31.762,165.0,-115.0,,,,,,,,,,,,16.5,UNDER,17.3,LOW,PASS
NFL,cooper kupp sea,Cooper Kupp (SEA),receptions,1bb67464f064518614cf526e0af54269,2026-09-10T00:20:00Z,,,3.5,3.5,3.5,1,100.0,0.0,170.0,,,,,,,,,,,,,44.6,NEUTRAL,50.0,LOW,PASS
NFL,d andre swift,D'Andre Swift,anytime_td,207e2c8f6a173dbe03bda5c5be99caa7,2026-09-13T17:00:00Z,,,0.0,0.0,1.5,3,66.7,0.707,-140.0,,,,,,,,,,,,,42.3,NEUTRAL,50.0,USABLE,WATCH
NFL,d andre swift,D'Andre Swift,longest_rush,207e2c8f6a173dbe03bda5c5be99caa7,2026-09-13T17:00:00Z,,,14.5,14.5,14.5,1,100.0,0.0,-115.0,-115.0,14.5,0.0,,,,,,,,,,32.1,UNDER,0.0,LOW,PASS
NFL,d andre swift,D'Andre Swift,receiving_yards,207e2c8f6a173dbe03bda5c5be99caa7,2026-09-13T17:00:00Z,,,15.5,15.5,15.5,1,100.0,0.0,-105.0,-125.0,14.5,-1.0,,,,,,,,,,42.8,UNDER,4.1,LOW,PASS
NFL,d andre swift,D'Andre Swift,receptions,207e2c8f6a173dbe03bda5c5be99caa7,2026-09-13T17:00:00Z,,,2.5,2.5,2.5,1,100.0,0.0,110.0,-150.0,,,,,,,,,,,,35.0,UNDER,11.5,LOW,PASS
NFL,d andre swift,D'Andre Swift,rush_attempts,207e2c8f6a173dbe03bda5c5be99caa7,2026-09-13T17:00:00Z,,,16.5,16.5,16.5,2,100.0,0.0,-107.5,-122.5,16.5,0.0,,,,,,,,,,35.0,UNDER,3.0,LOW,PASS
NFL,d andre swift,D'Andre Swift,rushing_yards,207e2c8f6a173dbe03bda5c5be99caa7,2026-09-13T17:00:00Z,,,70.5,70.5,70.5,1,100.0,0.0,-110.0,-120.0,69.5,-1.0,,,,,,,,,,34.8,UNDER,2.0,LOW,PASS
NFL,d j moore,D.J. Moore,receiving_yards,a0b009be7e2431d207e96b99f596f541,2026-09-13T17:00:00Z,,,46.5,46.5,46.5,2,100.0,0.0,-116.0,-113.5,,,,,,,,,,,,34.4,OVER,0.5,LOW,PASS
NFL,d j moore,D.J. Moore,receptions,a0b009be7e2431d207e96b99f596f541,2026-09-13T17:00:00Z,,,3.5,3.5,3.5,1,100.0,0.0,102.0,-132.0,,,,,,,,,,,,33.9,UNDER,6.9,LOW,PASS
NFL,dallas goedert,Dallas Goedert,receiving_yards,05ba435db2839dc70032e9884268a4e2,2026-09-13T20:25:00Z,,,34.5,34.5,34.5,1,100.0,0.0,-115.0,-115.0,34.5,0.0,,,,,,,,,,32.1,UNDER,0.0,LOW,PASS
NFL,dalton kincaid,Dalton Kincaid,receiving_yards,a0b009be7e2431d207e96b99f596f541,2026-09-13T17:00:00Z,,,37.5,36.5,37.5,3,66.7,0.471,-120.0,-110.0,37.5,0.0,,,,,,,,,,30.3,OVER,2.0,USABLE,WATCH
NFL,dalton kincaid,Dalton Kincaid,receptions,a0b009be7e2431d207e96b99f596f541,2026-09-13T17:00:00Z,,,3.5,3.5,3.5,2,100.0,0.0,114.0,-126.5,49.5,46.0,,,,,,,,,,66.5,UNDER,8.9,LOW,PASS
NFL,dalton schultz,Dalton Schultz,receiving_yards,a0b009be7e2431d207e96b99f596f541,2026-09-13T17:00:00Z,,,34.5,34.5,34.5,2,100.0,0.0,-113.5,-116.0,35.5,1.0,,,,,,,,,,38.8,UNDER,0.5,LOW,PASS
NFL,dalton schultz,Dalton Schultz,receptions,a0b009be7e2431d207e96b99f596f541,2026-09-13T17:00:00Z,,,3.5,3.5,3.5,1,100.0,0.0,-139.0,108.0,50.5,47.0,,,,,,,,,,64.5,OVER,9.5,LOW,PASS
NFL,daniel carlson,Daniel Carlson,kicking_points,5aff92cd2660b12710bf709d6e022115,2026-09-13T17:00:00Z,,,6.5,6.5,6.5,1,100.0,0.0,-115.0,-115.0,6.5,0.0,,,,,,,,,,32.1,UNDER,0.0,LOW,PASS
NFL,daniel jones,Daniel Jones,pass_attempts,72de8a0c4a2fe14acc132c2c9559e499,2026-09-13T17:00:00Z,,,32.5,32.5,32.5,2,100.0,0.0,-119.0,-111.0,31.5,-1.0,,,,,,,,,,39.3,OVER,1.6,LOW,PASS
NFL,daniel jones,Daniel Jones,pass_completions,72de8a0c4a2fe14acc132c2c9559e499,2026-09-13T17:00:00Z,,,21.5,21.5,21.5,1,100.0,0.0,-122.0,-107.0,20.5,-1.0,,,,,,,,,,39.9,OVER,3.1,LOW,PASS
NFL,daniel jones,Daniel Jones,passing_tds,72de8a0c4a2fe14acc132c2c9559e499,2026-09-13T17:00:00Z,,,1.5,1.5,1.5,2,100.0,0.0,135.0,-180.0,,,,,,,,,,,,39.4,UNDER,20.3,LOW,PASS
NFL,daniel jones,Daniel Jones,passing_yards,72de8a0c4a2fe14acc132c2c9559e499,2026-09-13T17:00:00Z,,,232.5,230.5,232.5,3,100.0,0.943,-114.0,-114.5,230.5,-2.0,,,,,,,,,,37.7,UNDER,0.1,USABLE,WATCH
NFL,darren waller,Darren Waller,anytime_td,207e2c8f6a173dbe03bda5c5be99caa7,2026-09-13T17:00:00Z,,,0.0,0.0,0.5,4,100.0,0.217,427.5,,,,,,,,,,,,,51.1,NEUTRAL,50.0,USABLE,WATCH
NFL,davante adams,Davante Adams,anytime_td,764011b4dfb8ee727de8222f6213e1a9,2026-09-11T00:35:00Z,,,0.0,0.0,0.0,2,100.0,0.0,5.0,,,,,,,,,,,,,46.8,NEUTRAL,50.0,LOW,PASS
NFL,davante adams,Davante Adams,receiving_yards,764011b4dfb8ee727de8222f6213e1a9,2026-09-11T00:35:00Z,,,51.5,51.5,99.5,6,83.3,17.889,-113.5,-116.0,51.5,0.0,,,,,,,,,,39.6,UNDER,0.5,GOOD,WATCH
NFL,davante adams,Davante Adams,receptions,764011b4dfb8ee727de8222f6213e1a9,2026-09-11T00:35:00Z,,,4.5,4.5,8.5,4,75.0,1.732,2.5,-130.0,4.5,0.0,,,,,,,,,,40.2,OVER,26.6,USABLE,WATCH
NFL,david montgomery,David Montgomery,rush_attempts,a0b009be7e2431d207e96b99f596f541,2026-09-13T17:00:00Z,,,12.5,12.5,12.5,1,100.0,0.0,-130.0,100.0,,,,,,,,,,,,33.7,OVER,6.1,LOW,PASS
NFL,david montgomery,David Montgomery,rushing_yards,a0b009be7e2431d207e96b99f596f541,2026-09-13T17:00:00Z,,,53.5,53.5,53.5,2,100.0,0.0,-116.0,-113.0,55.5,2.0,,,,,,,,,,40.0,OVER,0.6,LOW,PASS
NFL,davis allen,Davis Allen,anytime_td,764011b4dfb8ee727de8222f6213e1a9,2026-09-11T00:35:00Z,,,0.0,0.0,0.0,2,100.0,0.0,900.0,,,,,,,,,,,,,46.8,NEUTRAL,50.0,LOW,PASS
NFL,de von achane,De'Von Achane,receiving_yards,8190f11dd0c3af350c7cdcf78e5d3fa7,2026-09-13T20:25:00Z,,,28.5,28.5,28.5,2,100.0,0.0,-116.0,-113.5,32.5,4.0,,,,,,,,,,55.5,OVER,0.5,LOW,PASS
NFL,de von achane,De'Von Achane,receptions,8190f11dd0c3af350c7cdcf78e5d3fa7,2026-09-13T20:25:00Z,,,4.5,4.5,4.5,1,100.0,0.0,100.0,-130.0,56.5,52.0,,,,,,,,,,63.7,UNDER,6.1,LOW,PASS
NFL,de von achane,De'Von Achane,rush_attempts,8190f11dd0c3af350c7cdcf78e5d3fa7,2026-09-13T20:25:00Z,,,14.5,14.5,14.5,1,100.0,0.0,-132.0,102.0,14.5,0.0,,,,,,,,,,33.9,OVER,6.9,LOW,PASS
NFL,de von achane,De'Von Achane,rushing_yards,8190f11dd0c3af350c7cdcf78e5d3fa7,2026-09-13T20:25:00Z,,,68.5,68.5,68.5,2,100.0,0.0,-117.0,-112.5,69.5,1.0,,,,,,,,,,36.7,OVER,0.9,LOW,PASS
NFL,de zhaun stribling,De'Zhaun Stribling,anytime_td,764011b4dfb8ee727de8222f6213e1a9,2026-09-11T00:35:00Z,,,0.0,0.0,0.0,1,100.0,0.0,260.0,,,,,,,,,,,,,44.6,NEUTRAL,50.0,LOW,PASS
NFL,de zhaun stribling,De'Zhaun Stribling,receiving_yards,764011b4dfb8ee727de8222f6213e1a9,2026-09-11T00:35:00Z,,,38.5,37.5,39.5,7,57.1,0.639,-112.5,-114.5,38.5,0.0,,,,,,,,,,36.5,UNDER,0.4,STRONG,WATCH
NFL,de zhaun stribling,De'Zhaun Stribling,receptions,764011b4dfb8ee727de8222f6213e1a9,2026-09-11T00:35:00Z,,,3.5,3.5,3.5,3,100.0,0.0,116.0,-154.0,3.0,-0.5,,,,,,,,,,61.2,UNDER,13.4,USABLE,WATCH
NFL,deebo samuel,Deebo Samuel,anytime_td,764011b4dfb8ee727de8222f6213e1a9,2026-09-11T00:35:00Z,,,0.0,0.0,0.0,2,100.0,0.0,197.5,,,,,,,,,,,,,46.8,NEUTRAL,50.0,LOW,PASS
NFL,deebo samuel,Deebo Samuel,longest_reception,764011b4dfb8ee727de8222f6213e1a9,2026-09-11T00:35:00Z,,,16.5,16.5,16.5,1,100.0,0.0,-115.0,-115.0,,,,,,,,,,,,32.1,UNDER,0.0,LOW,PASS
NFL,deebo samuel,Deebo Samuel,receiving_yards,764011b4dfb8ee727de8222f6213e1a9,2026-09-11T00:35:00Z,,,30.5,30.5,30.5,4,100.0,0.0,-110.0,-113.5,649.5,619.0,,,,,,,,,,68.8,UNDER,0.7,USABLE,LEAN
NFL,deebo samuel,Deebo Samuel,receptions,764011b4dfb8ee727de8222f6213e1a9,2026-09-11T00:35:00Z,,,2.5,2.5,2.5,2,100.0,0.0,-148.5,116.5,,,,,,,,,,,,37.5,OVER,12.8,LOW,PASS
NFL,deebo samuel sr,Deebo Samuel Sr.,receiving_yards,764011b4dfb8ee727de8222f6213e1a9,2026-09-11T00:35:00Z,,,30.5,29.5,31.5,2,0.0,1.0,-5058.5,-5056.5,30.5,0.0,,,,,,,,,,14.3,OVER,0.0,LOW,PASS
NFL,deebo samuel sr,Deebo Samuel Sr.,receptions,764011b4dfb8ee727de8222f6213e1a9,2026-09-11T00:35:00Z,,,2.5,2.5,2.5,1,100.0,0.0,-142.0,107.0,3.0,0.5,,,,,,,,,,64.6,OVER,9.7,LOW,PASS
NFL,defense,Defense,anytime_td,1bb67464f064518614cf526e0af54269,2026-09-10T00:20:00Z,,,0.0,0.0,0.0,2,100.0,0.0,550.0,,,,,,,,,,,,,46.8,NEUTRAL,50.0,LOW,PASS
NFL,defense,Defense,anytime_td,207e2c8f6a173dbe03bda5c5be99caa7,2026-09-13T17:00:00Z,,,0.0,0.0,0.0,2,100.0,0.0,675.0,,,,,,,,,,,,,46.8,NEUTRAL,50.0,LOW,PASS
NFL,defense,Defense,anytime_td,5aff92cd2660b12710bf709d6e022115,2026-09-13T17:00:00Z,,,0.0,0.0,0.0,1,100.0,0.0,950.0,,,,,,,,,,,,,44.6,NEUTRAL,50.0,LOW,PASS
NFL,defense,Defense,anytime_td,764011b4dfb8ee727de8222f6213e1a9,2026-09-11T00:35:00Z,,,0.0,0.0,0.0,1,100.0,0.0,650.0,,,,,,,,,,,,,44.6,NEUTRAL,50.0,LOW,PASS
NFL,defense,Defense,anytime_td,e0bd613ef31e8bf41bc4330dec90c7e6,2026-09-13T17:00:00Z,,,0.0,0.0,0.0,1,100.0,0.0,800.0,,,,,,,,,,,,,44.6,NEUTRAL,50.0,LOW,PASS
NFL,demarcus robinson,Demarcus Robinson,anytime_td,764011b4dfb8ee727de8222f6213e1a9,2026-09-11T00:35:00Z,,,0.0,0.0,0.0,1,100.0,0.0,675.0,,,,,,,,,,,,,44.6,NEUTRAL,50.0,LOW,PASS
NFL,demario douglas,DeMario Douglas,anytime_td,1bb67464f064518614cf526e0af54269,2026-09-10T00:20:00Z,,,0.0,0.0,0.0,1,100.0,0.0,600.0,,,,,,,,,,,,,44.6,NEUTRAL,50.0,LOW,PASS
NFL,demario douglas,DeMario Douglas,longest_reception,1bb67464f064518614cf526e0af54269,2026-09-10T00:20:00Z,,,12.5,12.5,12.5,1,100.0,0.0,-114.0,-114.0,,,,,,,,,,,,32.1,UNDER,0.0,LOW,PASS
NFL,demario douglas,DeMario Douglas,receiving_yards,1bb67464f064518614cf526e0af54269,2026-09-10T00:20:00Z,,,19.5,18.5,20.5,7,28.6,0.833,-111.0,-116.0,18.5,-1.0,,,,,,,,,,38.7,UNDER,1.0,STRONG,WATCH
NFL,demario douglas,DeMario Douglas,receptions,1bb67464f064518614cf526e0af54269,2026-09-10T00:20:00Z,,,1.5,1.5,1.5,5,100.0,0.0,-162.0,124.0,2.0,0.5,,,,,,,,,,74.8,OVER,16.1,GOOD,LEAN
NFL,demario douglas ne,DeMario Douglas (NE),receiving_yards,1bb67464f064518614cf526e0af54269,2026-09-10T00:20:00Z,,,44.5,9.5,89.5,1,0.0,26.651,300.0,,,,,,,,,,,,,24.6,NEUTRAL,50.0,LOW,PASS
NFL,demario douglas ne,DeMario Douglas (NE),receptions,1bb67464f064518614cf526e0af54269,2026-09-10T00:20:00Z,,,2.5,0.5,4.5,1,20.0,1.414,190.0,,,,,,,,,,,,,28.6,NEUTRAL,50.0,LOW,PASS
NFL,demario douglas ne,Demario Douglas (NE),receiving_yards,1bb67464f064518614cf526e0af54269,2026-09-10T00:20:00Z,,,20.5,20.5,20.5,1,100.0,0.0,-120.0,-110.0,,,,,,,,,,,,32.6,OVER,2.0,LOW,PASS
NFL,denzel boston,Denzel Boston,receiving_yards,a5af615996df7c99fdbffcc0e17b760b,2026-09-13T17:00:00Z,,,24.5,24.5,24.5,2,100.0,0.0,-113.5,-116.0,22.5,-2.0,,,,,,,,,,46.7,UNDER,0.5,LOW,PASS
NFL,denzel boston,Denzel Boston,receptions,a5af615996df7c99fdbffcc0e17b760b,2026-09-13T17:00:00Z,,,2.5,2.5,2.5,2,100.0,0.0,126.0,-162.0,,,,,,,,,,,,38.4,UNDER,16.6,LOW,PASS
NFL,derrick henry,Derrick Henry,rush_attempts,72de8a0c4a2fe14acc132c2c9559e499,2026-09-13T17:00:00Z,,,17.5,17.5,17.5,1,100.0,0.0,-103.0,-129.0,18.5,1.0,,,,,,,,,,42.0,UNDER,5.2,LOW,PASS
NFL,derrick henry,Derrick Henry,rushing_yards,72de8a0c4a2fe14acc132c2c9559e499,2026-09-13T17:00:00Z,,,77.5,77.5,77.5,2,100.0,0.0,-114.5,-114.5,81.5,4.0,,,,,,,,,,42.0,UNDER,0.0,LOW,PASS
NFL,deshaun watson,Deshaun Watson,pass_attempts,a5af615996df7c99fdbffcc0e17b760b,2026-09-13T17:00:00Z,,,31.5,31.5,31.5,2,100.0,0.0,-107.5,-123.0,31.5,0.0,,,,,,,,,,35.1,UNDER,3.1,LOW,PASS
NFL,deshaun watson,Deshaun Watson,pass_completions,a5af615996df7c99fdbffcc0e17b760b,2026-09-13T17:00:00Z,,,18.5,18.5,18.5,1,100.0,0.0,-107.0,-122.0,17.5,-1.0,,,,,,,,,,41.0,UNDER,3.1,LOW,PASS
NFL,deshaun watson,Deshaun Watson,passing_tds,a5af615996df7c99fdbffcc0e17b760b,2026-09-13T17:00:00Z,,,0.5,0.5,0.5,2,100.0,0.0,-180.0,135.0,,,,,,,,,,,,39.4,OVER,20.3,LOW,PASS
NFL,deshaun watson,Deshaun Watson,passing_yards,a5af615996df7c99fdbffcc0e17b760b,2026-09-13T17:00:00Z,,,172.5,172.5,172.5,2,100.0,0.0,-116.0,-113.5,176.5,4.0,,,,,,,,,,37.9,OVER,0.5,LOW,PASS
NFL,devaughn vele,Devaughn Vele,receptions,5aff92cd2660b12710bf709d6e022115,2026-09-13T17:00:00Z,,,3.5,3.5,3.5,1,100.0,0.0,125.0,-160.0,,,,,,,,,,,,36.2,UNDER,16.1,LOW,PASS
NFL,devonta smith,DeVonta Smith,receiving_yards,05ba435db2839dc70032e9884268a4e2,2026-09-13T20:25:00Z,,,66.5,66.5,66.5,1,100.0,0.0,,-114.0,1099.5,1033.0,,,,,,,,,,74.6,NEUTRAL,50.0,LOW,PASS
NFL,dj moore,DJ Moore,receptions,a0b009be7e2431d207e96b99f596f541,2026-09-13T17:00:00Z,,,3.5,3.5,3.5,1,100.0,0.0,,-117.0,3.5,0.0,,,,,,,,,,44.6,NEUTRAL,50.0,LOW,PASS
NFL,drake maye,Drake Maye,anytime_td,1bb67464f064518614cf526e0af54269,2026-09-10T00:20:00Z,,,0.0,0.0,0.0,2,100.0,0.0,380.0,,,,,,,,,,,,,46.8,NEUTRAL,50.0,LOW,PASS
NFL,drake maye,Drake Maye,interceptions,1bb67464f064518614cf526e0af54269,2026-09-10T00:20:00Z,,,0.5,0.5,0.5,3,100.0,0.0,-134.0,102.0,,,,,,,,,,,,38.2,OVER,7.3,USABLE,WATCH
NFL,drake maye,Drake Maye,pass_attempts,1bb67464f064518614cf526e0af54269,2026-09-10T00:20:00Z,,,30.5,30.5,31.5,4,75.0,0.433,-121.5,-108.5,31.5,1.0,,,,,,,,,,39.1,OVER,2.6,USABLE,WATCH
NFL,drake maye,Drake Maye,pass_completions,1bb67464f064518614cf526e0af54269,2026-09-10T00:20:00Z,,,20.5,20.5,20.5,2,100.0,0.0,0.0,-132.0,19.5,-1.0,,,,,,,,,,54.1,NEUTRAL,50.0,LOW,PASS
NFL,drake maye,Drake Maye,passing_tds,1bb67464f064518614cf526e0af54269,2026-09-10T00:20:00Z,,,1.5,1.5,1.5,3,100.0,0.0,160.0,-220.0,,,,,,,,,,,,43.5,UNDER,28.3,USABLE,WATCH
NFL,drake maye,Drake Maye,passing_yards,1bb67464f064518614cf526e0af54269,2026-09-10T00:20:00Z,,,226.5,224.5,232.5,7,85.7,2.556,-114.0,-114.0,3774.5,3548.0,,,,,,,,,,72.1,UNDER,0.0,STRONG,LEAN
NFL,drake maye,Drake Maye,rush_attempts,1bb67464f064518614cf526e0af54269,2026-09-10T00:20:00Z,,,5.5,5.5,5.5,2,100.0,0.0,108.0,-140.5,,,,,,,,,,,,36.7,UNDER,9.7,LOW,PASS
NFL,drake maye,Drake Maye,rushing_yards,1bb67464f064518614cf526e0af54269,2026-09-10T00:20:00Z,,,24.5,23.5,25.5,5,60.0,0.632,-114.0,-114.0,424.5,400.0,,,,,,,,,,62.7,UNDER,0.0,GOOD,WATCH
NFL,drake maye ne,Drake Maye (NE),passing_tds,1bb67464f064518614cf526e0af54269,2026-09-10T00:20:00Z,,,1.5,0.5,2.5,1,33.3,0.816,140.0,,,,,,,,,,,,,31.3,NEUTRAL,50.0,LOW,PASS
NFL,drake maye ne,Drake Maye (NE),passing_yards,1bb67464f064518614cf526e0af54269,2026-09-10T00:20:00Z,,,239.5,149.5,349.5,1,0.0,61.53,12.5,-115.0,,,,,,,,,,,,18.4,OVER,24.9,LOW,PASS
NFL,drake maye ne,Drake Maye (NE),rushing_yards,1bb67464f064518614cf526e0af54269,2026-09-10T00:20:00Z,,,27.5,9.5,69.5,1,0.0,18.853,20.0,-115.0,,,,,,,,,,,,17.6,OVER,21.8,LOW,PASS
NFL,drew sample,Drew Sample,anytime_td,e0bd613ef31e8bf41bc4330dec90c7e6,2026-09-13T17:00:00Z,,,0.5,0.5,0.5,1,100.0,0.0,641.0,,,,,,,,,,,,,44.6,NEUTRAL,50.0,LOW,PASS
NFL,drew sample,Drew Sample,longest_reception,e0bd613ef31e8bf41bc4330dec90c7e6,2026-09-13T17:00:00Z,,,5.5,5.5,5.5,1,100.0,0.0,-115.0,-115.0,5.5,0.0,,,,,,,,,,32.1,UNDER,0.0,LOW,PASS
NFL,efton chism,Efton Chism,anytime_td,1bb67464f064518614cf526e0af54269,2026-09-10T00:20:00Z,,,0.0,0.0,0.0,1,100.0,0.0,3300.0,,,,,,,,,,,,,44.6,NEUTRAL,50.0,LOW,PASS
NFL,eli raridon,Eli Raridon,anytime_td,1bb67464f064518614cf526e0af54269,2026-09-10T00:20:00Z,,,0.0,0.0,0.0,1,100.0,0.0,1300.0,,,,,,,,,,,,,44.6,NEUTRAL,50.0,LOW,PASS
NFL,elijah arroyo,Elijah Arroyo,anytime_td,1bb67464f064518614cf526e0af54269,2026-09-10T00:20:00Z,,,0.0,0.0,0.0,2,100.0,0.0,1050.0,,,,,,,,,,,,,46.8,NEUTRAL,50.0,LOW,PASS
NFL,emanuel wilson,Emanuel Wilson,anytime_td,1bb67464f064518614cf526e0af54269,2026-09-10T00:20:00Z,,,0.0,0.0,0.5,4,100.0,0.217,374.0,-199.0,,,,,,,,,,,,51.5,UNDER,51.9,USABLE,WATCH
NFL,emeka egbuka,Emeka Egbuka,anytime_td,e0bd613ef31e8bf41bc4330dec90c7e6,2026-09-13T17:00:00Z,,,0.5,0.5,0.5,1,100.0,0.0,174.0,,,,,,,,,,,,,44.6,NEUTRAL,50.0,LOW,PASS
NFL,emeka egbuka,Emeka Egbuka,longest_reception,e0bd613ef31e8bf41bc4330dec90c7e6,2026-09-13T17:00:00Z,,,22.5,22.5,22.5,1,100.0,0.0,-118.0,-112.0,20.5,-2.0,,,,,,,,,,45.8,OVER,1.2,LOW,PASS
NFL,emeka egbuka,Emeka Egbuka,receiving_yards,677238b1b7b630af8e5eb327f610a9c8,2026-09-03T19:00:00Z,,,80.0,15.0,150.0,1,6.7,40.612,244.0,,54.5,-25.5,,,,,,,,,,56.0,NEUTRAL,50.0,LOW,PASS
NFL,emeka egbuka,Emeka Egbuka,receiving_yards,e0bd613ef31e8bf41bc4330dec90c7e6,2026-09-13T17:00:00Z,,,55.5,54.5,99.5,4,60.0,17.973,-113.0,-115.0,54.5,-1.0,,,,,,,,,,33.4,UNDER,0.4,USABLE,WATCH
NFL,emeka egbuka,Emeka Egbuka,receptions,e0bd613ef31e8bf41bc4330dec90c7e6,2026-09-13T17:00:00Z,,,4.5,4.5,4.5,1,100.0,0.0,128.0,,4.0,-0.5,,,,,,,,,,61.3,NEUTRAL,50.0,LOW,PASS
NFL,eric saubert,Eric Saubert,anytime_td,1bb67464f064518614cf526e0af54269,2026-09-10T00:20:00Z,,,0.0,0.0,0.0,2,100.0,0.0,2100.0,,,,,,,,,,,,,46.8,NEUTRAL,50.0,LOW,PASS
NFL,evan mcpherson,Evan McPherson,kicking_points,e0bd613ef31e8bf41bc4330dec90c7e6,2026-09-13T17:00:00Z,,,8.5,8.5,8.5,1,100.0,0.0,-115.0,-115.0,8.5,0.0,,,,,,,,,,32.1,UNDER,0.0,LOW,PASS
NFL,feleipe franks,Feleipe Franks,anytime_td,207e2c8f6a173dbe03bda5c5be99caa7,2026-09-13T17:00:00Z,,,0.0,0.0,0.0,1,100.0,0.0,3500.0,,,,,,,,,,,,,44.6,NEUTRAL,50.0,LOW,PASS
NFL,george holani,George Holani,anytime_td,1bb67464f064518614cf526e0af54269,2026-09-10T00:20:00Z,,,0.0,0.0,0.0,1,100.0,0.0,225.0,,,,,,,,,,,,,44.6,NEUTRAL,50.0,LOW,PASS
NFL,george holani,George Holani,longest_reception,1bb67464f064518614cf526e0af54269,2026-09-10T00:20:00Z,,,6.5,6.5,6.5,1,100.0,0.0,-115.0,-115.0,6.5,0.0,,,,,,,,,,32.1,UNDER,0.0,LOW,PASS
NFL,george holani,George Holani,receiving_yards,1bb67464f064518614cf526e0af54269,2026-09-10T00:20:00Z,,,7.5,7.5,7.5,1,100.0,0.0,-110.0,-110.0,7.5,0.0,,,,,,,,,,32.1,UNDER,0.0,LOW,PASS
NFL,george holani,George Holani,receptions,1bb67464f064518614cf526e0af54269,2026-09-10T00:20:00Z,,,1.5,1.5,1.5,1,100.0,0.0,105.0,-140.0,,,,,,,,,,,,34.4,UNDER,8.9,LOW,PASS
NFL,george holani,George Holani,rushing_yards,1bb67464f064518614cf526e0af54269,2026-09-10T00:20:00Z,,,19.5,18.5,20.5,7,28.6,0.833,-112.0,-115.5,18.5,-1.0,,,,,,,,,,38.6,UNDER,0.7,STRONG,WATCH
NFL,george holani sea,George Holani (SEA),rushing_yards,1bb67464f064518614cf526e0af54269,2026-09-10T00:20:00Z,,,29.5,9.5,79.5,1,9.1,22.451,170.0,-115.0,,,,,,,,,,,,18.5,UNDER,18.2,LOW,PASS
NFL,george kittle,George Kittle,anytime_td,764011b4dfb8ee727de8222f6213e1a9,2026-09-11T00:35:00Z,,,0.0,0.0,0.0,1,100.0,0.0,225.0,,,,,,,,,,,,,44.6,NEUTRAL,50.0,LOW,PASS
NFL,hunter henry,Hunter Henry,anytime_td,1bb67464f064518614cf526e0af54269,2026-09-10T00:20:00Z,,,0.0,0.0,0.0,2,100.0,0.0,300.0,,,,,,,,,,,,,46.8,NEUTRAL,50.0,LOW,PASS
NFL,hunter henry,Hunter Henry,longest_reception,1bb67464f064518614cf526e0af54269,2026-09-10T00:20:00Z,,,17.5,17.5,17.5,1,100.0,0.0,-112.0,-118.0,,,,,,,,,,,,32.4,UNDER,1.2,LOW,PASS
NFL,hunter henry,Hunter Henry,receiving_yards,1bb67464f064518614cf526e0af54269,2026-09-10T00:20:00Z,,,34.5,32.5,34.5,7,57.1,0.728,-114.0,-114.0,524.5,490.0,,,,,,,,,,66.4,UNDER,0.0,STRONG,LEAN
NFL,hunter henry,Hunter Henry,receptions,1bb67464f064518614cf526e0af54269,2026-09-10T00:20:00Z,,,3.5,3.5,3.5,4,100.0,0.0,134.0,-178.5,45.5,42.0,,,,,,,,,,73.6,UNDER,20.0,USABLE,LEAN
NFL,hunter henry ne,Hunter Henry (NE),receiving_yards,1bb67464f064518614cf526e0af54269,2026-09-10T00:20:00Z,,,39.5,9.5,99.5,1,7.7,28.456,130.0,-115.0,,,,,,,,,,,,16.3,UNDER,10.3,LOW,PASS
NFL,hunter henry ne,Hunter Henry (NE),receptions,1bb67464f064518614cf526e0af54269,2026-09-10T00:20:00Z,,,3.5,3.5,3.5,1,100.0,0.0,140.0,,,,,,,,,,,,,44.6,NEUTRAL,50.0,LOW,PASS
NFL,ja marr chase,Ja'Marr Chase,anytime_td,e0bd613ef31e8bf41bc4330dec90c7e6,2026-09-13T17:00:00Z,,,0.0,0.0,0.5,3,100.0,0.236,-125.0,104.0,,,,,,,,,,,,38.0,OVER,6.2,USABLE,WATCH
NFL,ja marr chase,Ja'Marr Chase,receiving_yards,677238b1b7b630af8e5eb327f610a9c8,2026-09-03T19:00:00Z,,,110.0,25.0,200.0,1,5.3,51.225,172.0,,87.5,-22.5,,,,,,,,,,55.7,NEUTRAL,50.0,LOW,PASS
NFL,ja marr chase,Ja'Marr Chase,receiving_yards,e0bd613ef31e8bf41bc4330dec90c7e6,2026-09-13T17:00:00Z,,,86.5,85.5,86.5,3,100.0,0.471,-114.0,-114.5,87.5,1.0,,,,,,,,,,38.2,UNDER,0.1,USABLE,WATCH
NFL,ja marr chase,Ja'Marr Chase,receptions,e0bd613ef31e8bf41bc4330dec90c7e6,2026-09-13T17:00:00Z,,,7.5,6.5,7.5,3,66.7,0.471,114.0,-148.0,7.0,-0.5,,,,,,,,,,42.8,UNDER,12.2,USABLE,WATCH
NFL,ja tavion sanders,Ja'Tavion Sanders,anytime_td,207e2c8f6a173dbe03bda5c5be99caa7,2026-09-13T17:00:00Z,,,0.0,0.0,0.5,4,100.0,0.217,565.0,,,,,,,,,,,,,51.1,NEUTRAL,50.0,USABLE,WATCH
NFL,jacob saylors,Jacob Saylors,anytime_td,5aff92cd2660b12710bf709d6e022115,2026-09-13T17:00:00Z,,,0.5,0.5,0.5,1,100.0,0.0,257.0,,,,,,,,,,,,,44.6,NEUTRAL,50.0,LOW,PASS
NFL,jacoby brissett,Jacoby Brissett,pass_attempts,9c5e1f21e6f41ae74339e99422275c5e,2026-09-13T20:25:00Z,,,33.5,33.5,33.5,1,100.0,0.0,-129.0,-104.0,34.5,1.0,,,,,,,,,,37.9,OVER,5.0,LOW,PASS
NFL,jacoby brissett,Jacoby Brissett,passing_tds,9c5e1f21e6f41ae74339e99422275c5e,2026-09-13T20:25:00Z,,,1.5,1.5,1.5,1,100.0,0.0,163.0,-225.0,,,,,,,,,,,,39.4,UNDER,29.1,LOW,PASS
NFL,jacoby brissett,Jacoby Brissett,passing_yards,9c5e1f21e6f41ae74339e99422275c5e,2026-09-13T20:25:00Z,,,221.5,221.5,221.5,1,100.0,0.0,-115.0,-115.0,221.5,0.0,,,,,,,,,,32.1,UNDER,0.0,LOW,PASS
NFL,jadarian price,Jadarian Price,anytime_td,1bb67464f064518614cf526e0af54269,2026-09-10T00:20:00Z,,,0.0,0.0,0.0,2,100.0,0.0,118.0,,,,,,,,,,,,,46.8,NEUTRAL,50.0,LOW,PASS
NFL,jadarian price,Jadarian Price,receptions,1bb67464f064518614cf526e0af54269,2026-09-10T00:20:00Z,,,1.5,1.5,1.5,1,100.0,0.0,145.0,-185.0,,,,,,,,,,,,37.8,UNDER,22.8,LOW,PASS
NFL,jadarian price,Jadarian Price,rush_attempts,1bb67464f064518614cf526e0af54269,2026-09-10T00:20:00Z,,,13.5,13.5,13.5,1,100.0,0.0,-102.0,-130.0,13.0,-0.5,,,,,,,,,,39.1,UNDER,5.6,LOW,PASS
NFL,jadarian price,Jadarian Price,rushing_yards,1bb67464f064518614cf526e0af54269,2026-09-10T00:20:00Z,,,51.5,51.5,52.5,6,100.0,0.471,-114.0,-114.0,725.5,674.0,,,,,,,,,,72.9,UNDER,0.0,GOOD,LEAN
NFL,jadarian price sea,Jadarian Price (SEA),rushing_yards,1bb67464f064518614cf526e0af54269,2026-09-10T00:20:00Z,,,51.5,51.5,51.5,1,100.0,0.0,-115.0,-115.0,,,,,,,,,,,,32.1,UNDER,0.0,LOW,PASS
NFL,jahdae walker,Jahdae Walker,anytime_td,207e2c8f6a173dbe03bda5c5be99caa7,2026-09-13T17:00:00Z,,,0.5,0.5,0.5,1,100.0,0.0,852.0,,,,,,,,,,,,,44.6,NEUTRAL,50.0,LOW,PASS
NFL,jahmyr gibbs,Jahmyr Gibbs,anytime_td,5aff92cd2660b12710bf709d6e022115,2026-09-13T17:00:00Z,,,0.0,0.0,0.0,1,100.0,0.0,-330.0,,,,,,,,,,,,,44.6,NEUTRAL,50.0,LOW,PASS
NFL,jahmyr gibbs,Jahmyr Gibbs,longest_reception,5aff92cd2660b12710bf709d6e022115,2026-09-13T17:00:00Z,,,14.5,14.5,14.5,1,100.0,0.0,-110.0,-120.0,14.5,0.0,,,,,,,,,,32.6,UNDER,2.0,LOW,PASS
NFL,jahmyr gibbs,Jahmyr Gibbs,receiving_yards,5aff92cd2660b12710bf709d6e022115,2026-09-13T17:00:00Z,,,32.5,32.5,32.5,2,100.0,0.0,-120.0,-111.0,30.5,-2.0,,,,,,,,,,44.0,OVER,1.8,LOW,PASS
NFL,jahmyr gibbs,Jahmyr Gibbs,receiving_yards,a05d7c053eb1671d2e6d71e94acae4fb,2026-09-03T19:00:00Z,,,55.0,15.0,100.0,1,0.0,27.184,384.0,,30.5,-24.5,,,,,,,,,,54.6,NEUTRAL,50.0,LOW,PASS
NFL,jahmyr gibbs,Jahmyr Gibbs,receptions,5aff92cd2660b12710bf709d6e022115,2026-09-13T17:00:00Z,,,4.5,4.5,4.5,2,100.0,0.0,-110.0,-128.0,4.0,-0.5,,,,,,,,,,51.8,UNDER,3.5,LOW,PASS
NFL,jahmyr gibbs,Jahmyr Gibbs,rush_attempts,5aff92cd2660b12710bf709d6e022115,2026-09-13T17:00:00Z,,,17.5,17.5,17.5,1,100.0,0.0,-112.0,-117.0,,,,,,,,,,,,32.4,UNDER,1.0,LOW,PASS
NFL,jahmyr gibbs,Jahmyr Gibbs,rushing_yards,5aff92cd2660b12710bf709d6e022115,2026-09-13T17:00:00Z,,,82.5,82.5,87.5,4,75.0,2.165,-113.0,-114.5,82.5,0.0,,,,,,,,,,33.6,UNDER,0.3,USABLE,WATCH
NFL,jahmyr gibbs,Jahmyr Gibbs,rushing_yards,a05d7c053eb1671d2e6d71e94acae4fb,2026-09-03T19:00:00Z,,,105.0,40.0,190.0,1,0.0,43.347,191.5,,82.5,-22.5,,,,,,,,,,54.6,NEUTRAL,50.0,LOW,PASS
NFL,jake bates,Jake Bates,kicking_points,5aff92cd2660b12710bf709d6e022115,2026-09-13T17:00:00Z,,,8.5,8.5,8.5,1,100.0,0.0,-105.0,-125.0,8.5,0.0,,,,,,,,,,33.2,UNDER,4.1,LOW,PASS
NFL,jake bobo,Jake Bobo,anytime_td,1bb67464f064518614cf526e0af54269,2026-09-10T00:20:00Z,,,0.0,0.0,0.0,1,100.0,0.0,700.0,,,,,,,,,,,,,44.6,NEUTRAL,50.0,LOW,PASS
NFL,jake tonges,Jake Tonges,anytime_td,764011b4dfb8ee727de8222f6213e1a9,2026-09-11T00:35:00Z,,,0.0,0.0,0.0,1,100.0,0.0,425.0,,,,,,,,,,,,,44.6,NEUTRAL,50.0,LOW,PASS
NFL,jakobi meyers,Jakobi Meyers,receiving_yards,a5af615996df7c99fdbffcc0e17b760b,2026-09-13T17:00:00Z,,,38.5,38.5,38.5,2,100.0,0.0,-111.0,-117.5,37.5,-1.0,,,,,,,,,,38.5,UNDER,1.3,LOW,PASS
NFL,jakobi meyers,Jakobi Meyers,receptions,a5af615996df7c99fdbffcc0e17b760b,2026-09-13T17:00:00Z,,,3.5,3.5,3.5,1,100.0,0.0,,-104.0,3.5,0.0,,,,,,,,,,44.6,NEUTRAL,50.0,LOW,PASS
NFL,jalen coker,Jalen Coker,anytime_td,207e2c8f6a173dbe03bda5c5be99caa7,2026-09-13T17:00:00Z,,,0.0,0.0,0.0,2,100.0,0.0,330.0,,,,,,,,,,,,,46.8,NEUTRAL,50.0,LOW,PASS
NFL,jalen coker,Jalen Coker,longest_reception,207e2c8f6a173dbe03bda5c5be99caa7,2026-09-13T17:00:00Z,,,18.5,18.5,18.5,1,100.0,0.0,-115.0,-115.0,18.5,0.0,,,,,,,,,,32.1,UNDER,0.0,LOW,PASS
NFL,jalen coker,Jalen Coker,receiving_yards,207e2c8f6a173dbe03bda5c5be99caa7,2026-09-13T17:00:00Z,,,38.5,36.5,40.5,2,0.0,2.0,-112.0,-117.0,38.5,0.0,,,,,,,,,,14.5,UNDER,1.0,LOW,PASS
NFL,jalen coker,Jalen Coker,receiving_yards,e5646a4a0f51c3953ba395fef4b14179,2026-09-03T19:00:00Z,,,40.0,15.0,90.0,1,14.3,24.36,-108.0,,38.5,-1.5,,,,,,,,,,33.1,NEUTRAL,50.0,LOW,PASS
NFL,jalen coker,Jalen Coker,receptions,207e2c8f6a173dbe03bda5c5be99caa7,2026-09-13T17:00:00Z,,,3.5,3.5,3.5,2,100.0,0.0,-108.5,-122.5,3.5,0.0,,,,,,,,,,35.0,UNDER,2.8,LOW,PASS
NFL,jalen mcmillan,Jalen McMillan,anytime_td,e0bd613ef31e8bf41bc4330dec90c7e6,2026-09-13T17:00:00Z,,,0.0,0.0,0.0,1,100.0,0.0,350.0,,,,,,,,,,,,,44.6,NEUTRAL,50.0,LOW,PASS
NFL,jalen mcmillan,Jalen McMillan,longest_reception,e0bd613ef31e8bf41bc4330dec90c7e6,2026-09-13T17:00:00Z,,,19.5,19.5,19.5,1,100.0,0.0,-115.0,-115.0,19.5,0.0,,,,,,,,,,32.1,UNDER,0.0,LOW,PASS
NFL,jalen mcmillan,Jalen McMillan,receptions,e0bd613ef31e8bf41bc4330dec90c7e6,2026-09-13T17:00:00Z,,,3.5,3.5,3.5,1,100.0,0.0,115.0,-145.0,,,,,,,,,,,,35.1,UNDER,12.0,LOW,PASS
NFL,james cook,James Cook,rushing_yards,a0b009be7e2431d207e96b99f596f541,2026-09-13T17:00:00Z,,,73.5,73.5,73.5,2,100.0,0.0,-116.0,-112.5,,,,,,,,,,,,34.5,OVER,0.7,LOW,PASS
NFL,jameson williams,Jameson Williams,anytime_td,5aff92cd2660b12710bf709d6e022115,2026-09-13T17:00:00Z,,,1.5,1.5,1.5,1,100.0,0.0,733.0,,,,,,,,,,,,,44.6,NEUTRAL,50.0,LOW,PASS
NFL,jameson williams,Jameson Williams,longest_reception,5aff92cd2660b12710bf709d6e022115,2026-09-13T17:00:00Z,,,24.5,24.5,24.5,1,100.0,0.0,-115.0,-115.0,24.5,0.0,,,,,,,,,,32.1,UNDER,0.0,LOW,PASS
NFL,jameson williams,Jameson Williams,receiving_yards,5aff92cd2660b12710bf709d6e022115,2026-09-13T17:00:00Z,,,60.0,55.5,60.5,4,75.0,2.062,-113.5,-115.0,60.5,0.5,,,,,,,,,,34.9,UNDER,0.3,USABLE,WATCH
NFL,jameson williams,Jameson Williams,receiving_yards,a05d7c053eb1671d2e6d71e94acae4fb,2026-09-03T19:00:00Z,,,85.0,15.0,160.0,1,0.0,43.534,278.5,,60.5,-24.5,,,,,,,,,,54.6,NEUTRAL,50.0,LOW,PASS
NFL,jameson williams,Jameson Williams,receptions,5aff92cd2660b12710bf709d6e022115,2026-09-13T17:00:00Z,,,3.5,3.5,3.5,2,100.0,0.0,-152.0,119.0,4.0,0.5,,,,,,,,,,59.2,OVER,13.8,LOW,PASS
NFL,jared goff,Jared Goff,interceptions,5aff92cd2660b12710bf709d6e022115,2026-09-13T17:00:00Z,,,0.5,0.5,0.5,1,100.0,0.0,140.0,-180.0,,,,,,,,,,,,37.5,UNDER,21.3,LOW,PASS
NFL,jared goff,Jared Goff,pass_attempts,5aff92cd2660b12710bf709d6e022115,2026-09-13T17:00:00Z,,,32.5,32.5,32.5,3,100.0,0.0,-120.0,-110.0,32.5,0.0,,,,,,,,,,36.9,OVER,2.0,USABLE,WATCH
NFL,jared goff,Jared Goff,pass_completions,5aff92cd2660b12710bf709d6e022115,2026-09-13T17:00:00Z,,,23.0,22.5,23.5,2,100.0,0.5,-109.0,-121.0,23.5,0.5,,,,,,,,,,38.2,UNDER,2.4,LOW,PASS
NFL,jared goff,Jared Goff,passing_tds,5aff92cd2660b12710bf709d6e022115,2026-09-13T17:00:00Z,,,1.5,1.5,1.5,4,100.0,0.0,-200.0,149.0,,,,,,,,,,,,44.8,OVER,24.8,USABLE,WATCH
NFL,jared goff,Jared Goff,passing_yards,5aff92cd2660b12710bf709d6e022115,2026-09-13T17:00:00Z,,,261.5,261.5,267.5,5,80.0,2.332,-110.0,-115.0,265.5,4.0,,,,,,,,,,39.3,UNDER,1.0,GOOD,WATCH
NFL,jauan jennings,Jauan Jennings,receiving_yards,c5d92fa7aed8de1061282616f16e529f,2026-09-13T20:25:00Z,,,22.5,22.5,22.5,1,100.0,0.0,-115.0,-114.0,24.5,2.0,,,,,,,,,,45.5,OVER,0.2,LOW,PASS
NFL,jaxon smith njigba,Jaxon Smith-Njigba,anytime_td,1bb67464f064518614cf526e0af54269,2026-09-10T00:20:00Z,,,0.0,0.0,0.0,2,100.0,0.0,119.5,,,,,,,,,,,,,46.8,NEUTRAL,50.0,LOW,PASS
NFL,jaxon smith njigba,Jaxon Smith-Njigba,receiving_yards,1bb67464f064518614cf526e0af54269,2026-09-10T00:20:00Z,,,83.0,82.5,84.5,6,100.0,0.745,-114.0,-114.0,1324.5,1241.5,,,,,,,,,,72.9,UNDER,0.0,GOOD,LEAN
NFL,jaxon smith njigba,Jaxon Smith-Njigba,receptions,1bb67464f064518614cf526e0af54269,2026-09-10T00:20:00Z,,,6.5,6.5,6.5,5,100.0,0.0,-102.0,-130.0,99.5,93.0,,,,,,,,,,72.1,UNDER,5.6,GOOD,LEAN
NFL,jaxon smith njigba sea,Jaxon Smith-Njigba (SEA),receiving_yards,1bb67464f064518614cf526e0af54269,2026-09-10T00:20:00Z,,,84.5,39.5,174.5,1,9.1,40.227,-115.0,-115.0,,,,,,,,,,,,14.0,UNDER,0.0,LOW,PASS
NFL,jaxon smith njigba sea,Jaxon Smith-Njigba (SEA),receptions,1bb67464f064518614cf526e0af54269,2026-09-10T00:20:00Z,,,6.5,6.5,6.5,1,100.0,0.0,-110.0,,,,,,,,,,,,,44.6,NEUTRAL,50.0,LOW,PASS
NFL,jayden reed,Jayden Reed,receiving_yards,c5d92fa7aed8de1061282616f16e529f,2026-09-13T20:25:00Z,,,38.5,38.5,38.5,1,100.0,0.0,-113.0,,38.5,0.0,,,,,,,,,,44.6,NEUTRAL,50.0,LOW,PASS
NFL,jerry jeudy,Jerry Jeudy,receiving_yards,a5af615996df7c99fdbffcc0e17b760b,2026-09-13T17:00:00Z,,,28.5,28.5,28.5,2,100.0,0.0,-113.5,-116.0,31.5,3.0,,,,,,,,,,50.2,UNDER,0.5,LOW,PASS
NFL,jerry jeudy,Jerry Jeudy,receptions,a5af615996df7c99fdbffcc0e17b760b,2026-09-13T17:00:00Z,,,2.5,2.5,2.5,1,100.0,0.0,-148.0,114.0,3.0,0.5,,,,,,,,,,65.2,OVER,12.2,LOW,PASS
NFL,joe burrow,Joe Burrow,longest_rush,e0bd613ef31e8bf41bc4330dec90c7e6,2026-09-13T17:00:00Z,,,6.5,6.5,6.5,1,100.0,0.0,-110.0,-120.0,6.5,0.0,,,,,,,,,,32.6,UNDER,2.0,LOW,PASS
NFL,joe burrow,Joe Burrow,pass_attempts,e0bd613ef31e8bf41bc4330dec90c7e6,2026-09-13T17:00:00Z,,,35.5,34.5,36.5,4,50.0,0.707,-109.5,-120.0,34.5,-1.0,,,,,,,,,,33.3,UNDER,2.1,USABLE,WATCH
NFL,joe burrow,Joe Burrow,pass_completions,e0bd613ef31e8bf41bc4330dec90c7e6,2026-09-13T17:00:00Z,,,24.5,24.5,24.5,2,100.0,0.0,-127.0,-104.0,,,,,,,,,,,,35.4,OVER,4.6,LOW,PASS
NFL,joe burrow,Joe Burrow,passing_tds,e0bd613ef31e8bf41bc4330dec90c7e6,2026-09-13T17:00:00Z,,,1.5,1.5,2.5,4,75.0,0.433,-202.5,152.5,,,,,,,,,,,,40.0,OVER,25.7,USABLE,WATCH
NFL,joe burrow,Joe Burrow,passing_yards,e0bd613ef31e8bf41bc4330dec90c7e6,2026-09-13T17:00:00Z,,,273.5,267.5,349.5,4,50.0,33.864,-114.0,-114.0,269.5,-4.0,,,,,,,,,,30.8,UNDER,0.0,USABLE,WATCH
NFL,joe burrow,Joe Burrow,rush_attempts,e0bd613ef31e8bf41bc4330dec90c7e6,2026-09-13T17:00:00Z,,,2.5,2.5,2.5,1,100.0,0.0,-115.0,-115.0,2.5,0.0,,,,,,,,,,32.1,UNDER,0.0,LOW,PASS
NFL,joe burrow,Joe Burrow,rushing_yards,677238b1b7b630af8e5eb327f610a9c8,2026-09-03T19:00:00Z,,,22.5,8.0,50.0,1,0.0,13.755,542.0,,6.5,-16.0,,,,,,,,,,54.6,NEUTRAL,50.0,LOW,PASS
NFL,joe burrow,Joe Burrow,rushing_yards,e0bd613ef31e8bf41bc4330dec90c7e6,2026-09-13T17:00:00Z,,,6.5,6.5,6.5,2,100.0,0.0,-115.0,-113.5,6.5,0.0,,,,,,,,,,34.4,OVER,0.3,LOW,PASS
NFL,john metchie,John Metchie,anytime_td,207e2c8f6a173dbe03bda5c5be99caa7,2026-09-13T17:00:00Z,,,0.0,0.0,0.0,2,100.0,0.0,950.0,,,,,,,,,,,,,46.8,NEUTRAL,50.0,LOW,PASS
NFL,jonathan taylor,Jonathan Taylor,rush_attempts,72de8a0c4a2fe14acc132c2c9559e499,2026-09-13T17:00:00Z,,,18.5,18.5,18.5,1,100.0,0.0,-122.0,-106.0,19.5,1.0,,,,,,,,,,41.1,OVER,3.3,LOW,PASS
NFL,jonathan taylor,Jonathan Taylor,rushing_yards,72de8a0c4a2fe14acc132c2c9559e499,2026-09-13T17:00:00Z,,,77.5,77.5,77.5,2,100.0,0.0,-117.5,-112.5,76.5,-1.0,,,,,,,,,,36.5,OVER,1.0,LOW,PASS
NFL,jonathon brooks,Jonathon Brooks,anytime_td,207e2c8f6a173dbe03bda5c5be99caa7,2026-09-13T17:00:00Z,,,0.0,0.0,0.0,1,100.0,0.0,-140.0,,,,,,,,,,,,,44.6,NEUTRAL,50.0,LOW,PASS
NFL,jordan addison,Jordan Addison,receiving_yards,c5d92fa7aed8de1061282616f16e529f,2026-09-13T20:25:00Z,,,43.5,43.5,43.5,1,100.0,0.0,-113.0,-118.0,43.5,0.0,,,,,,,,,,32.4,UNDER,1.0,LOW,PASS
NFL,jordan james,Jordan James,anytime_td,764011b4dfb8ee727de8222f6213e1a9,2026-09-11T00:35:00Z,,,0.0,0.0,0.0,1,100.0,0.0,750.0,,,,,,,,,,,,,44.6,NEUTRAL,50.0,LOW,PASS
NFL,jordan love,Jordan Love,interceptions,c5d92fa7aed8de1061282616f16e529f,2026-09-13T20:25:00Z,,,0.5,0.5,0.5,1,100.0,0.0,108.0,-143.0,,,,,,,,,,,,34.7,UNDER,10.1,LOW,PASS
NFL,jordan love,Jordan Love,pass_attempts,c5d92fa7aed8de1061282616f16e529f,2026-09-13T20:25:00Z,,,31.5,31.5,31.5,1,100.0,0.0,-105.0,-127.0,33.0,1.5,,,,,,,,,,40.4,UNDER,4.4,LOW,PASS
NFL,jordan love,Jordan Love,passing_tds,c5d92fa7aed8de1061282616f16e529f,2026-09-13T20:25:00Z,,,1.5,1.5,1.5,1,100.0,0.0,108.0,-143.0,,,,,,,,,,,,34.7,UNDER,10.1,LOW,PASS
NFL,jordan love,Jordan Love,passing_yards,c5d92fa7aed8de1061282616f16e529f,2026-09-13T20:25:00Z,,,233.5,233.5,233.5,1,100.0,0.0,-114.0,-117.0,237.5,4.0,,,,,,,,,,34.9,UNDER,0.6,LOW,PASS
NFL,jordan love,Jordan Love,rushing_yards,c5d92fa7aed8de1061282616f16e529f,2026-09-13T20:25:00Z,,,10.5,10.5,10.5,1,100.0,0.0,-115.0,-114.0,9.5,-1.0,,,,,,,,,,46.5,OVER,0.2,LOW,PASS
NFL,jordan mason,Jordan Mason,rushing_yards,c5d92fa7aed8de1061282616f16e529f,2026-09-13T20:25:00Z,,,43.5,43.5,43.5,1,100.0,0.0,-117.0,,43.5,0.0,,,,,,,,,,44.6,NEUTRAL,50.0,LOW,PASS
NFL,jordan whittington,Jordan Whittington,anytime_td,764011b4dfb8ee727de8222f6213e1a9,2026-09-11T00:35:00Z,,,0.0,0.0,0.0,2,100.0,0.0,650.0,,,,,,,,,,,,,46.8,NEUTRAL,50.0,LOW,PASS
NFL,josh allen,Josh Allen,interceptions,a0b009be7e2431d207e96b99f596f541,2026-09-13T17:00:00Z,,,0.5,0.5,0.5,2,100.0,0.0,-127.0,-104.0,,,,,,,,,,,,35.4,OVER,4.6,LOW,PASS
NFL,josh allen,Josh Allen,pass_attempts,a0b009be7e2431d207e96b99f596f541,2026-09-13T17:00:00Z,,,30.5,30.5,30.5,2,100.0,0.0,-106.5,-123.0,30.5,0.0,,,,,,,,,,35.1,UNDER,3.4,LOW,PASS
NFL,josh allen,Josh Allen,pass_completions,a0b009be7e2431d207e96b99f596f541,2026-09-13T17:00:00Z,,,19.5,19.5,19.5,1,100.0,0.0,-103.0,-127.0,19.5,0.0,,,,,,,,,,33.4,UNDER,4.9,LOW,PASS
NFL,josh allen,Josh Allen,passing_tds,a0b009be7e2431d207e96b99f596f541,2026-09-13T17:00:00Z,,,1.5,1.5,1.5,2,100.0,0.0,170.0,-230.0,,,,,,,,,,,,41.9,UNDER,30.6,LOW,PASS
NFL,josh allen,Josh Allen,passing_yards,a0b009be7e2431d207e96b99f596f541,2026-09-13T17:00:00Z,,,219.5,219.5,219.5,2,100.0,0.0,-115.0,-113.5,220.5,1.0,,,,,,,,,,35.0,OVER,0.3,LOW,PASS
NFL,josh allen,Josh Allen,rushing_yards,a0b009be7e2431d207e96b99f596f541,2026-09-13T17:00:00Z,,,29.5,29.5,29.5,2,100.0,0.0,-112.5,-117.5,30.5,1.0,,,,,,,,,,39.6,UNDER,1.0,LOW,PASS
NFL,justin herbert,Justin Herbert,pass_attempts,9c5e1f21e6f41ae74339e99422275c5e,2026-09-13T20:25:00Z,,,30.5,30.5,30.5,1,100.0,0.0,-120.0,-110.0,29.0,-1.5,,,,,,,,,,40.0,OVER,2.0,LOW,PASS
NFL,justin herbert,Justin Herbert,passing_tds,9c5e1f21e6f41ae74339e99422275c5e,2026-09-13T20:25:00Z,,,2.5,2.5,2.5,1,100.0,0.0,165.0,-230.0,,,,,,,,,,,,39.6,UNDER,29.7,LOW,PASS
NFL,justin herbert,Justin Herbert,passing_yards,9c5e1f21e6f41ae74339e99422275c5e,2026-09-13T20:25:00Z,,,237.5,237.5,237.5,1,100.0,0.0,-115.0,-115.0,235.5,-2.0,,,,,,,,,,33.4,UNDER,0.0,LOW,PASS
NFL,justin jefferson,Justin Jefferson,receiving_yards,c5d92fa7aed8de1061282616f16e529f,2026-09-13T20:25:00Z,,,72.5,72.5,72.5,1,100.0,0.0,-115.0,-115.0,74.5,2.0,,,,,,,,,,36.3,UNDER,0.0,LOW,PASS
NFL,juwan johnson,Juwan Johnson,anytime_td,5aff92cd2660b12710bf709d6e022115,2026-09-13T17:00:00Z,,,0.5,0.5,0.5,1,100.0,0.0,270.0,,,,,,,,,,,,,44.6,NEUTRAL,50.0,LOW,PASS
NFL,juwan johnson,Juwan Johnson,longest_reception,5aff92cd2660b12710bf709d6e022115,2026-09-13T17:00:00Z,,,17.5,17.5,17.5,1,100.0,0.0,-120.0,-110.0,17.5,0.0,,,,,,,,,,32.6,OVER,2.0,LOW,PASS
NFL,juwan johnson,Juwan Johnson,receiving_yards,5aff92cd2660b12710bf709d6e022115,2026-09-13T17:00:00Z,,,43.0,42.5,43.5,2,100.0,0.5,-120.0,-113.0,42.5,-0.5,,,,,,,,,,36.4,OVER,1.4,LOW,PASS
NFL,juwan johnson,Juwan Johnson,receiving_yards,a05d7c053eb1671d2e6d71e94acae4fb,2026-09-03T19:00:00Z,,,70.0,15.0,130.0,1,9.1,32.648,306.0,,42.5,-27.5,,,,,,,,,,56.5,NEUTRAL,50.0,LOW,PASS
NFL,juwan johnson,Juwan Johnson,receptions,5aff92cd2660b12710bf709d6e022115,2026-09-13T17:00:00Z,,,4.0,3.5,4.5,2,100.0,0.5,-16.0,-20.0,4.0,0.0,,,,,,,,,,36.6,UNDER,9.4,LOW,PASS
NFL,kaelon black,Kaelon Black,anytime_td,764011b4dfb8ee727de8222f6213e1a9,2026-09-11T00:35:00Z,,,0.0,0.0,0.0,1,100.0,0.0,650.0,,,,,,,,,,,,,44.6,NEUTRAL,50.0,LOW,PASS
NFL,kalif raymond,Kalif Raymond,anytime_td,207e2c8f6a173dbe03bda5c5be99caa7,2026-09-13T17:00:00Z,,,0.0,0.0,0.0,1,100.0,0.0,500.0,,,,,,,,,,,,,44.6,NEUTRAL,50.0,LOW,PASS
NFL,kalif raymond,Kalif Raymond,longest_reception,207e2c8f6a173dbe03bda5c5be99caa7,2026-09-13T17:00:00Z,,,10.5,10.5,10.5,1,100.0,0.0,-115.0,-115.0,10.5,0.0,,,,,,,,,,32.1,UNDER,0.0,LOW,PASS
NFL,kalif raymond,Kalif Raymond,receiving_yards,207e2c8f6a173dbe03bda5c5be99caa7,2026-09-13T17:00:00Z,,,12.5,12.5,12.5,1,100.0,0.0,-110.0,-110.0,12.5,0.0,,,,,,,,,,32.1,UNDER,0.0,LOW,PASS
NFL,kayshon boutte,Kayshon Boutte,anytime_td,1bb67464f064518614cf526e0af54269,2026-09-10T00:20:00Z,,,0.0,0.0,0.0,1,100.0,0.0,550.0,,,,,,,,,,,,,44.6,NEUTRAL,50.0,LOW,PASS
NFL,kc concepcion,KC Concepcion,receiving_yards,a5af615996df7c99fdbffcc0e17b760b,2026-09-13T17:00:00Z,,,31.5,31.5,31.5,2,100.0,0.0,-112.5,-117.5,32.5,1.0,,,,,,,,,,39.3,UNDER,1.0,LOW,PASS
NFL,kc concepcion,KC Concepcion,receptions,a5af615996df7c99fdbffcc0e17b760b,2026-09-13T17:00:00Z,,,2.5,2.5,2.5,1,100.0,0.0,-182.0,138.0,3.0,0.5,,,,,,,,,,67.4,OVER,21.1,LOW,PASS
NFL,kenneth gainwell,Kenneth Gainwell,anytime_td,e0bd613ef31e8bf41bc4330dec90c7e6,2026-09-13T17:00:00Z,,,0.0,0.0,0.0,1,100.0,0.0,185.0,,,,,,,,,,,,,44.6,NEUTRAL,50.0,LOW,PASS
NFL,kenneth gainwell,Kenneth Gainwell,longest_rush,e0bd613ef31e8bf41bc4330dec90c7e6,2026-09-13T17:00:00Z,,,9.5,9.5,9.5,1,100.0,0.0,-105.0,-125.0,,,,,,,,,,,,33.2,UNDER,4.1,LOW,PASS
NFL,kenneth gainwell,Kenneth Gainwell,rushing_yards,e0bd613ef31e8bf41bc4330dec90c7e6,2026-09-13T17:00:00Z,,,21.5,21.5,21.5,1,100.0,0.0,-110.0,-110.0,,,,,,,,,,,,32.1,UNDER,0.0,LOW,PASS
NFL,kenneth walker,Kenneth Walker,receiving_yards,839b90fdbcf0d55a66b869d2d6860c54,2026-09-15T00:15:00Z,,,16.5,16.5,16.5,1,100.0,0.0,,102.0,,,,,,,,,,,,44.6,NEUTRAL,50.0,LOW,PASS
NFL,kenneth walker,Kenneth Walker,receptions,839b90fdbcf0d55a66b869d2d6860c54,2026-09-15T00:15:00Z,,,2.5,2.5,2.5,1,100.0,0.0,,-111.0,,,,,,,,,,,,44.6,NEUTRAL,50.0,LOW,PASS
NFL,khalil shakir,Khalil Shakir,receiving_yards,a0b009be7e2431d207e96b99f596f541,2026-09-13T17:00:00Z,,,39.5,39.5,39.5,2,100.0,0.0,-113.5,-115.0,36.5,-3.0,,,,,,,,,,45.8,UNDER,0.3,LOW,PASS
NFL,khalil shakir,Khalil Shakir,receptions,a0b009be7e2431d207e96b99f596f541,2026-09-13T17:00:00Z,,,3.5,3.5,3.5,1,100.0,0.0,-143.0,110.0,4.0,0.5,,,,,,,,,,56.2,OVER,10.5,LOW,PASS
NFL,kirk cousins,Kirk Cousins,passing_tds,8190f11dd0c3af350c7cdcf78e5d3fa7,2026-09-13T20:25:00Z,,,1.5,1.5,1.5,1,100.0,0.0,138.0,-182.0,,,,,,,,,,,,37.4,UNDER,21.1,LOW,PASS
NFL,kirk cousins,Kirk Cousins,passing_yards,8190f11dd0c3af350c7cdcf78e5d3fa7,2026-09-13T20:25:00Z,,,213.5,213.5,213.5,1,100.0,0.0,-114.0,-117.0,213.5,0.0,,,,,,,,,,32.3,UNDER,0.6,LOW,PASS
NFL,konata mumpfield,Konata Mumpfield,anytime_td,764011b4dfb8ee727de8222f6213e1a9,2026-09-11T00:35:00Z,,,0.0,0.0,0.0,1,100.0,0.0,600.0,,,,,,,,,,,,,44.6,NEUTRAL,50.0,LOW,PASS
NFL,kyle juszczyk,Kyle Juszczyk,anytime_td,764011b4dfb8ee727de8222f6213e1a9,2026-09-11T00:35:00Z,,,0.0,0.0,0.0,1,100.0,0.0,1100.0,,,,,,,,,,,,,44.6,NEUTRAL,50.0,LOW,PASS
NFL,kyle monangai,Kyle Monangai,anytime_td,207e2c8f6a173dbe03bda5c5be99caa7,2026-09-13T17:00:00Z,,,0.25,0.0,0.5,2,100.0,0.25,201.0,,,,,,,,,,,,,46.8,NEUTRAL,50.0,LOW,PASS
NFL,kyle pitts sr,Kyle Pitts Sr.,receptions,f3c9935611447ad63290e74d5b1dde17,2026-09-13T17:00:00Z,,,3.5,3.5,3.5,1,100.0,0.0,,122.0,4.0,0.5,,,,,,,,,,66.1,NEUTRAL,50.0,LOW,PASS
NFL,kyler murray,Kyler Murray,interceptions,c5d92fa7aed8de1061282616f16e529f,2026-09-13T20:25:00Z,,,0.5,0.5,0.5,1,100.0,0.0,106.0,-141.0,,,,,,,,,,,,34.5,UNDER,9.3,LOW,PASS
NFL,kyler murray,Kyler Murray,pass_attempts,c5d92fa7aed8de1061282616f16e529f,2026-09-13T20:25:00Z,,,31.5,31.5,31.5,1,100.0,0.0,-125.0,-107.0,31.0,-0.5,,,,,,,,,,35.4,OVER,3.6,LOW,PASS
NFL,kyler murray,Kyler Murray,passing_tds,c5d92fa7aed8de1061282616f16e529f,2026-09-13T20:25:00Z,,,1.5,1.5,1.5,1,100.0,0.0,118.0,-157.0,,,,,,,,,,,,35.7,UNDER,14.2,LOW,PASS
NFL,kyler murray,Kyler Murray,passing_yards,c5d92fa7aed8de1061282616f16e529f,2026-09-13T20:25:00Z,,,221.5,221.5,221.5,1,100.0,0.0,-114.0,,223.5,2.0,,,,,,,,,,46.0,NEUTRAL,50.0,LOW,PASS
NFL,kyler murray,Kyler Murray,rushing_yards,c5d92fa7aed8de1061282616f16e529f,2026-09-13T20:25:00Z,,,21.5,21.5,21.5,1,100.0,0.0,-115.0,-115.0,21.5,0.0,,,,,,,,,,32.1,UNDER,0.0,LOW,PASS
NFL,kyren williams,Kyren Williams,anytime_td,764011b4dfb8ee727de8222f6213e1a9,2026-09-11T00:35:00Z,,,0.0,0.0,0.0,2,100.0,0.0,-128.5,,,,,,,,,,,,,46.8,NEUTRAL,50.0,LOW,PASS
NFL,kyren williams,Kyren Williams,receiving_yards,764011b4dfb8ee727de8222f6213e1a9,2026-09-11T00:35:00Z,,,10.5,10.5,10.5,4,100.0,0.0,-113.0,-117.5,10.5,0.0,,,,,,,,,,38.8,UNDER,0.9,USABLE,WATCH
NFL,kyren williams,Kyren Williams,receptions,764011b4dfb8ee727de8222f6213e1a9,2026-09-11T00:35:00Z,,,1.5,1.5,1.5,2,100.0,0.0,-151.0,116.5,,,,,,,,,,,,37.6,OVER,13.1,LOW,PASS
NFL,kyren williams,Kyren Williams,rush_attempts,764011b4dfb8ee727de8222f6213e1a9,2026-09-11T00:35:00Z,,,13.5,13.5,13.5,1,100.0,0.0,-127.0,-103.0,13.5,0.0,,,,,,,,,,33.4,OVER,4.9,LOW,PASS
NFL,kyren williams,Kyren Williams,rushing_yards,764011b4dfb8ee727de8222f6213e1a9,2026-09-11T00:35:00Z,,,57.5,56.5,58.5,4,100.0,0.707,-111.5,-116.0,57.5,0.0,,,,,,,,,,38.8,UNDER,0.9,USABLE,WATCH
NFL,ladd mcconkey,Ladd McConkey,receiving_yards,9c5e1f21e6f41ae74339e99422275c5e,2026-09-13T20:25:00Z,,,52.5,52.5,52.5,1,100.0,0.0,,-117.0,52.5,0.0,,,,,,,,,,44.6,NEUTRAL,50.0,LOW,PASS
NFL,lamar jackson,Lamar Jackson,pass_attempts,72de8a0c4a2fe14acc132c2c9559e499,2026-09-13T17:00:00Z,,,27.5,27.5,27.5,2,100.0,0.0,-109.5,-120.5,28.5,1.0,,,,,,,,,,40.3,UNDER,2.2,LOW,PASS
NFL,lamar jackson,Lamar Jackson,pass_completions,72de8a0c4a2fe14acc132c2c9559e499,2026-09-13T17:00:00Z,,,17.5,17.5,17.5,1,100.0,0.0,-103.0,-127.0,18.0,0.5,,,,,,,,,,37.6,UNDER,4.9,LOW,PASS
NFL,lamar jackson,Lamar Jackson,passing_tds,72de8a0c4a2fe14acc132c2c9559e499,2026-09-13T17:00:00Z,,,1.5,1.5,1.5,2,100.0,0.0,104.5,-137.0,,,,,,,,,,,,36.4,UNDER,8.3,LOW,PASS
NFL,lamar jackson,Lamar Jackson,passing_yards,72de8a0c4a2fe14acc132c2c9559e499,2026-09-13T17:00:00Z,,,220.5,220.5,220.5,3,100.0,0.0,-113.0,-116.0,220.5,0.0,,,,,,,,,,36.6,UNDER,0.6,USABLE,WATCH
NFL,lamar jackson,Lamar Jackson,rushing_yards,72de8a0c4a2fe14acc132c2c9559e499,2026-09-13T17:00:00Z,,,36.5,36.5,36.5,2,100.0,0.0,-114.5,-114.5,35.5,-1.0,,,,,,,,,,38.4,UNDER,0.0,LOW,PASS
NFL,luther burden,Luther Burden,anytime_td,207e2c8f6a173dbe03bda5c5be99caa7,2026-09-13T17:00:00Z,,,0.0,0.0,0.0,1,100.0,0.0,185.0,,,,,,,,,,,,,44.6,NEUTRAL,50.0,LOW,PASS
NFL,luther burden,Luther Burden,longest_reception,207e2c8f6a173dbe03bda5c5be99caa7,2026-09-13T17:00:00Z,,,21.5,21.5,21.5,1,100.0,0.0,-115.0,-115.0,,,,,,,,,,,,32.1,UNDER,0.0,LOW,PASS
NFL,luther burden,Luther Burden,receiving_yards,207e2c8f6a173dbe03bda5c5be99caa7,2026-09-13T17:00:00Z,,,52.5,52.5,53.5,3,100.0,0.471,-115.0,-113.5,,,,,,,,,,,,36.5,OVER,0.3,USABLE,WATCH
NFL,luther burden,Luther Burden,receptions,207e2c8f6a173dbe03bda5c5be99caa7,2026-09-13T17:00:00Z,,,4.5,4.5,4.5,2,100.0,0.0,-107.0,-123.0,,,,,,,,,,,,35.1,UNDER,3.2,LOW,PASS
NFL,luther burden iii,Luther Burden III,anytime_td,207e2c8f6a173dbe03bda5c5be99caa7,2026-09-13T17:00:00Z,,,0.5,0.5,0.5,1,100.0,0.0,194.0,,,,,,,,,,,,,44.6,NEUTRAL,50.0,LOW,PASS
NFL,luther burden iii,Luther Burden III,receiving_yards,207e2c8f6a173dbe03bda5c5be99caa7,2026-09-13T17:00:00Z,,,69.5,39.5,99.5,1,0.0,22.361,173.5,,53.5,-16.0,,,,,,,,,,54.6,NEUTRAL,50.0,LOW,PASS
NFL,luther burden iii,Luther Burden III,receiving_yards,e5646a4a0f51c3953ba395fef4b14179,2026-09-03T19:00:00Z,,,80.0,15.0,150.0,1,6.7,40.847,311.0,,53.5,-26.5,,,,,,,,,,56.0,NEUTRAL,50.0,LOW,PASS
NFL,luther burden iii,Luther Burden III,receptions,207e2c8f6a173dbe03bda5c5be99caa7,2026-09-13T17:00:00Z,,,4.5,4.5,4.5,1,100.0,0.0,-104.0,,4.5,0.0,,,,,,,,,,44.6,NEUTRAL,50.0,LOW,PASS
NFL,mack hollins,Mack Hollins,anytime_td,1bb67464f064518614cf526e0af54269,2026-09-10T00:20:00Z,,,0.0,0.0,0.5,4,100.0,0.217,829.5,-1076.0,,,,,,,,,,,,58.3,UNDER,79.0,USABLE,WATCH
NFL,malik willis,Malik Willis,passing_tds,8190f11dd0c3af350c7cdcf78e5d3fa7,2026-09-13T20:25:00Z,,,0.5,0.5,0.5,1,100.0,0.0,-210.0,155.0,,,,,,,,,,,,38.8,OVER,26.7,LOW,PASS
NFL,malik willis,Malik Willis,passing_yards,8190f11dd0c3af350c7cdcf78e5d3fa7,2026-09-13T20:25:00Z,,,177.5,177.5,177.5,1,100.0,0.0,-114.0,-117.0,170.5,-7.0,,,,,,,,,,38.2,UNDER,0.6,LOW,PASS
NFL,mark andrews,Mark Andrews,receiving_yards,72de8a0c4a2fe14acc132c2c9559e499,2026-09-13T17:00:00Z,,,34.5,34.5,34.5,2,100.0,0.0,-116.0,-113.5,34.5,0.0,,,,,,,,,,34.4,OVER,0.5,LOW,PASS
NFL,mark andrews,Mark Andrews,receptions,72de8a0c4a2fe14acc132c2c9559e499,2026-09-13T17:00:00Z,,,3.5,3.5,3.5,1,100.0,0.0,135.0,-180.0,44.5,41.0,,,,,,,,,,67.2,UNDER,20.3,LOW,PASS
NFL,marvin harrison,Marvin Harrison,receiving_yards,9c5e1f21e6f41ae74339e99422275c5e,2026-09-13T20:25:00Z,,,48.5,48.5,48.5,1,100.0,0.0,-118.0,-113.0,824.5,776.0,,,,,,,,,,62.4,OVER,1.0,LOW,PASS
NFL,matthew golden,Matthew Golden,receiving_yards,c5d92fa7aed8de1061282616f16e529f,2026-09-13T20:25:00Z,,,39.5,39.5,39.5,1,100.0,0.0,-117.0,,39.5,0.0,,,,,,,,,,44.6,NEUTRAL,50.0,LOW,PASS
NFL,matthew stafford,Matthew Stafford,anytime_td,764011b4dfb8ee727de8222f6213e1a9,2026-09-11T00:35:00Z,,,0.0,0.0,0.0,3,100.0,0.0,1800.0,,,,,,,,,,,,,48.9,NEUTRAL,50.0,USABLE,WATCH
NFL,matthew stafford,Matthew Stafford,interceptions,764011b4dfb8ee727de8222f6213e1a9,2026-09-11T00:35:00Z,,,0.5,0.5,0.5,2,100.0,0.0,113.0,-149.0,,,,,,,,,,,,37.3,UNDER,12.1,LOW,PASS
NFL,matthew stafford,Matthew Stafford,pass_attempts,764011b4dfb8ee727de8222f6213e1a9,2026-09-11T00:35:00Z,,,34.5,34.5,34.5,2,100.0,0.0,-124.5,-106.5,34.5,0.0,,,,,,,,,,35.2,OVER,3.6,LOW,PASS
NFL,matthew stafford,Matthew Stafford,pass_completions,764011b4dfb8ee727de8222f6213e1a9,2026-09-11T00:35:00Z,,,22.5,22.5,22.5,2,100.0,0.0,-13.5,-117.0,22.5,0.0,,,,,,,,,,50.2,UNDER,63.9,LOW,PASS
NFL,matthew stafford,Matthew Stafford,passing_tds,764011b4dfb8ee727de8222f6213e1a9,2026-09-11T00:35:00Z,,,1.5,1.5,1.5,5,100.0,0.0,-148.0,112.0,,,,,,,,,,,,43.6,OVER,11.7,GOOD,WATCH
NFL,matthew stafford,Matthew Stafford,passing_yards,764011b4dfb8ee727de8222f6213e1a9,2026-09-11T00:35:00Z,,,265.5,264.5,265.5,7,100.0,0.452,-114.5,-114.0,266.5,1.0,,,,,,,,,,45.6,OVER,0.1,STRONG,WATCH
NFL,michael pittman jr,Michael Pittman Jr.,receptions,f3c9935611447ad63290e74d5b1dde17,2026-09-13T17:00:00Z,,,4.5,4.5,4.5,1,100.0,0.0,117.0,,70.5,66.0,,,,,,,,,,74.6,NEUTRAL,50.0,LOW,PASS
NFL,michael wilson,Michael Wilson,receiving_yards,9c5e1f21e6f41ae74339e99422275c5e,2026-09-13T20:25:00Z,,,41.5,41.5,41.5,1,100.0,0.0,-117.0,-114.0,41.5,0.0,,,,,,,,,,32.3,OVER,0.6,LOW,PASS
NFL,mike evans,Mike Evans,anytime_td,764011b4dfb8ee727de8222f6213e1a9,2026-09-11T00:35:00Z,,,0.0,0.0,0.0,2,100.0,0.0,199.0,,,,,,,,,,,,,46.8,NEUTRAL,50.0,LOW,PASS
NFL,mike evans,Mike Evans,receiving_yards,764011b4dfb8ee727de8222f6213e1a9,2026-09-11T00:35:00Z,,,49.5,47.5,50.5,7,42.9,0.99,-117.0,-113.0,48.5,-1.0,,,,,,,,,,36.8,OVER,0.8,STRONG,WATCH
NFL,mike evans,Mike Evans,receptions,764011b4dfb8ee727de8222f6213e1a9,2026-09-11T00:35:00Z,,,3.5,3.5,4.5,5,60.0,0.49,-129.0,-102.5,4.0,0.5,,,,,,,,,,55.5,OVER,5.3,GOOD,WATCH
NFL,mike gesicki,Mike Gesicki,anytime_td,e0bd613ef31e8bf41bc4330dec90c7e6,2026-09-13T17:00:00Z,,,0.0,0.0,0.0,1,100.0,0.0,280.0,,,,,,,,,,,,,44.6,NEUTRAL,50.0,LOW,PASS
NFL,mike gesicki,Mike Gesicki,receiving_yards,e0bd613ef31e8bf41bc4330dec90c7e6,2026-09-13T17:00:00Z,,,16.5,16.5,16.5,1,100.0,0.0,-110.0,-110.0,16.5,0.0,,,,,,,,,,32.1,UNDER,0.0,LOW,PASS
NFL,nick kallerup,Nick Kallerup,anytime_td,1bb67464f064518614cf526e0af54269,2026-09-10T00:20:00Z,,,0.0,0.0,0.0,3,100.0,0.0,2500.0,,,,,,,,,,,,,48.9,NEUTRAL,50.0,USABLE,WATCH
NFL,nico collins,Nico Collins,receiving_yards,a0b009be7e2431d207e96b99f596f541,2026-09-13T17:00:00Z,,,69.5,69.5,69.5,2,100.0,0.0,-113.0,-116.0,67.5,-2.0,,,,,,,,,,38.8,UNDER,0.6,LOW,PASS
NFL,nico collins,Nico Collins,receptions,a0b009be7e2431d207e96b99f596f541,2026-09-13T17:00:00Z,,,5.5,5.5,5.5,1,100.0,0.0,108.0,-141.0,77.5,72.0,,,,,,,,,,64.6,UNDER,9.8,LOW,PASS
NFL,noah fant,Noah Fant,anytime_td,5aff92cd2660b12710bf709d6e022115,2026-09-13T17:00:00Z,,,0.5,0.5,0.5,1,100.0,0.0,641.0,,,,,,,,,,,,,44.6,NEUTRAL,50.0,LOW,PASS
NFL,parker washington,Parker Washington,receiving_yards,a5af615996df7c99fdbffcc0e17b760b,2026-09-13T17:00:00Z,,,52.5,52.5,52.5,2,100.0,0.0,-117.0,-112.5,52.5,0.0,,,,,,,,,,34.5,OVER,0.9,LOW,PASS
NFL,parker washington,Parker Washington,receptions,a5af615996df7c99fdbffcc0e17b760b,2026-09-13T17:00:00Z,,,4.5,4.5,4.5,1,100.0,0.0,125.0,-165.0,4.0,-0.5,,,,,,,,,,53.0,UNDER,16.7,LOW,PASS
NFL,puka nacua,Puka Nacua,anytime_td,764011b4dfb8ee727de8222f6213e1a9,2026-09-11T00:35:00Z,,,0.0,0.0,0.0,2,100.0,0.0,132.5,,,,,,,,,,,,,46.8,NEUTRAL,50.0,LOW,PASS
NFL,puka nacua,Puka Nacua,receiving_yards,764011b4dfb8ee727de8222f6213e1a9,2026-09-11T00:35:00Z,,,90.5,90.5,90.5,4,100.0,0.0,-115.0,-113.5,90.5,0.0,,,,,,,,,,38.6,OVER,0.3,USABLE,WATCH
NFL,puka nacua,Puka Nacua,receptions,764011b4dfb8ee727de8222f6213e1a9,2026-09-11T00:35:00Z,,,7.5,7.5,7.5,3,100.0,0.0,115.0,-150.0,7.0,-0.5,,,,,,,,,,49.6,UNDER,12.7,USABLE,WATCH
NFL,quinshon judkins,Quinshon Judkins,rush_attempts,a5af615996df7c99fdbffcc0e17b760b,2026-09-13T17:00:00Z,,,14.5,14.5,14.5,1,100.0,0.0,-132.0,102.0,16.0,1.5,,,,,,,,,,49.4,OVER,6.9,LOW,PASS
NFL,quinshon judkins,Quinshon Judkins,rushing_yards,a5af615996df7c99fdbffcc0e17b760b,2026-09-13T17:00:00Z,,,59.5,59.5,59.5,2,100.0,0.0,-113.0,-115.0,59.5,0.0,,,,,,,,,,34.4,UNDER,0.4,LOW,PASS
NFL,rashid shaheed,Rashid Shaheed,anytime_td,1bb67464f064518614cf526e0af54269,2026-09-10T00:20:00Z,,,0.0,0.0,0.0,3,100.0,0.0,275.0,,,,,,,,,,,,,48.9,NEUTRAL,50.0,USABLE,WATCH
NFL,rashid shaheed,Rashid Shaheed,longest_reception,1bb67464f064518614cf526e0af54269,2026-09-10T00:20:00Z,,,17.5,17.5,17.5,1,100.0,0.0,-118.0,-112.0,17.5,0.0,,,,,,,,,,32.4,OVER,1.2,LOW,PASS
NFL,rashid shaheed,Rashid Shaheed,receiving_yards,1bb67464f064518614cf526e0af54269,2026-09-10T00:20:00Z,,,31.5,30.5,99.5,9,55.6,21.493,-114.0,-115.0,524.5,493.0,,,,,,,,,,66.2,UNDER,0.2,STRONG,LEAN
NFL,rashid shaheed,Rashid Shaheed,receptions,1bb67464f064518614cf526e0af54269,2026-09-10T00:20:00Z,,,2.5,2.5,2.5,6,100.0,0.0,102.0,-135.5,2.5,0.0,,,,,,,,,,44.7,UNDER,7.5,GOOD,WATCH
NFL,rashid shaheed,Rashid Shaheed,rushing_yards,1bb67464f064518614cf526e0af54269,2026-09-10T00:20:00Z,,,5.5,5.5,5.5,1,100.0,0.0,150.0,-210.0,0.5,-5.0,,,,,,,,,,68.6,UNDER,25.7,LOW,PASS
NFL,rashid shaheed sea,Rashid Shaheed (SEA),receiving_yards,1bb67464f064518614cf526e0af54269,2026-09-10T00:20:00Z,,,44.5,9.5,109.5,1,0.0,31.849,177.5,-115.0,,,,,,,,,,,,17.0,UNDER,19.5,LOW,PASS
NFL,rashid shaheed sea,Rashid Shaheed (SEA),receptions,1bb67464f064518614cf526e0af54269,2026-09-10T00:20:00Z,,,2.5,2.5,2.5,1,100.0,0.0,-110.0,,,,,,,,,,,,,44.6,NEUTRAL,50.0,LOW,PASS
NFL,rhamondre stevenson,Rhamondre Stevenson,anytime_td,1bb67464f064518614cf526e0af54269,2026-09-10T00:20:00Z,,,0.0,0.0,0.0,2,100.0,0.0,145.0,,,,,,,,,,,,,46.8,NEUTRAL,50.0,LOW,PASS
NFL,rhamondre stevenson,Rhamondre Stevenson,receiving_yards,1bb67464f064518614cf526e0af54269,2026-09-10T00:20:00Z,,,17.5,15.5,17.5,6,66.7,0.943,-113.0,-110.0,17.5,0.0,,,,,,,,,,36.4,OVER,0.6,GOOD,WATCH
NFL,rhamondre stevenson,Rhamondre Stevenson,receptions,1bb67464f064518614cf526e0af54269,2026-09-10T00:20:00Z,,,2.5,2.5,2.5,5,100.0,0.0,104.0,-135.0,,,,,,,,,,,,42.7,UNDER,7.9,GOOD,WATCH
NFL,rhamondre stevenson,Rhamondre Stevenson,rush_attempts,1bb67464f064518614cf526e0af54269,2026-09-10T00:20:00Z,,,10.5,10.5,10.5,2,100.0,0.0,-137.0,106.0,,,,,,,,,,,,36.5,OVER,8.7,LOW,PASS
NFL,rhamondre stevenson,Rhamondre Stevenson,rushing_yards,1bb67464f064518614cf526e0af54269,2026-09-10T00:20:00Z,,,40.5,39.5,42.5,5,20.0,1.166,-117.0,-112.0,624.5,584.0,,,,,,,,,,55.0,OVER,1.0,GOOD,WATCH
NFL,rhamondre stevenson ne,Rhamondre Stevenson (NE),rushing_yards,1bb67464f064518614cf526e0af54269,2026-09-10T00:20:00Z,,,43.5,43.5,43.5,1,100.0,0.0,-110.0,-120.0,,,,,,,,,,,,32.6,UNDER,2.0,LOW,PASS
NFL,rome odunze,Rome Odunze,anytime_td,207e2c8f6a173dbe03bda5c5be99caa7,2026-09-13T17:00:00Z,,,0.0,0.0,0.5,3,100.0,0.236,186.0,-186.0,,,,,,,,,,,,43.9,UNDER,30.1,USABLE,WATCH
NFL,rome odunze,Rome Odunze,longest_reception,207e2c8f6a173dbe03bda5c5be99caa7,2026-09-13T17:00:00Z,,,20.5,20.5,20.5,1,100.0,0.0,-115.0,-115.0,20.5,0.0,,,,,,,,,,32.1,UNDER,0.0,LOW,PASS
NFL,rome odunze,Rome Odunze,receiving_yards,207e2c8f6a173dbe03bda5c5be99caa7,2026-09-13T17:00:00Z,,,47.5,44.5,99.5,5,60.0,21.132,-114.0,-114.0,47.5,0.0,,,,,,,,,,32.7,UNDER,0.0,GOOD,WATCH
NFL,rome odunze,Rome Odunze,receiving_yards,e5646a4a0f51c3953ba395fef4b14179,2026-09-03T19:00:00Z,,,75.0,15.0,140.0,1,0.0,38.201,332.0,,47.5,-27.5,,,,,,,,,,54.6,NEUTRAL,50.0,LOW,PASS
NFL,rome odunze,Rome Odunze,receptions,207e2c8f6a173dbe03bda5c5be99caa7,2026-09-13T17:00:00Z,,,3.5,3.5,3.5,3,100.0,0.0,-102.0,-130.0,58.5,55.0,,,,,,,,,,67.8,UNDER,5.6,USABLE,LEAN
NFL,romeo doubs,Romeo Doubs,anytime_td,1bb67464f064518614cf526e0af54269,2026-09-10T00:20:00Z,,,0.0,0.0,0.0,3,100.0,0.0,300.0,,,,,,,,,,,,,48.9,NEUTRAL,50.0,USABLE,WATCH
NFL,romeo doubs,Romeo Doubs,longest_reception,1bb67464f064518614cf526e0af54269,2026-09-10T00:20:00Z,,,17.5,17.5,17.5,1,100.0,0.0,-118.0,-112.0,,,,,,,,,,,,32.4,OVER,1.2,LOW,PASS
NFL,romeo doubs,Romeo Doubs,receiving_yards,1bb67464f064518614cf526e0af54269,2026-09-10T00:20:00Z,,,36.5,35.5,37.5,7,42.9,0.7,-115.0,-113.0,649.5,613.0,,,,,,,,,,63.7,OVER,0.4,STRONG,WATCH
NFL,romeo doubs,Romeo Doubs,receptions,1bb67464f064518614cf526e0af54269,2026-09-10T00:20:00Z,,,3.5,3.5,3.5,5,100.0,0.0,116.5,-154.0,52.5,49.0,,,,,,,,,,74.1,UNDER,13.5,GOOD,LEAN
NFL,romeo doubs ne,Romeo Doubs (NE),receiving_yards,1bb67464f064518614cf526e0af54269,2026-09-10T00:20:00Z,,,44.5,9.5,109.5,1,0.0,31.612,27.5,-120.0,,,,,,,,,,,,16.6,OVER,18.0,LOW,PASS
NFL,romeo doubs ne,Romeo Doubs (NE),receptions,1bb67464f064518614cf526e0af54269,2026-09-10T00:20:00Z,,,3.5,3.5,3.5,1,100.0,0.0,120.0,-160.0,,,,,,,,,,,,35.9,UNDER,15.0,LOW,PASS
NFL,roschon johnson,Roschon Johnson,anytime_td,207e2c8f6a173dbe03bda5c5be99caa7,2026-09-13T17:00:00Z,,,0.25,0.0,0.5,2,100.0,0.25,368.0,,,,,,,,,,,,,46.8,NEUTRAL,50.0,LOW,PASS
NFL,ryan fitzgerald,Ryan Fitzgerald,kicking_points,207e2c8f6a173dbe03bda5c5be99caa7,2026-09-13T17:00:00Z,,,6.5,6.5,6.5,1,100.0,0.0,-125.0,-105.0,6.5,0.0,,,,,,,,,,33.2,OVER,4.1,LOW,PASS
NFL,sam darnold,Sam Darnold,interceptions,1bb67464f064518614cf526e0af54269,2026-09-10T00:20:00Z,,,0.5,0.5,0.5,3,100.0,0.0,-121.0,-109.0,,,,,,,,,,,,37.0,OVER,2.4,USABLE,WATCH
NFL,sam darnold,Sam Darnold,pass_attempts,1bb67464f064518614cf526e0af54269,2026-09-10T00:20:00Z,,,29.5,29.5,30.5,4,75.0,0.433,-121.5,-108.5,30.5,1.0,,,,,,,,,,39.3,OVER,2.6,USABLE,WATCH
NFL,sam darnold,Sam Darnold,pass_completions,1bb67464f064518614cf526e0af54269,2026-09-10T00:20:00Z,,,19.5,19.5,20.5,3,66.7,0.471,-125.0,-104.0,20.0,0.5,,,,,,,,,,34.7,OVER,4.3,USABLE,WATCH
NFL,sam darnold,Sam Darnold,passing_tds,1bb67464f064518614cf526e0af54269,2026-09-10T00:20:00Z,,,1.5,1.5,1.5,4,100.0,0.0,105.0,-136.5,,,,,,,,,,,,40.7,UNDER,8.4,USABLE,WATCH
NFL,sam darnold,Sam Darnold,passing_yards,1bb67464f064518614cf526e0af54269,2026-09-10T00:20:00Z,,,228.5,228.5,230.5,7,100.0,0.881,-114.0,-114.0,3649.5,3421.0,,,,,,,,,,75.0,UNDER,0.0,STRONG,LEAN
NFL,sam darnold,Sam Darnold,rush_attempts,1bb67464f064518614cf526e0af54269,2026-09-10T00:20:00Z,,,2.5,2.5,2.5,1,100.0,0.0,-130.0,100.0,,,,,,,,,,,,33.7,OVER,6.1,LOW,PASS
NFL,sam darnold,Sam Darnold,rushing_yards,1bb67464f064518614cf526e0af54269,2026-09-10T00:20:00Z,,,5.5,5.5,6.5,7,85.7,0.35,-112.0,-115.0,5.5,0.0,,,,,,,,,,42.3,UNDER,0.6,STRONG,WATCH
NFL,sam darnold sea,Sam Darnold (SEA),passing_tds,1bb67464f064518614cf526e0af54269,2026-09-10T00:20:00Z,,,2.5,0.5,3.5,1,33.3,1.247,400.0,,,,,,,,,,,,,31.3,NEUTRAL,50.0,LOW,PASS
NFL,sam darnold sea,Sam Darnold (SEA),passing_yards,1bb67464f064518614cf526e0af54269,2026-09-10T00:20:00Z,,,242.0,149.5,349.5,1,0.0,61.402,10.0,-115.0,,,,,,,,,,,,18.6,OVER,25.9,LOW,PASS
NFL,sam darnold sea,Sam Darnold (SEA),rushing_yards,1bb67464f064518614cf526e0af54269,2026-09-10T00:20:00Z,,,17.0,5.5,29.5,1,0.0,8.3,400.0,-110.0,,,,,,,,,,,,23.3,UNDER,44.7,LOW,PASS
NFL,sam laporta,Sam LaPorta,anytime_td,5aff92cd2660b12710bf709d6e022115,2026-09-13T17:00:00Z,,,1.0,0.5,1.5,1,100.0,0.5,547.0,-217.0,,,,,,,,,,,,47.9,UNDER,63.2,LOW,PASS
NFL,sam laporta,Sam LaPorta,receiving_yards,5aff92cd2660b12710bf709d6e022115,2026-09-13T17:00:00Z,,,42.5,39.5,79.5,4,33.3,14.554,-114.0,-114.0,42.5,0.0,,,,,,,,,,25.2,UNDER,0.0,USABLE,WATCH
NFL,sam laporta,Sam LaPorta,receiving_yards,a05d7c053eb1671d2e6d71e94acae4fb,2026-09-03T19:00:00Z,,,75.0,25.0,120.0,1,0.0,29.652,522.0,,42.5,-32.5,,,,,,,,,,54.6,NEUTRAL,50.0,LOW,PASS
NFL,sam laporta,Sam LaPorta,receptions,5aff92cd2660b12710bf709d6e022115,2026-09-13T17:00:00Z,,,4.0,3.5,4.5,2,100.0,0.5,-25.0,-167.0,4.0,0.0,,,,,,,,,,47.2,UNDER,51.5,LOW,PASS
NFL,sam roush,Sam Roush,anytime_td,207e2c8f6a173dbe03bda5c5be99caa7,2026-09-13T17:00:00Z,,,0.5,0.5,0.5,1,100.0,0.0,1900.0,,,,,,,,,,,,,44.6,NEUTRAL,50.0,LOW,PASS
NFL,samaje perine,Samaje Perine,anytime_td,e0bd613ef31e8bf41bc4330dec90c7e6,2026-09-13T17:00:00Z,,,0.0,0.0,0.5,3,100.0,0.236,308.0,,,,,,,,,,,,,48.9,NEUTRAL,50.0,USABLE,WATCH
NFL,samaje perine,Samaje Perine,rushing_yards,e0bd613ef31e8bf41bc4330dec90c7e6,2026-09-13T17:00:00Z,,,17.5,17.5,17.5,1,100.0,0.0,-110.0,-110.0,17.5,0.0,,,,,,,,,,32.1,UNDER,0.0,LOW,PASS
NFL,sione vaki,Sione Vaki,anytime_td,5aff92cd2660b12710bf709d6e022115,2026-09-13T17:00:00Z,,,0.5,0.5,0.5,1,100.0,0.0,270.0,,,,,,,,,,,,,44.6,NEUTRAL,50.0,LOW,PASS
NFL,tahj brooks,Tahj Brooks,anytime_td,e0bd613ef31e8bf41bc4330dec90c7e6,2026-09-13T17:00:00Z,,,0.25,0.0,0.5,2,100.0,0.25,1309.0,,,,,,,,,,,,,46.8,NEUTRAL,50.0,LOW,PASS
NFL,tee higgins,Tee Higgins,anytime_td,e0bd613ef31e8bf41bc4330dec90c7e6,2026-09-13T17:00:00Z,,,0.0,0.0,0.5,3,100.0,0.236,125.0,-125.0,,,,,,,,,,,,39.2,UNDER,11.1,USABLE,WATCH
NFL,tee higgins,Tee Higgins,longest_reception,e0bd613ef31e8bf41bc4330dec90c7e6,2026-09-13T17:00:00Z,,,22.5,22.5,22.5,1,100.0,0.0,-122.0,-108.0,23.5,1.0,,,,,,,,,,39.5,OVER,2.8,LOW,PASS
NFL,tee higgins,Tee Higgins,receiving_yards,677238b1b7b630af8e5eb327f610a9c8,2026-09-03T19:00:00Z,,,90.0,15.0,190.0,1,5.9,50.915,225.0,,60.5,-29.5,,,,,,,,,,55.8,NEUTRAL,50.0,LOW,PASS
NFL,tee higgins,Tee Higgins,receiving_yards,e0bd613ef31e8bf41bc4330dec90c7e6,2026-09-13T17:00:00Z,,,64.5,64.5,64.5,2,100.0,0.0,-114.5,-115.0,60.5,-4.0,,,,,,,,,,43.6,UNDER,0.1,LOW,PASS
NFL,tee higgins,Tee Higgins,receptions,e0bd613ef31e8bf41bc4330dec90c7e6,2026-09-13T17:00:00Z,,,4.5,4.5,4.5,1,100.0,0.0,-159.0,120.0,5.0,0.5,,,,,,,,,,52.5,OVER,14.9,LOW,PASS
NFL,terrance ferguson,Terrance Ferguson,receiving_yards,764011b4dfb8ee727de8222f6213e1a9,2026-09-11T00:35:00Z,,,20.0,19.5,79.5,4,75.0,25.84,-113.5,-112.0,20.5,0.5,,,,,,,,,,37.4,OVER,0.3,USABLE,WATCH
NFL,terrance ferguson,Terrance Ferguson,receptions,764011b4dfb8ee727de8222f6213e1a9,2026-09-11T00:35:00Z,,,1.5,1.5,1.5,1,100.0,0.0,-167.0,128.0,,,,,,,,,,,,36.5,OVER,17.6,LOW,PASS
NFL,tetairoa mcmillan,Tetairoa McMillan,anytime_td,207e2c8f6a173dbe03bda5c5be99caa7,2026-09-13T17:00:00Z,,,0.0,0.0,0.0,1,100.0,0.0,180.0,,,,,,,,,,,,,44.6,NEUTRAL,50.0,LOW,PASS
NFL,tetairoa mcmillan,Tetairoa McMillan,longest_reception,207e2c8f6a173dbe03bda5c5be99caa7,2026-09-13T17:00:00Z,,,23.0,22.5,23.5,2,100.0,0.5,-116.5,-113.5,23.5,0.5,,,,,,,,,,37.7,OVER,0.6,LOW,PASS
NFL,tetairoa mcmillan,Tetairoa McMillan,receiving_yards,207e2c8f6a173dbe03bda5c5be99caa7,2026-09-13T17:00:00Z,,,58.5,39.5,79.5,4,60.0,12.659,-115.5,-113.0,60.5,2.0,,,,,,,,,,35.8,OVER,0.5,USABLE,WATCH
NFL,tetairoa mcmillan,Tetairoa McMillan,receiving_yards,e5646a4a0f51c3953ba395fef4b14179,2026-09-03T19:00:00Z,,,80.0,15.0,160.0,1,6.7,43.304,187.0,,60.5,-19.5,,,,,,,,,,56.0,NEUTRAL,50.0,LOW,PASS
NFL,tetairoa mcmillan,Tetairoa McMillan,receptions,207e2c8f6a173dbe03bda5c5be99caa7,2026-09-13T17:00:00Z,,,4.5,4.5,4.5,3,100.0,0.0,-115.0,-114.0,4.5,0.0,,,,,,,,,,36.5,OVER,0.2,USABLE,WATCH
NFL,tommy tremble,Tommy Tremble,anytime_td,207e2c8f6a173dbe03bda5c5be99caa7,2026-09-13T17:00:00Z,,,0.0,0.0,0.0,1,100.0,0.0,430.0,,,,,,,,,,,,,44.6,NEUTRAL,50.0,LOW,PASS
NFL,tory horton,Tory Horton,anytime_td,1bb67464f064518614cf526e0af54269,2026-09-10T00:20:00Z,,,0.0,0.0,0.0,1,100.0,0.0,425.0,,,,,,,,,,,,,44.6,NEUTRAL,50.0,LOW,PASS
NFL,travis etienne,Travis Etienne,rush_attempts,5aff92cd2660b12710bf709d6e022115,2026-09-13T17:00:00Z,,,14.5,14.5,14.5,1,100.0,0.0,100.0,-129.0,,,,,,,,,,,,33.6,UNDER,6.0,LOW,PASS
NFL,travis etienne,Travis Etienne,rushing_yards,5aff92cd2660b12710bf709d6e022115,2026-09-13T17:00:00Z,,,51.5,51.5,51.5,2,100.0,0.0,-112.5,-117.0,,,,,,,,,,,,34.5,UNDER,0.9,LOW,PASS
NFL,travis etienne jr,Travis Etienne Jr.,rushing_yards,5aff92cd2660b12710bf709d6e022115,2026-09-13T17:00:00Z,,,59.5,59.5,59.5,1,100.0,0.0,-106.0,,54.5,-5.0,,,,,,,,,,57.2,NEUTRAL,50.0,LOW,PASS
NFL,travis etienne jr,Travis Etienne Jr.,rushing_yards,a05d7c053eb1671d2e6d71e94acae4fb,2026-09-03T19:00:00Z,,,65.0,20.0,140.0,1,0.0,35.999,154.5,,54.5,-10.5,,,,,,,,,,48.9,NEUTRAL,50.0,LOW,PASS
NFL,treveyon henderson,TreVeyon Henderson,anytime_td,1bb67464f064518614cf526e0af54269,2026-09-10T00:20:00Z,,,0.0,0.0,0.0,1,100.0,0.0,275.0,,,,,,,,,,,,,44.6,NEUTRAL,50.0,LOW,PASS
NFL,treveyon henderson,TreVeyon Henderson,receiving_yards,1bb67464f064518614cf526e0af54269,2026-09-10T00:20:00Z,,,8.5,8.5,8.5,4,100.0,0.0,-110.0,-118.5,8.5,0.0,,,,,,,,,,39.0,UNDER,1.7,USABLE,WATCH
NFL,treveyon henderson,TreVeyon Henderson,receptions,1bb67464f064518614cf526e0af54269,2026-09-10T00:20:00Z,,,1.5,1.5,1.5,2,100.0,0.0,-111.5,-116.0,1.5,0.0,,,,,,,,,,34.5,UNDER,0.9,LOW,PASS
NFL,treveyon henderson,TreVeyon Henderson,rush_attempts,1bb67464f064518614cf526e0af54269,2026-09-10T00:20:00Z,,,8.5,8.5,8.5,1,100.0,0.0,-134.0,102.0,,,,,,,,,,,,34.0,OVER,7.3,LOW,PASS
NFL,treveyon henderson,TreVeyon Henderson,rushing_yards,1bb67464f064518614cf526e0af54269,2026-09-10T00:20:00Z,,,30.5,29.5,32.5,5,40.0,1.2,-115.0,-113.0,699.5,669.0,,,,,,,,,,58.8,OVER,0.4,GOOD,WATCH
NFL,treveyon henderson ne,TreVeyon Henderson (NE),rushing_yards,1bb67464f064518614cf526e0af54269,2026-09-10T00:20:00Z,,,44.5,14.5,99.5,1,0.0,27.319,157.5,-115.0,,,,,,,,,,,,16.1,UNDER,15.9,LOW,PASS
NFL,trevor lawrence,Trevor Lawrence,pass_attempts,a5af615996df7c99fdbffcc0e17b760b,2026-09-13T17:00:00Z,,,31.5,31.5,31.5,2,100.0,0.0,-129.0,-103.0,32.5,1.0,,,,,,,,,,40.4,OVER,5.2,LOW,PASS
NFL,trevor lawrence,Trevor Lawrence,pass_completions,a5af615996df7c99fdbffcc0e17b760b,2026-09-13T17:00:00Z,,,19.5,19.5,19.5,1,100.0,0.0,-136.0,105.0,19.5,0.0,,,,,,,,,,34.2,OVER,8.3,LOW,PASS
NFL,trevor lawrence,Trevor Lawrence,passing_tds,a5af615996df7c99fdbffcc0e17b760b,2026-09-13T17:00:00Z,,,1.5,1.5,1.5,2,100.0,0.0,-105.5,-124.5,,,,,,,,,,,,35.2,UNDER,3.9,LOW,PASS
NFL,trevor lawrence,Trevor Lawrence,passing_yards,a5af615996df7c99fdbffcc0e17b760b,2026-09-13T17:00:00Z,,,232.5,232.5,232.5,2,100.0,0.0,-115.0,-114.5,233.5,1.0,,,,,,,,,,35.0,OVER,0.1,LOW,PASS
NFL,trevor lawrence,Trevor Lawrence,rushing_yards,a5af615996df7c99fdbffcc0e17b760b,2026-09-13T17:00:00Z,,,17.5,17.5,17.5,2,100.0,0.0,-109.5,-120.5,17.5,0.0,,,,,,,,,,34.8,UNDER,2.2,LOW,PASS
NFL,tutu atwell,Tutu Atwell,anytime_td,764011b4dfb8ee727de8222f6213e1a9,2026-09-11T00:35:00Z,,,0.0,0.0,0.0,1,100.0,0.0,900.0,,,,,,,,,,,,,44.6,NEUTRAL,50.0,LOW,PASS
NFL,tyler higbee,Tyler Higbee,anytime_td,764011b4dfb8ee727de8222f6213e1a9,2026-09-11T00:35:00Z,,,0.0,0.0,0.0,1,100.0,0.0,890.0,,,,,,,,,,,,,44.6,NEUTRAL,50.0,LOW,PASS
NFL,tyler shough,Tyler Shough,pass_attempts,5aff92cd2660b12710bf709d6e022115,2026-09-13T17:00:00Z,,,34.5,34.5,34.5,2,100.0,0.0,-120.5,-109.5,32.5,-2.0,,,,,,,,,,43.5,OVER,2.2,LOW,PASS
NFL,tyler shough,Tyler Shough,pass_completions,5aff92cd2660b12710bf709d6e022115,2026-09-13T17:00:00Z,,,22.5,22.5,22.5,1,100.0,0.0,-107.0,-121.0,21.5,-1.0,,,,,,,,,,39.5,UNDER,2.9,LOW,PASS
NFL,tyler shough,Tyler Shough,passing_tds,5aff92cd2660b12710bf709d6e022115,2026-09-13T17:00:00Z,,,1.5,1.5,1.5,2,100.0,0.0,133.5,-178.5,,,,,,,,,,,,39.3,UNDER,19.9,LOW,PASS
NFL,tyler shough,Tyler Shough,passing_yards,5aff92cd2660b12710bf709d6e022115,2026-09-13T17:00:00Z,,,246.5,243.5,299.5,3,75.0,23.511,-114.5,-114.5,243.5,-3.0,,,,,,,,,,33.3,UNDER,0.0,USABLE,WATCH
NFL,tyler shough,Tyler Shough,rushing_yards,5aff92cd2660b12710bf709d6e022115,2026-09-13T17:00:00Z,,,15.5,15.5,15.5,2,100.0,0.0,-109.0,-120.5,15.5,0.0,,,,,,,,,,34.9,UNDER,2.3,LOW,PASS
NFL,tyler shough,Tyler Shough,rushing_yards,a05d7c053eb1671d2e6d71e94acae4fb,2026-09-03T19:00:00Z,,,27.5,10.0,70.0,1,0.0,19.364,202.5,,15.5,-12.0,,,,,,,,,,54.6,NEUTRAL,50.0,LOW,PASS
NFL,woody marks,Woody Marks,rushing_yards,a0b009be7e2431d207e96b99f596f541,2026-09-13T17:00:00Z,,,29.5,29.5,29.5,2,100.0,0.0,-113.5,-116.0,30.5,1.0,,,,,,,,,,39.5,UNDER,0.5,LOW,PASS
NFL,zavion thomas,Zavion Thomas,anytime_td,207e2c8f6a173dbe03bda5c5be99caa7,2026-09-13T17:00:00Z,,,0.5,0.5,0.5,1,100.0,0.0,900.0,,,,,,,,,,,,,44.6,NEUTRAL,50.0,LOW,PASS
NFL,zay flowers,Zay Flowers,receiving_yards,72de8a0c4a2fe14acc132c2c9559e499,2026-09-13T17:00:00Z,,,69.5,69.5,69.5,2,100.0,0.0,-113.5,-115.0,66.5,-3.0,,,,,,,,,,40.8,UNDER,0.3,LOW,PASS
NFL,zay flowers,Zay Flowers,receptions,72de8a0c4a2fe14acc132c2c9559e499,2026-09-13T17:00:00Z,,,4.5,4.5,4.5,1,100.0,0.0,,114.0,4.5,0.0,,,,,,,,,,44.6,NEUTRAL,50.0,LOW,PASS
