sport,player_key,player,canonical_market,event_id,event_time,team,opponent,market_median,market_low,market_high,book_count,book_agreement_pct,line_dispersion,over_price_median,under_price_median,pp_line,pp_gap
MLB,adley rutschman,Adley Rutschman,doubles,87e824da83d83bcea518867ca5c3d75f,2026-09-03T23:15:00Z,,,0.5,0.5,0.5,2,100.0,0.0,425.0,-650.0,,
MLB,adley rutschman,Adley Rutschman,hits,87e824da83d83bcea518867ca5c3d75f,2026-09-03T23:15:00Z,,,0.5,0.5,0.5,5,100.0,0.0,-190.0,144.0,,
MLB,adley rutschman,Adley Rutschman,hits_runs_rbis,87e824da83d83bcea518867ca5c3d75f,2026-09-03T23:15:00Z,,,1.5,1.5,1.5,5,100.0,0.0,-110.0,-121.0,1.5,0.0
MLB,adley rutschman,Adley Rutschman,home_runs,87e824da83d83bcea518867ca5c3d75f,2026-09-03T23:15:00Z,,,0.5,0.5,0.5,5,100.0,0.0,575.0,-925.0,,
MLB,adley rutschman,Adley Rutschman,pitcher_strikeouts,87e824da83d83bcea518867ca5c3d75f,2026-09-03T23:15:00Z,,,0.5,0.5,0.5,1,100.0,0.0,-130.0,,,
MLB,adley rutschman,Adley Rutschman,rbis,87e824da83d83bcea518867ca5c3d75f,2026-09-03T23:15:00Z,,,0.5,0.5,0.5,5,100.0,0.0,174.0,-240.0,,
MLB,adley rutschman,Adley Rutschman,runs,87e824da83d83bcea518867ca5c3d75f,2026-09-03T23:15:00Z,,,0.5,0.5,0.5,5,100.0,0.0,128.0,-175.0,,
MLB,adley rutschman,Adley Rutschman,singles,87e824da83d83bcea518867ca5c3d75f,2026-09-03T23:15:00Z,,,0.5,0.5,0.5,5,100.0,0.0,-105.0,-142.5,,
MLB,adley rutschman,Adley Rutschman,total_bases,87e824da83d83bcea518867ca5c3d75f,2026-09-03T23:15:00Z,,,0.5,0.5,1.5,3,66.7,0.471,-190.0,139.0,,
MLB,adley rutschman,Adley Rutschman,triples,87e824da83d83bcea518867ca5c3d75f,2026-09-03T23:15:00Z,,,0.5,0.5,0.5,2,100.0,0.0,4950.0,,,
MLB,adley rutschman,Adley Rutschman,walks,87e824da83d83bcea518867ca5c3d75f,2026-09-03T23:15:00Z,,,0.5,0.5,0.5,1,100.0,0.0,140.0,-230.0,,
MLB,adley rutschman runs,Adley Rutschman - Runs,runs,87e824da83d83bcea518867ca5c3d75f,2026-09-03T23:15:00Z,,,0.5,0.5,0.5,1,100.0,0.0,138.0,-190.0,,
MLB,alec burleson,Alec Burleson,home_runs,178e47f48ce23704395138f8f050b334,2026-09-04T02:10:00Z,,,0.5,0.5,0.5,1,100.0,0.0,600.0,-1268.0,,
MLB,alejandro kirk,Alejandro Kirk,hits,3ffba29c7cccfbdb0cb05ee26cd7d550,2026-09-03T17:10:00Z,,,1.5,1.5,1.5,1,100.0,0.0,180.0,-245.0,,
MLB,alejandro kirk,Alejandro Kirk,rbis,3ffba29c7cccfbdb0cb05ee26cd7d550,2026-09-03T17:10:00Z,,,0.5,0.5,0.5,1,100.0,0.0,155.0,-225.0,,
MLB,alejandro kirk,Alejandro Kirk,runs,3ffba29c7cccfbdb0cb05ee26cd7d550,2026-09-03T17:10:00Z,,,0.5,0.5,0.5,1,100.0,0.0,115.0,-150.0,,
MLB,alejandro kirk,Alejandro Kirk,total_bases,3ffba29c7cccfbdb0cb05ee26cd7d550,2026-09-03T17:10:00Z,,,1.5,1.5,1.5,1,100.0,0.0,115.0,-150.0,,
MLB,alex bregman,Alex Bregman,doubles,919bdbd90145290fd9a5266e0fed035b,2026-09-03T23:15:00Z,,,0.5,0.5,0.5,5,100.0,0.0,448.0,-730.0,,
MLB,alex bregman,Alex Bregman,hits,919bdbd90145290fd9a5266e0fed035b,2026-09-03T23:15:00Z,,,0.5,0.5,0.5,5,100.0,0.0,-178.0,150.0,,
MLB,alex bregman,Alex Bregman,hits_runs_rbis,919bdbd90145290fd9a5266e0fed035b,2026-09-03T23:15:00Z,,,1.5,1.5,1.5,5,100.0,0.0,102.0,-136.0,,
MLB,alex bregman,Alex Bregman,home_runs,919bdbd90145290fd9a5266e0fed035b,2026-09-03T23:15:00Z,,,0.5,0.5,0.5,5,100.0,0.0,475.0,-825.0,,
MLB,alex bregman,Alex Bregman,pitcher_strikeouts,919bdbd90145290fd9a5266e0fed035b,2026-09-03T23:15:00Z,,,0.5,0.5,0.5,1,100.0,0.0,-140.0,105.0,,
MLB,alex bregman,Alex Bregman,rbis,919bdbd90145290fd9a5266e0fed035b,2026-09-03T23:15:00Z,,,0.5,0.5,0.5,5,100.0,0.0,190.0,-277.5,,
MLB,alex bregman,Alex Bregman,runs,919bdbd90145290fd9a5266e0fed035b,2026-09-03T23:15:00Z,,,0.5,0.5,0.5,3,100.0,0.0,135.0,-194.0,,
MLB,alex bregman,Alex Bregman,singles,919bdbd90145290fd9a5266e0fed035b,2026-09-03T23:15:00Z,,,0.5,0.5,0.5,4,100.0,0.0,106.0,-153.0,,
MLB,alex bregman,Alex Bregman,stolen_bases,919bdbd90145290fd9a5266e0fed035b,2026-09-03T23:15:00Z,,,0.5,0.5,0.5,3,100.0,0.0,960.0,-3000.0,,
MLB,alex bregman,Alex Bregman,total_bases,919bdbd90145290fd9a5266e0fed035b,2026-09-03T23:15:00Z,,,0.5,0.5,1.5,5,60.0,0.49,-185.0,126.0,,
MLB,alex bregman,Alex Bregman,walks,919bdbd90145290fd9a5266e0fed035b,2026-09-03T23:15:00Z,,,0.5,0.5,0.5,3,100.0,0.0,198.0,-300.0,,
MLB,andr s gim nez,Andrés Giménez,doubles,3ffba29c7cccfbdb0cb05ee26cd7d550,2026-09-03T17:10:00Z,,,0.5,0.5,0.5,1,100.0,0.0,550.0,-1195.0,,
MLB,andr s gim nez,Andrés Giménez,hits,3ffba29c7cccfbdb0cb05ee26cd7d550,2026-09-03T17:10:00Z,,,0.5,0.5,0.5,1,100.0,0.0,-125.0,-120.0,,
MLB,andr s gim nez,Andrés Giménez,hits_runs_rbis,3ffba29c7cccfbdb0cb05ee26cd7d550,2026-09-03T17:10:00Z,,,0.5,0.5,0.5,1,100.0,0.0,-160.0,105.0,,
MLB,andr s gim nez,Andrés Giménez,home_runs,3ffba29c7cccfbdb0cb05ee26cd7d550,2026-09-03T17:10:00Z,,,0.5,0.5,0.5,2,100.0,0.0,1982.5,-16295.0,,
MLB,andr s gim nez,Andrés Giménez,rbis,3ffba29c7cccfbdb0cb05ee26cd7d550,2026-09-03T17:10:00Z,,,0.5,0.5,0.5,1,100.0,0.0,440.0,-875.0,,
MLB,andr s gim nez,Andrés Giménez,runs,3ffba29c7cccfbdb0cb05ee26cd7d550,2026-09-03T17:10:00Z,,,0.5,0.5,0.5,1,100.0,0.0,250.0,-400.0,,
MLB,andr s gim nez,Andrés Giménez,singles,3ffba29c7cccfbdb0cb05ee26cd7d550,2026-09-03T17:10:00Z,,,0.5,0.5,0.5,1,100.0,0.0,125.0,-190.0,,
MLB,andr s gim nez,Andrés Giménez,total_bases,3ffba29c7cccfbdb0cb05ee26cd7d550,2026-09-03T17:10:00Z,,,0.5,0.5,0.5,1,100.0,0.0,150.0,-230.0,,
MLB,andres gimenez,Andres Gimenez,doubles,3ffba29c7cccfbdb0cb05ee26cd7d550,2026-09-03T17:10:00Z,,,0.5,0.5,0.5,2,100.0,0.0,462.5,-750.0,,
MLB,andres gimenez,Andres Gimenez,hits,3ffba29c7cccfbdb0cb05ee26cd7d550,2026-09-03T17:10:00Z,,,0.5,0.5,0.5,2,100.0,0.0,-167.5,122.5,,
MLB,andres gimenez,Andres Gimenez,hits_runs_rbis,3ffba29c7cccfbdb0cb05ee26cd7d550,2026-09-03T17:10:00Z,,,1.5,1.5,1.5,1,100.0,0.0,115.0,-165.0,,
MLB,andres gimenez,Andres Gimenez,home_runs,3ffba29c7cccfbdb0cb05ee26cd7d550,2026-09-03T17:10:00Z,,,0.5,0.5,0.5,1,100.0,0.0,850.0,-1600.0,,
MLB,andres gimenez,Andres Gimenez,rbis,3ffba29c7cccfbdb0cb05ee26cd7d550,2026-09-03T17:10:00Z,,,0.5,0.5,0.5,2,100.0,0.0,327.5,-575.0,,
MLB,andres gimenez,Andres Gimenez,runs,3ffba29c7cccfbdb0cb05ee26cd7d550,2026-09-03T17:10:00Z,,,0.5,0.5,0.5,2,100.0,0.0,265.0,-415.0,,
MLB,andres gimenez,Andres Gimenez,stolen_bases,3ffba29c7cccfbdb0cb05ee26cd7d550,2026-09-03T17:10:00Z,,,0.5,0.5,0.5,2,100.0,0.0,687.5,-1400.0,,
MLB,andres gimenez,Andres Gimenez,total_bases,3ffba29c7cccfbdb0cb05ee26cd7d550,2026-09-03T17:10:00Z,,,0.5,0.5,0.5,1,100.0,0.0,-165.0,115.0,,
MLB,andrew benintendi,Andrew Benintendi,doubles,4531806102eb01c9886a2ceb2b16b0b9,2026-09-03T18:10:00Z,,,0.5,0.5,0.5,1,100.0,0.0,450.0,-700.0,,
MLB,andrew benintendi,Andrew Benintendi,hits,4531806102eb01c9886a2ceb2b16b0b9,2026-09-03T18:10:00Z,,,0.5,0.5,0.5,4,100.0,0.0,-130.0,101.0,,
MLB,andrew benintendi,Andrew Benintendi,hits_runs_rbis,4531806102eb01c9886a2ceb2b16b0b9,2026-09-03T18:10:00Z,,,0.5,0.5,0.5,2,100.0,0.0,-250.0,130.0,,
MLB,andrew benintendi,Andrew Benintendi,home_runs,4531806102eb01c9886a2ceb2b16b0b9,2026-09-03T18:10:00Z,,,0.5,0.5,0.5,3,100.0,0.0,750.0,-1400.0,,
MLB,andrew benintendi,Andrew Benintendi,rbis,4531806102eb01c9886a2ceb2b16b0b9,2026-09-03T18:10:00Z,,,0.5,0.5,0.5,3,100.0,0.0,190.0,-300.0,,
MLB,andrew benintendi,Andrew Benintendi,runs,4531806102eb01c9886a2ceb2b16b0b9,2026-09-03T18:10:00Z,,,0.5,0.5,0.5,1,100.0,0.0,170.0,-240.0,,
MLB,andrew benintendi,Andrew Benintendi,singles,4531806102eb01c9886a2ceb2b16b0b9,2026-09-03T18:10:00Z,,,0.5,0.5,0.5,1,100.0,0.0,104.0,-184.0,,
MLB,andrew benintendi,Andrew Benintendi,total_bases,4531806102eb01c9886a2ceb2b16b0b9,2026-09-03T18:10:00Z,,,1.5,0.5,1.5,3,66.7,0.471,190.0,-223.0,,
MLB,andrew knizner,Andrew Knizner,doubles,4b25e965b62d7c19e2aa8fbfff667da3,2026-09-03T16:35:00Z,,,0.5,0.5,0.5,2,100.0,0.0,487.5,-750.0,,
MLB,andrew knizner,Andrew Knizner,hits,4b25e965b62d7c19e2aa8fbfff667da3,2026-09-03T16:35:00Z,,,0.5,0.5,0.5,2,100.0,0.0,-130.0,-2.0,,
MLB,andrew knizner,Andrew Knizner,home_runs,4b25e965b62d7c19e2aa8fbfff667da3,2026-09-03T16:35:00Z,,,0.5,0.5,0.5,1,100.0,0.0,800.0,-1500.0,,
MLB,andrew knizner,Andrew Knizner,rbis,4b25e965b62d7c19e2aa8fbfff667da3,2026-09-03T16:35:00Z,,,0.5,0.5,0.5,2,100.0,0.0,210.0,-312.5,,
MLB,andrew knizner,Andrew Knizner,runs,4b25e965b62d7c19e2aa8fbfff667da3,2026-09-03T16:35:00Z,,,0.5,0.5,0.5,2,100.0,0.0,175.0,-250.0,,
MLB,andrew knizner,Andrew Knizner,total_bases,4b25e965b62d7c19e2aa8fbfff667da3,2026-09-03T16:35:00Z,,,0.5,0.5,0.5,2,100.0,0.0,-128.5,-105.0,,
MLB,angel genao,Angel Genao,doubles,3ffba29c7cccfbdb0cb05ee26cd7d550,2026-09-03T17:10:00Z,,,0.5,0.5,0.5,3,100.0,0.0,525.0,-850.0,,
MLB,angel genao,Angel Genao,hits,3ffba29c7cccfbdb0cb05ee26cd7d550,2026-09-03T17:10:00Z,,,1.0,0.5,1.5,2,100.0,0.5,-43.0,-7.5,,
MLB,angel genao,Angel Genao,hits_runs_rbis,3ffba29c7cccfbdb0cb05ee26cd7d550,2026-09-03T17:10:00Z,,,2.5,2.5,2.5,1,100.0,0.0,-125.0,-120.0,,
MLB,angel genao,Angel Genao,home_runs,3ffba29c7cccfbdb0cb05ee26cd7d550,2026-09-03T17:10:00Z,,,0.5,0.5,0.5,3,100.0,0.0,2220.0,-17330.0,,
MLB,angel genao,Angel Genao,rbis,3ffba29c7cccfbdb0cb05ee26cd7d550,2026-09-03T17:10:00Z,,,1.5,0.5,1.5,3,66.7,0.471,345.0,-446.5,,
MLB,angel genao,Angel Genao,runs,3ffba29c7cccfbdb0cb05ee26cd7d550,2026-09-03T17:10:00Z,,,0.5,0.5,0.5,3,100.0,0.0,305.0,-520.0,,
MLB,angel genao,Angel Genao,singles,3ffba29c7cccfbdb0cb05ee26cd7d550,2026-09-03T17:10:00Z,,,1.5,1.5,1.5,1,100.0,0.0,145.0,-215.0,0.5,-1.0
MLB,angel genao,Angel Genao,stolen_bases,3ffba29c7cccfbdb0cb05ee26cd7d550,2026-09-03T17:10:00Z,,,0.5,0.5,0.5,2,100.0,0.0,1200.0,-4550.0,,
MLB,angel genao,Angel Genao,total_bases,3ffba29c7cccfbdb0cb05ee26cd7d550,2026-09-03T17:10:00Z,,,1.5,1.5,1.5,3,100.0,0.0,109.0,-160.0,,
MLB,angel genao,Angel Genao,triples,3ffba29c7cccfbdb0cb05ee26cd7d550,2026-09-03T17:10:00Z,,,0.5,0.5,0.5,1,100.0,0.0,1800.0,-15000.0,,
MLB,angel genao,Angel Genao,walks,3ffba29c7cccfbdb0cb05ee26cd7d550,2026-09-03T17:10:00Z,,,0.5,0.5,0.5,1,100.0,0.0,360.0,-655.0,,
MLB,austin hedges,Austin Hedges,doubles,3ffba29c7cccfbdb0cb05ee26cd7d550,2026-09-03T17:10:00Z,,,0.5,0.5,0.5,3,100.0,0.0,650.0,-1300.0,,
MLB,austin hedges,Austin Hedges,hits,3ffba29c7cccfbdb0cb05ee26cd7d550,2026-09-03T17:10:00Z,,,0.5,0.5,0.5,4,100.0,0.0,5.0,-135.0,0.5,0.0
MLB,austin hedges,Austin Hedges,hits_runs_rbis,3ffba29c7cccfbdb0cb05ee26cd7d550,2026-09-03T17:10:00Z,,,0.5,0.5,0.5,2,100.0,0.0,-132.5,-12.5,,
MLB,austin hedges,Austin Hedges,home_runs,3ffba29c7cccfbdb0cb05ee26cd7d550,2026-09-03T17:10:00Z,,,0.5,0.5,0.5,4,100.0,0.0,1420.0,-3000.0,,
MLB,austin hedges,Austin Hedges,rbis,3ffba29c7cccfbdb0cb05ee26cd7d550,2026-09-03T17:10:00Z,,,0.5,0.5,0.5,4,100.0,0.0,392.5,-737.5,,
MLB,austin hedges,Austin Hedges,runs,3ffba29c7cccfbdb0cb05ee26cd7d550,2026-09-03T17:10:00Z,,,0.5,0.5,0.5,3,100.0,0.0,450.0,-410.0,,
MLB,austin hedges,Austin Hedges,singles,3ffba29c7cccfbdb0cb05ee26cd7d550,2026-09-03T17:10:00Z,,,0.5,0.5,0.5,1,100.0,0.0,165.0,-255.0,,
MLB,austin hedges,Austin Hedges,total_bases,3ffba29c7cccfbdb0cb05ee26cd7d550,2026-09-03T17:10:00Z,,,0.5,0.5,1.5,3,66.7,0.471,115.0,-170.0,0.5,0.0
MLB,austin hedges,Austin Hedges,walks,3ffba29c7cccfbdb0cb05ee26cd7d550,2026-09-03T17:10:00Z,,,1.5,1.5,1.5,1,100.0,0.0,310.0,-535.0,,
MLB,blade tidwell,Blade Tidwell,pitcher_strikeouts,4b25e965b62d7c19e2aa8fbfff667da3,2026-09-03T16:35:00Z,,,4.5,4.5,4.5,4,100.0,0.0,-1.0,-134.5,4.0,-0.5
MLB,blaze alexander,Blaze Alexander,doubles,87e824da83d83bcea518867ca5c3d75f,2026-09-03T23:15:00Z,,,0.5,0.5,0.5,5,100.0,0.0,360.0,-600.0,,
MLB,blaze alexander,Blaze Alexander,hits,87e824da83d83bcea518867ca5c3d75f,2026-09-03T23:15:00Z,,,0.5,0.5,1.5,6,83.3,0.373,-219.0,150.0,,
MLB,blaze alexander,Blaze Alexander,hits_runs_rbis,87e824da83d83bcea518867ca5c3d75f,2026-09-03T23:15:00Z,,,1.5,1.5,1.5,4,100.0,0.0,-116.5,-123.0,1.5,0.0
MLB,blaze alexander,Blaze Alexander,home_runs,87e824da83d83bcea518867ca5c3d75f,2026-09-03T23:15:00Z,,,0.5,0.5,0.5,4,100.0,0.0,900.0,-1800.0,,
MLB,blaze alexander,Blaze Alexander,pitcher_strikeouts,87e824da83d83bcea518867ca5c3d75f,2026-09-03T23:15:00Z,,,0.5,0.5,0.5,2,100.0,0.0,-217.5,165.0,,
MLB,blaze alexander,Blaze Alexander,rbis,87e824da83d83bcea518867ca5c3d75f,2026-09-03T23:15:00Z,,,0.5,0.5,0.5,7,100.0,0.0,250.0,-367.5,,
MLB,blaze alexander,Blaze Alexander,runs,87e824da83d83bcea518867ca5c3d75f,2026-09-03T23:15:00Z,,,0.5,0.5,0.5,4,100.0,0.0,122.5,-184.0,,
MLB,blaze alexander,Blaze Alexander,singles,87e824da83d83bcea518867ca5c3d75f,2026-09-03T23:15:00Z,,,0.5,0.5,0.5,3,100.0,0.0,-130.0,-103.0,0.5,0.0
MLB,blaze alexander,Blaze Alexander,stolen_bases,87e824da83d83bcea518867ca5c3d75f,2026-09-03T23:15:00Z,,,0.5,0.5,0.5,7,100.0,0.0,800.0,-1840.0,,
MLB,blaze alexander,Blaze Alexander,total_bases,87e824da83d83bcea518867ca5c3d75f,2026-09-03T23:15:00Z,,,1.5,1.5,1.5,7,100.0,0.0,136.0,-192.0,,
MLB,blaze alexander,Blaze Alexander,triples,87e824da83d83bcea518867ca5c3d75f,2026-09-03T23:15:00Z,,,0.5,0.5,0.5,3,100.0,0.0,2600.0,,,
MLB,blaze alexander,Blaze Alexander,walks,87e824da83d83bcea518867ca5c3d75f,2026-09-03T23:15:00Z,,,0.5,0.5,0.5,2,100.0,0.0,299.0,-514.5,,
MLB,blaze alexander runs,Blaze Alexander - Runs,runs,87e824da83d83bcea518867ca5c3d75f,2026-09-03T23:15:00Z,,,0.5,0.5,0.5,1,100.0,0.0,115.0,-155.0,,
MLB,bobby witt,Bobby Witt,hits,18307ff6045b1448e7ad3a1f2d836c6a,2026-09-03T23:40:00Z,,,0.5,0.5,0.5,1,100.0,0.0,-335.0,215.0,,
MLB,bobby witt,Bobby Witt,rbis,18307ff6045b1448e7ad3a1f2d836c6a,2026-09-03T23:40:00Z,,,0.5,0.5,0.5,1,100.0,0.0,133.0,-186.0,,
MLB,bobby witt,Bobby Witt,total_bases,18307ff6045b1448e7ad3a1f2d836c6a,2026-09-03T23:40:00Z,,,1.5,1.5,1.5,1,100.0,0.0,100.0,-139.0,,
MLB,bobby witt jr,Bobby Witt Jr.,hits,18307ff6045b1448e7ad3a1f2d836c6a,2026-09-03T23:40:00Z,,,1.5,1.5,1.5,1,100.0,0.0,182.0,,,
MLB,bobby witt jr,Bobby Witt Jr.,hits_runs_rbis,18307ff6045b1448e7ad3a1f2d836c6a,2026-09-03T23:40:00Z,,,1.5,1.5,1.5,1,100.0,0.0,-153.0,130.0,,
MLB,bobby witt jr,Bobby Witt Jr.,home_runs,18307ff6045b1448e7ad3a1f2d836c6a,2026-09-03T23:40:00Z,,,0.5,0.5,0.5,1,100.0,0.0,401.0,-670.0,,
MLB,bobby witt jr,Bobby Witt Jr.,rbis,18307ff6045b1448e7ad3a1f2d836c6a,2026-09-03T23:40:00Z,,,1.5,1.5,1.5,1,100.0,0.0,506.0,,,
MLB,bobby witt jr,Bobby Witt Jr.,runs,18307ff6045b1448e7ad3a1f2d836c6a,2026-09-03T23:40:00Z,,,0.5,0.5,0.5,1,100.0,0.0,-115.0,113.0,0.5,0.0
MLB,bobby witt jr,Bobby Witt Jr.,total_bases,18307ff6045b1448e7ad3a1f2d836c6a,2026-09-03T23:40:00Z,,,2.5,2.5,2.5,1,100.0,0.0,194.0,,1.5,-1.0
MLB,braden montgomery,Braden Montgomery,doubles,4531806102eb01c9886a2ceb2b16b0b9,2026-09-03T18:10:00Z,,,0.5,0.5,0.5,2,100.0,0.0,500.0,-800.0,,
MLB,braden montgomery,Braden Montgomery,hits,4531806102eb01c9886a2ceb2b16b0b9,2026-09-03T18:10:00Z,,,0.5,0.5,0.5,3,100.0,0.0,-205.0,137.5,,
MLB,braden montgomery,Braden Montgomery,hits_runs_rbis,4531806102eb01c9886a2ceb2b16b0b9,2026-09-03T18:10:00Z,,,1.5,1.5,1.5,1,100.0,0.0,115.0,-170.0,,
MLB,braden montgomery,Braden Montgomery,home_runs,4531806102eb01c9886a2ceb2b16b0b9,2026-09-03T18:10:00Z,,,0.5,0.5,0.5,3,100.0,0.0,1000.0,-2500.0,,
MLB,braden montgomery,Braden Montgomery,rbis,4531806102eb01c9886a2ceb2b16b0b9,2026-09-03T18:10:00Z,,,0.5,0.5,0.5,2,100.0,0.0,197.5,-307.5,,
MLB,braden montgomery,Braden Montgomery,runs,4531806102eb01c9886a2ceb2b16b0b9,2026-09-03T18:10:00Z,,,0.5,0.5,0.5,1,100.0,0.0,160.0,-300.0,,
MLB,braden montgomery,Braden Montgomery,singles,4531806102eb01c9886a2ceb2b16b0b9,2026-09-03T18:10:00Z,,,0.5,0.5,0.5,1,100.0,0.0,100.0,-150.0,,
MLB,braden montgomery,Braden Montgomery,stolen_bases,4531806102eb01c9886a2ceb2b16b0b9,2026-09-03T18:10:00Z,,,0.5,0.5,0.5,1,100.0,0.0,900.0,-1800.0,,
MLB,braden montgomery,Braden Montgomery,total_bases,4531806102eb01c9886a2ceb2b16b0b9,2026-09-03T18:10:00Z,,,1.0,0.5,1.5,2,100.0,0.5,-3.5,-265.0,,
MLB,braden montgomery,Braden Montgomery,triples,4531806102eb01c9886a2ceb2b16b0b9,2026-09-03T18:10:00Z,,,0.5,0.5,0.5,1,100.0,0.0,2200.0,,,
MLB,brandon lowe,Brandon Lowe,doubles,4b25e965b62d7c19e2aa8fbfff667da3,2026-09-03T16:35:00Z,,,0.5,0.5,0.5,3,100.0,0.0,320.0,-500.0,,
MLB,brandon lowe,Brandon Lowe,hits,4b25e965b62d7c19e2aa8fbfff667da3,2026-09-03T16:35:00Z,,,0.5,0.5,0.5,2,100.0,0.0,-237.5,170.0,,
MLB,brandon lowe,Brandon Lowe,hits_runs_rbis,4b25e965b62d7c19e2aa8fbfff667da3,2026-09-03T16:35:00Z,,,1.5,1.5,1.5,1,100.0,0.0,-140.0,100.0,,
MLB,brandon lowe,Brandon Lowe,home_runs,4b25e965b62d7c19e2aa8fbfff667da3,2026-09-03T16:35:00Z,,,0.5,0.5,0.5,1,100.0,0.0,350.0,-525.0,,
MLB,brandon lowe,Brandon Lowe,rbis,4b25e965b62d7c19e2aa8fbfff667da3,2026-09-03T16:35:00Z,,,0.5,0.5,0.5,2,100.0,0.0,124.0,-172.0,,
MLB,brandon lowe,Brandon Lowe,runs,4b25e965b62d7c19e2aa8fbfff667da3,2026-09-03T16:35:00Z,,,0.5,0.5,0.5,2,100.0,0.0,-135.0,-230.0,0.5,0.0
MLB,brandon lowe,Brandon Lowe,stolen_bases,4b25e965b62d7c19e2aa8fbfff667da3,2026-09-03T16:35:00Z,,,0.5,0.5,0.5,1,100.0,0.0,1750.0,-20000.0,,
MLB,brandon lowe,Brandon Lowe,total_bases,4b25e965b62d7c19e2aa8fbfff667da3,2026-09-03T16:35:00Z,,,1.5,1.5,1.5,2,100.0,0.0,112.5,-152.0,,
MLB,brandon lowe,Brandon Lowe,triples,4b25e965b62d7c19e2aa8fbfff667da3,2026-09-03T16:35:00Z,,,0.5,0.5,0.5,1,100.0,0.0,4500.0,,,
MLB,brandon nimmo,Brandon Nimmo,hits,f64033ef76653cc57533ab4c515fa24b,2026-09-04T00:05:00Z,,,0.5,0.5,0.5,1,100.0,0.0,-215.0,150.0,,
MLB,brandon nimmo,Brandon Nimmo,home_runs,f64033ef76653cc57533ab4c515fa24b,2026-09-04T00:05:00Z,,,0.5,0.5,0.5,2,100.0,0.0,533.5,-1116.5,,
MLB,brandon nimmo,Brandon Nimmo,rbis,f64033ef76653cc57533ab4c515fa24b,2026-09-04T00:05:00Z,,,0.5,0.5,0.5,1,100.0,0.0,170.0,-240.0,,
MLB,brandon nimmo,Brandon Nimmo,total_bases,f64033ef76653cc57533ab4c515fa24b,2026-09-04T00:05:00Z,,,1.5,1.5,1.5,1,100.0,0.0,148.0,-205.0,,
MLB,brandon valenzuela,Brandon Valenzuela,doubles,3ffba29c7cccfbdb0cb05ee26cd7d550,2026-09-03T17:10:00Z,,,0.5,0.5,0.5,2,100.0,0.0,687.5,-1582.5,,
MLB,brandon valenzuela,Brandon Valenzuela,hits,3ffba29c7cccfbdb0cb05ee26cd7d550,2026-09-03T17:10:00Z,,,0.5,0.5,0.5,1,100.0,0.0,135.0,-200.0,0.5,0.0
MLB,brandon valenzuela,Brandon Valenzuela,hits_runs_rbis,3ffba29c7cccfbdb0cb05ee26cd7d550,2026-09-03T17:10:00Z,,,0.5,0.5,0.5,1,100.0,0.0,-105.0,-145.0,,
MLB,brandon valenzuela,Brandon Valenzuela,home_runs,3ffba29c7cccfbdb0cb05ee26cd7d550,2026-09-03T17:10:00Z,,,0.5,0.5,0.5,4,100.0,0.0,967.5,-2480.0,,
MLB,brandon valenzuela,Brandon Valenzuela,rbis,3ffba29c7cccfbdb0cb05ee26cd7d550,2026-09-03T17:10:00Z,,,0.5,0.5,0.5,2,100.0,0.0,417.5,-802.5,,
MLB,brandon valenzuela,Brandon Valenzuela,runs,3ffba29c7cccfbdb0cb05ee26cd7d550,2026-09-03T17:10:00Z,,,0.5,0.5,0.5,3,100.0,0.0,245.0,-380.0,,
MLB,brandon valenzuela,Brandon Valenzuela,singles,3ffba29c7cccfbdb0cb05ee26cd7d550,2026-09-03T17:10:00Z,,,0.5,0.5,0.5,1,100.0,0.0,230.0,-360.0,,
MLB,brandon valenzuela,Brandon Valenzuela,total_bases,3ffba29c7cccfbdb0cb05ee26cd7d550,2026-09-03T17:10:00Z,,,0.5,0.5,0.5,1,100.0,0.0,135.0,-200.0,,
MLB,brandon valenzuela,Brandon Valenzuela,walks,3ffba29c7cccfbdb0cb05ee26cd7d550,2026-09-03T17:10:00Z,,,0.5,0.5,0.5,1,100.0,0.0,310.0,-535.0,,
MLB,brandon young,Brandon Young,earned_runs,87e824da83d83bcea518867ca5c3d75f,2026-09-03T23:15:00Z,,,2.5,2.5,2.5,6,100.0,0.0,-103.5,-129.5,,
MLB,brandon young,Brandon Young,hits_allowed,87e824da83d83bcea518867ca5c3d75f,2026-09-03T23:15:00Z,,,5.5,5.5,5.5,7,100.0,0.0,-111.0,-128.0,5.5,0.0
MLB,brandon young,Brandon Young,pitcher_strikeouts,87e824da83d83bcea518867ca5c3d75f,2026-09-03T23:15:00Z,,,4.5,4.5,5.5,8,88.9,0.314,120.0,-160.0,4.0,-0.5
MLB,brandon young,Brandon Young,walks,87e824da83d83bcea518867ca5c3d75f,2026-09-03T23:15:00Z,,,1.5,1.5,1.5,1,100.0,0.0,-117.0,113.0,,
MLB,brandon young hits allowed,Brandon Young - Hits Allowed,hits_allowed,87e824da83d83bcea518867ca5c3d75f,2026-09-03T23:15:00Z,,,5.5,5.5,5.5,1,100.0,0.0,115.0,-155.0,,
MLB,brayan rocchio,Brayan Rocchio,doubles,3ffba29c7cccfbdb0cb05ee26cd7d550,2026-09-03T17:10:00Z,,,0.5,0.5,0.5,2,100.0,0.0,620.0,-1300.0,,
MLB,brayan rocchio,Brayan Rocchio,hits,3ffba29c7cccfbdb0cb05ee26cd7d550,2026-09-03T17:10:00Z,,,0.5,0.5,0.5,3,100.0,0.0,-148.0,110.0,,
MLB,brayan rocchio,Brayan Rocchio,hits_runs_rbis,3ffba29c7cccfbdb0cb05ee26cd7d550,2026-09-03T17:10:00Z,,,1.0,0.5,1.5,2,100.0,0.5,-25.0,-27.5,,
MLB,brayan rocchio,Brayan Rocchio,home_runs,3ffba29c7cccfbdb0cb05ee26cd7d550,2026-09-03T17:10:00Z,,,0.5,0.5,0.5,3,100.0,0.0,2220.0,-17580.0,,
MLB,brayan rocchio,Brayan Rocchio,rbis,3ffba29c7cccfbdb0cb05ee26cd7d550,2026-09-03T17:10:00Z,,,0.5,0.5,0.5,4,100.0,0.0,300.0,-350.0,,
MLB,brayan rocchio,Brayan Rocchio,runs,3ffba29c7cccfbdb0cb05ee26cd7d550,2026-09-03T17:10:00Z,,,0.5,0.5,0.5,3,100.0,0.0,320.0,-500.0,,
MLB,brayan rocchio,Brayan Rocchio,singles,3ffba29c7cccfbdb0cb05ee26cd7d550,2026-09-03T17:10:00Z,,,0.5,0.5,0.5,1,100.0,0.0,115.0,-175.0,,
MLB,brayan rocchio,Brayan Rocchio,stolen_bases,3ffba29c7cccfbdb0cb05ee26cd7d550,2026-09-03T17:10:00Z,,,0.5,0.5,0.5,1,100.0,0.0,1100.0,-3000.0,,
MLB,brayan rocchio,Brayan Rocchio,total_bases,3ffba29c7cccfbdb0cb05ee26cd7d550,2026-09-03T17:10:00Z,,,0.5,0.5,0.5,3,100.0,0.0,-152.0,108.0,,
MLB,brayan rocchio,Brayan Rocchio,walks,3ffba29c7cccfbdb0cb05ee26cd7d550,2026-09-03T17:10:00Z,,,0.5,0.5,0.5,1,100.0,0.0,345.0,-610.0,,
MLB,brett bateman,Brett Bateman,hits,3ffba29c7cccfbdb0cb05ee26cd7d550,2026-09-03T17:10:00Z,,,0.5,0.5,1.5,3,66.7,0.471,-190.0,-11.0,,
MLB,brett bateman,Brett Bateman,hits_runs_rbis,3ffba29c7cccfbdb0cb05ee26cd7d550,2026-09-03T17:10:00Z,,,1.5,1.5,1.5,1,100.0,0.0,-125.0,-120.0,1.5,0.0
MLB,brett bateman,Brett Bateman,home_runs,3ffba29c7cccfbdb0cb05ee26cd7d550,2026-09-03T17:10:00Z,,,0.5,0.5,0.5,4,100.0,0.0,1125.0,-1600.0,,
MLB,brett bateman,Brett Bateman,rbis,3ffba29c7cccfbdb0cb05ee26cd7d550,2026-09-03T17:10:00Z,,,0.5,0.5,0.5,4,100.0,0.0,285.0,-400.0,,
MLB,brett bateman,Brett Bateman,runs,3ffba29c7cccfbdb0cb05ee26cd7d550,2026-09-03T17:10:00Z,,,0.5,0.5,0.5,4,100.0,0.0,225.0,-342.5,,
MLB,brett bateman,Brett Bateman,singles,3ffba29c7cccfbdb0cb05ee26cd7d550,2026-09-03T17:10:00Z,,,1.0,0.5,1.5,2,100.0,0.5,7.5,-67.5,,
MLB,brett bateman,Brett Bateman,total_bases,3ffba29c7cccfbdb0cb05ee26cd7d550,2026-09-03T17:10:00Z,,,1.5,1.5,2.5,4,75.0,0.433,151.0,-207.5,,
MLB,brett bateman,Brett Bateman,walks,3ffba29c7cccfbdb0cb05ee26cd7d550,2026-09-03T17:10:00Z,,,0.5,0.5,0.5,1,100.0,0.0,275.0,-455.0,,
MLB,brice turang,Brice Turang,doubles,919bdbd90145290fd9a5266e0fed035b,2026-09-03T23:15:00Z,,,0.5,0.5,0.5,3,100.0,0.0,375.0,-647.5,,
MLB,brice turang,Brice Turang,hits,919bdbd90145290fd9a5266e0fed035b,2026-09-03T23:15:00Z,,,0.5,0.5,0.5,3,100.0,0.0,-230.0,163.0,,
MLB,brice turang,Brice Turang,hits_runs_rbis,919bdbd90145290fd9a5266e0fed035b,2026-09-03T23:15:00Z,,,1.5,1.5,1.5,5,100.0,0.0,-120.0,-114.0,1.5,0.0
MLB,brice turang,Brice Turang,home_runs,919bdbd90145290fd9a5266e0fed035b,2026-09-03T23:15:00Z,,,0.5,0.5,0.5,6,100.0,0.0,665.0,-1150.0,,
MLB,brice turang,Brice Turang,rbis,919bdbd90145290fd9a5266e0fed035b,2026-09-03T23:15:00Z,,,0.5,0.5,0.5,5,100.0,0.0,190.0,-267.5,,
MLB,brice turang,Brice Turang,runs,919bdbd90145290fd9a5266e0fed035b,2026-09-03T23:15:00Z,,,0.5,0.5,0.5,6,100.0,0.0,102.0,-140.0,,
MLB,brice turang,Brice Turang,singles,919bdbd90145290fd9a5266e0fed035b,2026-09-03T23:15:00Z,,,0.5,0.5,0.5,3,100.0,0.0,-115.0,-122.0,0.5,0.0
MLB,brice turang,Brice Turang,stolen_bases,919bdbd90145290fd9a5266e0fed035b,2026-09-03T23:15:00Z,,,0.5,0.5,0.5,7,100.0,0.0,340.0,-567.0,,
MLB,brice turang,Brice Turang,total_bases,919bdbd90145290fd9a5266e0fed035b,2026-09-03T23:15:00Z,,,1.5,1.5,1.5,7,100.0,0.0,147.0,-180.0,,
MLB,brice turang,Brice Turang,triples,919bdbd90145290fd9a5266e0fed035b,2026-09-03T23:15:00Z,,,0.5,0.5,0.5,2,100.0,0.0,1450.0,,,
MLB,brice turang,Brice Turang,walks,919bdbd90145290fd9a5266e0fed035b,2026-09-03T23:15:00Z,,,0.5,0.5,0.5,3,100.0,0.0,120.0,-173.0,,
MLB,brock rodden,Brock Rodden,home_runs,0bbf9d80b06a1e1868b6224c751b8a2e,2026-09-04T01:40:00Z,,,0.5,0.5,0.5,1,100.0,0.0,760.0,-2050.0,,
MLB,bryan reynolds,Bryan Reynolds,doubles,4b25e965b62d7c19e2aa8fbfff667da3,2026-09-03T16:35:00Z,,,0.5,0.5,0.5,3,100.0,0.0,320.0,-475.0,,
MLB,bryan reynolds,Bryan Reynolds,hits,4b25e965b62d7c19e2aa8fbfff667da3,2026-09-03T16:35:00Z,,,0.5,0.5,0.5,3,100.0,0.0,-245.0,187.5,,
MLB,bryan reynolds,Bryan Reynolds,hits_runs_rbis,4b25e965b62d7c19e2aa8fbfff667da3,2026-09-03T16:35:00Z,,,1.5,1.5,1.5,1,100.0,0.0,-140.0,100.0,,
MLB,bryan reynolds,Bryan Reynolds,home_runs,4b25e965b62d7c19e2aa8fbfff667da3,2026-09-03T16:35:00Z,,,0.5,0.5,0.5,1,100.0,0.0,650.0,-800.0,,
MLB,bryan reynolds,Bryan Reynolds,rbis,4b25e965b62d7c19e2aa8fbfff667da3,2026-09-03T16:35:00Z,,,0.5,0.5,0.5,2,100.0,0.0,151.5,-215.0,,
MLB,bryan reynolds,Bryan Reynolds,runs,4b25e965b62d7c19e2aa8fbfff667da3,2026-09-03T16:35:00Z,,,0.5,0.5,0.5,1,100.0,0.0,105.0,-130.0,,
MLB,bryan reynolds,Bryan Reynolds,stolen_bases,4b25e965b62d7c19e2aa8fbfff667da3,2026-09-03T16:35:00Z,,,0.5,0.5,0.5,1,100.0,0.0,1500.0,-9000.0,,
MLB,bryan reynolds,Bryan Reynolds,total_bases,4b25e965b62d7c19e2aa8fbfff667da3,2026-09-03T16:35:00Z,,,1.5,1.5,1.5,2,100.0,0.0,124.0,-172.5,,
MLB,bryan reynolds,Bryan Reynolds,triples,4b25e965b62d7c19e2aa8fbfff667da3,2026-09-03T16:35:00Z,,,0.5,0.5,0.5,2,100.0,0.0,2300.0,,,
MLB,bryce eldridge,Bryce Eldridge,doubles,4b25e965b62d7c19e2aa8fbfff667da3,2026-09-03T16:35:00Z,,,0.5,0.5,0.5,1,100.0,0.0,350.0,-575.0,,
MLB,bryce eldridge,Bryce Eldridge,hits,4b25e965b62d7c19e2aa8fbfff667da3,2026-09-03T16:35:00Z,,,0.5,0.5,0.5,2,100.0,0.0,27.5,165.0,,
MLB,bryce eldridge,Bryce Eldridge,home_runs,4b25e965b62d7c19e2aa8fbfff667da3,2026-09-03T16:35:00Z,,,0.5,0.5,0.5,2,100.0,0.0,512.5,-930.0,,
MLB,bryce eldridge,Bryce Eldridge,rbis,4b25e965b62d7c19e2aa8fbfff667da3,2026-09-03T16:35:00Z,,,0.5,0.5,0.5,1,100.0,0.0,148.0,-205.0,,
MLB,bryce eldridge,Bryce Eldridge,runs,4b25e965b62d7c19e2aa8fbfff667da3,2026-09-03T16:35:00Z,,,0.5,0.5,0.5,2,100.0,0.0,112.5,-350.0,,
MLB,bryce eldridge,Bryce Eldridge,total_bases,4b25e965b62d7c19e2aa8fbfff667da3,2026-09-03T16:35:00Z,,,1.5,1.5,1.5,1,100.0,0.0,133.0,-186.0,,
MLB,cal quantrill,Cal Quantrill,earned_runs,f64033ef76653cc57533ab4c515fa24b,2026-09-04T00:05:00Z,,,2.5,2.5,2.5,1,100.0,0.0,115.0,-153.0,,
MLB,cal quantrill,Cal Quantrill,hits_allowed,f64033ef76653cc57533ab4c515fa24b,2026-09-04T00:05:00Z,,,4.5,4.5,4.5,1,100.0,0.0,-146.0,110.0,,
MLB,cal quantrill,Cal Quantrill,pitcher_strikeouts,f64033ef76653cc57533ab4c515fa24b,2026-09-04T00:05:00Z,,,3.5,3.5,3.5,3,100.0,0.0,110.0,-159.0,,
MLB,cal raleigh,Cal Raleigh,home_runs,0bbf9d80b06a1e1868b6224c751b8a2e,2026-09-04T01:40:00Z,,,0.5,0.5,0.5,1,100.0,0.0,290.0,-436.0,,
MLB,caleb durbin,Caleb Durbin,doubles,87e824da83d83bcea518867ca5c3d75f,2026-09-03T23:15:00Z,,,0.5,0.5,0.5,5,100.0,0.0,475.0,-800.0,,
MLB,caleb durbin,Caleb Durbin,hits,87e824da83d83bcea518867ca5c3d75f,2026-09-03T23:15:00Z,,,0.5,0.5,1.5,5,80.0,0.4,-200.0,150.0,,
MLB,caleb durbin,Caleb Durbin,hits_runs_rbis,87e824da83d83bcea518867ca5c3d75f,2026-09-03T23:15:00Z,,,1.5,1.5,1.5,4,100.0,0.0,-2.5,-130.0,1.5,0.0
MLB,caleb durbin,Caleb Durbin,home_runs,87e824da83d83bcea518867ca5c3d75f,2026-09-03T23:15:00Z,,,0.5,0.5,0.5,3,100.0,0.0,930.0,-3332.5,,
MLB,caleb durbin,Caleb Durbin,pitcher_strikeouts,87e824da83d83bcea518867ca5c3d75f,2026-09-03T23:15:00Z,,,0.5,0.5,0.5,1,100.0,0.0,100.0,,,
MLB,caleb durbin,Caleb Durbin,rbis,87e824da83d83bcea518867ca5c3d75f,2026-09-03T23:15:00Z,,,0.5,0.5,0.5,7,100.0,0.0,200.0,-319.0,,
MLB,caleb durbin,Caleb Durbin,runs,87e824da83d83bcea518867ca5c3d75f,2026-09-03T23:15:00Z,,,0.5,0.5,0.5,5,100.0,0.0,149.0,-210.0,,
MLB,caleb durbin,Caleb Durbin,singles,87e824da83d83bcea518867ca5c3d75f,2026-09-03T23:15:00Z,,,0.5,0.5,0.5,5,100.0,0.0,-142.0,-107.0,,
MLB,caleb durbin,Caleb Durbin,stolen_bases,87e824da83d83bcea518867ca5c3d75f,2026-09-03T23:15:00Z,,,0.5,0.5,0.5,8,100.0,0.0,700.0,-1750.0,,
MLB,caleb durbin,Caleb Durbin,total_bases,87e824da83d83bcea518867ca5c3d75f,2026-09-03T23:15:00Z,,,0.5,0.5,1.5,7,57.1,0.495,-175.0,130.0,,
MLB,caleb durbin,Caleb Durbin,triples,87e824da83d83bcea518867ca5c3d75f,2026-09-03T23:15:00Z,,,0.5,0.5,0.5,2,100.0,0.0,3250.0,,,
MLB,caleb durbin,Caleb Durbin,walks,87e824da83d83bcea518867ca5c3d75f,2026-09-03T23:15:00Z,,,0.5,0.5,0.5,3,100.0,0.0,285.0,-440.0,,
MLB,caleb durbin bos,Caleb Durbin (BOS),hits,87e824da83d83bcea518867ca5c3d75f,2026-09-03T23:15:00Z,,,1.5,1.5,1.5,1,100.0,0.0,,-130.0,,
MLB,caleb durbin runs,Caleb Durbin - Runs,runs,87e824da83d83bcea518867ca5c3d75f,2026-09-03T23:15:00Z,,,0.5,0.5,0.5,1,100.0,0.0,165.0,-220.0,,
MLB,cam smith,Cam Smith,doubles,4531806102eb01c9886a2ceb2b16b0b9,2026-09-03T18:10:00Z,,,0.5,0.5,0.5,1,100.0,0.0,575.0,-950.0,,
MLB,cam smith,Cam Smith,hits,4531806102eb01c9886a2ceb2b16b0b9,2026-09-03T18:10:00Z,,,0.5,0.5,0.5,1,100.0,0.0,-160.0,120.0,,
MLB,cam smith,Cam Smith,home_runs,4531806102eb01c9886a2ceb2b16b0b9,2026-09-03T18:10:00Z,,,0.5,0.5,0.5,2,100.0,0.0,600.0,-1035.0,,
MLB,cam smith,Cam Smith,rbis,4531806102eb01c9886a2ceb2b16b0b9,2026-09-03T18:10:00Z,,,0.5,0.5,0.5,1,100.0,0.0,220.0,-330.0,,
MLB,cam smith,Cam Smith,runs,4531806102eb01c9886a2ceb2b16b0b9,2026-09-03T18:10:00Z,,,0.5,0.5,0.5,1,100.0,0.0,140.0,-190.0,,
MLB,cam smith,Cam Smith,stolen_bases,4531806102eb01c9886a2ceb2b16b0b9,2026-09-03T18:10:00Z,,,0.5,0.5,0.5,1,100.0,0.0,1200.0,-4000.0,,
MLB,cam smith,Cam Smith,total_bases,4531806102eb01c9886a2ceb2b16b0b9,2026-09-03T18:10:00Z,,,0.5,0.5,0.5,1,100.0,0.0,-150.0,115.0,,
MLB,cam smith,Cam Smith,triples,4531806102eb01c9886a2ceb2b16b0b9,2026-09-03T18:10:00Z,,,0.5,0.5,0.5,1,100.0,0.0,1900.0,,,
MLB,carlos narv ez,Carlos Narváez,doubles,87e824da83d83bcea518867ca5c3d75f,2026-09-03T23:15:00Z,,,0.5,0.5,0.5,1,100.0,0.0,500.0,-1230.0,,
MLB,carlos narv ez,Carlos Narváez,hits,87e824da83d83bcea518867ca5c3d75f,2026-09-03T23:15:00Z,,,0.5,0.5,0.5,1,100.0,0.0,-115.0,-145.0,0.5,0.0
MLB,carlos narv ez,Carlos Narváez,hits_runs_rbis,87e824da83d83bcea518867ca5c3d75f,2026-09-03T23:15:00Z,,,0.5,0.5,0.5,2,100.0,0.0,-151.0,104.0,,
MLB,carlos narv ez,Carlos Narváez,home_runs,87e824da83d83bcea518867ca5c3d75f,2026-09-03T23:15:00Z,,,0.5,0.5,0.5,2,100.0,0.0,707.5,-2305.0,,
MLB,carlos narv ez,Carlos Narváez,rbis,87e824da83d83bcea518867ca5c3d75f,2026-09-03T23:15:00Z,,,0.5,0.5,0.5,2,100.0,0.0,255.0,-435.0,,
MLB,carlos narv ez,Carlos Narváez,runs,87e824da83d83bcea518867ca5c3d75f,2026-09-03T23:15:00Z,,,0.5,0.5,0.5,2,100.0,0.0,187.5,-300.0,,
MLB,carlos narv ez,Carlos Narváez,singles,87e824da83d83bcea518867ca5c3d75f,2026-09-03T23:15:00Z,,,0.5,0.5,0.5,2,100.0,0.0,165.0,-270.0,,
MLB,carlos narv ez,Carlos Narváez,total_bases,87e824da83d83bcea518867ca5c3d75f,2026-09-03T23:15:00Z,,,0.5,0.5,0.5,2,100.0,0.0,-110.5,-133.5,0.5,0.0
MLB,carlos narv ez,Carlos Narváez,walks,87e824da83d83bcea518867ca5c3d75f,2026-09-03T23:15:00Z,,,0.5,0.5,0.5,1,100.0,0.0,290.0,-580.0,,
MLB,carlos narvaez,Carlos Narvaez,doubles,87e824da83d83bcea518867ca5c3d75f,2026-09-03T23:15:00Z,,,0.5,0.5,0.5,2,100.0,0.0,562.5,-975.0,,
MLB,carlos narvaez,Carlos Narvaez,hits,87e824da83d83bcea518867ca5c3d75f,2026-09-03T23:15:00Z,,,0.5,0.5,0.5,6,100.0,0.0,-4.5,-120.0,,
MLB,carlos narvaez,Carlos Narvaez,hits_runs_rbis,87e824da83d83bcea518867ca5c3d75f,2026-09-03T23:15:00Z,,,0.5,0.5,1.5,4,75.0,0.433,-147.5,107.0,,
MLB,carlos narvaez,Carlos Narvaez,home_runs,87e824da83d83bcea518867ca5c3d75f,2026-09-03T23:15:00Z,,,0.5,0.5,0.5,2,100.0,0.0,826.0,-1288.0,,
MLB,carlos narvaez,Carlos Narvaez,pitcher_strikeouts,87e824da83d83bcea518867ca5c3d75f,2026-09-03T23:15:00Z,,,0.5,0.5,0.5,1,100.0,0.0,-160.0,,,
MLB,carlos narvaez,Carlos Narvaez,rbis,87e824da83d83bcea518867ca5c3d75f,2026-09-03T23:15:00Z,,,0.5,0.5,0.5,4,100.0,0.0,272.5,-420.0,,
MLB,carlos narvaez,Carlos Narvaez,runs,87e824da83d83bcea518867ca5c3d75f,2026-09-03T23:15:00Z,,,0.5,0.5,0.5,3,100.0,0.0,187.0,-260.0,,
MLB,carlos narvaez,Carlos Narvaez,singles,87e824da83d83bcea518867ca5c3d75f,2026-09-03T23:15:00Z,,,0.5,0.5,0.5,3,100.0,0.0,150.0,-204.5,,
MLB,carlos narvaez,Carlos Narvaez,total_bases,87e824da83d83bcea518867ca5c3d75f,2026-09-03T23:15:00Z,,,0.5,0.5,1.5,4,75.0,0.433,3.5,-125.0,,
MLB,carlos narvaez,Carlos Narvaez,triples,87e824da83d83bcea518867ca5c3d75f,2026-09-03T23:15:00Z,,,0.5,0.5,0.5,1,100.0,0.0,2000.0,,,
MLB,carlos narvaez,Carlos Narvaez,walks,87e824da83d83bcea518867ca5c3d75f,2026-09-03T23:15:00Z,,,0.5,0.5,0.5,2,100.0,0.0,317.0,-487.5,,
MLB,carlos narvaez runs,Carlos Narvaez - Runs,runs,87e824da83d83bcea518867ca5c3d75f,2026-09-03T23:15:00Z,,,0.5,0.5,0.5,1,100.0,0.0,210.0,-295.0,,
MLB,carson kelly,Carson Kelly,doubles,919bdbd90145290fd9a5266e0fed035b,2026-09-03T23:15:00Z,,,0.5,0.5,0.5,3,100.0,0.0,525.0,-1120.0,,
MLB,carson kelly,Carson Kelly,hits,919bdbd90145290fd9a5266e0fed035b,2026-09-03T23:15:00Z,,,0.5,0.5,0.5,6,100.0,0.0,-123.5,-107.5,,
MLB,carson kelly,Carson Kelly,hits_runs_rbis,919bdbd90145290fd9a5266e0fed035b,2026-09-03T23:15:00Z,,,0.5,0.5,0.5,5,100.0,0.0,-173.0,125.0,,
MLB,carson kelly,Carson Kelly,home_runs,919bdbd90145290fd9a5266e0fed035b,2026-09-03T23:15:00Z,,,0.5,0.5,0.5,7,100.0,0.0,725.0,-1664.5,,
MLB,carson kelly,Carson Kelly,rbis,919bdbd90145290fd9a5266e0fed035b,2026-09-03T23:15:00Z,,,0.5,0.5,0.5,6,100.0,0.0,245.0,-387.5,,
MLB,carson kelly,Carson Kelly,runs,919bdbd90145290fd9a5266e0fed035b,2026-09-03T23:15:00Z,,,0.5,0.5,0.5,5,100.0,0.0,164.0,-240.0,,
MLB,carson kelly,Carson Kelly,singles,919bdbd90145290fd9a5266e0fed035b,2026-09-03T23:15:00Z,,,0.5,0.5,0.5,2,100.0,0.0,126.0,-189.0,,
MLB,carson kelly,Carson Kelly,stolen_bases,919bdbd90145290fd9a5266e0fed035b,2026-09-03T23:15:00Z,,,0.5,0.5,0.5,1,100.0,0.0,900.0,,,
MLB,carson kelly,Carson Kelly,total_bases,919bdbd90145290fd9a5266e0fed035b,2026-09-03T23:15:00Z,,,0.5,0.5,1.5,6,83.3,0.373,-125.0,-112.5,0.5,0.0
MLB,carson kelly,Carson Kelly,walks,919bdbd90145290fd9a5266e0fed035b,2026-09-03T23:15:00Z,,,0.5,0.5,0.5,2,100.0,0.0,242.5,-345.0,,
MLB,carter jensen,Carter Jensen,hits,18307ff6045b1448e7ad3a1f2d836c6a,2026-09-03T23:40:00Z,,,1.0,0.5,1.5,2,100.0,0.5,35.0,-90.0,,
MLB,carter jensen,Carter Jensen,hits_runs_rbis,18307ff6045b1448e7ad3a1f2d836c6a,2026-09-03T23:40:00Z,,,1.5,1.5,1.5,1,100.0,0.0,-125.0,111.0,,
MLB,carter jensen,Carter Jensen,home_runs,18307ff6045b1448e7ad3a1f2d836c6a,2026-09-03T23:40:00Z,,,0.5,0.5,0.5,2,100.0,0.0,390.0,-531.0,,
MLB,carter jensen,Carter Jensen,rbis,18307ff6045b1448e7ad3a1f2d836c6a,2026-09-03T23:40:00Z,,,0.5,0.5,0.5,2,100.0,0.0,168.0,-205.0,,
MLB,carter jensen,Carter Jensen,runs,18307ff6045b1448e7ad3a1f2d836c6a,2026-09-03T23:40:00Z,,,0.5,0.5,0.5,1,100.0,0.0,-117.0,,0.5,0.0
MLB,carter jensen,Carter Jensen,stolen_bases,18307ff6045b1448e7ad3a1f2d836c6a,2026-09-03T23:40:00Z,,,0.5,0.5,0.5,1,100.0,0.0,1567.0,,,
MLB,carter jensen,Carter Jensen,total_bases,18307ff6045b1448e7ad3a1f2d836c6a,2026-09-03T23:40:00Z,,,1.5,1.5,1.5,1,100.0,0.0,133.0,-190.0,,
MLB,ceddanne rafaela,Ceddanne Rafaela,doubles,87e824da83d83bcea518867ca5c3d75f,2026-09-03T23:15:00Z,,,0.5,0.5,0.5,6,100.0,0.0,325.0,-537.5,,
MLB,ceddanne rafaela,Ceddanne Rafaela,hits,87e824da83d83bcea518867ca5c3d75f,2026-09-03T23:15:00Z,,,0.5,0.5,1.5,8,62.5,0.484,-242.5,-47.5,,
MLB,ceddanne rafaela,Ceddanne Rafaela,hits_runs_rbis,87e824da83d83bcea518867ca5c3d75f,2026-09-03T23:15:00Z,,,1.5,1.5,1.5,6,100.0,0.0,-129.0,-103.0,,
MLB,ceddanne rafaela,Ceddanne Rafaela,home_runs,87e824da83d83bcea518867ca5c3d75f,2026-09-03T23:15:00Z,,,0.5,0.5,0.5,5,100.0,0.0,650.0,-1290.0,,
MLB,ceddanne rafaela,Ceddanne Rafaela,pitcher_strikeouts,87e824da83d83bcea518867ca5c3d75f,2026-09-03T23:15:00Z,,,0.5,0.5,0.5,2,100.0,0.0,-205.0,155.0,,
MLB,ceddanne rafaela,Ceddanne Rafaela,rbis,87e824da83d83bcea518867ca5c3d75f,2026-09-03T23:15:00Z,,,0.5,0.5,0.5,6,100.0,0.0,162.0,-250.0,,
MLB,ceddanne rafaela,Ceddanne Rafaela,runs,87e824da83d83bcea518867ca5c3d75f,2026-09-03T23:15:00Z,,,0.5,0.5,0.5,6,100.0,0.0,121.0,-169.0,,
MLB,ceddanne rafaela,Ceddanne Rafaela,singles,87e824da83d83bcea518867ca5c3d75f,2026-09-03T23:15:00Z,,,0.5,0.5,0.5,5,100.0,0.0,-159.0,102.0,,
MLB,ceddanne rafaela,Ceddanne Rafaela,stolen_bases,87e824da83d83bcea518867ca5c3d75f,2026-09-03T23:15:00Z,,,0.5,0.5,0.5,6,100.0,0.0,647.5,-1400.0,,
MLB,ceddanne rafaela,Ceddanne Rafaela,total_bases,87e824da83d83bcea518867ca5c3d75f,2026-09-03T23:15:00Z,,,1.5,1.5,1.5,8,100.0,0.0,118.5,-158.0,,
MLB,ceddanne rafaela,Ceddanne Rafaela,triples,87e824da83d83bcea518867ca5c3d75f,2026-09-03T23:15:00Z,,,0.5,0.5,0.5,1,100.0,0.0,2700.0,,,
MLB,ceddanne rafaela runs,Ceddanne Rafaela - Runs,runs,87e824da83d83bcea518867ca5c3d75f,2026-09-03T23:15:00Z,,,0.5,0.5,0.5,1,100.0,0.0,130.0,-175.0,,
MLB,cedric mullins,Cedric Mullins,hits,f64033ef76653cc57533ab4c515fa24b,2026-09-04T00:05:00Z,,,0.5,0.5,0.5,1,100.0,0.0,-148.0,108.0,,
MLB,cedric mullins,Cedric Mullins,home_runs,f64033ef76653cc57533ab4c515fa24b,2026-09-04T00:05:00Z,,,0.5,0.5,0.5,1,100.0,0.0,555.0,-1106.0,,
MLB,cedric mullins,Cedric Mullins,rbis,f64033ef76653cc57533ab4c515fa24b,2026-09-04T00:05:00Z,,,0.5,0.5,0.5,1,100.0,0.0,170.0,-240.0,,
MLB,cedric mullins,Cedric Mullins,total_bases,f64033ef76653cc57533ab4c515fa24b,2026-09-04T00:05:00Z,,,1.5,1.5,1.5,1,100.0,0.0,190.0,-278.0,,
MLB,chandler simpson,Chandler Simpson,hits,f64033ef76653cc57533ab4c515fa24b,2026-09-04T00:05:00Z,,,0.5,0.5,0.5,1,100.0,0.0,-265.0,180.0,,
MLB,chandler simpson,Chandler Simpson,rbis,f64033ef76653cc57533ab4c515fa24b,2026-09-04T00:05:00Z,,,0.5,0.5,0.5,1,100.0,0.0,180.0,-265.0,,
MLB,chandler simpson,Chandler Simpson,total_bases,f64033ef76653cc57533ab4c515fa24b,2026-09-04T00:05:00Z,,,1.5,1.5,1.5,1,100.0,0.0,165.0,-240.0,,
MLB,chase delauter,Chase DeLauter,doubles,3ffba29c7cccfbdb0cb05ee26cd7d550,2026-09-03T17:10:00Z,,,0.5,0.5,1.5,3,66.7,0.471,375.0,-550.0,,
MLB,chase delauter,Chase DeLauter,hits,3ffba29c7cccfbdb0cb05ee26cd7d550,2026-09-03T17:10:00Z,,,1.0,0.5,1.5,2,100.0,0.5,-175.0,17.5,,
MLB,chase delauter,Chase DeLauter,hits_runs_rbis,3ffba29c7cccfbdb0cb05ee26cd7d550,2026-09-03T17:10:00Z,,,1.5,1.5,1.5,1,100.0,0.0,-170.0,115.0,,
MLB,chase delauter,Chase DeLauter,home_runs,3ffba29c7cccfbdb0cb05ee26cd7d550,2026-09-03T17:10:00Z,,,0.5,0.5,0.5,4,100.0,0.0,880.0,-2252.5,,
MLB,chase delauter,Chase DeLauter,rbis,3ffba29c7cccfbdb0cb05ee26cd7d550,2026-09-03T17:10:00Z,,,0.5,0.5,0.5,3,100.0,0.0,240.0,-385.0,,
MLB,chase delauter,Chase DeLauter,runs,3ffba29c7cccfbdb0cb05ee26cd7d550,2026-09-03T17:10:00Z,,,0.5,0.5,0.5,3,100.0,0.0,305.0,-480.0,,
MLB,chase delauter,Chase DeLauter,singles,3ffba29c7cccfbdb0cb05ee26cd7d550,2026-09-03T17:10:00Z,,,0.5,0.5,0.5,1,100.0,0.0,140.0,-210.0,,
MLB,chase delauter,Chase DeLauter,stolen_bases,3ffba29c7cccfbdb0cb05ee26cd7d550,2026-09-03T17:10:00Z,,,0.5,0.5,0.5,2,100.0,0.0,1250.0,-4800.0,,
MLB,chase delauter,Chase DeLauter,total_bases,3ffba29c7cccfbdb0cb05ee26cd7d550,2026-09-03T17:10:00Z,,,2.5,1.5,2.5,3,66.7,0.471,138.0,-190.0,,
MLB,chase delauter,Chase DeLauter,walks,3ffba29c7cccfbdb0cb05ee26cd7d550,2026-09-03T17:10:00Z,,,0.5,0.5,0.5,1,100.0,0.0,230.0,-365.0,,
MLB,chase meidroth,Chase Meidroth,doubles,4531806102eb01c9886a2ceb2b16b0b9,2026-09-03T18:10:00Z,,,0.5,0.5,0.5,1,100.0,0.0,600.0,-1000.0,,
MLB,chase meidroth,Chase Meidroth,hits,4531806102eb01c9886a2ceb2b16b0b9,2026-09-03T18:10:00Z,,,0.5,0.5,0.5,3,100.0,0.0,-167.0,123.0,,
MLB,chase meidroth,Chase Meidroth,hits_runs_rbis,4531806102eb01c9886a2ceb2b16b0b9,2026-09-03T18:10:00Z,,,1.5,1.5,1.5,1,100.0,0.0,130.0,-185.0,,
MLB,chase meidroth,Chase Meidroth,home_runs,4531806102eb01c9886a2ceb2b16b0b9,2026-09-03T18:10:00Z,,,0.5,0.5,0.5,3,100.0,0.0,1400.0,-4000.0,,
MLB,chase meidroth,Chase Meidroth,rbis,4531806102eb01c9886a2ceb2b16b0b9,2026-09-03T18:10:00Z,,,0.5,0.5,0.5,3,100.0,0.0,230.0,-350.0,,
MLB,chase meidroth,Chase Meidroth,runs,4531806102eb01c9886a2ceb2b16b0b9,2026-09-03T18:10:00Z,,,0.5,0.5,0.5,1,100.0,0.0,220.0,-325.0,,
MLB,chase meidroth,Chase Meidroth,singles,4531806102eb01c9886a2ceb2b16b0b9,2026-09-03T18:10:00Z,,,0.5,0.5,0.5,1,100.0,0.0,-112.0,-132.0,0.5,0.0
MLB,chase meidroth,Chase Meidroth,stolen_bases,4531806102eb01c9886a2ceb2b16b0b9,2026-09-03T18:10:00Z,,,0.5,0.5,0.5,1,100.0,0.0,1600.0,-9000.0,,
MLB,chase meidroth,Chase Meidroth,total_bases,4531806102eb01c9886a2ceb2b16b0b9,2026-09-03T18:10:00Z,,,0.5,0.5,0.5,3,100.0,0.0,-167.0,129.0,,
MLB,christian encarnacion strand,Christian Encarnacion-Strand,doubles,87e824da83d83bcea518867ca5c3d75f,2026-09-03T23:15:00Z,,,0.5,0.5,0.5,5,100.0,0.0,450.0,-760.0,,
MLB,christian encarnacion strand,Christian Encarnacion-Strand,hits,87e824da83d83bcea518867ca5c3d75f,2026-09-03T23:15:00Z,,,0.5,0.5,0.5,6,100.0,0.0,-193.0,150.0,,
MLB,christian encarnacion strand,Christian Encarnacion-Strand,hits_runs_rbis,87e824da83d83bcea518867ca5c3d75f,2026-09-03T23:15:00Z,,,1.5,1.5,1.5,3,100.0,0.0,100.0,-140.0,,
MLB,christian encarnacion strand,Christian Encarnacion-Strand,home_runs,87e824da83d83bcea518867ca5c3d75f,2026-09-03T23:15:00Z,,,0.5,0.5,0.5,6,100.0,0.0,395.5,-660.0,,
MLB,christian encarnacion strand,Christian Encarnacion-Strand,pitcher_strikeouts,87e824da83d83bcea518867ca5c3d75f,2026-09-03T23:15:00Z,,,0.5,0.5,0.5,1,100.0,0.0,-225.0,,,
MLB,christian encarnacion strand,Christian Encarnacion-Strand,rbis,87e824da83d83bcea518867ca5c3d75f,2026-09-03T23:15:00Z,,,0.5,0.5,0.5,5,100.0,0.0,178.0,-245.0,,
MLB,christian encarnacion strand,Christian Encarnacion-Strand,runs,87e824da83d83bcea518867ca5c3d75f,2026-09-03T23:15:00Z,,,0.5,0.5,0.5,6,100.0,0.0,138.5,-194.0,,
MLB,christian encarnacion strand,Christian Encarnacion-Strand,singles,87e824da83d83bcea518867ca5c3d75f,2026-09-03T23:15:00Z,,,0.5,0.5,0.5,5,100.0,0.0,117.0,-163.0,,
MLB,christian encarnacion strand,Christian Encarnacion-Strand,total_bases,87e824da83d83bcea518867ca5c3d75f,2026-09-03T23:15:00Z,,,1.5,1.5,1.5,7,100.0,0.0,135.0,-192.5,,
MLB,christian encarnacion strand,Christian Encarnacion-Strand,triples,87e824da83d83bcea518867ca5c3d75f,2026-09-03T23:15:00Z,,,0.5,0.5,0.5,3,100.0,0.0,4000.0,,,
MLB,christian encarnacion strand bal,Christian Encarnacion-Strand (BAL),hits,87e824da83d83bcea518867ca5c3d75f,2026-09-03T23:15:00Z,,,1.5,1.5,1.5,1,100.0,0.0,105.0,-135.0,,
MLB,christian encarnacion strand runs,Christian Encarnacion-Strand - Runs,runs,87e824da83d83bcea518867ca5c3d75f,2026-09-03T23:15:00Z,,,0.5,0.5,0.5,1,100.0,0.0,140.0,-190.0,,
MLB,christian koss,Christian Koss,doubles,4b25e965b62d7c19e2aa8fbfff667da3,2026-09-03T16:35:00Z,,,0.5,0.5,0.5,1,100.0,0.0,475.0,-750.0,,
MLB,christian koss,Christian Koss,hits,4b25e965b62d7c19e2aa8fbfff667da3,2026-09-03T16:35:00Z,,,0.5,0.5,0.5,3,100.0,0.0,-140.0,0.5,,
MLB,christian koss,Christian Koss,home_runs,4b25e965b62d7c19e2aa8fbfff667da3,2026-09-03T16:35:00Z,,,0.5,0.5,0.5,1,100.0,0.0,1200.0,-2500.0,,
MLB,christian koss,Christian Koss,rbis,4b25e965b62d7c19e2aa8fbfff667da3,2026-09-03T16:35:00Z,,,0.5,0.5,0.5,1,100.0,0.0,225.0,-335.0,,
MLB,christian koss,Christian Koss,runs,4b25e965b62d7c19e2aa8fbfff667da3,2026-09-03T16:35:00Z,,,0.5,0.5,0.5,2,100.0,0.0,220.0,-475.0,,
MLB,christian koss,Christian Koss,singles,4b25e965b62d7c19e2aa8fbfff667da3,2026-09-03T16:35:00Z,,,0.5,0.5,0.5,1,100.0,0.0,-100.0,,,
MLB,christian koss,Christian Koss,stolen_bases,4b25e965b62d7c19e2aa8fbfff667da3,2026-09-03T16:35:00Z,,,0.5,0.5,0.5,1,100.0,0.0,1100.0,-3000.0,,
MLB,christian koss,Christian Koss,total_bases,4b25e965b62d7c19e2aa8fbfff667da3,2026-09-03T16:35:00Z,,,0.5,0.5,0.5,1,100.0,0.0,-130.0,-105.0,,
MLB,christian koss,Christian Koss,triples,4b25e965b62d7c19e2aa8fbfff667da3,2026-09-03T16:35:00Z,,,0.5,0.5,0.5,1,100.0,0.0,4000.0,,,
MLB,christian walker,Christian Walker,doubles,4531806102eb01c9886a2ceb2b16b0b9,2026-09-03T18:10:00Z,,,0.5,0.5,0.5,1,100.0,0.0,500.0,-800.0,,
MLB,christian walker,Christian Walker,hits,4531806102eb01c9886a2ceb2b16b0b9,2026-09-03T18:10:00Z,,,0.5,0.5,0.5,3,100.0,0.0,-167.0,125.0,,
MLB,christian walker,Christian Walker,hits_runs_rbis,4531806102eb01c9886a2ceb2b16b0b9,2026-09-03T18:10:00Z,,,1.5,1.5,1.5,2,100.0,0.0,105.5,-155.5,,
MLB,christian walker,Christian Walker,home_runs,4531806102eb01c9886a2ceb2b16b0b9,2026-09-03T18:10:00Z,,,0.5,0.5,0.5,2,100.0,0.0,440.0,-800.0,,
MLB,christian walker,Christian Walker,rbis,4531806102eb01c9886a2ceb2b16b0b9,2026-09-03T18:10:00Z,,,0.5,0.5,0.5,3,100.0,0.0,175.0,-255.0,,
MLB,christian walker,Christian Walker,runs,4531806102eb01c9886a2ceb2b16b0b9,2026-09-03T18:10:00Z,,,0.5,0.5,0.5,1,100.0,0.0,120.0,-185.0,,
MLB,christian walker,Christian Walker,singles,4531806102eb01c9886a2ceb2b16b0b9,2026-09-03T18:10:00Z,,,0.5,0.5,0.5,1,100.0,0.0,110.0,-176.0,,
MLB,christian walker,Christian Walker,total_bases,4531806102eb01c9886a2ceb2b16b0b9,2026-09-03T18:10:00Z,,,1.0,0.5,1.5,4,100.0,0.5,12.5,-213.0,,
MLB,christian yelich,Christian Yelich,doubles,919bdbd90145290fd9a5266e0fed035b,2026-09-03T23:15:00Z,,,0.5,0.5,0.5,3,100.0,0.0,425.0,-750.0,,
MLB,christian yelich,Christian Yelich,hits,919bdbd90145290fd9a5266e0fed035b,2026-09-03T23:15:00Z,,,0.5,0.5,0.5,5,100.0,0.0,-190.0,145.0,,
MLB,christian yelich,Christian Yelich,hits_runs_rbis,919bdbd90145290fd9a5266e0fed035b,2026-09-03T23:15:00Z,,,1.5,1.5,1.5,5,100.0,0.0,-105.0,-135.0,1.5,0.0
MLB,christian yelich,Christian Yelich,home_runs,919bdbd90145290fd9a5266e0fed035b,2026-09-03T23:15:00Z,,,0.5,0.5,0.5,4,100.0,0.0,754.0,-1719.0,,
MLB,christian yelich,Christian Yelich,pitcher_strikeouts,919bdbd90145290fd9a5266e0fed035b,2026-09-03T23:15:00Z,,,0.5,0.5,0.5,1,100.0,0.0,-270.0,195.0,,
MLB,christian yelich,Christian Yelich,rbis,919bdbd90145290fd9a5266e0fed035b,2026-09-03T23:15:00Z,,,0.5,0.5,0.5,7,100.0,0.0,196.0,-310.0,,
MLB,christian yelich,Christian Yelich,runs,919bdbd90145290fd9a5266e0fed035b,2026-09-03T23:15:00Z,,,0.5,0.5,0.5,6,100.0,0.0,131.5,-187.0,,
MLB,christian yelich,Christian Yelich,singles,919bdbd90145290fd9a5266e0fed035b,2026-09-03T23:15:00Z,,,0.5,0.5,0.5,3,100.0,0.0,-110.0,-124.0,0.5,0.0
MLB,christian yelich,Christian Yelich,stolen_bases,919bdbd90145290fd9a5266e0fed035b,2026-09-03T23:15:00Z,,,0.5,0.5,0.5,3,100.0,0.0,575.0,-950.0,,
MLB,christian yelich,Christian Yelich,total_bases,919bdbd90145290fd9a5266e0fed035b,2026-09-03T23:15:00Z,,,1.5,0.5,1.5,5,80.0,0.4,144.0,-216.0,,
MLB,christian yelich,Christian Yelich,triples,919bdbd90145290fd9a5266e0fed035b,2026-09-03T23:15:00Z,,,0.5,0.5,0.5,1,100.0,0.0,1900.0,-20000.0,,
MLB,christian yelich,Christian Yelich,walks,919bdbd90145290fd9a5266e0fed035b,2026-09-03T23:15:00Z,,,0.5,0.5,0.5,3,100.0,0.0,140.0,-209.0,,
MLB,coby mayo,Coby Mayo,doubles,87e824da83d83bcea518867ca5c3d75f,2026-09-03T23:15:00Z,,,0.5,0.5,0.5,4,100.0,0.0,437.5,-750.0,,
MLB,coby mayo,Coby Mayo,hits,87e824da83d83bcea518867ca5c3d75f,2026-09-03T23:15:00Z,,,0.5,0.5,0.5,5,100.0,0.0,-170.0,140.0,,
MLB,coby mayo,Coby Mayo,hits_runs_rbis,87e824da83d83bcea518867ca5c3d75f,2026-09-03T23:15:00Z,,,1.5,1.5,1.5,6,100.0,0.0,101.5,-137.5,,
MLB,coby mayo,Coby Mayo,home_runs,87e824da83d83bcea518867ca5c3d75f,2026-09-03T23:15:00Z,,,0.5,0.5,0.5,8,100.0,0.0,328.0,-480.5,,
MLB,coby mayo,Coby Mayo,pitcher_strikeouts,87e824da83d83bcea518867ca5c3d75f,2026-09-03T23:15:00Z,,,0.5,0.5,0.5,2,100.0,0.0,-262.5,185.0,,
MLB,coby mayo,Coby Mayo,rbis,87e824da83d83bcea518867ca5c3d75f,2026-09-03T23:15:00Z,,,0.5,0.5,0.5,6,100.0,0.0,158.0,-220.0,,
MLB,coby mayo,Coby Mayo,runs,87e824da83d83bcea518867ca5c3d75f,2026-09-03T23:15:00Z,,,0.5,0.5,0.5,1,100.0,0.0,120.0,-160.0,,
MLB,coby mayo,Coby Mayo,singles,87e824da83d83bcea518867ca5c3d75f,2026-09-03T23:15:00Z,,,0.5,0.5,0.5,3,100.0,0.0,150.0,-197.5,,
MLB,coby mayo,Coby Mayo,stolen_bases,87e824da83d83bcea518867ca5c3d75f,2026-09-03T23:15:00Z,,,0.5,0.5,0.5,4,100.0,0.0,1200.0,-12500.0,,
MLB,coby mayo,Coby Mayo,total_bases,87e824da83d83bcea518867ca5c3d75f,2026-09-03T23:15:00Z,,,1.5,0.5,1.5,6,83.3,0.373,131.5,-172.5,,
MLB,coby mayo,Coby Mayo,triples,87e824da83d83bcea518867ca5c3d75f,2026-09-03T23:15:00Z,,,0.5,0.5,0.5,3,100.0,0.0,1850.0,-15000.0,,
MLB,coby mayo,Coby Mayo,walks,87e824da83d83bcea518867ca5c3d75f,2026-09-03T23:15:00Z,,,0.5,0.5,0.5,3,100.0,0.0,263.0,-390.0,,
MLB,coby mayo bal,Coby Mayo (BAL),hits,87e824da83d83bcea518867ca5c3d75f,2026-09-03T23:15:00Z,,,1.5,1.5,1.5,1,100.0,0.0,105.0,-135.0,,
MLB,coby mayo runs,Coby Mayo - Runs,runs,87e824da83d83bcea518867ca5c3d75f,2026-09-03T23:15:00Z,,,0.5,0.5,0.5,1,100.0,0.0,125.0,-165.0,,
MLB,cole young,Cole Young,home_runs,0bbf9d80b06a1e1868b6224c751b8a2e,2026-09-04T01:40:00Z,,,0.5,0.5,0.5,1,100.0,0.0,780.0,-2180.0,,
MLB,colson montgomery,Colson Montgomery,doubles,4531806102eb01c9886a2ceb2b16b0b9,2026-09-03T18:10:00Z,,,0.5,0.5,0.5,1,100.0,0.0,500.0,-800.0,,
MLB,colson montgomery,Colson Montgomery,hits,4531806102eb01c9886a2ceb2b16b0b9,2026-09-03T18:10:00Z,,,0.5,0.5,0.5,3,100.0,0.0,-139.0,-108.0,0.5,0.0
MLB,colson montgomery,Colson Montgomery,hits_runs_rbis,4531806102eb01c9886a2ceb2b16b0b9,2026-09-03T18:10:00Z,,,0.5,0.5,0.5,2,100.0,0.0,-167.5,118.5,,
MLB,colson montgomery,Colson Montgomery,home_runs,4531806102eb01c9886a2ceb2b16b0b9,2026-09-03T18:10:00Z,,,0.5,0.5,0.5,3,100.0,0.0,475.0,-750.0,,
MLB,colson montgomery,Colson Montgomery,rbis,4531806102eb01c9886a2ceb2b16b0b9,2026-09-03T18:10:00Z,,,0.5,0.5,0.5,3,100.0,0.0,185.0,-270.0,,
MLB,colson montgomery,Colson Montgomery,runs,4531806102eb01c9886a2ceb2b16b0b9,2026-09-03T18:10:00Z,,,0.5,0.5,0.5,1,100.0,0.0,160.0,-230.0,,
MLB,colson montgomery,Colson Montgomery,total_bases,4531806102eb01c9886a2ceb2b16b0b9,2026-09-03T18:10:00Z,,,0.5,0.5,1.5,3,66.7,0.471,-107.0,-203.0,0.5,0.0
MLB,connor wong,Connor Wong,hits,87e824da83d83bcea518867ca5c3d75f,2026-09-03T23:15:00Z,,,0.5,0.5,0.5,5,100.0,0.0,-129.0,-103.0,,
MLB,connor wong,Connor Wong,home_runs,87e824da83d83bcea518867ca5c3d75f,2026-09-03T23:15:00Z,,,0.5,0.5,0.5,1,100.0,0.0,1076.0,-1438.0,,
MLB,connor wong,Connor Wong,rbis,87e824da83d83bcea518867ca5c3d75f,2026-09-03T23:15:00Z,,,0.5,0.5,0.5,4,100.0,0.0,305.0,-510.0,,
MLB,connor wong,Connor Wong,total_bases,87e824da83d83bcea518867ca5c3d75f,2026-09-03T23:15:00Z,,,0.5,0.5,0.5,3,100.0,0.0,-135.0,-115.0,,
MLB,cooper pratt,Cooper Pratt,doubles,919bdbd90145290fd9a5266e0fed035b,2026-09-03T23:15:00Z,,,0.5,0.5,0.5,2,100.0,0.0,505.0,-962.5,,
MLB,cooper pratt,Cooper Pratt,hits,919bdbd90145290fd9a5266e0fed035b,2026-09-03T23:15:00Z,,,0.5,0.5,0.5,4,100.0,0.0,-172.5,126.0,,
MLB,cooper pratt,Cooper Pratt,hits_runs_rbis,919bdbd90145290fd9a5266e0fed035b,2026-09-03T23:15:00Z,,,1.5,1.5,1.5,4,100.0,0.0,111.0,-156.0,,
MLB,cooper pratt,Cooper Pratt,home_runs,919bdbd90145290fd9a5266e0fed035b,2026-09-03T23:15:00Z,,,0.5,0.5,0.5,4,100.0,0.0,965.0,-1900.0,,
MLB,cooper pratt,Cooper Pratt,pitcher_strikeouts,919bdbd90145290fd9a5266e0fed035b,2026-09-03T23:15:00Z,,,0.5,0.5,0.5,1,100.0,0.0,-180.0,135.0,,
MLB,cooper pratt,Cooper Pratt,rbis,919bdbd90145290fd9a5266e0fed035b,2026-09-03T23:15:00Z,,,0.5,0.5,0.5,6,100.0,0.0,205.0,-290.0,,
MLB,cooper pratt,Cooper Pratt,runs,919bdbd90145290fd9a5266e0fed035b,2026-09-03T23:15:00Z,,,0.5,0.5,0.5,6,100.0,0.0,155.5,-225.0,,
MLB,cooper pratt,Cooper Pratt,singles,919bdbd90145290fd9a5266e0fed035b,2026-09-03T23:15:00Z,,,0.5,0.5,0.5,4,100.0,0.0,-103.5,-136.5,,
MLB,cooper pratt,Cooper Pratt,stolen_bases,919bdbd90145290fd9a5266e0fed035b,2026-09-03T23:15:00Z,,,0.5,0.5,0.5,3,100.0,0.0,325.0,-537.5,,
MLB,cooper pratt,Cooper Pratt,total_bases,919bdbd90145290fd9a5266e0fed035b,2026-09-03T23:15:00Z,,,0.5,0.5,0.5,4,100.0,0.0,-169.5,121.5,,
MLB,cooper pratt,Cooper Pratt,triples,919bdbd90145290fd9a5266e0fed035b,2026-09-03T23:15:00Z,,,0.5,0.5,0.5,1,100.0,0.0,1900.0,-20000.0,,
MLB,cooper pratt,Cooper Pratt,walks,919bdbd90145290fd9a5266e0fed035b,2026-09-03T23:15:00Z,,,0.5,0.5,0.5,2,100.0,0.0,260.0,-447.5,,
MLB,corey seager,Corey Seager,home_runs,f64033ef76653cc57533ab4c515fa24b,2026-09-04T00:05:00Z,,,0.5,0.5,0.5,1,100.0,0.0,345.0,-545.0,,
MLB,danny jansen,Danny Jansen,home_runs,f64033ef76653cc57533ab4c515fa24b,2026-09-04T00:05:00Z,,,0.5,0.5,0.5,1,100.0,0.0,740.0,-1929.0,,
MLB,daulton varsho,Daulton Varsho,doubles,4531806102eb01c9886a2ceb2b16b0b9,2026-09-03T18:10:00Z,,,0.5,0.5,0.5,1,100.0,0.0,375.0,-575.0,,
MLB,daulton varsho,Daulton Varsho,hits,4531806102eb01c9886a2ceb2b16b0b9,2026-09-03T18:10:00Z,,,0.5,0.5,0.5,4,100.0,0.0,-200.0,150.0,,
MLB,daulton varsho,Daulton Varsho,hits_runs_rbis,4531806102eb01c9886a2ceb2b16b0b9,2026-09-03T18:10:00Z,,,1.5,1.5,1.5,2,100.0,0.0,-112.5,-123.5,1.5,0.0
MLB,daulton varsho,Daulton Varsho,home_runs,4531806102eb01c9886a2ceb2b16b0b9,2026-09-03T18:10:00Z,,,0.5,0.5,0.5,2,100.0,0.0,495.0,-800.0,,
MLB,daulton varsho,Daulton Varsho,rbis,4531806102eb01c9886a2ceb2b16b0b9,2026-09-03T18:10:00Z,,,0.5,0.5,0.5,3,100.0,0.0,155.0,-215.0,,
MLB,daulton varsho,Daulton Varsho,runs,4531806102eb01c9886a2ceb2b16b0b9,2026-09-03T18:10:00Z,,,0.5,0.5,0.5,1,100.0,0.0,170.0,-165.0,,
MLB,daulton varsho,Daulton Varsho,stolen_bases,4531806102eb01c9886a2ceb2b16b0b9,2026-09-03T18:10:00Z,,,0.5,0.5,0.5,2,100.0,0.0,960.0,-2500.0,,
MLB,daulton varsho,Daulton Varsho,total_bases,4531806102eb01c9886a2ceb2b16b0b9,2026-09-03T18:10:00Z,,,1.5,1.5,1.5,3,100.0,0.0,130.0,-194.0,,
MLB,daulton varsho,Daulton Varsho,triples,4531806102eb01c9886a2ceb2b16b0b9,2026-09-03T18:10:00Z,,,0.5,0.5,0.5,2,100.0,0.0,2150.0,,,
MLB,david hamilton,David Hamilton,doubles,919bdbd90145290fd9a5266e0fed035b,2026-09-03T23:15:00Z,,,0.5,0.5,0.5,3,100.0,0.0,500.0,-975.0,,
MLB,david hamilton,David Hamilton,hits,919bdbd90145290fd9a5266e0fed035b,2026-09-03T23:15:00Z,,,0.5,0.5,0.5,6,100.0,0.0,-145.5,112.0,,
MLB,david hamilton,David Hamilton,hits_runs_rbis,919bdbd90145290fd9a5266e0fed035b,2026-09-03T23:15:00Z,,,1.5,1.5,1.5,5,100.0,0.0,130.0,-189.5,,
MLB,david hamilton,David Hamilton,home_runs,919bdbd90145290fd9a5266e0fed035b,2026-09-03T23:15:00Z,,,0.5,0.5,0.5,4,100.0,0.0,1125.0,-2550.0,,
MLB,david hamilton,David Hamilton,pitcher_strikeouts,919bdbd90145290fd9a5266e0fed035b,2026-09-03T23:15:00Z,,,0.5,0.5,0.5,1,100.0,0.0,-190.0,140.0,,
MLB,david hamilton,David Hamilton,rbis,919bdbd90145290fd9a5266e0fed035b,2026-09-03T23:15:00Z,,,0.5,0.5,0.5,5,100.0,0.0,215.0,-330.0,,
MLB,david hamilton,David Hamilton,runs,919bdbd90145290fd9a5266e0fed035b,2026-09-03T23:15:00Z,,,0.5,0.5,0.5,6,100.0,0.0,180.5,-257.0,,
MLB,david hamilton,David Hamilton,singles,919bdbd90145290fd9a5266e0fed035b,2026-09-03T23:15:00Z,,,0.5,0.5,0.5,3,100.0,0.0,112.0,-170.0,,
MLB,david hamilton,David Hamilton,stolen_bases,919bdbd90145290fd9a5266e0fed035b,2026-09-03T23:15:00Z,,,0.5,0.5,0.5,8,100.0,0.0,277.5,-466.0,,
MLB,david hamilton,David Hamilton,total_bases,919bdbd90145290fd9a5266e0fed035b,2026-09-03T23:15:00Z,,,0.5,0.5,1.5,7,71.4,0.452,-145.0,108.0,,
MLB,david hamilton,David Hamilton,triples,919bdbd90145290fd9a5266e0fed035b,2026-09-03T23:15:00Z,,,0.5,0.5,0.5,1,100.0,0.0,1300.0,,,
MLB,david hamilton,David Hamilton,walks,919bdbd90145290fd9a5266e0fed035b,2026-09-03T23:15:00Z,,,0.5,0.5,0.5,2,100.0,0.0,242.5,-410.0,,
MLB,dominic canzone,Dominic Canzone,home_runs,0bbf9d80b06a1e1868b6224c751b8a2e,2026-09-04T01:40:00Z,,,0.5,0.5,0.5,1,100.0,0.0,460.0,-819.0,,
MLB,drew gilbert,Drew Gilbert,doubles,4b25e965b62d7c19e2aa8fbfff667da3,2026-09-03T16:35:00Z,,,0.5,0.5,0.5,1,100.0,0.0,425.0,-650.0,,
MLB,drew gilbert,Drew Gilbert,hits,4b25e965b62d7c19e2aa8fbfff667da3,2026-09-03T16:35:00Z,,,0.5,0.5,0.5,2,100.0,0.0,-167.5,112.0,,
MLB,drew gilbert,Drew Gilbert,home_runs,4b25e965b62d7c19e2aa8fbfff667da3,2026-09-03T16:35:00Z,,,0.5,0.5,0.5,1,100.0,0.0,850.0,-2000.0,,
MLB,drew gilbert,Drew Gilbert,rbis,4b25e965b62d7c19e2aa8fbfff667da3,2026-09-03T16:35:00Z,,,0.5,0.5,0.5,1,100.0,0.0,250.0,-375.0,,
MLB,drew gilbert,Drew Gilbert,runs,4b25e965b62d7c19e2aa8fbfff667da3,2026-09-03T16:35:00Z,,,0.5,0.5,0.5,1,100.0,0.0,155.0,-400.0,,
MLB,drew gilbert,Drew Gilbert,singles,4b25e965b62d7c19e2aa8fbfff667da3,2026-09-03T16:35:00Z,,,0.5,0.5,0.5,1,100.0,0.0,-105.0,,,
MLB,drew gilbert,Drew Gilbert,stolen_bases,4b25e965b62d7c19e2aa8fbfff667da3,2026-09-03T16:35:00Z,,,0.5,0.5,0.5,1,100.0,0.0,1500.0,-10000.0,,
MLB,drew gilbert,Drew Gilbert,total_bases,4b25e965b62d7c19e2aa8fbfff667da3,2026-09-03T16:35:00Z,,,0.5,0.5,0.5,1,100.0,0.0,-159.0,112.0,,
MLB,drew gilbert,Drew Gilbert,triples,4b25e965b62d7c19e2aa8fbfff667da3,2026-09-03T16:35:00Z,,,0.5,0.5,0.5,1,100.0,0.0,4500.0,,,
MLB,dylan beavers,Dylan Beavers,hits,87e824da83d83bcea518867ca5c3d75f,2026-09-03T23:15:00Z,,,0.5,0.5,0.5,1,100.0,0.0,-135.0,-120.0,0.5,0.0
MLB,dylan beavers,Dylan Beavers,home_runs,87e824da83d83bcea518867ca5c3d75f,2026-09-03T23:15:00Z,,,0.5,0.5,0.5,1,100.0,0.0,733.0,-669.0,,
MLB,dylan beavers,Dylan Beavers,rbis,87e824da83d83bcea518867ca5c3d75f,2026-09-03T23:15:00Z,,,0.5,0.5,0.5,2,100.0,0.0,247.5,-435.0,,
MLB,dylan beavers,Dylan Beavers,total_bases,87e824da83d83bcea518867ca5c3d75f,2026-09-03T23:15:00Z,,,0.5,0.5,0.5,2,100.0,0.0,-128.5,-114.0,,
MLB,elias diaz,Elias Diaz,home_runs,f64033ef76653cc57533ab4c515fa24b,2026-09-04T00:05:00Z,,,0.5,0.5,0.5,1,100.0,0.0,670.0,-1564.0,,
MLB,enrique hernandez,Enrique Hernandez,home_runs,178e47f48ce23704395138f8f050b334,2026-09-04T02:10:00Z,,,0.5,0.5,0.5,1,100.0,0.0,470.0,-846.0,,
MLB,ernie clement,Ernie Clement,doubles,3ffba29c7cccfbdb0cb05ee26cd7d550,2026-09-03T17:10:00Z,,,0.5,0.5,0.5,3,100.0,0.0,400.0,-745.0,,
MLB,ernie clement,Ernie Clement,hits,3ffba29c7cccfbdb0cb05ee26cd7d550,2026-09-03T17:10:00Z,,,0.5,0.5,0.5,4,100.0,0.0,-215.0,150.0,,
MLB,ernie clement,Ernie Clement,hits_runs_rbis,3ffba29c7cccfbdb0cb05ee26cd7d550,2026-09-03T17:10:00Z,,,1.5,1.5,1.5,2,100.0,0.0,10.0,-160.0,1.5,0.0
MLB,ernie clement,Ernie Clement,home_runs,3ffba29c7cccfbdb0cb05ee26cd7d550,2026-09-03T17:10:00Z,,,0.5,0.5,0.5,3,100.0,0.0,1150.0,-3310.0,,
MLB,ernie clement,Ernie Clement,rbis,3ffba29c7cccfbdb0cb05ee26cd7d550,2026-09-03T17:10:00Z,,,0.5,0.5,0.5,4,100.0,0.0,215.0,-330.0,,
MLB,ernie clement,Ernie Clement,runs,3ffba29c7cccfbdb0cb05ee26cd7d550,2026-09-03T17:10:00Z,,,0.5,0.5,0.5,4,100.0,0.0,215.0,-360.0,,
MLB,ernie clement,Ernie Clement,singles,3ffba29c7cccfbdb0cb05ee26cd7d550,2026-09-03T17:10:00Z,,,0.5,0.5,0.5,1,100.0,0.0,100.0,-155.0,,
MLB,ernie clement,Ernie Clement,stolen_bases,3ffba29c7cccfbdb0cb05ee26cd7d550,2026-09-03T17:10:00Z,,,0.5,0.5,0.5,1,100.0,0.0,1400.0,-6000.0,,
MLB,ernie clement,Ernie Clement,total_bases,3ffba29c7cccfbdb0cb05ee26cd7d550,2026-09-03T17:10:00Z,,,1.5,0.5,1.5,3,66.7,0.471,130.0,-185.0,,
MLB,esmerlyn valdez,Esmerlyn Valdez,runs,4b25e965b62d7c19e2aa8fbfff667da3,2026-09-03T16:35:00Z,,,0.5,0.5,0.5,1,100.0,0.0,125.0,-165.0,,
MLB,freddie freeman,Freddie Freeman,home_runs,178e47f48ce23704395138f8f050b334,2026-09-04T02:10:00Z,,,0.5,0.5,0.5,1,100.0,0.0,530.0,-1024.0,,
MLB,garrett mitchell,Garrett Mitchell,doubles,919bdbd90145290fd9a5266e0fed035b,2026-09-03T23:15:00Z,,,0.5,0.5,0.5,4,100.0,0.0,462.5,-785.0,,
MLB,garrett mitchell,Garrett Mitchell,hits,919bdbd90145290fd9a5266e0fed035b,2026-09-03T23:15:00Z,,,0.5,0.5,0.5,7,100.0,0.0,-157.0,118.5,,
MLB,garrett mitchell,Garrett Mitchell,hits_runs_rbis,919bdbd90145290fd9a5266e0fed035b,2026-09-03T23:15:00Z,,,1.5,1.5,1.5,5,100.0,0.0,110.0,-150.0,,
MLB,garrett mitchell,Garrett Mitchell,home_runs,919bdbd90145290fd9a5266e0fed035b,2026-09-03T23:15:00Z,,,0.5,0.5,0.5,6,100.0,0.0,640.0,-1200.0,,
MLB,garrett mitchell,Garrett Mitchell,rbis,919bdbd90145290fd9a5266e0fed035b,2026-09-03T23:15:00Z,,,0.5,0.5,0.5,5,100.0,0.0,198.0,-285.0,,
MLB,garrett mitchell,Garrett Mitchell,runs,919bdbd90145290fd9a5266e0fed035b,2026-09-03T23:15:00Z,,,0.5,0.5,0.5,6,100.0,0.0,144.5,-200.0,,
MLB,garrett mitchell,Garrett Mitchell,singles,919bdbd90145290fd9a5266e0fed035b,2026-09-03T23:15:00Z,,,0.5,0.5,0.5,3,100.0,0.0,125.0,-176.0,,
MLB,garrett mitchell,Garrett Mitchell,stolen_bases,919bdbd90145290fd9a5266e0fed035b,2026-09-03T23:15:00Z,,,0.5,0.5,0.5,6,100.0,0.0,494.0,-1022.5,,
MLB,garrett mitchell,Garrett Mitchell,total_bases,919bdbd90145290fd9a5266e0fed035b,2026-09-03T23:15:00Z,,,0.5,0.5,1.5,6,83.3,0.373,-163.5,117.5,,
MLB,garrett mitchell,Garrett Mitchell,triples,919bdbd90145290fd9a5266e0fed035b,2026-09-03T23:15:00Z,,,0.5,0.5,0.5,3,100.0,0.0,1200.0,-12000.0,,
MLB,garrett mitchell,Garrett Mitchell,walks,919bdbd90145290fd9a5266e0fed035b,2026-09-03T23:15:00Z,,,0.5,0.5,0.5,3,100.0,0.0,152.0,-220.0,,
MLB,george springer,George Springer,hits,3ffba29c7cccfbdb0cb05ee26cd7d550,2026-09-03T17:10:00Z,,,0.5,0.5,0.5,1,100.0,0.0,-275.0,200.0,,
MLB,george springer,George Springer,home_runs,3ffba29c7cccfbdb0cb05ee26cd7d550,2026-09-03T17:10:00Z,,,0.5,0.5,0.5,1,100.0,0.0,465.0,-1300.0,,
MLB,george springer,George Springer,rbis,3ffba29c7cccfbdb0cb05ee26cd7d550,2026-09-03T17:10:00Z,,,0.5,0.5,0.5,1,100.0,0.0,145.0,-210.0,,
MLB,george springer,George Springer,runs,3ffba29c7cccfbdb0cb05ee26cd7d550,2026-09-03T17:10:00Z,,,0.5,0.5,0.5,1,100.0,0.0,120.0,-160.0,,
MLB,george springer,George Springer,stolen_bases,3ffba29c7cccfbdb0cb05ee26cd7d550,2026-09-03T17:10:00Z,,,0.5,0.5,0.5,1,100.0,0.0,750.0,-1600.0,,
MLB,george springer,George Springer,total_bases,3ffba29c7cccfbdb0cb05ee26cd7d550,2026-09-03T17:10:00Z,,,1.5,1.5,1.5,1,100.0,0.0,115.0,-150.0,,
MLB,graham pauley,Graham Pauley,hits,18307ff6045b1448e7ad3a1f2d836c6a,2026-09-03T23:40:00Z,,,0.5,0.5,0.5,1,100.0,0.0,-127.0,117.0,0.5,0.0
MLB,graham pauley,Graham Pauley,hits_runs_rbis,18307ff6045b1448e7ad3a1f2d836c6a,2026-09-03T23:40:00Z,,,0.5,0.5,0.5,1,100.0,0.0,-144.0,,,
MLB,graham pauley,Graham Pauley,home_runs,18307ff6045b1448e7ad3a1f2d836c6a,2026-09-03T23:40:00Z,,,0.5,0.5,0.5,1,100.0,0.0,900.0,-1011.0,,
MLB,graham pauley,Graham Pauley,rbis,18307ff6045b1448e7ad3a1f2d836c6a,2026-09-03T23:40:00Z,,,0.5,0.5,0.5,1,100.0,0.0,277.0,-285.0,,
MLB,graham pauley mia,Graham Pauley (MIA),hits,18307ff6045b1448e7ad3a1f2d836c6a,2026-09-03T23:40:00Z,,,0.5,0.5,0.5,1,100.0,0.0,-145.0,110.0,,
MLB,griffin conine,Griffin Conine,hits,18307ff6045b1448e7ad3a1f2d836c6a,2026-09-03T23:40:00Z,,,0.5,0.5,0.5,2,100.0,0.0,-182.0,120.0,,
MLB,griffin conine,Griffin Conine,hits_runs_rbis,18307ff6045b1448e7ad3a1f2d836c6a,2026-09-03T23:40:00Z,,,1.5,1.5,1.5,1,100.0,0.0,-117.0,-108.0,1.5,0.0
MLB,griffin conine,Griffin Conine,home_runs,18307ff6045b1448e7ad3a1f2d836c6a,2026-09-03T23:40:00Z,,,0.5,0.5,0.5,1,100.0,0.0,351.0,-558.0,,
MLB,griffin conine,Griffin Conine,rbis,18307ff6045b1448e7ad3a1f2d836c6a,2026-09-03T23:40:00Z,,,0.5,0.5,0.5,1,100.0,0.0,132.0,-182.0,,
MLB,griffin conine,Griffin Conine,total_bases,18307ff6045b1448e7ad3a1f2d836c6a,2026-09-03T23:40:00Z,,,1.5,1.5,1.5,1,100.0,0.0,135.0,-195.0,,
MLB,gunnar henderson,Gunnar Henderson,doubles,87e824da83d83bcea518867ca5c3d75f,2026-09-03T23:15:00Z,,,0.5,0.5,0.5,5,100.0,0.0,450.0,-740.0,,
MLB,gunnar henderson,Gunnar Henderson,hits,87e824da83d83bcea518867ca5c3d75f,2026-09-03T23:15:00Z,,,0.5,0.5,0.5,6,100.0,0.0,-191.0,142.5,,
MLB,gunnar henderson,Gunnar Henderson,hits_runs_rbis,87e824da83d83bcea518867ca5c3d75f,2026-09-03T23:15:00Z,,,1.5,1.5,1.5,6,100.0,0.0,-105.0,-126.0,1.5,0.0
MLB,gunnar henderson,Gunnar Henderson,home_runs,87e824da83d83bcea518867ca5c3d75f,2026-09-03T23:15:00Z,,,0.5,0.5,0.5,6,100.0,0.0,645.0,-1075.0,,
MLB,gunnar henderson,Gunnar Henderson,pitcher_strikeouts,87e824da83d83bcea518867ca5c3d75f,2026-09-03T23:15:00Z,,,0.5,0.5,0.5,1,100.0,0.0,-185.0,,,
MLB,gunnar henderson,Gunnar Henderson,rbis,87e824da83d83bcea518867ca5c3d75f,2026-09-03T23:15:00Z,,,0.5,0.5,0.5,6,100.0,0.0,215.0,-295.0,,
MLB,gunnar henderson,Gunnar Henderson,runs,87e824da83d83bcea518867ca5c3d75f,2026-09-03T23:15:00Z,,,0.5,0.5,0.5,6,100.0,0.0,140.0,-190.0,,
MLB,gunnar henderson,Gunnar Henderson,singles,87e824da83d83bcea518867ca5c3d75f,2026-09-03T23:15:00Z,,,0.5,0.5,0.5,6,100.0,0.0,-119.0,-120.0,0.5,0.0
MLB,gunnar henderson,Gunnar Henderson,stolen_bases,87e824da83d83bcea518867ca5c3d75f,2026-09-03T23:15:00Z,,,0.5,0.5,0.5,2,100.0,0.0,740.0,-1450.0,,
MLB,gunnar henderson,Gunnar Henderson,total_bases,87e824da83d83bcea518867ca5c3d75f,2026-09-03T23:15:00Z,,,1.5,0.5,1.5,7,57.1,0.495,135.0,-204.0,,
MLB,gunnar henderson,Gunnar Henderson,triples,87e824da83d83bcea518867ca5c3d75f,2026-09-03T23:15:00Z,,,0.5,0.5,0.5,3,100.0,0.0,2000.0,,,
MLB,gunnar henderson,Gunnar Henderson,walks,87e824da83d83bcea518867ca5c3d75f,2026-09-03T23:15:00Z,,,0.5,0.5,0.5,3,100.0,0.0,235.0,-345.0,,
MLB,gunnar henderson bal,Gunnar Henderson (BAL),hits,87e824da83d83bcea518867ca5c3d75f,2026-09-03T23:15:00Z,,,1.5,1.5,1.5,1,100.0,0.0,,-130.0,,
MLB,henry bolte,Henry Bolte,home_runs,0bbf9d80b06a1e1868b6224c751b8a2e,2026-09-04T01:40:00Z,,,0.5,0.5,0.5,1,100.0,0.0,790.0,-2248.0,,
MLB,heriberto hern ndez,Heriberto Hernández,home_runs,18307ff6045b1448e7ad3a1f2d836c6a,2026-09-03T23:40:00Z,,,0.5,0.5,0.5,1,100.0,0.0,309.0,-472.0,,
MLB,heriberto hernandez,Heriberto Hernandez,hits,18307ff6045b1448e7ad3a1f2d836c6a,2026-09-03T23:40:00Z,,,1.0,0.5,1.5,2,100.0,0.5,26.0,-67.5,,
MLB,heriberto hernandez,Heriberto Hernandez,rbis,18307ff6045b1448e7ad3a1f2d836c6a,2026-09-03T23:40:00Z,,,0.5,0.5,0.5,1,100.0,0.0,148.0,-205.0,,
MLB,heriberto hernandez,Heriberto Hernandez,stolen_bases,18307ff6045b1448e7ad3a1f2d836c6a,2026-09-03T23:40:00Z,,,0.5,0.5,0.5,1,100.0,0.0,1150.0,,,
MLB,heriberto hernandez,Heriberto Hernandez,total_bases,18307ff6045b1448e7ad3a1f2d836c6a,2026-09-03T23:40:00Z,,,1.5,1.5,1.5,2,100.0,0.0,116.0,-149.5,,
MLB,hunter brown,Hunter Brown,earned_runs,4531806102eb01c9886a2ceb2b16b0b9,2026-09-03T18:10:00Z,,,1.5,1.5,1.5,1,100.0,0.0,-168.0,125.0,,
MLB,hunter brown,Hunter Brown,hits_allowed,4531806102eb01c9886a2ceb2b16b0b9,2026-09-03T18:10:00Z,,,4.5,4.5,4.5,1,100.0,0.0,,-134.0,,
MLB,hunter brown,Hunter Brown,pitcher_strikeouts,4531806102eb01c9886a2ceb2b16b0b9,2026-09-03T18:10:00Z,,,6.5,5.5,6.5,4,75.0,0.433,-112.0,-129.0,,
MLB,ian happ,Ian Happ,doubles,919bdbd90145290fd9a5266e0fed035b,2026-09-03T23:15:00Z,,,0.5,0.5,0.5,3,100.0,0.0,475.0,-770.0,,
MLB,ian happ,Ian Happ,hits,919bdbd90145290fd9a5266e0fed035b,2026-09-03T23:15:00Z,,,0.5,0.5,0.5,6,100.0,0.0,-133.5,107.0,,
MLB,ian happ,Ian Happ,hits_runs_rbis,919bdbd90145290fd9a5266e0fed035b,2026-09-03T23:15:00Z,,,1.5,0.5,1.5,6,83.3,0.373,126.5,-176.0,,
MLB,ian happ,Ian Happ,home_runs,919bdbd90145290fd9a5266e0fed035b,2026-09-03T23:15:00Z,,,0.5,0.5,0.5,5,100.0,0.0,405.0,-690.0,,
MLB,ian happ,Ian Happ,pitcher_strikeouts,919bdbd90145290fd9a5266e0fed035b,2026-09-03T23:15:00Z,,,1.5,1.5,1.5,1,100.0,0.0,190.0,-260.0,,
MLB,ian happ,Ian Happ,rbis,919bdbd90145290fd9a5266e0fed035b,2026-09-03T23:15:00Z,,,0.5,0.5,0.5,6,100.0,0.0,193.0,-295.0,,
MLB,ian happ,Ian Happ,runs,919bdbd90145290fd9a5266e0fed035b,2026-09-03T23:15:00Z,,,0.5,0.5,0.5,7,100.0,0.0,140.0,-192.5,,
MLB,ian happ,Ian Happ,singles,919bdbd90145290fd9a5266e0fed035b,2026-09-03T23:15:00Z,,,0.5,0.5,0.5,5,100.0,0.0,167.0,-240.0,,
MLB,ian happ,Ian Happ,stolen_bases,919bdbd90145290fd9a5266e0fed035b,2026-09-03T23:15:00Z,,,0.5,0.5,0.5,1,100.0,0.0,1750.0,-20000.0,,
MLB,ian happ,Ian Happ,total_bases,919bdbd90145290fd9a5266e0fed035b,2026-09-03T23:15:00Z,,,0.5,0.5,1.5,7,57.1,0.495,-137.0,-0.5,,
MLB,ian happ,Ian Happ,triples,919bdbd90145290fd9a5266e0fed035b,2026-09-03T23:15:00Z,,,0.5,0.5,0.5,2,100.0,0.0,1900.0,-15000.0,,
MLB,ian happ,Ian Happ,walks,919bdbd90145290fd9a5266e0fed035b,2026-09-03T23:15:00Z,,,0.5,0.5,0.5,3,100.0,0.0,165.0,-230.0,,
MLB,isaac collins,Isaac Collins,hits,18307ff6045b1448e7ad3a1f2d836c6a,2026-09-03T23:40:00Z,,,0.5,0.5,0.5,1,100.0,0.0,-167.0,123.0,,
MLB,isaac collins,Isaac Collins,hits_runs_rbis,18307ff6045b1448e7ad3a1f2d836c6a,2026-09-03T23:40:00Z,,,1.5,1.5,1.5,1,100.0,0.0,122.0,,,
MLB,isaac collins,Isaac Collins,home_runs,18307ff6045b1448e7ad3a1f2d836c6a,2026-09-03T23:40:00Z,,,0.5,0.5,0.5,1,100.0,0.0,1011.0,,,
MLB,isaac collins,Isaac Collins,rbis,18307ff6045b1448e7ad3a1f2d836c6a,2026-09-03T23:40:00Z,,,0.5,0.5,0.5,2,100.0,0.0,228.5,-278.0,,
MLB,isaac collins,Isaac Collins,runs,18307ff6045b1448e7ad3a1f2d836c6a,2026-09-03T23:40:00Z,,,0.5,0.5,0.5,1,100.0,0.0,153.0,,,
MLB,isaac collins,Isaac Collins,stolen_bases,18307ff6045b1448e7ad3a1f2d836c6a,2026-09-03T23:40:00Z,,,0.5,0.5,0.5,1,100.0,0.0,809.0,,,
MLB,isaac collins,Isaac Collins,total_bases,18307ff6045b1448e7ad3a1f2d836c6a,2026-09-03T23:40:00Z,,,1.0,0.5,1.5,2,100.0,0.5,-9.5,123.0,,
MLB,isaac paredes,Isaac Paredes,doubles,4531806102eb01c9886a2ceb2b16b0b9,2026-09-03T18:10:00Z,,,0.5,0.5,0.5,1,100.0,0.0,425.0,-650.0,,
MLB,isaac paredes,Isaac Paredes,hits,4531806102eb01c9886a2ceb2b16b0b9,2026-09-03T18:10:00Z,,,0.5,0.5,0.5,4,100.0,0.0,-205.0,156.0,,
MLB,isaac paredes,Isaac Paredes,hits_runs_rbis,4531806102eb01c9886a2ceb2b16b0b9,2026-09-03T18:10:00Z,,,1.5,1.5,1.5,2,100.0,0.0,-110.0,-133.5,1.5,0.0
MLB,isaac paredes,Isaac Paredes,home_runs,4531806102eb01c9886a2ceb2b16b0b9,2026-09-03T18:10:00Z,,,0.5,0.5,0.5,3,100.0,0.0,525.0,-855.0,,
MLB,isaac paredes,Isaac Paredes,rbis,4531806102eb01c9886a2ceb2b16b0b9,2026-09-03T18:10:00Z,,,0.5,0.5,0.5,4,100.0,0.0,149.5,-200.0,,
MLB,isaac paredes,Isaac Paredes,runs,4531806102eb01c9886a2ceb2b16b0b9,2026-09-03T18:10:00Z,,,0.5,0.5,0.5,1,100.0,0.0,120.0,-170.0,,
MLB,isaac paredes,Isaac Paredes,singles,4531806102eb01c9886a2ceb2b16b0b9,2026-09-03T18:10:00Z,,,0.5,0.5,0.5,1,100.0,0.0,-108.0,-132.0,0.5,0.0
MLB,isaac paredes,Isaac Paredes,total_bases,4531806102eb01c9886a2ceb2b16b0b9,2026-09-03T18:10:00Z,,,1.5,1.5,1.5,3,100.0,0.0,145.0,-197.5,,
MLB,isiah kiner falefa,Isiah Kiner-Falefa,hits,87e824da83d83bcea518867ca5c3d75f,2026-09-03T23:15:00Z,,,0.5,0.5,0.5,1,100.0,0.0,-190.0,140.0,,
MLB,isiah kiner falefa,Isiah Kiner-Falefa,hits_runs_rbis,87e824da83d83bcea518867ca5c3d75f,2026-09-03T23:15:00Z,,,1.5,1.5,1.5,3,100.0,0.0,105.0,-156.0,,
MLB,isiah kiner falefa,Isiah Kiner-Falefa,home_runs,87e824da83d83bcea518867ca5c3d75f,2026-09-03T23:15:00Z,,,0.5,0.5,0.5,1,100.0,0.0,1650.0,-6600.0,,
MLB,isiah kiner falefa,Isiah Kiner-Falefa,rbis,87e824da83d83bcea518867ca5c3d75f,2026-09-03T23:15:00Z,,,0.5,0.5,0.5,1,100.0,0.0,255.0,-360.0,,
MLB,isiah kiner falefa,Isiah Kiner-Falefa,singles,87e824da83d83bcea518867ca5c3d75f,2026-09-03T23:15:00Z,,,0.5,0.5,0.5,3,100.0,0.0,-142.0,-104.0,,
MLB,isiah kiner falefa,Isiah Kiner-Falefa,stolen_bases,87e824da83d83bcea518867ca5c3d75f,2026-09-03T23:15:00Z,,,0.5,0.5,0.5,1,100.0,0.0,850.0,-2200.0,,
MLB,isiah kiner falefa,Isiah Kiner-Falefa,total_bases,87e824da83d83bcea518867ca5c3d75f,2026-09-03T23:15:00Z,,,1.5,1.5,1.5,1,100.0,0.0,215.0,-310.0,,
MLB,ivan herrera,Ivan Herrera,home_runs,178e47f48ce23704395138f8f050b334,2026-09-04T02:10:00Z,,,0.5,0.5,0.5,1,100.0,0.0,600.0,-1268.0,,
MLB,jac caglianone,Jac Caglianone,hits,18307ff6045b1448e7ad3a1f2d836c6a,2026-09-03T23:40:00Z,,,0.5,0.5,0.5,2,100.0,0.0,-264.5,201.5,,
MLB,jac caglianone,Jac Caglianone,home_runs,18307ff6045b1448e7ad3a1f2d836c6a,2026-09-03T23:40:00Z,,,0.5,0.5,0.5,2,100.0,0.0,387.0,-510.5,,
MLB,jac caglianone,Jac Caglianone,rbis,18307ff6045b1448e7ad3a1f2d836c6a,2026-09-03T23:40:00Z,,,0.5,0.5,0.5,2,100.0,0.0,129.5,-164.5,,
MLB,jac caglianone,Jac Caglianone,stolen_bases,18307ff6045b1448e7ad3a1f2d836c6a,2026-09-03T23:40:00Z,,,0.5,0.5,0.5,1,100.0,0.0,1329.0,,,
MLB,jac caglianone,Jac Caglianone,total_bases,18307ff6045b1448e7ad3a1f2d836c6a,2026-09-03T23:40:00Z,,,1.5,1.5,1.5,2,100.0,0.0,109.0,-131.5,,
MLB,jack perkins,Jack Perkins,earned_runs,0bbf9d80b06a1e1868b6224c751b8a2e,2026-09-04T01:40:00Z,,,2.5,2.5,2.5,1,100.0,0.0,110.0,-146.0,,
MLB,jack perkins,Jack Perkins,hits_allowed,0bbf9d80b06a1e1868b6224c751b8a2e,2026-09-04T01:40:00Z,,,4.5,4.5,4.5,1,100.0,0.0,110.0,-146.0,,
MLB,jack perkins,Jack Perkins,pitcher_strikeouts,0bbf9d80b06a1e1868b6224c751b8a2e,2026-09-04T01:40:00Z,,,5.5,5.5,5.5,2,100.0,0.0,0.0,-137.5,5.0,-0.5
MLB,jackson chourio,Jackson Chourio,doubles,919bdbd90145290fd9a5266e0fed035b,2026-09-03T23:15:00Z,,,0.5,0.5,0.5,5,100.0,0.0,305.0,-545.0,,
MLB,jackson chourio,Jackson Chourio,hits,919bdbd90145290fd9a5266e0fed035b,2026-09-03T23:15:00Z,,,0.5,0.5,1.5,6,66.7,0.471,-242.5,200.0,,
MLB,jackson chourio,Jackson Chourio,hits_runs_rbis,919bdbd90145290fd9a5266e0fed035b,2026-09-03T23:15:00Z,,,1.5,1.5,1.5,4,100.0,0.0,-142.5,102.5,,
MLB,jackson chourio,Jackson Chourio,home_runs,919bdbd90145290fd9a5266e0fed035b,2026-09-03T23:15:00Z,,,0.5,0.5,0.5,6,100.0,0.0,387.5,-550.0,,
MLB,jackson chourio,Jackson Chourio,pitcher_strikeouts,919bdbd90145290fd9a5266e0fed035b,2026-09-03T23:15:00Z,,,0.5,0.5,0.5,1,100.0,0.0,-260.0,190.0,,
MLB,jackson chourio,Jackson Chourio,rbis,919bdbd90145290fd9a5266e0fed035b,2026-09-03T23:15:00Z,,,0.5,0.5,0.5,6,100.0,0.0,148.5,-197.5,,
MLB,jackson chourio,Jackson Chourio,runs,919bdbd90145290fd9a5266e0fed035b,2026-09-03T23:15:00Z,,,0.5,0.5,0.5,5,100.0,0.0,-105.0,-132.0,0.5,0.0
MLB,jackson chourio,Jackson Chourio,singles,919bdbd90145290fd9a5266e0fed035b,2026-09-03T23:15:00Z,,,0.5,0.5,0.5,5,100.0,0.0,-127.0,-111.0,0.5,0.0
MLB,jackson chourio,Jackson Chourio,stolen_bases,919bdbd90145290fd9a5266e0fed035b,2026-09-03T23:15:00Z,,,0.5,0.5,0.5,5,100.0,0.0,425.0,-880.0,,
MLB,jackson chourio,Jackson Chourio,total_bases,919bdbd90145290fd9a5266e0fed035b,2026-09-03T23:15:00Z,,,1.5,1.5,1.5,5,100.0,0.0,-103.0,-145.0,,
MLB,jackson chourio,Jackson Chourio,triples,919bdbd90145290fd9a5266e0fed035b,2026-09-03T23:15:00Z,,,0.5,0.5,0.5,2,100.0,0.0,2500.0,,,
MLB,jackson chourio,Jackson Chourio,walks,919bdbd90145290fd9a5266e0fed035b,2026-09-03T23:15:00Z,,,0.5,0.5,0.5,2,100.0,0.0,292.5,-495.0,,
MLB,jackson holliday,Jackson Holliday,doubles,87e824da83d83bcea518867ca5c3d75f,2026-09-03T23:15:00Z,,,0.5,0.5,0.5,2,100.0,0.0,507.5,-997.5,,
MLB,jackson holliday,Jackson Holliday,hits,87e824da83d83bcea518867ca5c3d75f,2026-09-03T23:15:00Z,,,0.5,0.5,0.5,5,100.0,0.0,-154.0,116.0,,
MLB,jackson holliday,Jackson Holliday,hits_runs_rbis,87e824da83d83bcea518867ca5c3d75f,2026-09-03T23:15:00Z,,,1.5,1.5,1.5,4,100.0,0.0,130.0,-150.0,,
MLB,jackson holliday,Jackson Holliday,home_runs,87e824da83d83bcea518867ca5c3d75f,2026-09-03T23:15:00Z,,,0.5,0.5,0.5,4,100.0,0.0,900.0,-2310.0,,
MLB,jackson holliday,Jackson Holliday,pitcher_strikeouts,87e824da83d83bcea518867ca5c3d75f,2026-09-03T23:15:00Z,,,0.5,0.5,0.5,1,100.0,0.0,-250.0,,,
MLB,jackson holliday,Jackson Holliday,rbis,87e824da83d83bcea518867ca5c3d75f,2026-09-03T23:15:00Z,,,0.5,0.5,0.5,7,100.0,0.0,260.0,-400.0,,
MLB,jackson holliday,Jackson Holliday,runs,87e824da83d83bcea518867ca5c3d75f,2026-09-03T23:15:00Z,,,0.5,0.5,0.5,7,100.0,0.0,175.0,-250.0,,
MLB,jackson holliday,Jackson Holliday,singles,87e824da83d83bcea518867ca5c3d75f,2026-09-03T23:15:00Z,,,0.5,0.5,0.5,4,100.0,0.0,-106.0,-135.0,,
MLB,jackson holliday,Jackson Holliday,stolen_bases,87e824da83d83bcea518867ca5c3d75f,2026-09-03T23:15:00Z,,,0.5,0.5,0.5,5,100.0,0.0,800.0,-2395.0,,
MLB,jackson holliday,Jackson Holliday,total_bases,87e824da83d83bcea518867ca5c3d75f,2026-09-03T23:15:00Z,,,0.5,0.5,1.5,5,80.0,0.4,-165.0,120.0,,
MLB,jackson holliday,Jackson Holliday,triples,87e824da83d83bcea518867ca5c3d75f,2026-09-03T23:15:00Z,,,0.5,0.5,0.5,1,100.0,0.0,1900.0,,,
MLB,jackson holliday,Jackson Holliday,walks,87e824da83d83bcea518867ca5c3d75f,2026-09-03T23:15:00Z,,,0.5,0.5,0.5,1,100.0,0.0,239.0,-346.0,,
MLB,jackson holliday bal,Jackson Holliday (BAL),hits,87e824da83d83bcea518867ca5c3d75f,2026-09-03T23:15:00Z,,,1.5,1.5,1.5,1,100.0,0.0,130.0,-170.0,,
MLB,jacob gonzalez,Jacob Gonzalez,doubles,4b25e965b62d7c19e2aa8fbfff667da3,2026-09-03T16:35:00Z,,,0.5,0.5,0.5,1,100.0,0.0,425.0,-650.0,,
MLB,jacob gonzalez,Jacob Gonzalez,hits,4b25e965b62d7c19e2aa8fbfff667da3,2026-09-03T16:35:00Z,,,0.5,0.5,0.5,1,100.0,0.0,-165.0,120.0,,
MLB,jacob gonzalez,Jacob Gonzalez,home_runs,4b25e965b62d7c19e2aa8fbfff667da3,2026-09-03T16:35:00Z,,,0.5,0.5,0.5,1,100.0,0.0,750.0,-1400.0,,
MLB,jacob gonzalez,Jacob Gonzalez,rbis,4b25e965b62d7c19e2aa8fbfff667da3,2026-09-03T16:35:00Z,,,0.5,0.5,0.5,1,100.0,0.0,175.0,-245.0,,
MLB,jacob gonzalez,Jacob Gonzalez,runs,4b25e965b62d7c19e2aa8fbfff667da3,2026-09-03T16:35:00Z,,,0.5,0.5,0.5,1,100.0,0.0,140.0,-190.0,,
MLB,jacob gonzalez,Jacob Gonzalez,stolen_bases,4b25e965b62d7c19e2aa8fbfff667da3,2026-09-03T16:35:00Z,,,0.5,0.5,0.5,1,100.0,0.0,1500.0,-9000.0,,
MLB,jacob gonzalez,Jacob Gonzalez,total_bases,4b25e965b62d7c19e2aa8fbfff667da3,2026-09-03T16:35:00Z,,,0.5,0.5,0.5,1,100.0,0.0,-165.0,118.0,,
MLB,jake bauers,Jake Bauers,doubles,919bdbd90145290fd9a5266e0fed035b,2026-09-03T23:15:00Z,,,0.5,0.5,0.5,3,100.0,0.0,425.0,-780.0,,
MLB,jake bauers,Jake Bauers,hits,919bdbd90145290fd9a5266e0fed035b,2026-09-03T23:15:00Z,,,0.5,0.5,0.5,6,100.0,0.0,-181.5,135.0,,
MLB,jake bauers,Jake Bauers,hits_runs_rbis,919bdbd90145290fd9a5266e0fed035b,2026-09-03T23:15:00Z,,,1.5,1.5,1.5,7,100.0,0.0,-108.0,-113.0,1.5,0.0
MLB,jake bauers,Jake Bauers,home_runs,919bdbd90145290fd9a5266e0fed035b,2026-09-03T23:15:00Z,,,0.5,0.5,0.5,6,100.0,0.0,412.5,-668.0,,
MLB,jake bauers,Jake Bauers,rbis,919bdbd90145290fd9a5266e0fed035b,2026-09-03T23:15:00Z,,,0.5,0.5,0.5,6,100.0,0.0,150.0,-194.0,,
MLB,jake bauers,Jake Bauers,runs,919bdbd90145290fd9a5266e0fed035b,2026-09-03T23:15:00Z,,,0.5,0.5,0.5,5,100.0,0.0,104.0,-150.0,,
MLB,jake bauers,Jake Bauers,singles,919bdbd90145290fd9a5266e0fed035b,2026-09-03T23:15:00Z,,,0.5,0.5,0.5,5,100.0,0.0,125.0,-182.0,,
MLB,jake bauers,Jake Bauers,stolen_bases,919bdbd90145290fd9a5266e0fed035b,2026-09-03T23:15:00Z,,,0.5,0.5,0.5,6,100.0,0.0,600.0,-1347.5,,
MLB,jake bauers,Jake Bauers,total_bases,919bdbd90145290fd9a5266e0fed035b,2026-09-03T23:15:00Z,,,1.5,0.5,1.5,6,66.7,0.471,127.5,-170.0,,
MLB,jake bauers,Jake Bauers,walks,919bdbd90145290fd9a5266e0fed035b,2026-09-03T23:15:00Z,,,0.5,0.5,0.5,3,100.0,0.0,-135.0,-108.0,0.5,0.0
MLB,jake bennett,Jake Bennett,earned_runs,87e824da83d83bcea518867ca5c3d75f,2026-09-03T23:15:00Z,,,2.5,2.5,2.5,4,100.0,0.0,114.5,-158.5,,
MLB,jake bennett,Jake Bennett,hits_allowed,87e824da83d83bcea518867ca5c3d75f,2026-09-03T23:15:00Z,,,5.5,5.5,5.5,3,100.0,0.0,108.0,-162.0,,
MLB,jake bennett,Jake Bennett,pitcher_strikeouts,87e824da83d83bcea518867ca5c3d75f,2026-09-03T23:15:00Z,,,4.5,4.5,5.5,8,75.0,0.433,-145.5,107.0,5.0,0.5
MLB,jake bennett,Jake Bennett,walks,87e824da83d83bcea518867ca5c3d75f,2026-09-03T23:15:00Z,,,1.5,1.5,1.5,2,100.0,0.0,163.5,-252.0,,
MLB,jake bennett bos,Jake Bennett (BOS),hits_allowed,87e824da83d83bcea518867ca5c3d75f,2026-09-03T23:15:00Z,,,5.5,5.5,5.5,1,100.0,0.0,105.0,-145.0,,
MLB,jake bennett bos,Jake Bennett (BOS),pitcher_strikeouts,87e824da83d83bcea518867ca5c3d75f,2026-09-03T23:15:00Z,,,5.5,2.5,7.5,1,20.0,1.855,155.0,,,
MLB,jake burger,Jake Burger,home_runs,f64033ef76653cc57533ab4c515fa24b,2026-09-04T00:05:00Z,,,0.5,0.5,0.5,1,100.0,0.0,398.0,-663.0,,
MLB,jake mangum,Jake Mangum,doubles,4b25e965b62d7c19e2aa8fbfff667da3,2026-09-03T16:35:00Z,,,0.5,0.5,0.5,1,100.0,0.0,400.0,-600.0,,
MLB,jake mangum,Jake Mangum,hits,4b25e965b62d7c19e2aa8fbfff667da3,2026-09-03T16:35:00Z,,,0.5,0.5,0.5,1,100.0,0.0,-286.0,195.0,,
MLB,jake mangum,Jake Mangum,home_runs,4b25e965b62d7c19e2aa8fbfff667da3,2026-09-03T16:35:00Z,,,0.5,0.5,0.5,1,100.0,0.0,1500.0,-4000.0,,
MLB,jake mangum,Jake Mangum,rbis,4b25e965b62d7c19e2aa8fbfff667da3,2026-09-03T16:35:00Z,,,0.5,0.5,0.5,1,100.0,0.0,132.0,-177.0,,
MLB,jake mangum,Jake Mangum,runs,4b25e965b62d7c19e2aa8fbfff667da3,2026-09-03T16:35:00Z,,,0.5,0.5,0.5,1,100.0,0.0,135.0,-1000.0,,
MLB,jake mangum,Jake Mangum,stolen_bases,4b25e965b62d7c19e2aa8fbfff667da3,2026-09-03T16:35:00Z,,,0.5,0.5,0.5,1,100.0,0.0,350.0,-600.0,,
MLB,jake mangum,Jake Mangum,total_bases,4b25e965b62d7c19e2aa8fbfff667da3,2026-09-03T16:35:00Z,,,1.5,1.5,1.5,1,100.0,0.0,140.0,-200.0,,
MLB,jake rogers,Jake Rogers,doubles,4531806102eb01c9886a2ceb2b16b0b9,2026-09-03T18:10:00Z,,,0.5,0.5,0.5,1,100.0,0.0,700.0,-1200.0,,
MLB,jake rogers,Jake Rogers,hits,4531806102eb01c9886a2ceb2b16b0b9,2026-09-03T18:10:00Z,,,0.5,0.5,0.5,4,100.0,0.0,-107.5,-130.0,,
MLB,jake rogers,Jake Rogers,hits_runs_rbis,4531806102eb01c9886a2ceb2b16b0b9,2026-09-03T18:10:00Z,,,0.5,0.5,0.5,2,100.0,0.0,-155.0,102.0,,
MLB,jake rogers,Jake Rogers,home_runs,4531806102eb01c9886a2ceb2b16b0b9,2026-09-03T18:10:00Z,,,0.5,0.5,0.5,2,100.0,0.0,735.0,-1600.0,,
MLB,jake rogers,Jake Rogers,rbis,4531806102eb01c9886a2ceb2b16b0b9,2026-09-03T18:10:00Z,,,0.5,0.5,0.5,3,100.0,0.0,280.0,-475.0,,
MLB,jake rogers,Jake Rogers,runs,4531806102eb01c9886a2ceb2b16b0b9,2026-09-03T18:10:00Z,,,0.5,0.5,0.5,2,100.0,0.0,180.0,-280.0,,
MLB,jake rogers,Jake Rogers,singles,4531806102eb01c9886a2ceb2b16b0b9,2026-09-03T18:10:00Z,,,0.5,0.5,0.5,1,100.0,0.0,155.0,,,
MLB,jake rogers,Jake Rogers,total_bases,4531806102eb01c9886a2ceb2b16b0b9,2026-09-03T18:10:00Z,,,0.5,0.5,0.5,3,100.0,0.0,105.0,-136.0,,
MLB,jakob marsee,Jakob Marsee,hits,18307ff6045b1448e7ad3a1f2d836c6a,2026-09-03T23:40:00Z,,,0.5,0.5,0.5,2,100.0,0.0,-219.0,163.0,,
MLB,jakob marsee,Jakob Marsee,home_runs,18307ff6045b1448e7ad3a1f2d836c6a,2026-09-03T23:40:00Z,,,0.5,0.5,0.5,1,100.0,0.0,852.0,-1011.0,,
MLB,jakob marsee,Jakob Marsee,rbis,18307ff6045b1448e7ad3a1f2d836c6a,2026-09-03T23:40:00Z,,,0.5,0.5,0.5,2,100.0,0.0,181.5,-220.0,,
MLB,jakob marsee,Jakob Marsee,stolen_bases,18307ff6045b1448e7ad3a1f2d836c6a,2026-09-03T23:40:00Z,,,0.5,0.5,0.5,1,100.0,0.0,852.0,-852.0,,
MLB,jakob marsee,Jakob Marsee,total_bases,18307ff6045b1448e7ad3a1f2d836c6a,2026-09-03T23:40:00Z,,,1.5,1.5,1.5,2,100.0,0.0,144.0,-225.0,,
MLB,jakob marsee mia,Jakob Marsee (MIA),hits,18307ff6045b1448e7ad3a1f2d836c6a,2026-09-03T23:40:00Z,,,1.5,1.5,1.5,1,100.0,0.0,-110.0,-120.0,,
MLB,jared triolo,Jared Triolo,doubles,4b25e965b62d7c19e2aa8fbfff667da3,2026-09-03T16:35:00Z,,,0.5,0.5,0.5,1,100.0,0.0,525.0,-850.0,,
MLB,jared triolo,Jared Triolo,hits,4b25e965b62d7c19e2aa8fbfff667da3,2026-09-03T16:35:00Z,,,0.5,0.5,0.5,1,100.0,0.0,-148.0,107.0,,
MLB,jared triolo,Jared Triolo,home_runs,4b25e965b62d7c19e2aa8fbfff667da3,2026-09-03T16:35:00Z,,,0.5,0.5,0.5,1,100.0,0.0,1200.0,-3000.0,,
MLB,jared triolo,Jared Triolo,rbis,4b25e965b62d7c19e2aa8fbfff667da3,2026-09-03T16:35:00Z,,,0.5,0.5,0.5,1,100.0,0.0,205.0,-295.0,,
MLB,jared triolo,Jared Triolo,runs,4b25e965b62d7c19e2aa8fbfff667da3,2026-09-03T16:35:00Z,,,0.5,0.5,0.5,1,100.0,0.0,350.0,-210.0,,
MLB,jared triolo,Jared Triolo,stolen_bases,4b25e965b62d7c19e2aa8fbfff667da3,2026-09-03T16:35:00Z,,,0.5,0.5,0.5,1,100.0,0.0,750.0,-1600.0,,
MLB,jared triolo,Jared Triolo,total_bases,4b25e965b62d7c19e2aa8fbfff667da3,2026-09-03T16:35:00Z,,,0.5,0.5,0.5,1,100.0,0.0,-148.0,106.0,,
MLB,jarren duran,Jarren Duran,doubles,87e824da83d83bcea518867ca5c3d75f,2026-09-03T23:15:00Z,,,0.5,0.5,0.5,4,100.0,0.0,400.0,-650.0,,
MLB,jarren duran,Jarren Duran,hits,87e824da83d83bcea518867ca5c3d75f,2026-09-03T23:15:00Z,,,0.5,0.5,0.5,7,100.0,0.0,-188.0,132.5,,
MLB,jarren duran,Jarren Duran,hits_runs_rbis,87e824da83d83bcea518867ca5c3d75f,2026-09-03T23:15:00Z,,,1.5,1.5,1.5,5,100.0,0.0,-103.0,-131.0,1.5,0.0
MLB,jarren duran,Jarren Duran,home_runs,87e824da83d83bcea518867ca5c3d75f,2026-09-03T23:15:00Z,,,0.5,0.5,0.5,7,100.0,0.0,525.0,-850.0,,
MLB,jarren duran,Jarren Duran,pitcher_strikeouts,87e824da83d83bcea518867ca5c3d75f,2026-09-03T23:15:00Z,,,0.5,0.5,0.5,2,100.0,0.0,-195.0,130.0,,
MLB,jarren duran,Jarren Duran,rbis,87e824da83d83bcea518867ca5c3d75f,2026-09-03T23:15:00Z,,,0.5,0.5,0.5,5,100.0,0.0,170.0,-256.0,,
MLB,jarren duran,Jarren Duran,runs,87e824da83d83bcea518867ca5c3d75f,2026-09-03T23:15:00Z,,,0.5,0.5,0.5,6,100.0,0.0,135.0,-182.0,,
MLB,jarren duran,Jarren Duran,singles,87e824da83d83bcea518867ca5c3d75f,2026-09-03T23:15:00Z,,,0.5,0.5,0.5,3,100.0,0.0,110.0,-162.0,,
MLB,jarren duran,Jarren Duran,stolen_bases,87e824da83d83bcea518867ca5c3d75f,2026-09-03T23:15:00Z,,,0.5,0.5,0.5,7,100.0,0.0,635.0,-2047.5,,
MLB,jarren duran,Jarren Duran,total_bases,87e824da83d83bcea518867ca5c3d75f,2026-09-03T23:15:00Z,,,1.5,0.5,1.5,7,57.1,0.495,125.0,-196.5,,
MLB,jarren duran,Jarren Duran,triples,87e824da83d83bcea518867ca5c3d75f,2026-09-03T23:15:00Z,,,0.5,0.5,0.5,3,100.0,0.0,1400.0,-5000.0,,
MLB,jarren duran,Jarren Duran,walks,87e824da83d83bcea518867ca5c3d75f,2026-09-03T23:15:00Z,,,0.5,0.5,0.5,1,100.0,0.0,235.0,-440.0,,
MLB,jarren duran bos,Jarren Duran (BOS),hits,87e824da83d83bcea518867ca5c3d75f,2026-09-03T23:15:00Z,,,1.5,1.5,1.5,1,100.0,0.0,,-130.0,,
MLB,javier sanoja,Javier Sanoja,hits,18307ff6045b1448e7ad3a1f2d836c6a,2026-09-03T23:40:00Z,,,0.5,0.5,0.5,2,100.0,0.0,-231.5,205.0,,
MLB,javier sanoja,Javier Sanoja,hits_runs_rbis,18307ff6045b1448e7ad3a1f2d836c6a,2026-09-03T23:40:00Z,,,1.5,1.5,1.5,1,100.0,0.0,-108.0,-106.0,1.5,0.0
MLB,javier sanoja,Javier Sanoja,rbis,18307ff6045b1448e7ad3a1f2d836c6a,2026-09-03T23:40:00Z,,,0.5,0.5,0.5,2,100.0,0.0,182.5,-219.0,,
MLB,javier sanoja,Javier Sanoja,runs,18307ff6045b1448e7ad3a1f2d836c6a,2026-09-03T23:40:00Z,,,0.5,0.5,0.5,1,100.0,0.0,147.0,,,
MLB,javier sanoja,Javier Sanoja,total_bases,18307ff6045b1448e7ad3a1f2d836c6a,2026-09-03T23:40:00Z,,,1.5,1.5,1.5,1,100.0,0.0,155.0,-230.0,,
MLB,jeremy pe a,Jeremy Peña,doubles,4531806102eb01c9886a2ceb2b16b0b9,2026-09-03T18:10:00Z,,,0.5,0.5,0.5,1,100.0,0.0,355.0,,,
MLB,jeremy pe a,Jeremy Peña,hits,4531806102eb01c9886a2ceb2b16b0b9,2026-09-03T18:10:00Z,,,0.5,0.5,0.5,1,100.0,0.0,-375.0,215.0,,
MLB,jeremy pe a,Jeremy Peña,hits_runs_rbis,4531806102eb01c9886a2ceb2b16b0b9,2026-09-03T18:10:00Z,,,1.5,1.5,1.5,1,100.0,0.0,-150.0,108.0,,
MLB,jeremy pe a,Jeremy Peña,home_runs,4531806102eb01c9886a2ceb2b16b0b9,2026-09-03T18:10:00Z,,,0.5,0.5,0.5,1,100.0,0.0,740.0,,,
MLB,jeremy pe a,Jeremy Peña,rbis,4531806102eb01c9886a2ceb2b16b0b9,2026-09-03T18:10:00Z,,,0.5,0.5,0.5,1,100.0,0.0,200.0,-315.0,,
MLB,jeremy pe a,Jeremy Peña,singles,4531806102eb01c9886a2ceb2b16b0b9,2026-09-03T18:10:00Z,,,0.5,0.5,0.5,1,100.0,0.0,,101.0,,
MLB,jeremy pe a,Jeremy Peña,stolen_bases,4531806102eb01c9886a2ceb2b16b0b9,2026-09-03T18:10:00Z,,,0.5,0.5,0.5,1,100.0,0.0,750.0,,,
MLB,jeremy pe a,Jeremy Peña,total_bases,4531806102eb01c9886a2ceb2b16b0b9,2026-09-03T18:10:00Z,,,1.5,1.5,1.5,1,100.0,0.0,101.0,-156.0,,
MLB,jeremy pena,Jeremy Pena,doubles,4531806102eb01c9886a2ceb2b16b0b9,2026-09-03T18:10:00Z,,,0.5,0.5,0.5,2,100.0,0.0,350.0,-650.0,,
MLB,jeremy pena,Jeremy Pena,hits,4531806102eb01c9886a2ceb2b16b0b9,2026-09-03T18:10:00Z,,,0.5,0.5,0.5,4,100.0,0.0,-269.5,200.0,,
MLB,jeremy pena,Jeremy Pena,hits_runs_rbis,4531806102eb01c9886a2ceb2b16b0b9,2026-09-03T18:10:00Z,,,1.5,1.5,1.5,2,100.0,0.0,-140.0,117.5,,
MLB,jeremy pena,Jeremy Pena,home_runs,4531806102eb01c9886a2ceb2b16b0b9,2026-09-03T18:10:00Z,,,0.5,0.5,0.5,3,100.0,0.0,600.0,-971.5,,
MLB,jeremy pena,Jeremy Pena,rbis,4531806102eb01c9886a2ceb2b16b0b9,2026-09-03T18:10:00Z,,,0.5,0.5,0.5,2,100.0,0.0,187.5,-272.5,,
MLB,jeremy pena,Jeremy Pena,runs,4531806102eb01c9886a2ceb2b16b0b9,2026-09-03T18:10:00Z,,,0.5,0.5,0.5,1,100.0,0.0,115.0,-125.0,,
MLB,jeremy pena,Jeremy Pena,singles,4531806102eb01c9886a2ceb2b16b0b9,2026-09-03T18:10:00Z,,,0.5,0.5,0.5,1,100.0,0.0,-155.0,,,
MLB,jeremy pena,Jeremy Pena,stolen_bases,4531806102eb01c9886a2ceb2b16b0b9,2026-09-03T18:10:00Z,,,0.5,0.5,0.5,1,100.0,0.0,900.0,-3000.0,,
MLB,jeremy pena,Jeremy Pena,total_bases,4531806102eb01c9886a2ceb2b16b0b9,2026-09-03T18:10:00Z,,,1.5,1.5,1.5,2,100.0,0.0,124.0,-170.0,,
MLB,jeremy pena,Jeremy Pena,triples,4531806102eb01c9886a2ceb2b16b0b9,2026-09-03T18:10:00Z,,,0.5,0.5,0.5,1,100.0,0.0,2700.0,,,
MLB,jes s s nchez,Jesús Sánchez,doubles,3ffba29c7cccfbdb0cb05ee26cd7d550,2026-09-03T17:10:00Z,,,0.5,0.5,0.5,1,100.0,0.0,810.0,-2270.0,,
MLB,jes s s nchez,Jesús Sánchez,hits,3ffba29c7cccfbdb0cb05ee26cd7d550,2026-09-03T17:10:00Z,,,0.5,0.5,0.5,1,100.0,0.0,165.0,-250.0,,
MLB,jes s s nchez,Jesús Sánchez,hits_runs_rbis,3ffba29c7cccfbdb0cb05ee26cd7d550,2026-09-03T17:10:00Z,,,0.5,0.5,0.5,1,100.0,0.0,135.0,-200.0,,
MLB,jes s s nchez,Jesús Sánchez,home_runs,3ffba29c7cccfbdb0cb05ee26cd7d550,2026-09-03T17:10:00Z,,,0.5,0.5,0.5,2,100.0,0.0,1190.0,-2130.0,,
MLB,jes s s nchez,Jesús Sánchez,rbis,3ffba29c7cccfbdb0cb05ee26cd7d550,2026-09-03T17:10:00Z,,,0.5,0.5,0.5,1,100.0,0.0,485.0,-995.0,,
MLB,jes s s nchez,Jesús Sánchez,runs,3ffba29c7cccfbdb0cb05ee26cd7d550,2026-09-03T17:10:00Z,,,0.5,0.5,0.5,1,100.0,0.0,370.0,-680.0,,
MLB,jes s s nchez,Jesús Sánchez,singles,3ffba29c7cccfbdb0cb05ee26cd7d550,2026-09-03T17:10:00Z,,,0.5,0.5,0.5,1,100.0,0.0,290.0,-485.0,,
MLB,jes s s nchez,Jesús Sánchez,total_bases,3ffba29c7cccfbdb0cb05ee26cd7d550,2026-09-03T17:10:00Z,,,0.5,0.5,0.5,1,100.0,0.0,165.0,-255.0,,
MLB,jes s s nchez,Jesús Sánchez,walks,3ffba29c7cccfbdb0cb05ee26cd7d550,2026-09-03T17:10:00Z,,,0.5,0.5,0.5,1,100.0,0.0,620.0,-1435.0,,
MLB,jesus sanchez,Jesus Sanchez,doubles,3ffba29c7cccfbdb0cb05ee26cd7d550,2026-09-03T17:10:00Z,,,0.5,0.5,0.5,1,100.0,0.0,450.0,-700.0,,
MLB,jesus sanchez,Jesus Sanchez,hits,3ffba29c7cccfbdb0cb05ee26cd7d550,2026-09-03T17:10:00Z,,,0.5,0.5,0.5,3,100.0,0.0,-130.0,5.5,,
MLB,jesus sanchez,Jesus Sanchez,hits_runs_rbis,3ffba29c7cccfbdb0cb05ee26cd7d550,2026-09-03T17:10:00Z,,,1.5,1.5,1.5,1,100.0,0.0,-110.0,-130.0,,
MLB,jesus sanchez,Jesus Sanchez,home_runs,3ffba29c7cccfbdb0cb05ee26cd7d550,2026-09-03T17:10:00Z,,,0.5,0.5,0.5,2,100.0,0.0,467.5,-950.0,,
MLB,jesus sanchez,Jesus Sanchez,rbis,3ffba29c7cccfbdb0cb05ee26cd7d550,2026-09-03T17:10:00Z,,,0.5,0.5,0.5,3,100.0,0.0,210.0,-280.0,,
MLB,jesus sanchez,Jesus Sanchez,runs,3ffba29c7cccfbdb0cb05ee26cd7d550,2026-09-03T17:10:00Z,,,0.5,0.5,0.5,2,100.0,0.0,302.5,-500.0,,
MLB,jesus sanchez,Jesus Sanchez,stolen_bases,3ffba29c7cccfbdb0cb05ee26cd7d550,2026-09-03T17:10:00Z,,,0.5,0.5,0.5,1,100.0,0.0,1400.0,-6000.0,,
MLB,jesus sanchez,Jesus Sanchez,total_bases,3ffba29c7cccfbdb0cb05ee26cd7d550,2026-09-03T17:10:00Z,,,0.5,0.5,0.5,2,100.0,0.0,-149.5,4.5,,
MLB,jo adell,Jo Adell,doubles,3ffba29c7cccfbdb0cb05ee26cd7d550,2026-09-03T17:10:00Z,,,0.5,0.5,0.5,2,100.0,0.0,550.0,-1145.0,,
MLB,jo adell,Jo Adell,hits,3ffba29c7cccfbdb0cb05ee26cd7d550,2026-09-03T17:10:00Z,,,0.5,0.5,0.5,4,100.0,0.0,-139.5,125.0,,
MLB,jo adell,Jo Adell,hits_runs_rbis,3ffba29c7cccfbdb0cb05ee26cd7d550,2026-09-03T17:10:00Z,,,1.5,1.5,1.5,2,100.0,0.0,-127.5,-115.0,1.5,0.0
MLB,jo adell,Jo Adell,home_runs,3ffba29c7cccfbdb0cb05ee26cd7d550,2026-09-03T17:10:00Z,,,0.5,0.5,0.5,4,100.0,0.0,650.0,-2130.0,,
MLB,jo adell,Jo Adell,rbis,3ffba29c7cccfbdb0cb05ee26cd7d550,2026-09-03T17:10:00Z,,,0.5,0.5,0.5,4,100.0,0.0,207.5,-327.5,,
MLB,jo adell,Jo Adell,runs,3ffba29c7cccfbdb0cb05ee26cd7d550,2026-09-03T17:10:00Z,,,1.5,0.5,1.5,3,66.7,0.471,220.0,-320.0,,
MLB,jo adell,Jo Adell,singles,3ffba29c7cccfbdb0cb05ee26cd7d550,2026-09-03T17:10:00Z,,,0.5,0.5,0.5,1,100.0,0.0,185.0,-280.0,,
MLB,jo adell,Jo Adell,stolen_bases,3ffba29c7cccfbdb0cb05ee26cd7d550,2026-09-03T17:10:00Z,,,0.5,0.5,0.5,1,100.0,0.0,1600.0,-9000.0,,
MLB,jo adell,Jo Adell,total_bases,3ffba29c7cccfbdb0cb05ee26cd7d550,2026-09-03T17:10:00Z,,,0.5,0.5,1.5,3,66.7,0.471,105.0,-155.0,,
MLB,jo adell,Jo Adell,walks,3ffba29c7cccfbdb0cb05ee26cd7d550,2026-09-03T17:10:00Z,,,1.5,1.5,1.5,1,100.0,0.0,360.0,-660.0,,
MLB,joe mack,Joe Mack,hits,18307ff6045b1448e7ad3a1f2d836c6a,2026-09-03T23:40:00Z,,,0.5,0.5,0.5,1,100.0,0.0,-130.0,-103.0,,
MLB,joe mack,Joe Mack,hits_runs_rbis,18307ff6045b1448e7ad3a1f2d836c6a,2026-09-03T23:40:00Z,,,1.5,1.5,1.5,1,100.0,0.0,122.0,,,
MLB,joe mack,Joe Mack,home_runs,18307ff6045b1448e7ad3a1f2d836c6a,2026-09-03T23:40:00Z,,,0.5,0.5,0.5,2,100.0,0.0,544.5,-849.5,,
MLB,joe mack,Joe Mack,rbis,18307ff6045b1448e7ad3a1f2d836c6a,2026-09-03T23:40:00Z,,,0.5,0.5,0.5,1,100.0,0.0,185.0,-265.0,,
MLB,joe mack,Joe Mack,stolen_bases,18307ff6045b1448e7ad3a1f2d836c6a,2026-09-03T23:40:00Z,,,0.5,0.5,0.5,1,100.0,0.0,1438.0,,,
MLB,joe mack,Joe Mack,total_bases,18307ff6045b1448e7ad3a1f2d836c6a,2026-09-03T23:40:00Z,,,0.5,0.5,0.5,1,100.0,0.0,-136.0,-104.0,,
MLB,jonah cox,Jonah Cox,hits,4b25e965b62d7c19e2aa8fbfff667da3,2026-09-03T16:35:00Z,,,0.5,0.5,0.5,1,100.0,0.0,-159.0,117.0,,
MLB,jonah cox,Jonah Cox,rbis,4b25e965b62d7c19e2aa8fbfff667da3,2026-09-03T16:35:00Z,,,0.5,0.5,0.5,1,100.0,0.0,188.0,-275.0,,
MLB,jonah cox,Jonah Cox,stolen_bases,4b25e965b62d7c19e2aa8fbfff667da3,2026-09-03T16:35:00Z,,,0.5,0.5,0.5,1,100.0,0.0,300.0,-500.0,,
MLB,jonah cox,Jonah Cox,total_bases,4b25e965b62d7c19e2aa8fbfff667da3,2026-09-03T16:35:00Z,,,0.5,0.5,0.5,1,100.0,0.0,-162.0,117.0,,
MLB,jonah heim,Jonah Heim,home_runs,0bbf9d80b06a1e1868b6224c751b8a2e,2026-09-04T01:40:00Z,,,0.5,0.5,0.5,1,100.0,0.0,650.0,-1473.0,,
MLB,jonathan aranda,Jonathan Aranda,home_runs,f64033ef76653cc57533ab4c515fa24b,2026-09-04T00:05:00Z,,,0.5,0.5,0.5,1,100.0,0.0,480.0,-874.0,,
MLB,jordan walker,Jordan Walker,home_runs,178e47f48ce23704395138f8f050b334,2026-09-04T02:10:00Z,,,0.5,0.5,0.5,1,100.0,0.0,400.0,-668.0,,
MLB,jos ram rez,José Ramírez,home_runs,3ffba29c7cccfbdb0cb05ee26cd7d550,2026-09-03T17:10:00Z,,,0.5,0.5,0.5,1,100.0,0.0,640.0,,,
MLB,jose altuve,Jose Altuve,doubles,4531806102eb01c9886a2ceb2b16b0b9,2026-09-03T18:10:00Z,,,0.5,0.5,0.5,1,100.0,0.0,450.0,-700.0,,
MLB,jose altuve,Jose Altuve,hits,4531806102eb01c9886a2ceb2b16b0b9,2026-09-03T18:10:00Z,,,0.5,0.5,0.5,3,100.0,0.0,-220.0,170.0,,
MLB,jose altuve,Jose Altuve,hits_runs_rbis,4531806102eb01c9886a2ceb2b16b0b9,2026-09-03T18:10:00Z,,,1.5,1.5,1.5,2,100.0,0.0,-126.0,-116.0,1.5,0.0
MLB,jose altuve,Jose Altuve,home_runs,4531806102eb01c9886a2ceb2b16b0b9,2026-09-03T18:10:00Z,,,0.5,0.5,0.5,3,100.0,0.0,800.0,850.0,,
MLB,jose altuve,Jose Altuve,rbis,4531806102eb01c9886a2ceb2b16b0b9,2026-09-03T18:10:00Z,,,0.5,0.5,0.5,4,100.0,0.0,168.0,-225.0,,
MLB,jose altuve,Jose Altuve,runs,4531806102eb01c9886a2ceb2b16b0b9,2026-09-03T18:10:00Z,,,0.5,0.5,0.5,1,100.0,0.0,135.0,-200.0,,
MLB,jose altuve,Jose Altuve,singles,4531806102eb01c9886a2ceb2b16b0b9,2026-09-03T18:10:00Z,,,0.5,0.5,0.5,1,100.0,0.0,-168.0,-112.0,0.5,0.0
MLB,jose altuve,Jose Altuve,stolen_bases,4531806102eb01c9886a2ceb2b16b0b9,2026-09-03T18:10:00Z,,,0.5,0.5,0.5,2,100.0,0.0,1150.0,-4000.0,,
MLB,jose altuve,Jose Altuve,total_bases,4531806102eb01c9886a2ceb2b16b0b9,2026-09-03T18:10:00Z,,,1.5,0.5,1.5,3,66.7,0.471,145.0,-205.0,,
MLB,jose ramirez,Jose Ramirez,doubles,3ffba29c7cccfbdb0cb05ee26cd7d550,2026-09-03T17:10:00Z,,,0.5,0.5,0.5,2,100.0,0.0,325.0,-550.0,,
MLB,jose ramirez,Jose Ramirez,hits,3ffba29c7cccfbdb0cb05ee26cd7d550,2026-09-03T17:10:00Z,,,0.5,0.5,0.5,3,100.0,0.0,-245.0,180.0,,
MLB,jose ramirez,Jose Ramirez,hits_runs_rbis,3ffba29c7cccfbdb0cb05ee26cd7d550,2026-09-03T17:10:00Z,,,1.5,1.5,1.5,1,100.0,0.0,-135.0,-105.0,,
MLB,jose ramirez,Jose Ramirez,home_runs,3ffba29c7cccfbdb0cb05ee26cd7d550,2026-09-03T17:10:00Z,,,0.5,0.5,0.5,4,100.0,0.0,557.5,-1215.0,,
MLB,jose ramirez,Jose Ramirez,rbis,3ffba29c7cccfbdb0cb05ee26cd7d550,2026-09-03T17:10:00Z,,,0.5,0.5,0.5,3,100.0,0.0,155.0,-215.0,,
MLB,jose ramirez,Jose Ramirez,runs,3ffba29c7cccfbdb0cb05ee26cd7d550,2026-09-03T17:10:00Z,,,0.5,0.5,0.5,2,100.0,0.0,142.0,-247.5,,
MLB,jose ramirez,Jose Ramirez,stolen_bases,3ffba29c7cccfbdb0cb05ee26cd7d550,2026-09-03T17:10:00Z,,,0.5,0.5,0.5,2,100.0,0.0,402.5,-750.0,,
MLB,jose ramirez,Jose Ramirez,total_bases,3ffba29c7cccfbdb0cb05ee26cd7d550,2026-09-03T17:10:00Z,,,1.5,0.5,1.5,3,66.7,0.471,105.0,-150.0,,
MLB,jose ramirez,Jose Ramirez,triples,3ffba29c7cccfbdb0cb05ee26cd7d550,2026-09-03T17:10:00Z,,,0.5,0.5,0.5,1,100.0,0.0,1600.0,,,
MLB,jose soriano,Jose Soriano,pitcher_strikeouts,3ffba29c7cccfbdb0cb05ee26cd7d550,2026-09-03T17:10:00Z,,,4.5,3.5,4.5,3,66.7,0.471,108.0,-162.0,,
MLB,josh naylor,Josh Naylor,home_runs,0bbf9d80b06a1e1868b6224c751b8a2e,2026-09-04T01:40:00Z,,,0.5,0.5,0.5,1,100.0,0.0,810.0,-2392.0,,
MLB,josh rojas,Josh Rojas,home_runs,18307ff6045b1448e7ad3a1f2d836c6a,2026-09-03T23:40:00Z,,,0.5,0.5,0.5,1,100.0,0.0,567.0,,,
MLB,josh smith,Josh Smith,doubles,3ffba29c7cccfbdb0cb05ee26cd7d550,2026-09-03T17:10:00Z,,,0.5,0.5,0.5,2,100.0,0.0,727.5,-2012.5,,
MLB,josh smith,Josh Smith,hits,3ffba29c7cccfbdb0cb05ee26cd7d550,2026-09-03T17:10:00Z,,,0.5,0.5,0.5,2,100.0,0.0,-11.0,105.0,,
MLB,josh smith,Josh Smith,hits_runs_rbis,3ffba29c7cccfbdb0cb05ee26cd7d550,2026-09-03T17:10:00Z,,,0.5,0.5,0.5,1,100.0,0.0,-195.0,135.0,,
MLB,josh smith,Josh Smith,home_runs,3ffba29c7cccfbdb0cb05ee26cd7d550,2026-09-03T17:10:00Z,,,0.5,0.5,0.5,2,100.0,0.0,1150.0,-1200.0,,
MLB,josh smith,Josh Smith,rbis,3ffba29c7cccfbdb0cb05ee26cd7d550,2026-09-03T17:10:00Z,,,0.5,0.5,0.5,2,100.0,0.0,362.5,-475.0,,
MLB,josh smith,Josh Smith,runs,3ffba29c7cccfbdb0cb05ee26cd7d550,2026-09-03T17:10:00Z,,,0.5,0.5,0.5,2,100.0,0.0,340.0,-377.5,,
MLB,josh smith,Josh Smith,stolen_bases,3ffba29c7cccfbdb0cb05ee26cd7d550,2026-09-03T17:10:00Z,,,0.5,0.5,0.5,1,100.0,0.0,900.0,-2200.0,,
MLB,josh smith,Josh Smith,total_bases,3ffba29c7cccfbdb0cb05ee26cd7d550,2026-09-03T17:10:00Z,,,0.5,0.5,0.5,1,100.0,0.0,-150.0,105.0,,
MLB,joshua baez,Joshua Baez,home_runs,178e47f48ce23704395138f8f050b334,2026-09-04T02:10:00Z,,,0.5,0.5,0.5,1,100.0,0.0,500.0,-932.0,,
MLB,julio rodriguez,Julio Rodriguez,home_runs,0bbf9d80b06a1e1868b6224c751b8a2e,2026-09-04T01:40:00Z,,,0.5,0.5,0.5,1,100.0,0.0,470.0,-846.0,,
MLB,jung hoo lee,Jung Hoo Lee,runs,4b25e965b62d7c19e2aa8fbfff667da3,2026-09-03T16:35:00Z,,,0.5,0.5,0.5,1,100.0,0.0,140.0,-185.0,,
MLB,jung hoo lee,Jung Hoo Lee,stolen_bases,4b25e965b62d7c19e2aa8fbfff667da3,2026-09-03T16:35:00Z,,,0.5,0.5,0.5,1,100.0,0.0,800.0,-1600.0,,
MLB,junior caminero,Junior Caminero,home_runs,f64033ef76653cc57533ab4c515fa24b,2026-09-04T00:05:00Z,,,0.5,0.5,0.5,1,100.0,0.0,325.0,-504.0,,
MLB,justin foscue,Justin Foscue,home_runs,f64033ef76653cc57533ab4c515fa24b,2026-09-04T00:05:00Z,,,0.5,0.5,0.5,1,100.0,0.0,770.0,-2114.0,,
MLB,kade anderson,Kade Anderson,earned_runs,0bbf9d80b06a1e1868b6224c751b8a2e,2026-09-04T01:40:00Z,,,1.5,1.5,1.5,1,100.0,0.0,118.0,-157.0,,
MLB,kade anderson,Kade Anderson,hits_allowed,0bbf9d80b06a1e1868b6224c751b8a2e,2026-09-04T01:40:00Z,,,3.5,3.5,3.5,1,100.0,0.0,-159.0,120.0,,
MLB,kade anderson,Kade Anderson,pitcher_strikeouts,0bbf9d80b06a1e1868b6224c751b8a2e,2026-09-04T01:40:00Z,,,5.5,5.5,5.5,2,100.0,0.0,-129.0,-106.5,,
MLB,kazuma okamoto,Kazuma Okamoto,home_runs,3ffba29c7cccfbdb0cb05ee26cd7d550,2026-09-03T17:10:00Z,,,0.5,0.5,0.5,1,100.0,0.0,,-25000.0,,
MLB,kazuma okamoto,Kazuma Okamoto,runs,3ffba29c7cccfbdb0cb05ee26cd7d550,2026-09-03T17:10:00Z,,,0.5,0.5,0.5,1,100.0,0.0,125.0,-165.0,,
MLB,kevin gausman,Kevin Gausman,earned_runs,919bdbd90145290fd9a5266e0fed035b,2026-09-03T23:15:00Z,,,2.5,2.5,2.5,6,100.0,0.0,109.5,-146.0,,
MLB,kevin gausman,Kevin Gausman,hits_allowed,919bdbd90145290fd9a5266e0fed035b,2026-09-03T23:15:00Z,,,4.5,4.5,4.5,6,100.0,0.0,-153.5,112.0,,
MLB,kevin gausman,Kevin Gausman,pitcher_strikeouts,919bdbd90145290fd9a5266e0fed035b,2026-09-03T23:15:00Z,,,5.5,5.5,5.5,8,100.0,0.0,103.0,-129.0,5.5,0.0
MLB,kevin gausman,Kevin Gausman,walks,919bdbd90145290fd9a5266e0fed035b,2026-09-03T23:15:00Z,,,1.5,1.5,1.5,2,100.0,0.0,-173.5,135.0,,
MLB,kevin gausman chc,Kevin Gausman (CHC),pitcher_strikeouts,919bdbd90145290fd9a5266e0fed035b,2026-09-03T23:15:00Z,,,4.5,2.5,7.5,1,20.0,1.855,-225.0,,,
MLB,kyle isbel,Kyle Isbel,hits,18307ff6045b1448e7ad3a1f2d836c6a,2026-09-03T23:40:00Z,,,0.5,0.5,0.5,1,100.0,0.0,-150.0,110.0,,
MLB,kyle isbel,Kyle Isbel,hits_runs_rbis,18307ff6045b1448e7ad3a1f2d836c6a,2026-09-03T23:40:00Z,,,1.5,1.5,1.5,1,100.0,0.0,125.0,,,
MLB,kyle isbel,Kyle Isbel,home_runs,18307ff6045b1448e7ad3a1f2d836c6a,2026-09-03T23:40:00Z,,,0.5,0.5,0.5,1,100.0,0.0,1150.0,-1233.0,,
MLB,kyle isbel,Kyle Isbel,rbis,18307ff6045b1448e7ad3a1f2d836c6a,2026-09-03T23:40:00Z,,,0.5,0.5,0.5,1,100.0,0.0,205.0,-295.0,,
MLB,kyle isbel,Kyle Isbel,stolen_bases,18307ff6045b1448e7ad3a1f2d836c6a,2026-09-03T23:40:00Z,,,0.5,0.5,0.5,1,100.0,0.0,900.0,,,
MLB,kyle isbel,Kyle Isbel,total_bases,18307ff6045b1448e7ad3a1f2d836c6a,2026-09-03T23:40:00Z,,,0.5,0.5,0.5,1,100.0,0.0,-152.0,108.0,,
MLB,kyle stowers,Kyle Stowers,hits,18307ff6045b1448e7ad3a1f2d836c6a,2026-09-03T23:40:00Z,,,0.5,0.5,0.5,2,100.0,0.0,-221.5,173.0,,
MLB,kyle stowers,Kyle Stowers,hits_runs_rbis,18307ff6045b1448e7ad3a1f2d836c6a,2026-09-03T23:40:00Z,,,2.5,2.5,2.5,1,100.0,0.0,113.0,,,
MLB,kyle stowers,Kyle Stowers,home_runs,18307ff6045b1448e7ad3a1f2d836c6a,2026-09-03T23:40:00Z,,,0.5,0.5,0.5,2,100.0,0.0,300.0,-392.0,,
MLB,kyle stowers,Kyle Stowers,rbis,18307ff6045b1448e7ad3a1f2d836c6a,2026-09-03T23:40:00Z,,,0.5,0.5,0.5,2,100.0,0.0,145.5,-188.0,,
MLB,kyle stowers,Kyle Stowers,runs,18307ff6045b1448e7ad3a1f2d836c6a,2026-09-03T23:40:00Z,,,0.5,0.5,0.5,1,100.0,0.0,-117.0,,0.5,0.0
MLB,kyle stowers,Kyle Stowers,total_bases,18307ff6045b1448e7ad3a1f2d836c6a,2026-09-03T23:40:00Z,,,1.5,1.5,1.5,2,100.0,0.0,107.0,-136.0,1.5,0.0
MLB,kyle tucker,Kyle Tucker,home_runs,178e47f48ce23704395138f8f050b334,2026-09-04T02:10:00Z,,,0.5,0.5,0.5,1,100.0,0.0,600.0,-1268.0,,
MLB,lamonte wade,LaMonte Wade,doubles,4531806102eb01c9886a2ceb2b16b0b9,2026-09-03T18:10:00Z,,,0.5,0.5,0.5,2,100.0,0.0,550.0,-1000.0,,
MLB,lamonte wade,LaMonte Wade,hits,4531806102eb01c9886a2ceb2b16b0b9,2026-09-03T18:10:00Z,,,0.5,0.5,0.5,3,100.0,0.0,-115.0,-120.0,,
MLB,lamonte wade,LaMonte Wade,hits_runs_rbis,4531806102eb01c9886a2ceb2b16b0b9,2026-09-03T18:10:00Z,,,0.5,0.5,0.5,1,100.0,0.0,-150.0,105.0,,
MLB,lamonte wade,LaMonte Wade,home_runs,4531806102eb01c9886a2ceb2b16b0b9,2026-09-03T18:10:00Z,,,0.5,0.5,0.5,2,100.0,0.0,775.0,-1400.0,,
MLB,lamonte wade,LaMonte Wade,rbis,4531806102eb01c9886a2ceb2b16b0b9,2026-09-03T18:10:00Z,,,0.5,0.5,0.5,2,100.0,0.0,260.0,-400.0,,
MLB,lamonte wade,LaMonte Wade,runs,4531806102eb01c9886a2ceb2b16b0b9,2026-09-03T18:10:00Z,,,0.5,0.5,0.5,1,100.0,0.0,160.0,-250.0,,
MLB,lamonte wade,LaMonte Wade,total_bases,4531806102eb01c9886a2ceb2b16b0b9,2026-09-03T18:10:00Z,,,0.5,0.5,0.5,2,100.0,0.0,-9.0,-124.0,,
MLB,lamonte wade jr,LaMonte Wade Jr.,hits,4531806102eb01c9886a2ceb2b16b0b9,2026-09-03T18:10:00Z,,,0.5,0.5,0.5,1,100.0,0.0,-160.0,-117.0,0.5,0.0
MLB,lamonte wade jr,LaMonte Wade Jr.,home_runs,4531806102eb01c9886a2ceb2b16b0b9,2026-09-03T18:10:00Z,,,0.5,0.5,0.5,2,100.0,0.0,711.5,-900.0,,
MLB,lamonte wade jr,LaMonte Wade Jr.,rbis,4531806102eb01c9886a2ceb2b16b0b9,2026-09-03T18:10:00Z,,,0.5,0.5,0.5,1,100.0,0.0,250.0,-485.0,,
MLB,lamonte wade jr,LaMonte Wade Jr.,runs,4531806102eb01c9886a2ceb2b16b0b9,2026-09-03T18:10:00Z,,,0.5,0.5,0.5,1,100.0,0.0,136.0,-230.0,,
MLB,lawrence butler,Lawrence Butler,home_runs,0bbf9d80b06a1e1868b6224c751b8a2e,2026-09-04T01:40:00Z,,,0.5,0.5,0.5,1,100.0,0.0,840.0,-2631.0,,
MLB,lazaro montes,Lazaro Montes,home_runs,0bbf9d80b06a1e1868b6224c751b8a2e,2026-09-04T01:40:00Z,,,0.5,0.5,0.5,1,100.0,0.0,630.0,-1388.0,,
MLB,leody taveras,Leody Taveras,doubles,87e824da83d83bcea518867ca5c3d75f,2026-09-03T23:15:00Z,,,0.5,0.5,0.5,4,100.0,0.0,512.5,-967.5,,
MLB,leody taveras,Leody Taveras,hits,87e824da83d83bcea518867ca5c3d75f,2026-09-03T23:15:00Z,,,0.5,0.5,0.5,5,100.0,0.0,-145.0,107.5,,
MLB,leody taveras,Leody Taveras,hits_runs_rbis,87e824da83d83bcea518867ca5c3d75f,2026-09-03T23:15:00Z,,,1.0,0.5,1.5,4,100.0,0.5,-30.5,130.0,,
MLB,leody taveras,Leody Taveras,home_runs,87e824da83d83bcea518867ca5c3d75f,2026-09-03T23:15:00Z,,,0.5,0.5,0.5,5,100.0,0.0,930.0,-3000.0,,
MLB,leody taveras,Leody Taveras,pitcher_strikeouts,87e824da83d83bcea518867ca5c3d75f,2026-09-03T23:15:00Z,,,0.5,0.5,0.5,2,100.0,0.0,-217.5,165.0,,
MLB,leody taveras,Leody Taveras,rbis,87e824da83d83bcea518867ca5c3d75f,2026-09-03T23:15:00Z,,,0.5,0.5,0.5,6,100.0,0.0,250.0,-410.0,,
MLB,leody taveras,Leody Taveras,runs,87e824da83d83bcea518867ca5c3d75f,2026-09-03T23:15:00Z,,,0.5,0.5,0.5,7,100.0,0.0,180.0,-252.0,,
MLB,leody taveras,Leody Taveras,singles,87e824da83d83bcea518867ca5c3d75f,2026-09-03T23:15:00Z,,,0.5,0.5,0.5,3,100.0,0.0,101.0,-155.0,,
MLB,leody taveras,Leody Taveras,stolen_bases,87e824da83d83bcea518867ca5c3d75f,2026-09-03T23:15:00Z,,,0.5,0.5,0.5,6,100.0,0.0,587.5,-1325.0,,
MLB,leody taveras,Leody Taveras,total_bases,87e824da83d83bcea518867ca5c3d75f,2026-09-03T23:15:00Z,,,0.5,0.5,1.5,7,85.7,0.35,-140.0,105.0,,
MLB,leody taveras,Leody Taveras,triples,87e824da83d83bcea518867ca5c3d75f,2026-09-03T23:15:00Z,,,0.5,0.5,0.5,2,100.0,0.0,1800.0,,,
MLB,leody taveras,Leody Taveras,walks,87e824da83d83bcea518867ca5c3d75f,2026-09-03T23:15:00Z,,,0.5,0.5,0.5,1,100.0,0.0,240.0,-450.0,,
MLB,leody taveras bal,Leody Taveras (BAL),hits,87e824da83d83bcea518867ca5c3d75f,2026-09-03T23:15:00Z,,,1.5,1.5,1.5,1,100.0,0.0,125.0,-165.0,,
MLB,logan henderson,Logan Henderson,earned_runs,919bdbd90145290fd9a5266e0fed035b,2026-09-03T23:15:00Z,,,2.5,1.5,2.5,6,83.3,0.373,124.5,-175.0,,
MLB,logan henderson,Logan Henderson,hits_allowed,919bdbd90145290fd9a5266e0fed035b,2026-09-03T23:15:00Z,,,4.5,4.5,4.5,4,100.0,0.0,-113.5,-119.0,4.5,0.0
MLB,logan henderson,Logan Henderson,pitcher_strikeouts,919bdbd90145290fd9a5266e0fed035b,2026-09-03T23:15:00Z,,,5.5,5.5,5.5,10,100.0,0.0,-118.0,-109.5,5.5,0.0
MLB,logan henderson,Logan Henderson,walks,919bdbd90145290fd9a5266e0fed035b,2026-09-03T23:15:00Z,,,1.5,1.5,1.5,2,100.0,0.0,3.0,-146.5,,
MLB,logan henderson mil,Logan Henderson (MIL),pitcher_strikeouts,919bdbd90145290fd9a5266e0fed035b,2026-09-03T23:15:00Z,,,4.5,2.5,7.5,1,20.0,1.855,-250.0,,,
MLB,luis castillo,Luis Castillo,earned_runs,4531806102eb01c9886a2ceb2b16b0b9,2026-09-03T18:10:00Z,,,2.5,2.5,2.5,2,100.0,0.0,-102.0,-134.0,,
MLB,luis castillo,Luis Castillo,hits_allowed,4531806102eb01c9886a2ceb2b16b0b9,2026-09-03T18:10:00Z,,,5.5,5.5,5.5,1,100.0,0.0,108.0,,,
MLB,luis castillo,Luis Castillo,pitcher_strikeouts,4531806102eb01c9886a2ceb2b16b0b9,2026-09-03T18:10:00Z,,,4.5,3.5,5.5,5,66.7,0.577,0.5,-139.0,4.0,-0.5
MLB,luis robert,Luis Robert,doubles,87e824da83d83bcea518867ca5c3d75f,2026-09-03T23:15:00Z,,,0.5,0.5,0.5,2,100.0,0.0,475.0,-750.0,,
MLB,luis robert,Luis Robert,hits,87e824da83d83bcea518867ca5c3d75f,2026-09-03T23:15:00Z,,,0.5,0.5,0.5,4,100.0,0.0,-172.5,130.0,,
MLB,luis robert,Luis Robert,hits_runs_rbis,87e824da83d83bcea518867ca5c3d75f,2026-09-03T23:15:00Z,,,1.5,1.5,1.5,4,100.0,0.0,107.5,-145.5,,
MLB,luis robert,Luis Robert,home_runs,87e824da83d83bcea518867ca5c3d75f,2026-09-03T23:15:00Z,,,0.5,0.5,0.5,1,100.0,0.0,475.0,-750.0,,
MLB,luis robert,Luis Robert,pitcher_strikeouts,87e824da83d83bcea518867ca5c3d75f,2026-09-03T23:15:00Z,,,0.5,0.5,0.5,1,100.0,0.0,-185.0,,,
MLB,luis robert,Luis Robert,rbis,87e824da83d83bcea518867ca5c3d75f,2026-09-03T23:15:00Z,,,0.5,0.5,0.5,3,100.0,0.0,180.0,-257.5,,
MLB,luis robert,Luis Robert,runs,87e824da83d83bcea518867ca5c3d75f,2026-09-03T23:15:00Z,,,0.5,0.5,0.5,2,100.0,0.0,140.5,-192.5,,
MLB,luis robert,Luis Robert,singles,87e824da83d83bcea518867ca5c3d75f,2026-09-03T23:15:00Z,,,0.5,0.5,0.5,4,100.0,0.0,108.5,-147.5,,
MLB,luis robert,Luis Robert,stolen_bases,87e824da83d83bcea518867ca5c3d75f,2026-09-03T23:15:00Z,,,0.5,0.5,0.5,4,100.0,0.0,562.5,-1140.0,,
MLB,luis robert,Luis Robert,total_bases,87e824da83d83bcea518867ca5c3d75f,2026-09-03T23:15:00Z,,,0.5,0.5,1.5,3,66.7,0.471,-165.0,125.0,,
MLB,luis robert,Luis Robert,triples,87e824da83d83bcea518867ca5c3d75f,2026-09-03T23:15:00Z,,,0.5,0.5,0.5,2,100.0,0.0,1900.0,-15000.0,,
MLB,luis robert,Luis Robert,walks,87e824da83d83bcea518867ca5c3d75f,2026-09-03T23:15:00Z,,,0.5,0.5,0.5,1,100.0,0.0,270.0,-397.0,,
MLB,luis robert jr,Luis Robert Jr.,doubles,87e824da83d83bcea518867ca5c3d75f,2026-09-03T23:15:00Z,,,0.5,0.5,0.5,1,100.0,0.0,410.0,-915.0,,
MLB,luis robert jr,Luis Robert Jr.,hits,87e824da83d83bcea518867ca5c3d75f,2026-09-03T23:15:00Z,,,0.5,0.5,0.5,3,100.0,0.0,-186.0,134.5,,
MLB,luis robert jr,Luis Robert Jr.,hits_runs_rbis,87e824da83d83bcea518867ca5c3d75f,2026-09-03T23:15:00Z,,,1.5,1.5,1.5,3,100.0,0.0,106.0,-152.5,,
MLB,luis robert jr,Luis Robert Jr.,home_runs,87e824da83d83bcea518867ca5c3d75f,2026-09-03T23:15:00Z,,,0.5,0.5,0.5,4,100.0,0.0,469.0,-788.0,,
MLB,luis robert jr,Luis Robert Jr.,rbis,87e824da83d83bcea518867ca5c3d75f,2026-09-03T23:15:00Z,,,0.5,0.5,0.5,3,100.0,0.0,215.0,-330.0,,
MLB,luis robert jr,Luis Robert Jr.,runs,87e824da83d83bcea518867ca5c3d75f,2026-09-03T23:15:00Z,,,0.5,0.5,0.5,2,100.0,0.0,141.0,-210.0,,
MLB,luis robert jr,Luis Robert Jr.,singles,87e824da83d83bcea518867ca5c3d75f,2026-09-03T23:15:00Z,,,0.5,0.5,0.5,2,100.0,0.0,2.5,-152.5,,
MLB,luis robert jr,Luis Robert Jr.,stolen_bases,87e824da83d83bcea518867ca5c3d75f,2026-09-03T23:15:00Z,,,0.5,0.5,0.5,3,100.0,0.0,669.0,-1220.0,,
MLB,luis robert jr,Luis Robert Jr.,total_bases,87e824da83d83bcea518867ca5c3d75f,2026-09-03T23:15:00Z,,,1.5,1.5,1.5,1,100.0,0.0,135.0,,,
MLB,matt shaw,Matt Shaw,hits,919bdbd90145290fd9a5266e0fed035b,2026-09-03T23:15:00Z,,,0.5,0.5,0.5,3,100.0,0.0,-115.0,-115.0,0.5,0.0
MLB,matt shaw,Matt Shaw,hits_runs_rbis,919bdbd90145290fd9a5266e0fed035b,2026-09-03T23:15:00Z,,,0.5,0.5,0.5,4,100.0,0.0,-170.0,125.0,,
MLB,matt shaw,Matt Shaw,home_runs,919bdbd90145290fd9a5266e0fed035b,2026-09-03T23:15:00Z,,,0.5,0.5,0.5,3,100.0,0.0,733.0,-910.0,,
MLB,matt shaw,Matt Shaw,pitcher_strikeouts,919bdbd90145290fd9a5266e0fed035b,2026-09-03T23:15:00Z,,,0.5,0.5,0.5,1,100.0,0.0,-180.0,135.0,,
MLB,matt shaw,Matt Shaw,rbis,919bdbd90145290fd9a5266e0fed035b,2026-09-03T23:15:00Z,,,0.5,0.5,0.5,4,100.0,0.0,250.0,-375.0,,
MLB,matt shaw,Matt Shaw,runs,919bdbd90145290fd9a5266e0fed035b,2026-09-03T23:15:00Z,,,0.5,0.5,0.5,3,100.0,0.0,186.0,-270.0,,
MLB,matt shaw,Matt Shaw,singles,919bdbd90145290fd9a5266e0fed035b,2026-09-03T23:15:00Z,,,0.5,0.5,0.5,4,100.0,0.0,139.5,-198.0,,
MLB,matt shaw,Matt Shaw,stolen_bases,919bdbd90145290fd9a5266e0fed035b,2026-09-03T23:15:00Z,,,0.5,0.5,0.5,4,100.0,0.0,900.0,-3700.0,,
MLB,matt shaw,Matt Shaw,total_bases,919bdbd90145290fd9a5266e0fed035b,2026-09-03T23:15:00Z,,,0.5,0.5,0.5,3,100.0,0.0,-112.0,-120.0,0.5,0.0
MLB,matt shaw,Matt Shaw,triples,919bdbd90145290fd9a5266e0fed035b,2026-09-03T23:15:00Z,,,0.5,0.5,0.5,1,100.0,0.0,1900.0,-20000.0,,
MLB,matt shaw,Matt Shaw,walks,919bdbd90145290fd9a5266e0fed035b,2026-09-03T23:15:00Z,,,0.5,0.5,0.5,2,100.0,0.0,262.5,-380.0,,
MLB,max muncy,Max Muncy,home_runs,0bbf9d80b06a1e1868b6224c751b8a2e,2026-09-04T01:40:00Z,,,0.5,0.5,0.5,1,100.0,0.0,620.0,-1347.0,,
MLB,michael busch,Michael Busch,doubles,919bdbd90145290fd9a5266e0fed035b,2026-09-03T23:15:00Z,,,0.5,0.5,0.5,2,100.0,0.0,437.5,-700.0,,
MLB,michael busch,Michael Busch,hits,919bdbd90145290fd9a5266e0fed035b,2026-09-03T23:15:00Z,,,0.5,0.5,0.5,6,100.0,0.0,-153.5,125.0,,
MLB,michael busch,Michael Busch,hits_runs_rbis,919bdbd90145290fd9a5266e0fed035b,2026-09-03T23:15:00Z,,,1.5,1.5,1.5,4,100.0,0.0,113.5,-144.5,,
MLB,michael busch,Michael Busch,home_runs,919bdbd90145290fd9a5266e0fed035b,2026-09-03T23:15:00Z,,,0.5,0.5,0.5,5,100.0,0.0,450.0,-640.0,,
MLB,michael busch,Michael Busch,pitcher_strikeouts,919bdbd90145290fd9a5266e0fed035b,2026-09-03T23:15:00Z,,,1.5,1.5,1.5,1,100.0,0.0,170.0,-230.0,,
MLB,michael busch,Michael Busch,rbis,919bdbd90145290fd9a5266e0fed035b,2026-09-03T23:15:00Z,,,0.5,0.5,0.5,4,100.0,0.0,182.0,-245.0,,
MLB,michael busch,Michael Busch,runs,919bdbd90145290fd9a5266e0fed035b,2026-09-03T23:15:00Z,,,0.5,0.5,0.5,3,100.0,0.0,135.0,-187.0,,
MLB,michael busch,Michael Busch,singles,919bdbd90145290fd9a5266e0fed035b,2026-09-03T23:15:00Z,,,0.5,0.5,0.5,4,100.0,0.0,144.0,-200.0,,
MLB,michael busch,Michael Busch,stolen_bases,919bdbd90145290fd9a5266e0fed035b,2026-09-03T23:15:00Z,,,0.5,0.5,0.5,3,100.0,0.0,1000.0,-2122.0,,
MLB,michael busch,Michael Busch,total_bases,919bdbd90145290fd9a5266e0fed035b,2026-09-03T23:15:00Z,,,1.0,0.5,1.5,4,100.0,0.5,-3.0,121.0,,
MLB,michael busch,Michael Busch,triples,919bdbd90145290fd9a5266e0fed035b,2026-09-03T23:15:00Z,,,0.5,0.5,0.5,2,100.0,0.0,2150.0,-10000.0,,
MLB,michael busch,Michael Busch,walks,919bdbd90145290fd9a5266e0fed035b,2026-09-03T23:15:00Z,,,0.5,0.5,0.5,2,100.0,0.0,184.5,-255.0,,
MLB,michael conforto,Michael Conforto,doubles,919bdbd90145290fd9a5266e0fed035b,2026-09-03T23:15:00Z,,,0.5,0.5,0.5,1,100.0,0.0,550.0,-900.0,,
MLB,michael conforto,Michael Conforto,hits,919bdbd90145290fd9a5266e0fed035b,2026-09-03T23:15:00Z,,,0.5,0.5,0.5,3,100.0,0.0,-103.0,-120.0,0.5,0.0
MLB,michael conforto,Michael Conforto,hits_runs_rbis,919bdbd90145290fd9a5266e0fed035b,2026-09-03T23:15:00Z,,,0.5,0.5,0.5,3,100.0,0.0,-133.0,112.0,,
MLB,michael conforto,Michael Conforto,home_runs,919bdbd90145290fd9a5266e0fed035b,2026-09-03T23:15:00Z,,,0.5,0.5,0.5,3,100.0,0.0,475.0,-750.0,,
MLB,michael conforto,Michael Conforto,pitcher_strikeouts,919bdbd90145290fd9a5266e0fed035b,2026-09-03T23:15:00Z,,,0.5,0.5,0.5,1,100.0,0.0,-250.0,185.0,,
MLB,michael conforto,Michael Conforto,rbis,919bdbd90145290fd9a5266e0fed035b,2026-09-03T23:15:00Z,,,0.5,0.5,0.5,4,100.0,0.0,237.5,-347.5,,
MLB,michael conforto,Michael Conforto,runs,919bdbd90145290fd9a5266e0fed035b,2026-09-03T23:15:00Z,,,0.5,0.5,0.5,2,100.0,0.0,169.5,-242.5,,
MLB,michael conforto,Michael Conforto,singles,919bdbd90145290fd9a5266e0fed035b,2026-09-03T23:15:00Z,,,0.5,0.5,0.5,3,100.0,0.0,195.0,-300.0,,
MLB,michael conforto,Michael Conforto,stolen_bases,919bdbd90145290fd9a5266e0fed035b,2026-09-03T23:15:00Z,,,0.5,0.5,0.5,1,100.0,0.0,809.0,,,
MLB,michael conforto,Michael Conforto,total_bases,919bdbd90145290fd9a5266e0fed035b,2026-09-03T23:15:00Z,,,0.5,0.5,1.5,5,60.0,0.49,-104.0,-134.0,0.5,0.0
MLB,michael conforto,Michael Conforto,walks,919bdbd90145290fd9a5266e0fed035b,2026-09-03T23:15:00Z,,,0.5,0.5,0.5,1,100.0,0.0,250.0,-350.0,,
MLB,michael massey,Michael Massey,hits,18307ff6045b1448e7ad3a1f2d836c6a,2026-09-03T23:40:00Z,,,0.5,0.5,0.5,2,100.0,0.0,-181.0,155.0,,
MLB,michael massey,Michael Massey,home_runs,18307ff6045b1448e7ad3a1f2d836c6a,2026-09-03T23:40:00Z,,,0.5,0.5,0.5,1,100.0,0.0,700.0,-770.0,,
MLB,michael massey,Michael Massey,rbis,18307ff6045b1448e7ad3a1f2d836c6a,2026-09-03T23:40:00Z,,,0.5,0.5,0.5,1,100.0,0.0,200.0,-278.0,,
MLB,michael massey,Michael Massey,runs,18307ff6045b1448e7ad3a1f2d836c6a,2026-09-03T23:40:00Z,,,0.5,0.5,0.5,1,100.0,0.0,160.0,,,
MLB,michael massey,Michael Massey,total_bases,18307ff6045b1448e7ad3a1f2d836c6a,2026-09-03T23:40:00Z,,,1.5,1.5,1.5,1,100.0,0.0,188.0,-278.0,,
MLB,michael wacha,Michael Wacha,earned_runs,18307ff6045b1448e7ad3a1f2d836c6a,2026-09-03T23:40:00Z,,,2.5,2.5,2.5,2,100.0,0.0,-138.0,113.5,,
MLB,michael wacha,Michael Wacha,hits_allowed,18307ff6045b1448e7ad3a1f2d836c6a,2026-09-03T23:40:00Z,,,5.5,5.5,5.5,2,100.0,0.0,-132.0,108.5,5.5,0.0
MLB,michael wacha,Michael Wacha,pitcher_strikeouts,18307ff6045b1448e7ad3a1f2d836c6a,2026-09-03T23:40:00Z,,,4.5,3.5,5.5,4,50.0,0.707,-152.0,107.0,5.0,0.5
MLB,michael wacha,Michael Wacha,walks,18307ff6045b1448e7ad3a1f2d836c6a,2026-09-03T23:40:00Z,,,1.5,1.5,1.5,1,100.0,0.0,-100.0,-147.0,,
MLB,michael wacha kc,Michael Wacha (KC),earned_runs,18307ff6045b1448e7ad3a1f2d836c6a,2026-09-03T23:40:00Z,,,2.5,2.5,2.5,1,100.0,0.0,-140.0,,,
MLB,michael wacha kc,Michael Wacha (KC),pitcher_outs,18307ff6045b1448e7ad3a1f2d836c6a,2026-09-03T23:40:00Z,,,17.5,17.5,17.5,1,100.0,0.0,-165.0,125.0,,
MLB,michael wacha kc,Michael Wacha (KC),pitcher_strikeouts,18307ff6045b1448e7ad3a1f2d836c6a,2026-09-03T23:40:00Z,,,4.5,4.5,4.5,1,100.0,0.0,-200.0,,,
MLB,mickey gasper,Mickey Gasper,doubles,87e824da83d83bcea518867ca5c3d75f,2026-09-03T23:15:00Z,,,0.5,0.5,0.5,2,100.0,0.0,425.0,-675.0,,
MLB,mickey gasper,Mickey Gasper,hits,87e824da83d83bcea518867ca5c3d75f,2026-09-03T23:15:00Z,,,0.5,0.5,0.5,5,100.0,0.0,-199.0,165.0,,
MLB,mickey gasper,Mickey Gasper,hits_runs_rbis,87e824da83d83bcea518867ca5c3d75f,2026-09-03T23:15:00Z,,,1.5,1.5,1.5,4,100.0,0.0,-117.5,-1.5,1.5,0.0
MLB,mickey gasper,Mickey Gasper,home_runs,87e824da83d83bcea518867ca5c3d75f,2026-09-03T23:15:00Z,,,0.5,0.5,0.5,2,100.0,0.0,554.5,-1010.0,,
MLB,mickey gasper,Mickey Gasper,pitcher_strikeouts,87e824da83d83bcea518867ca5c3d75f,2026-09-03T23:15:00Z,,,0.5,0.5,0.5,1,100.0,0.0,-130.0,,,
MLB,mickey gasper,Mickey Gasper,rbis,87e824da83d83bcea518867ca5c3d75f,2026-09-03T23:15:00Z,,,0.5,0.5,0.5,5,100.0,0.0,175.0,-242.5,,
MLB,mickey gasper,Mickey Gasper,runs,87e824da83d83bcea518867ca5c3d75f,2026-09-03T23:15:00Z,,,0.5,0.5,0.5,3,100.0,0.0,115.0,-148.0,,
MLB,mickey gasper,Mickey Gasper,singles,87e824da83d83bcea518867ca5c3d75f,2026-09-03T23:15:00Z,,,0.5,0.5,0.5,2,100.0,0.0,-113.5,-123.5,0.5,0.0
MLB,mickey gasper,Mickey Gasper,total_bases,87e824da83d83bcea518867ca5c3d75f,2026-09-03T23:15:00Z,,,1.5,1.5,1.5,5,100.0,0.0,133.0,-175.0,,
MLB,mickey gasper,Mickey Gasper,triples,87e824da83d83bcea518867ca5c3d75f,2026-09-03T23:15:00Z,,,0.5,0.5,0.5,1,100.0,0.0,2000.0,,,
MLB,miguel amaya,Miguel Amaya,home_runs,919bdbd90145290fd9a5266e0fed035b,2026-09-03T23:15:00Z,,,0.5,0.5,0.5,1,100.0,0.0,733.0,,,
MLB,miguel vargas,Miguel Vargas,doubles,4531806102eb01c9886a2ceb2b16b0b9,2026-09-03T18:10:00Z,,,0.5,0.5,0.5,1,100.0,0.0,450.0,-700.0,,
MLB,miguel vargas,Miguel Vargas,hits,4531806102eb01c9886a2ceb2b16b0b9,2026-09-03T18:10:00Z,,,0.5,0.5,0.5,4,100.0,0.0,-217.5,150.0,,
MLB,miguel vargas,Miguel Vargas,hits_runs_rbis,4531806102eb01c9886a2ceb2b16b0b9,2026-09-03T18:10:00Z,,,1.5,1.5,1.5,3,100.0,0.0,105.0,-127.0,1.5,0.0
MLB,miguel vargas,Miguel Vargas,home_runs,4531806102eb01c9886a2ceb2b16b0b9,2026-09-03T18:10:00Z,,,0.5,0.5,0.5,4,100.0,0.0,467.5,-819.0,,
MLB,miguel vargas,Miguel Vargas,rbis,4531806102eb01c9886a2ceb2b16b0b9,2026-09-03T18:10:00Z,,,0.5,0.5,0.5,3,100.0,0.0,155.0,-225.0,,
MLB,miguel vargas,Miguel Vargas,runs,4531806102eb01c9886a2ceb2b16b0b9,2026-09-03T18:10:00Z,,,0.5,0.5,0.5,3,100.0,0.0,115.0,-198.0,,
MLB,miguel vargas,Miguel Vargas,singles,4531806102eb01c9886a2ceb2b16b0b9,2026-09-03T18:10:00Z,,,0.5,0.5,0.5,2,100.0,0.0,-124.0,-162.0,,
MLB,miguel vargas,Miguel Vargas,stolen_bases,4531806102eb01c9886a2ceb2b16b0b9,2026-09-03T18:10:00Z,,,0.5,0.5,0.5,2,100.0,0.0,725.0,-1600.0,,
MLB,miguel vargas,Miguel Vargas,total_bases,4531806102eb01c9886a2ceb2b16b0b9,2026-09-03T18:10:00Z,,,1.5,0.5,1.5,3,66.7,0.471,115.0,-35.0,,
MLB,miguel vargas,Miguel Vargas,triples,4531806102eb01c9886a2ceb2b16b0b9,2026-09-03T18:10:00Z,,,0.5,0.5,0.5,1,100.0,0.0,4000.0,,,
MLB,mookie betts,Mookie Betts,home_runs,178e47f48ce23704395138f8f050b334,2026-09-04T02:10:00Z,,,0.5,0.5,0.5,1,100.0,0.0,450.0,-792.0,,
MLB,munetaka murakami,Munetaka Murakami,doubles,4531806102eb01c9886a2ceb2b16b0b9,2026-09-03T18:10:00Z,,,0.5,0.5,0.5,1,100.0,0.0,475.0,-800.0,,
MLB,munetaka murakami,Munetaka Murakami,hits,4531806102eb01c9886a2ceb2b16b0b9,2026-09-03T18:10:00Z,,,0.5,0.5,0.5,3,100.0,0.0,-132.0,-1.0,0.5,0.0
MLB,munetaka murakami,Munetaka Murakami,hits_runs_rbis,4531806102eb01c9886a2ceb2b16b0b9,2026-09-03T18:10:00Z,,,1.5,1.5,1.5,2,100.0,0.0,125.0,-144.5,,
MLB,munetaka murakami,Munetaka Murakami,home_runs,4531806102eb01c9886a2ceb2b16b0b9,2026-09-03T18:10:00Z,,,0.5,0.5,0.5,2,100.0,0.0,457.5,-650.0,,
MLB,munetaka murakami,Munetaka Murakami,rbis,4531806102eb01c9886a2ceb2b16b0b9,2026-09-03T18:10:00Z,,,0.5,0.5,0.5,2,100.0,0.0,199.0,-295.0,,
MLB,munetaka murakami,Munetaka Murakami,runs,4531806102eb01c9886a2ceb2b16b0b9,2026-09-03T18:10:00Z,,,0.5,0.5,0.5,2,100.0,0.0,119.5,-195.0,,
MLB,munetaka murakami,Munetaka Murakami,stolen_bases,4531806102eb01c9886a2ceb2b16b0b9,2026-09-03T18:10:00Z,,,0.5,0.5,0.5,1,100.0,0.0,900.0,-2000.0,,
MLB,munetaka murakami,Munetaka Murakami,total_bases,4531806102eb01c9886a2ceb2b16b0b9,2026-09-03T18:10:00Z,,,1.0,0.5,1.5,2,100.0,0.5,34.5,-275.0,0.5,-0.5
MLB,myles straw,Myles Straw,hits,3ffba29c7cccfbdb0cb05ee26cd7d550,2026-09-03T17:10:00Z,,,0.5,0.5,0.5,1,100.0,0.0,-145.0,110.0,,
MLB,myles straw,Myles Straw,rbis,3ffba29c7cccfbdb0cb05ee26cd7d550,2026-09-03T17:10:00Z,,,0.5,0.5,0.5,1,100.0,0.0,285.0,-450.0,,
MLB,myles straw,Myles Straw,total_bases,3ffba29c7cccfbdb0cb05ee26cd7d550,2026-09-03T17:10:00Z,,,0.5,0.5,0.5,1,100.0,0.0,-140.0,105.0,,
MLB,nate furman,Nate Furman,doubles,4b25e965b62d7c19e2aa8fbfff667da3,2026-09-03T16:35:00Z,,,0.5,0.5,0.5,1,100.0,0.0,600.0,-1000.0,,
MLB,nate furman,Nate Furman,hits,4b25e965b62d7c19e2aa8fbfff667da3,2026-09-03T16:35:00Z,,,0.5,0.5,0.5,1,100.0,0.0,-148.0,107.0,0.5,0.0
MLB,nate furman,Nate Furman,home_runs,4b25e965b62d7c19e2aa8fbfff667da3,2026-09-03T16:35:00Z,,,0.5,0.5,0.5,1,100.0,0.0,1200.0,-3000.0,,
MLB,nate furman,Nate Furman,rbis,4b25e965b62d7c19e2aa8fbfff667da3,2026-09-03T16:35:00Z,,,0.5,0.5,0.5,1,100.0,0.0,215.0,-315.0,,
MLB,nate furman,Nate Furman,runs,4b25e965b62d7c19e2aa8fbfff667da3,2026-09-03T16:35:00Z,,,0.5,0.5,0.5,1,100.0,0.0,195.0,-375.0,,
MLB,nate furman,Nate Furman,stolen_bases,4b25e965b62d7c19e2aa8fbfff667da3,2026-09-03T16:35:00Z,,,0.5,0.5,0.5,1,100.0,0.0,1300.0,-5000.0,,
MLB,nate furman,Nate Furman,total_bases,4b25e965b62d7c19e2aa8fbfff667da3,2026-09-03T16:35:00Z,,,0.5,0.5,0.5,1,100.0,0.0,-148.0,105.0,0.5,0.0
MLB,nathan lukes,Nathan Lukes,doubles,3ffba29c7cccfbdb0cb05ee26cd7d550,2026-09-03T17:10:00Z,,,0.5,0.5,0.5,1,100.0,0.0,400.0,-600.0,,
MLB,nathan lukes,Nathan Lukes,hits,3ffba29c7cccfbdb0cb05ee26cd7d550,2026-09-03T17:10:00Z,,,0.5,0.5,0.5,3,100.0,0.0,-205.0,129.0,,
MLB,nathan lukes,Nathan Lukes,home_runs,3ffba29c7cccfbdb0cb05ee26cd7d550,2026-09-03T17:10:00Z,,,0.5,0.5,0.5,3,100.0,0.0,800.0,-1300.0,,
MLB,nathan lukes,Nathan Lukes,rbis,3ffba29c7cccfbdb0cb05ee26cd7d550,2026-09-03T17:10:00Z,,,0.5,0.5,0.5,3,100.0,0.0,220.0,-326.5,,
MLB,nathan lukes,Nathan Lukes,runs,3ffba29c7cccfbdb0cb05ee26cd7d550,2026-09-03T17:10:00Z,,,0.5,0.5,0.5,2,100.0,0.0,242.5,-280.0,,
MLB,nathan lukes,Nathan Lukes,total_bases,3ffba29c7cccfbdb0cb05ee26cd7d550,2026-09-03T17:10:00Z,,,1.0,0.5,1.5,2,100.0,0.5,2.5,-60.0,,
MLB,nathaniel lowe,Nathaniel Lowe,doubles,3ffba29c7cccfbdb0cb05ee26cd7d550,2026-09-03T17:10:00Z,,,0.5,0.5,0.5,1,100.0,0.0,450.0,-750.0,,
MLB,nathaniel lowe,Nathaniel Lowe,hits,3ffba29c7cccfbdb0cb05ee26cd7d550,2026-09-03T17:10:00Z,,,0.5,0.5,0.5,2,100.0,0.0,-176.0,126.5,,
MLB,nathaniel lowe,Nathaniel Lowe,hits_runs_rbis,3ffba29c7cccfbdb0cb05ee26cd7d550,2026-09-03T17:10:00Z,,,1.5,1.5,1.5,1,100.0,0.0,-115.0,-125.0,,
MLB,nathaniel lowe,Nathaniel Lowe,home_runs,3ffba29c7cccfbdb0cb05ee26cd7d550,2026-09-03T17:10:00Z,,,0.5,0.5,0.5,2,100.0,0.0,1125.0,-1800.0,,
MLB,nathaniel lowe,Nathaniel Lowe,rbis,3ffba29c7cccfbdb0cb05ee26cd7d550,2026-09-03T17:10:00Z,,,0.5,0.5,0.5,3,100.0,0.0,190.0,-280.0,,
MLB,nathaniel lowe,Nathaniel Lowe,runs,3ffba29c7cccfbdb0cb05ee26cd7d550,2026-09-03T17:10:00Z,,,0.5,0.5,0.5,2,100.0,0.0,335.0,-350.0,,
MLB,nathaniel lowe,Nathaniel Lowe,total_bases,3ffba29c7cccfbdb0cb05ee26cd7d550,2026-09-03T17:10:00Z,,,0.5,0.5,1.5,3,66.7,0.471,-175.0,120.0,,
MLB,nick gonzales,Nick Gonzales,doubles,4b25e965b62d7c19e2aa8fbfff667da3,2026-09-03T16:35:00Z,,,0.5,0.5,0.5,1,100.0,0.0,350.0,-550.0,,
MLB,nick gonzales,Nick Gonzales,hits,4b25e965b62d7c19e2aa8fbfff667da3,2026-09-03T16:35:00Z,,,1.5,1.5,1.5,1,100.0,0.0,170.0,-240.0,,
MLB,nick gonzales,Nick Gonzales,home_runs,4b25e965b62d7c19e2aa8fbfff667da3,2026-09-03T16:35:00Z,,,0.5,0.5,0.5,1,100.0,0.0,1000.0,-2200.0,,
MLB,nick gonzales,Nick Gonzales,rbis,4b25e965b62d7c19e2aa8fbfff667da3,2026-09-03T16:35:00Z,,,0.5,0.5,0.5,1,100.0,0.0,128.0,-175.0,,
MLB,nick gonzales,Nick Gonzales,runs,4b25e965b62d7c19e2aa8fbfff667da3,2026-09-03T16:35:00Z,,,0.5,0.5,0.5,1,100.0,0.0,425.0,-850.0,,
MLB,nick gonzales,Nick Gonzales,stolen_bases,4b25e965b62d7c19e2aa8fbfff667da3,2026-09-03T16:35:00Z,,,0.5,0.5,0.5,1,100.0,0.0,1400.0,-6000.0,,
MLB,nick gonzales,Nick Gonzales,total_bases,4b25e965b62d7c19e2aa8fbfff667da3,2026-09-03T16:35:00Z,,,1.5,1.5,1.5,1,100.0,0.0,123.0,-175.0,,
MLB,nick loftin,Nick Loftin,hits,18307ff6045b1448e7ad3a1f2d836c6a,2026-09-03T23:40:00Z,,,0.5,0.5,0.5,2,100.0,0.0,-207.0,155.0,,
MLB,nick loftin,Nick Loftin,rbis,18307ff6045b1448e7ad3a1f2d836c6a,2026-09-03T23:40:00Z,,,0.5,0.5,0.5,2,100.0,0.0,236.0,-316.0,,
MLB,nick loftin,Nick Loftin,runs,18307ff6045b1448e7ad3a1f2d836c6a,2026-09-03T23:40:00Z,,,0.5,0.5,0.5,1,100.0,0.0,156.0,,,
MLB,nick loftin,Nick Loftin,stolen_bases,18307ff6045b1448e7ad3a1f2d836c6a,2026-09-03T23:40:00Z,,,0.5,0.5,0.5,1,100.0,0.0,809.0,,,
MLB,nick loftin,Nick Loftin,total_bases,18307ff6045b1448e7ad3a1f2d836c6a,2026-09-03T23:40:00Z,,,1.5,1.5,1.5,2,100.0,0.0,153.0,-235.0,,
MLB,nick sogard,Nick Sogard,doubles,87e824da83d83bcea518867ca5c3d75f,2026-09-03T23:15:00Z,,,0.5,0.5,0.5,2,100.0,0.0,425.0,-675.0,,
MLB,nick sogard,Nick Sogard,hits,87e824da83d83bcea518867ca5c3d75f,2026-09-03T23:15:00Z,,,0.5,0.5,0.5,4,100.0,0.0,-188.0,140.0,,
MLB,nick sogard,Nick Sogard,hits_runs_rbis,87e824da83d83bcea518867ca5c3d75f,2026-09-03T23:15:00Z,,,1.5,1.5,1.5,3,100.0,0.0,110.0,-152.5,,
MLB,nick sogard,Nick Sogard,home_runs,87e824da83d83bcea518867ca5c3d75f,2026-09-03T23:15:00Z,,,0.5,0.5,0.5,2,100.0,0.0,901.5,-1600.0,,
MLB,nick sogard,Nick Sogard,pitcher_strikeouts,87e824da83d83bcea518867ca5c3d75f,2026-09-03T23:15:00Z,,,0.5,0.5,0.5,1,100.0,0.0,-165.0,,,
MLB,nick sogard,Nick Sogard,rbis,87e824da83d83bcea518867ca5c3d75f,2026-09-03T23:15:00Z,,,0.5,0.5,0.5,4,100.0,0.0,222.5,-325.0,,
MLB,nick sogard,Nick Sogard,runs,87e824da83d83bcea518867ca5c3d75f,2026-09-03T23:15:00Z,,,0.5,0.5,0.5,3,100.0,0.0,147.0,-202.5,,
MLB,nick sogard,Nick Sogard,singles,87e824da83d83bcea518867ca5c3d75f,2026-09-03T23:15:00Z,,,0.5,0.5,0.5,1,100.0,0.0,-110.0,-120.0,0.5,0.0
MLB,nick sogard,Nick Sogard,stolen_bases,87e824da83d83bcea518867ca5c3d75f,2026-09-03T23:15:00Z,,,0.5,0.5,0.5,3,100.0,0.0,1150.0,-6000.0,,
MLB,nick sogard,Nick Sogard,total_bases,87e824da83d83bcea518867ca5c3d75f,2026-09-03T23:15:00Z,,,1.5,0.5,1.5,3,66.7,0.471,153.0,-71.5,,
MLB,nico hoerner,Nico Hoerner,doubles,919bdbd90145290fd9a5266e0fed035b,2026-09-03T23:15:00Z,,,0.5,0.5,0.5,1,100.0,0.0,475.0,-750.0,,
MLB,nico hoerner,Nico Hoerner,hits,919bdbd90145290fd9a5266e0fed035b,2026-09-03T23:15:00Z,,,0.5,0.5,0.5,3,100.0,0.0,-213.0,144.0,,
MLB,nico hoerner,Nico Hoerner,hits_runs_rbis,919bdbd90145290fd9a5266e0fed035b,2026-09-03T23:15:00Z,,,1.5,1.5,1.5,2,100.0,0.0,3.0,-117.5,,
MLB,nico hoerner,Nico Hoerner,home_runs,919bdbd90145290fd9a5266e0fed035b,2026-09-03T23:15:00Z,,,0.5,0.5,0.5,2,100.0,0.0,1216.5,-2866.5,,
MLB,nico hoerner,Nico Hoerner,rbis,919bdbd90145290fd9a5266e0fed035b,2026-09-03T23:15:00Z,,,0.5,0.5,0.5,1,100.0,0.0,200.0,-295.0,,
MLB,nico hoerner,Nico Hoerner,runs,919bdbd90145290fd9a5266e0fed035b,2026-09-03T23:15:00Z,,,0.5,0.5,0.5,2,100.0,0.0,169.0,-225.0,,
MLB,nico hoerner,Nico Hoerner,stolen_bases,919bdbd90145290fd9a5266e0fed035b,2026-09-03T23:15:00Z,,,0.5,0.5,0.5,2,100.0,0.0,645.5,-1200.0,,
MLB,nico hoerner,Nico Hoerner,total_bases,919bdbd90145290fd9a5266e0fed035b,2026-09-03T23:15:00Z,,,0.5,0.5,0.5,1,100.0,0.0,-177.0,128.0,,
MLB,oneil cruz,Oneil Cruz,doubles,4b25e965b62d7c19e2aa8fbfff667da3,2026-09-03T16:35:00Z,,,0.5,0.5,0.5,1,100.0,0.0,400.0,-650.0,,
MLB,oneil cruz,Oneil Cruz,hits,4b25e965b62d7c19e2aa8fbfff667da3,2026-09-03T16:35:00Z,,,0.5,0.5,0.5,1,100.0,0.0,-190.0,138.0,,
MLB,oneil cruz,Oneil Cruz,home_runs,4b25e965b62d7c19e2aa8fbfff667da3,2026-09-03T16:35:00Z,,,0.5,0.5,0.5,1,100.0,0.0,425.0,-475.0,,
MLB,oneil cruz,Oneil Cruz,rbis,4b25e965b62d7c19e2aa8fbfff667da3,2026-09-03T16:35:00Z,,,0.5,0.5,0.5,1,100.0,0.0,112.0,-152.0,,
MLB,oneil cruz,Oneil Cruz,runs,4b25e965b62d7c19e2aa8fbfff667da3,2026-09-03T16:35:00Z,,,0.5,0.5,0.5,1,100.0,0.0,210.0,-325.0,0.5,0.0
MLB,oneil cruz,Oneil Cruz,stolen_bases,4b25e965b62d7c19e2aa8fbfff667da3,2026-09-03T16:35:00Z,,,0.5,0.5,0.5,1,100.0,0.0,475.0,-850.0,,
MLB,oneil cruz,Oneil Cruz,total_bases,4b25e965b62d7c19e2aa8fbfff667da3,2026-09-03T16:35:00Z,,,1.5,1.5,1.5,1,100.0,0.0,138.0,-200.0,,
MLB,otto lopez,Otto Lopez,hits,18307ff6045b1448e7ad3a1f2d836c6a,2026-09-03T23:40:00Z,,,0.5,0.5,0.5,2,100.0,0.0,-271.0,198.5,,
MLB,otto lopez,Otto Lopez,hits_runs_rbis,18307ff6045b1448e7ad3a1f2d836c6a,2026-09-03T23:40:00Z,,,1.5,1.5,1.5,1,100.0,0.0,-133.0,,,
MLB,otto lopez,Otto Lopez,home_runs,18307ff6045b1448e7ad3a1f2d836c6a,2026-09-03T23:40:00Z,,,0.5,0.5,0.5,2,100.0,0.0,714.5,-1457.0,,
MLB,otto lopez,Otto Lopez,rbis,18307ff6045b1448e7ad3a1f2d836c6a,2026-09-03T23:40:00Z,,,0.5,0.5,0.5,1,100.0,0.0,150.0,-215.0,,
MLB,otto lopez,Otto Lopez,stolen_bases,18307ff6045b1448e7ad3a1f2d836c6a,2026-09-03T23:40:00Z,,,0.5,0.5,0.5,1,100.0,0.0,700.0,-1150.0,,
MLB,otto lopez,Otto Lopez,total_bases,18307ff6045b1448e7ad3a1f2d836c6a,2026-09-03T23:40:00Z,,,1.5,1.5,1.5,1,100.0,0.0,133.0,-186.0,,
MLB,owen caissie,Owen Caissie,hits,18307ff6045b1448e7ad3a1f2d836c6a,2026-09-03T23:40:00Z,,,0.5,0.5,0.5,1,100.0,0.0,-141.0,104.0,,
MLB,owen caissie,Owen Caissie,home_runs,18307ff6045b1448e7ad3a1f2d836c6a,2026-09-03T23:40:00Z,,,0.5,0.5,0.5,2,100.0,0.0,473.5,-874.0,,
MLB,owen caissie,Owen Caissie,rbis,18307ff6045b1448e7ad3a1f2d836c6a,2026-09-03T23:40:00Z,,,0.5,0.5,0.5,1,100.0,0.0,150.0,-210.0,,
MLB,owen caissie,Owen Caissie,total_bases,18307ff6045b1448e7ad3a1f2d836c6a,2026-09-03T23:40:00Z,,,1.5,1.5,1.5,1,100.0,0.0,185.0,-275.0,,
MLB,patrick bailey,Patrick Bailey,hits,3ffba29c7cccfbdb0cb05ee26cd7d550,2026-09-03T17:10:00Z,,,0.5,0.5,0.5,1,100.0,0.0,-130.0,100.0,,
MLB,patrick bailey,Patrick Bailey,rbis,3ffba29c7cccfbdb0cb05ee26cd7d550,2026-09-03T17:10:00Z,,,0.5,0.5,0.5,1,100.0,0.0,275.0,-425.0,,
MLB,patrick bailey,Patrick Bailey,runs,3ffba29c7cccfbdb0cb05ee26cd7d550,2026-09-03T17:10:00Z,,,0.5,0.5,0.5,1,100.0,0.0,190.0,-275.0,,
MLB,patrick bailey,Patrick Bailey,total_bases,3ffba29c7cccfbdb0cb05ee26cd7d550,2026-09-03T17:10:00Z,,,0.5,0.5,0.5,1,100.0,0.0,-125.0,-105.0,,
MLB,pedro ramirez,Pedro Ramirez,home_runs,919bdbd90145290fd9a5266e0fed035b,2026-09-03T23:15:00Z,,,0.5,0.5,0.5,1,100.0,0.0,292.0,-257.0,,
MLB,pete alonso,Pete Alonso,doubles,87e824da83d83bcea518867ca5c3d75f,2026-09-03T23:15:00Z,,,0.5,0.5,0.5,1,100.0,0.0,450.0,-700.0,,
MLB,pete alonso,Pete Alonso,hits,87e824da83d83bcea518867ca5c3d75f,2026-09-03T23:15:00Z,,,0.5,0.5,0.5,2,100.0,0.0,-214.0,170.5,,
MLB,pete alonso,Pete Alonso,hits_runs_rbis,87e824da83d83bcea518867ca5c3d75f,2026-09-03T23:15:00Z,,,1.5,1.5,1.5,1,100.0,0.0,-115.0,115.0,1.5,0.0
MLB,pete alonso,Pete Alonso,home_runs,87e824da83d83bcea518867ca5c3d75f,2026-09-03T23:15:00Z,,,0.5,0.5,0.5,3,100.0,0.0,305.0,-450.0,,
MLB,pete alonso,Pete Alonso,rbis,87e824da83d83bcea518867ca5c3d75f,2026-09-03T23:15:00Z,,,1.0,0.5,1.5,2,100.0,0.5,381.0,-507.0,,
MLB,pete alonso,Pete Alonso,runs,87e824da83d83bcea518867ca5c3d75f,2026-09-03T23:15:00Z,,,0.5,0.5,0.5,2,100.0,0.0,104.5,-140.0,,
MLB,pete alonso,Pete Alonso,total_bases,87e824da83d83bcea518867ca5c3d75f,2026-09-03T23:15:00Z,,,1.5,1.5,1.5,1,100.0,0.0,120.0,-167.0,,
MLB,pete crow armstrong,Pete Crow-Armstrong,doubles,919bdbd90145290fd9a5266e0fed035b,2026-09-03T23:15:00Z,,,0.5,0.5,0.5,1,100.0,0.0,400.0,-600.0,,
MLB,pete crow armstrong,Pete Crow-Armstrong,hits,919bdbd90145290fd9a5266e0fed035b,2026-09-03T23:15:00Z,,,0.5,0.5,0.5,1,100.0,0.0,-195.0,140.0,,
MLB,pete crow armstrong,Pete Crow-Armstrong,hits_runs_rbis,919bdbd90145290fd9a5266e0fed035b,2026-09-03T23:15:00Z,,,1.5,1.5,1.5,1,100.0,0.0,-111.0,-100.0,1.5,0.0
MLB,pete crow armstrong,Pete Crow-Armstrong,home_runs,919bdbd90145290fd9a5266e0fed035b,2026-09-03T23:15:00Z,,,0.5,0.5,0.5,3,100.0,0.0,292.0,-419.0,,
MLB,pete crow armstrong,Pete Crow-Armstrong,rbis,919bdbd90145290fd9a5266e0fed035b,2026-09-03T23:15:00Z,,,0.5,0.5,0.5,1,100.0,0.0,138.0,-190.0,,
MLB,pete crow armstrong,Pete Crow-Armstrong,runs,919bdbd90145290fd9a5266e0fed035b,2026-09-03T23:15:00Z,,,0.5,0.5,0.5,2,100.0,0.0,-110.5,-115.0,0.5,0.0
MLB,pete crow armstrong,Pete Crow-Armstrong,stolen_bases,919bdbd90145290fd9a5266e0fed035b,2026-09-03T23:15:00Z,,,0.5,0.5,0.5,2,100.0,0.0,510.0,-750.0,,
MLB,pete crow armstrong,Pete Crow-Armstrong,total_bases,919bdbd90145290fd9a5266e0fed035b,2026-09-03T23:15:00Z,,,1.5,1.5,1.5,2,100.0,0.0,118.5,-145.0,,
MLB,pete crow armstrong,Pete Crow-Armstrong,triples,919bdbd90145290fd9a5266e0fed035b,2026-09-03T23:15:00Z,,,0.5,0.5,0.5,1,100.0,0.0,2000.0,-20000.0,,
MLB,quinn mathews,Quinn Mathews,earned_runs,178e47f48ce23704395138f8f050b334,2026-09-04T02:10:00Z,,,2.5,2.5,2.5,1,100.0,0.0,-113.0,-117.0,,
MLB,quinn mathews,Quinn Mathews,hits_allowed,178e47f48ce23704395138f8f050b334,2026-09-04T02:10:00Z,,,5.5,5.5,5.5,1,100.0,0.0,118.0,-157.0,,
MLB,quinn mathews,Quinn Mathews,pitcher_strikeouts,178e47f48ce23704395138f8f050b334,2026-09-04T02:10:00Z,,,4.5,4.5,4.5,2,100.0,0.0,-129.0,-106.5,4.5,0.0
MLB,rafael devers,Rafael Devers,doubles,4b25e965b62d7c19e2aa8fbfff667da3,2026-09-03T16:35:00Z,,,0.5,0.5,0.5,1,100.0,0.0,350.0,-550.0,,
MLB,rafael devers,Rafael Devers,hits,4b25e965b62d7c19e2aa8fbfff667da3,2026-09-03T16:35:00Z,,,0.5,0.5,0.5,1,100.0,0.0,-250.0,175.0,,
MLB,rafael devers,Rafael Devers,home_runs,4b25e965b62d7c19e2aa8fbfff667da3,2026-09-03T16:35:00Z,,,0.5,0.5,0.5,1,100.0,0.0,325.0,-500.0,,
MLB,rafael devers,Rafael Devers,rbis,4b25e965b62d7c19e2aa8fbfff667da3,2026-09-03T16:35:00Z,,,0.5,0.5,0.5,1,100.0,0.0,143.0,-200.0,,
MLB,rafael devers,Rafael Devers,runs,4b25e965b62d7c19e2aa8fbfff667da3,2026-09-03T16:35:00Z,,,0.5,0.5,0.5,1,100.0,0.0,-120.0,-525.0,0.5,0.0
MLB,rafael devers,Rafael Devers,total_bases,4b25e965b62d7c19e2aa8fbfff667da3,2026-09-03T16:35:00Z,,,1.5,1.5,1.5,1,100.0,0.0,115.0,-159.0,,
MLB,rafael flores,Rafael Flores,doubles,4b25e965b62d7c19e2aa8fbfff667da3,2026-09-03T16:35:00Z,,,0.5,0.5,0.5,1,100.0,0.0,475.0,-750.0,,
MLB,rafael flores,Rafael Flores,hits,4b25e965b62d7c19e2aa8fbfff667da3,2026-09-03T16:35:00Z,,,0.5,0.5,0.5,1,100.0,0.0,-148.0,107.0,,
MLB,rafael flores,Rafael Flores,home_runs,4b25e965b62d7c19e2aa8fbfff667da3,2026-09-03T16:35:00Z,,,0.5,0.5,0.5,1,100.0,0.0,750.0,-1400.0,,
MLB,rafael flores,Rafael Flores,rbis,4b25e965b62d7c19e2aa8fbfff667da3,2026-09-03T16:35:00Z,,,0.5,0.5,0.5,1,100.0,0.0,165.0,-235.0,,
MLB,rafael flores,Rafael Flores,runs,4b25e965b62d7c19e2aa8fbfff667da3,2026-09-03T16:35:00Z,,,0.5,0.5,0.5,1,100.0,0.0,325.0,-185.0,,
MLB,rafael flores,Rafael Flores,stolen_bases,4b25e965b62d7c19e2aa8fbfff667da3,2026-09-03T16:35:00Z,,,0.5,0.5,0.5,1,100.0,0.0,1600.0,-15000.0,,
MLB,rafael flores,Rafael Flores,total_bases,4b25e965b62d7c19e2aa8fbfff667da3,2026-09-03T16:35:00Z,,,0.5,0.5,0.5,1,100.0,0.0,-148.0,106.0,,
MLB,randy arozarena,Randy Arozarena,home_runs,0bbf9d80b06a1e1868b6224c751b8a2e,2026-09-04T01:40:00Z,,,0.5,0.5,0.5,1,100.0,0.0,450.0,-792.0,,
MLB,roman anthony,Roman Anthony,doubles,87e824da83d83bcea518867ca5c3d75f,2026-09-03T23:15:00Z,,,0.5,0.5,0.5,1,100.0,0.0,350.0,-525.0,,
MLB,roman anthony,Roman Anthony,hits,87e824da83d83bcea518867ca5c3d75f,2026-09-03T23:15:00Z,,,0.5,0.5,0.5,2,100.0,0.0,-236.5,182.5,,
MLB,roman anthony,Roman Anthony,hits_runs_rbis,87e824da83d83bcea518867ca5c3d75f,2026-09-03T23:15:00Z,,,1.5,1.5,1.5,1,100.0,0.0,-130.0,127.0,,
MLB,roman anthony,Roman Anthony,home_runs,87e824da83d83bcea518867ca5c3d75f,2026-09-03T23:15:00Z,,,0.5,0.5,0.5,3,100.0,0.0,471.0,-750.0,,
MLB,roman anthony,Roman Anthony,rbis,87e824da83d83bcea518867ca5c3d75f,2026-09-03T23:15:00Z,,,0.5,0.5,0.5,2,100.0,0.0,173.5,-202.0,,
MLB,roman anthony,Roman Anthony,runs,87e824da83d83bcea518867ca5c3d75f,2026-09-03T23:15:00Z,,,0.5,0.5,0.5,2,100.0,0.0,-121.0,-110.0,0.5,0.0
MLB,roman anthony,Roman Anthony,stolen_bases,87e824da83d83bcea518867ca5c3d75f,2026-09-03T23:15:00Z,,,0.5,0.5,0.5,2,100.0,0.0,1238.0,-6000.0,,
MLB,roman anthony,Roman Anthony,total_bases,87e824da83d83bcea518867ca5c3d75f,2026-09-03T23:15:00Z,,,1.5,1.5,1.5,2,100.0,0.0,122.5,-155.0,,
MLB,sal frelick,Sal Frelick,doubles,919bdbd90145290fd9a5266e0fed035b,2026-09-03T23:15:00Z,,,0.5,0.5,0.5,1,100.0,0.0,450.0,-700.0,,
MLB,sal frelick,Sal Frelick,hits,919bdbd90145290fd9a5266e0fed035b,2026-09-03T23:15:00Z,,,0.5,0.5,0.5,2,100.0,0.0,-197.0,140.0,,
MLB,sal frelick,Sal Frelick,hits_runs_rbis,919bdbd90145290fd9a5266e0fed035b,2026-09-03T23:15:00Z,,,1.5,1.5,1.5,1,100.0,0.0,117.0,-138.0,,
MLB,sal frelick,Sal Frelick,home_runs,919bdbd90145290fd9a5266e0fed035b,2026-09-03T23:15:00Z,,,0.5,0.5,0.5,1,100.0,0.0,1200.0,-3000.0,,
MLB,sal frelick,Sal Frelick,rbis,919bdbd90145290fd9a5266e0fed035b,2026-09-03T23:15:00Z,,,0.5,0.5,0.5,1,100.0,0.0,185.0,-265.0,,
MLB,sal frelick,Sal Frelick,runs,919bdbd90145290fd9a5266e0fed035b,2026-09-03T23:15:00Z,,,0.5,0.5,0.5,1,100.0,0.0,170.0,-240.0,,
MLB,sal frelick,Sal Frelick,stolen_bases,919bdbd90145290fd9a5266e0fed035b,2026-09-03T23:15:00Z,,,0.5,0.5,0.5,2,100.0,0.0,634.5,-1100.0,,
MLB,sal frelick,Sal Frelick,total_bases,919bdbd90145290fd9a5266e0fed035b,2026-09-03T23:15:00Z,,,0.5,0.5,0.5,1,100.0,0.0,-200.0,140.0,,
MLB,salvador perez,Salvador Perez,hits,18307ff6045b1448e7ad3a1f2d836c6a,2026-09-03T23:40:00Z,,,0.5,0.5,0.5,1,100.0,0.0,-230.0,163.0,,
MLB,salvador perez,Salvador Perez,home_runs,18307ff6045b1448e7ad3a1f2d836c6a,2026-09-03T23:40:00Z,,,0.5,0.5,0.5,1,100.0,0.0,464.0,-830.0,,
MLB,salvador perez,Salvador Perez,rbis,18307ff6045b1448e7ad3a1f2d836c6a,2026-09-03T23:40:00Z,,,0.5,0.5,0.5,1,100.0,0.0,133.0,-177.0,,
MLB,salvador perez,Salvador Perez,total_bases,18307ff6045b1448e7ad3a1f2d836c6a,2026-09-03T23:40:00Z,,,1.5,1.5,1.5,1,100.0,0.0,138.0,-190.0,,
MLB,sam antonacci,Sam Antonacci,doubles,4531806102eb01c9886a2ceb2b16b0b9,2026-09-03T18:10:00Z,,,0.5,0.5,0.5,1,100.0,0.0,400.0,-600.0,,
MLB,sam antonacci,Sam Antonacci,hits,4531806102eb01c9886a2ceb2b16b0b9,2026-09-03T18:10:00Z,,,0.5,0.5,0.5,4,100.0,0.0,-200.0,150.0,,
MLB,sam antonacci,Sam Antonacci,hits_runs_rbis,4531806102eb01c9886a2ceb2b16b0b9,2026-09-03T18:10:00Z,,,1.5,1.5,1.5,2,100.0,0.0,-7.5,-141.0,,
MLB,sam antonacci,Sam Antonacci,home_runs,4531806102eb01c9886a2ceb2b16b0b9,2026-09-03T18:10:00Z,,,0.5,0.5,0.5,2,100.0,0.0,1500.0,-2500.0,,
MLB,sam antonacci,Sam Antonacci,rbis,4531806102eb01c9886a2ceb2b16b0b9,2026-09-03T18:10:00Z,,,0.5,0.5,0.5,3,100.0,0.0,260.0,-400.0,,
MLB,sam antonacci,Sam Antonacci,runs,4531806102eb01c9886a2ceb2b16b0b9,2026-09-03T18:10:00Z,,,0.5,0.5,0.5,3,100.0,0.0,105.0,-203.0,,
MLB,sam antonacci,Sam Antonacci,singles,4531806102eb01c9886a2ceb2b16b0b9,2026-09-03T18:10:00Z,,,0.5,0.5,0.5,1,100.0,0.0,-132.0,-117.0,0.5,0.0
MLB,sam antonacci,Sam Antonacci,stolen_bases,4531806102eb01c9886a2ceb2b16b0b9,2026-09-03T18:10:00Z,,,0.5,0.5,0.5,3,100.0,0.0,440.0,-800.0,,
MLB,sam antonacci,Sam Antonacci,total_bases,4531806102eb01c9886a2ceb2b16b0b9,2026-09-03T18:10:00Z,,,0.5,0.5,1.5,3,66.7,0.471,-174.0,-45.0,,
MLB,sam antonacci,Sam Antonacci,triples,4531806102eb01c9886a2ceb2b16b0b9,2026-09-03T18:10:00Z,,,0.5,0.5,0.5,1,100.0,0.0,1700.0,,,
MLB,sandy alcantara,Sandy Alcantara,earned_runs,18307ff6045b1448e7ad3a1f2d836c6a,2026-09-03T23:40:00Z,,,2.5,2.5,2.5,1,100.0,0.0,-148.0,111.0,,
MLB,sandy alcantara,Sandy Alcantara,hits_allowed,18307ff6045b1448e7ad3a1f2d836c6a,2026-09-03T23:40:00Z,,,6.5,6.5,6.5,1,100.0,0.0,108.0,-143.0,,
MLB,sandy alcantara,Sandy Alcantara,pitcher_strikeouts,18307ff6045b1448e7ad3a1f2d836c6a,2026-09-03T23:40:00Z,,,4.5,3.5,4.5,3,66.7,0.471,108.0,-155.0,3.5,-1.0
MLB,sandy alcantara mia,Sandy Alcantara (MIA),earned_runs,18307ff6045b1448e7ad3a1f2d836c6a,2026-09-03T23:40:00Z,,,3.5,3.5,3.5,1,100.0,0.0,125.0,-165.0,,
MLB,sean keys,Sean Keys,doubles,3ffba29c7cccfbdb0cb05ee26cd7d550,2026-09-03T17:10:00Z,,,0.5,0.5,0.5,1,100.0,0.0,525.0,-850.0,,
MLB,sean keys,Sean Keys,home_runs,3ffba29c7cccfbdb0cb05ee26cd7d550,2026-09-03T17:10:00Z,,,0.5,0.5,0.5,4,100.0,0.0,512.5,-1000.0,,
MLB,sean keys,Sean Keys,rbis,3ffba29c7cccfbdb0cb05ee26cd7d550,2026-09-03T17:10:00Z,,,1.5,1.5,1.5,1,100.0,0.0,220.0,-325.0,,
MLB,sean keys,Sean Keys,runs,3ffba29c7cccfbdb0cb05ee26cd7d550,2026-09-03T17:10:00Z,,,0.5,0.5,0.5,2,100.0,0.0,260.0,-405.0,,
MLB,sean keys,Sean Keys,total_bases,3ffba29c7cccfbdb0cb05ee26cd7d550,2026-09-03T17:10:00Z,,,1.5,1.5,1.5,1,100.0,0.0,180.0,-250.0,,
MLB,seiya suzuki,Seiya Suzuki,doubles,919bdbd90145290fd9a5266e0fed035b,2026-09-03T23:15:00Z,,,0.5,0.5,0.5,1,100.0,0.0,400.0,-600.0,,
MLB,seiya suzuki,Seiya Suzuki,hits,919bdbd90145290fd9a5266e0fed035b,2026-09-03T23:15:00Z,,,0.5,0.5,0.5,2,100.0,0.0,-162.0,126.5,,
MLB,seiya suzuki,Seiya Suzuki,hits_runs_rbis,919bdbd90145290fd9a5266e0fed035b,2026-09-03T23:15:00Z,,,1.5,1.5,1.5,1,100.0,0.0,113.0,-127.0,,
MLB,seiya suzuki,Seiya Suzuki,home_runs,919bdbd90145290fd9a5266e0fed035b,2026-09-03T23:15:00Z,,,0.5,0.5,0.5,3,100.0,0.0,430.0,-650.0,,
MLB,seiya suzuki,Seiya Suzuki,rbis,919bdbd90145290fd9a5266e0fed035b,2026-09-03T23:15:00Z,,,0.5,0.5,0.5,2,100.0,0.0,204.0,-264.5,,
MLB,seiya suzuki,Seiya Suzuki,runs,919bdbd90145290fd9a5266e0fed035b,2026-09-03T23:15:00Z,,,0.5,0.5,0.5,1,100.0,0.0,120.0,-155.0,,
MLB,seiya suzuki,Seiya Suzuki,stolen_bases,919bdbd90145290fd9a5266e0fed035b,2026-09-03T23:15:00Z,,,0.5,0.5,0.5,1,100.0,0.0,1600.0,-10000.0,,
MLB,seiya suzuki,Seiya Suzuki,total_bases,919bdbd90145290fd9a5266e0fed035b,2026-09-03T23:15:00Z,,,1.5,1.5,1.5,2,100.0,0.0,160.0,-250.0,,
MLB,shane mcclanahan,Shane McClanahan,earned_runs,f64033ef76653cc57533ab4c515fa24b,2026-09-04T00:05:00Z,,,1.5,1.5,1.5,1,100.0,0.0,-139.0,105.0,,
MLB,shane mcclanahan,Shane McClanahan,hits_allowed,f64033ef76653cc57533ab4c515fa24b,2026-09-04T00:05:00Z,,,4.5,4.5,4.5,1,100.0,0.0,120.0,-160.0,,
MLB,shane mcclanahan,Shane McClanahan,pitcher_strikeouts,f64033ef76653cc57533ab4c515fa24b,2026-09-04T00:05:00Z,,,4.5,4.5,4.5,2,100.0,0.0,-144.0,4.5,4.5,0.0
MLB,shay whitcomb,Shay Whitcomb,doubles,4b25e965b62d7c19e2aa8fbfff667da3,2026-09-03T16:35:00Z,,,0.5,0.5,0.5,1,100.0,0.0,450.0,-700.0,,
MLB,shay whitcomb,Shay Whitcomb,hits,4b25e965b62d7c19e2aa8fbfff667da3,2026-09-03T16:35:00Z,,,0.5,0.5,0.5,1,100.0,0.0,-177.0,133.0,,
MLB,shay whitcomb,Shay Whitcomb,home_runs,4b25e965b62d7c19e2aa8fbfff667da3,2026-09-03T16:35:00Z,,,0.5,0.5,0.5,1,100.0,0.0,850.0,-1600.0,,
MLB,shay whitcomb,Shay Whitcomb,rbis,4b25e965b62d7c19e2aa8fbfff667da3,2026-09-03T16:35:00Z,,,0.5,0.5,0.5,1,100.0,0.0,180.0,-265.0,,
MLB,shay whitcomb,Shay Whitcomb,runs,4b25e965b62d7c19e2aa8fbfff667da3,2026-09-03T16:35:00Z,,,0.5,0.5,0.5,1,100.0,0.0,230.0,-350.0,,
MLB,shay whitcomb,Shay Whitcomb,stolen_bases,4b25e965b62d7c19e2aa8fbfff667da3,2026-09-03T16:35:00Z,,,0.5,0.5,0.5,1,100.0,0.0,900.0,-2200.0,,
MLB,shay whitcomb,Shay Whitcomb,total_bases,4b25e965b62d7c19e2aa8fbfff667da3,2026-09-03T16:35:00Z,,,1.5,1.5,1.5,1,100.0,0.0,188.0,-278.0,,
MLB,shohei ohtani,Shohei Ohtani,home_runs,178e47f48ce23704395138f8f050b334,2026-09-04T02:10:00Z,,,0.5,0.5,0.5,1,100.0,0.0,271.0,-401.0,,
MLB,spencer horwitz,Spencer Horwitz,doubles,4b25e965b62d7c19e2aa8fbfff667da3,2026-09-03T16:35:00Z,,,0.5,0.5,0.5,1,100.0,0.0,350.0,-525.0,,
MLB,spencer horwitz,Spencer Horwitz,hits,4b25e965b62d7c19e2aa8fbfff667da3,2026-09-03T16:35:00Z,,,0.5,0.5,0.5,1,100.0,0.0,-225.0,160.0,,
MLB,spencer horwitz,Spencer Horwitz,home_runs,4b25e965b62d7c19e2aa8fbfff667da3,2026-09-03T16:35:00Z,,,0.5,0.5,0.5,1,100.0,0.0,600.0,-1000.0,,
MLB,spencer horwitz,Spencer Horwitz,rbis,4b25e965b62d7c19e2aa8fbfff667da3,2026-09-03T16:35:00Z,,,0.5,0.5,0.5,1,100.0,0.0,170.0,-245.0,,
MLB,spencer horwitz,Spencer Horwitz,runs,4b25e965b62d7c19e2aa8fbfff667da3,2026-09-03T16:35:00Z,,,0.5,0.5,0.5,1,100.0,0.0,120.0,-115.0,0.5,0.0
MLB,spencer horwitz,Spencer Horwitz,stolen_bases,4b25e965b62d7c19e2aa8fbfff667da3,2026-09-03T16:35:00Z,,,0.5,0.5,0.5,1,100.0,0.0,1600.0,-15000.0,,
MLB,spencer horwitz,Spencer Horwitz,total_bases,4b25e965b62d7c19e2aa8fbfff667da3,2026-09-03T16:35:00Z,,,1.5,1.5,1.5,1,100.0,0.0,145.0,-205.0,,
MLB,steven kwan,Steven Kwan,doubles,3ffba29c7cccfbdb0cb05ee26cd7d550,2026-09-03T17:10:00Z,,,0.5,0.5,0.5,1,100.0,0.0,425.0,-650.0,,
MLB,steven kwan,Steven Kwan,hits,3ffba29c7cccfbdb0cb05ee26cd7d550,2026-09-03T17:10:00Z,,,0.5,0.5,0.5,2,100.0,0.0,-245.0,172.5,,
MLB,steven kwan,Steven Kwan,hits_runs_rbis,3ffba29c7cccfbdb0cb05ee26cd7d550,2026-09-03T17:10:00Z,,,1.5,1.5,1.5,1,100.0,0.0,-135.0,-105.0,1.5,0.0
MLB,steven kwan,Steven Kwan,home_runs,3ffba29c7cccfbdb0cb05ee26cd7d550,2026-09-03T17:10:00Z,,,0.5,0.5,0.5,2,100.0,0.0,3450.0,-15000.0,,
MLB,steven kwan,Steven Kwan,rbis,3ffba29c7cccfbdb0cb05ee26cd7d550,2026-09-03T17:10:00Z,,,0.5,0.5,0.5,3,100.0,0.0,260.0,-400.0,,
MLB,steven kwan,Steven Kwan,runs,3ffba29c7cccfbdb0cb05ee26cd7d550,2026-09-03T17:10:00Z,,,0.5,0.5,0.5,2,100.0,0.0,275.0,-237.5,,
MLB,steven kwan,Steven Kwan,stolen_bases,3ffba29c7cccfbdb0cb05ee26cd7d550,2026-09-03T17:10:00Z,,,0.5,0.5,0.5,1,100.0,0.0,1000.0,-2500.0,,
MLB,steven kwan,Steven Kwan,total_bases,3ffba29c7cccfbdb0cb05ee26cd7d550,2026-09-03T17:10:00Z,,,1.5,1.5,2.5,3,66.7,0.471,140.0,-200.0,,
MLB,steven kwan,Steven Kwan,triples,3ffba29c7cccfbdb0cb05ee26cd7d550,2026-09-03T17:10:00Z,,,0.5,0.5,0.5,1,100.0,0.0,1400.0,,,
MLB,tanner bibee,Tanner Bibee,pitcher_strikeouts,3ffba29c7cccfbdb0cb05ee26cd7d550,2026-09-03T17:10:00Z,,,4.5,4.5,4.5,3,100.0,0.0,107.0,-155.0,4.0,-0.5
MLB,tarik skubal,Tarik Skubal,pitcher_strikeouts,178e47f48ce23704395138f8f050b334,2026-09-04T02:10:00Z,,,7.5,7.5,7.5,1,100.0,0.0,-165.0,117.0,8.0,0.5
MLB,taylor trammell,Taylor Trammell,doubles,4531806102eb01c9886a2ceb2b16b0b9,2026-09-03T18:10:00Z,,,0.5,0.5,0.5,1,100.0,0.0,450.0,-700.0,,
MLB,taylor trammell,Taylor Trammell,hits,4531806102eb01c9886a2ceb2b16b0b9,2026-09-03T18:10:00Z,,,0.5,0.5,0.5,4,100.0,0.0,-125.0,-106.5,,
MLB,taylor trammell,Taylor Trammell,hits_runs_rbis,4531806102eb01c9886a2ceb2b16b0b9,2026-09-03T18:10:00Z,,,0.5,0.5,0.5,2,100.0,0.0,-215.0,105.0,,
MLB,taylor trammell,Taylor Trammell,home_runs,4531806102eb01c9886a2ceb2b16b0b9,2026-09-03T18:10:00Z,,,0.5,0.5,0.5,4,100.0,0.0,507.5,-722.5,,
MLB,taylor trammell,Taylor Trammell,rbis,4531806102eb01c9886a2ceb2b16b0b9,2026-09-03T18:10:00Z,,,0.5,0.5,0.5,3,100.0,0.0,205.0,-320.0,,
MLB,taylor trammell,Taylor Trammell,runs,4531806102eb01c9886a2ceb2b16b0b9,2026-09-03T18:10:00Z,,,0.5,0.5,0.5,1,100.0,0.0,140.0,-200.0,,
MLB,taylor trammell,Taylor Trammell,singles,4531806102eb01c9886a2ceb2b16b0b9,2026-09-03T18:10:00Z,,,0.5,0.5,0.5,1,100.0,0.0,138.0,-230.0,,
MLB,taylor trammell,Taylor Trammell,stolen_bases,4531806102eb01c9886a2ceb2b16b0b9,2026-09-03T18:10:00Z,,,0.5,0.5,0.5,1,100.0,0.0,1400.0,-5000.0,,
MLB,taylor trammell,Taylor Trammell,total_bases,4531806102eb01c9886a2ceb2b16b0b9,2026-09-03T18:10:00Z,,,0.5,0.5,0.5,2,100.0,0.0,-126.0,-107.0,0.5,0.0
MLB,travis bazzana,Travis Bazzana,doubles,3ffba29c7cccfbdb0cb05ee26cd7d550,2026-09-03T17:10:00Z,,,0.5,0.5,0.5,1,100.0,0.0,525.0,-850.0,,
MLB,travis bazzana,Travis Bazzana,hits,3ffba29c7cccfbdb0cb05ee26cd7d550,2026-09-03T17:10:00Z,,,0.5,0.5,0.5,1,100.0,0.0,-132.0,-103.0,,
MLB,travis bazzana,Travis Bazzana,home_runs,3ffba29c7cccfbdb0cb05ee26cd7d550,2026-09-03T17:10:00Z,,,0.5,0.5,0.5,2,100.0,0.0,950.0,-2000.0,,
MLB,travis bazzana,Travis Bazzana,rbis,3ffba29c7cccfbdb0cb05ee26cd7d550,2026-09-03T17:10:00Z,,,0.5,0.5,0.5,1,100.0,0.0,235.0,-345.0,,
MLB,travis bazzana,Travis Bazzana,runs,3ffba29c7cccfbdb0cb05ee26cd7d550,2026-09-03T17:10:00Z,,,0.5,0.5,0.5,1,100.0,0.0,160.0,-575.0,,
MLB,travis bazzana,Travis Bazzana,stolen_bases,3ffba29c7cccfbdb0cb05ee26cd7d550,2026-09-03T17:10:00Z,,,0.5,0.5,0.5,1,100.0,0.0,650.0,-1200.0,,
MLB,travis bazzana,Travis Bazzana,total_bases,3ffba29c7cccfbdb0cb05ee26cd7d550,2026-09-03T17:10:00Z,,,0.5,0.5,0.5,1,100.0,0.0,-136.0,-103.0,,
MLB,trevor story,Trevor Story,doubles,87e824da83d83bcea518867ca5c3d75f,2026-09-03T23:15:00Z,,,0.5,0.5,0.5,1,100.0,0.0,475.0,-750.0,,
MLB,trevor story,Trevor Story,hits,87e824da83d83bcea518867ca5c3d75f,2026-09-03T23:15:00Z,,,0.5,0.5,0.5,2,100.0,0.0,-184.0,132.0,,
MLB,trevor story,Trevor Story,hits_runs_rbis,87e824da83d83bcea518867ca5c3d75f,2026-09-03T23:15:00Z,,,1.5,1.5,1.5,1,100.0,0.0,104.0,-135.0,,
MLB,trevor story,Trevor Story,home_runs,87e824da83d83bcea518867ca5c3d75f,2026-09-03T23:15:00Z,,,0.5,0.5,0.5,2,100.0,0.0,590.5,-954.0,,
MLB,trevor story,Trevor Story,rbis,87e824da83d83bcea518867ca5c3d75f,2026-09-03T23:15:00Z,,,0.5,0.5,0.5,2,100.0,0.0,186.5,-210.0,,
MLB,trevor story,Trevor Story,runs,87e824da83d83bcea518867ca5c3d75f,2026-09-03T23:15:00Z,,,0.5,0.5,0.5,1,100.0,0.0,150.0,,,
MLB,trevor story,Trevor Story,total_bases,87e824da83d83bcea518867ca5c3d75f,2026-09-03T23:15:00Z,,,1.5,1.5,1.5,1,100.0,0.0,165.0,-245.0,,
MLB,trevor story bos,Trevor Story (BOS),hits,87e824da83d83bcea518867ca5c3d75f,2026-09-03T23:15:00Z,,,1.5,1.5,1.5,1,100.0,0.0,105.0,-135.0,,
MLB,tristan peters,Tristan Peters,doubles,4531806102eb01c9886a2ceb2b16b0b9,2026-09-03T18:10:00Z,,,0.5,0.5,0.5,1,100.0,0.0,500.0,-800.0,,
MLB,tristan peters,Tristan Peters,hits,4531806102eb01c9886a2ceb2b16b0b9,2026-09-03T18:10:00Z,,,0.5,0.5,0.5,3,100.0,0.0,-148.0,106.0,,
MLB,tristan peters,Tristan Peters,hits_runs_rbis,4531806102eb01c9886a2ceb2b16b0b9,2026-09-03T18:10:00Z,,,0.5,0.5,0.5,1,100.0,0.0,-240.0,127.0,,
MLB,tristan peters,Tristan Peters,home_runs,4531806102eb01c9886a2ceb2b16b0b9,2026-09-03T18:10:00Z,,,0.5,0.5,0.5,3,100.0,0.0,1050.0,-1750.0,,
MLB,tristan peters,Tristan Peters,rbis,4531806102eb01c9886a2ceb2b16b0b9,2026-09-03T18:10:00Z,,,0.5,0.5,0.5,2,100.0,0.0,237.5,-410.0,,
MLB,tristan peters,Tristan Peters,runs,4531806102eb01c9886a2ceb2b16b0b9,2026-09-03T18:10:00Z,,,1.5,1.5,1.5,1,100.0,0.0,240.0,-375.0,,
MLB,tristan peters,Tristan Peters,singles,4531806102eb01c9886a2ceb2b16b0b9,2026-09-03T18:10:00Z,,,0.5,0.5,0.5,1,100.0,0.0,122.0,-194.0,,
MLB,tristan peters,Tristan Peters,stolen_bases,4531806102eb01c9886a2ceb2b16b0b9,2026-09-03T18:10:00Z,,,0.5,0.5,0.5,1,100.0,0.0,1000.0,-1800.0,,
MLB,tristan peters,Tristan Peters,total_bases,4531806102eb01c9886a2ceb2b16b0b9,2026-09-03T18:10:00Z,,,0.5,0.5,0.5,2,100.0,0.0,-137.0,108.0,,
MLB,turner hill,Turner Hill,doubles,4b25e965b62d7c19e2aa8fbfff667da3,2026-09-03T16:35:00Z,,,0.5,0.5,0.5,1,100.0,0.0,425.0,-650.0,,
MLB,turner hill,Turner Hill,hits,4b25e965b62d7c19e2aa8fbfff667da3,2026-09-03T16:35:00Z,,,0.5,0.5,0.5,1,100.0,0.0,-210.0,148.0,,
MLB,turner hill,Turner Hill,home_runs,4b25e965b62d7c19e2aa8fbfff667da3,2026-09-03T16:35:00Z,,,0.5,0.5,0.5,1,100.0,0.0,1100.0,-2200.0,,
MLB,turner hill,Turner Hill,rbis,4b25e965b62d7c19e2aa8fbfff667da3,2026-09-03T16:35:00Z,,,0.5,0.5,0.5,1,100.0,0.0,160.0,-230.0,,
MLB,turner hill,Turner Hill,runs,4b25e965b62d7c19e2aa8fbfff667da3,2026-09-03T16:35:00Z,,,0.5,0.5,0.5,1,100.0,0.0,160.0,-225.0,,
MLB,turner hill,Turner Hill,stolen_bases,4b25e965b62d7c19e2aa8fbfff667da3,2026-09-03T16:35:00Z,,,0.5,0.5,0.5,1,100.0,0.0,750.0,-1400.0,,
MLB,turner hill,Turner Hill,total_bases,4b25e965b62d7c19e2aa8fbfff667da3,2026-09-03T16:35:00Z,,,1.5,1.5,1.5,1,100.0,0.0,175.0,-265.0,,
MLB,tyrone taylor,Tyrone Taylor,home_runs,919bdbd90145290fd9a5266e0fed035b,2026-09-03T23:15:00Z,,,0.5,0.5,0.5,1,100.0,0.0,733.0,-1567.0,,
MLB,victor mesa jr,Victor Mesa Jr.,home_runs,f64033ef76653cc57533ab4c515fa24b,2026-09-04T00:05:00Z,,,0.5,0.5,0.5,1,100.0,0.0,465.0,-833.0,,
MLB,vinnie pasquantino,Vinnie Pasquantino,hits,18307ff6045b1448e7ad3a1f2d836c6a,2026-09-03T23:40:00Z,,,0.5,0.5,0.5,1,100.0,0.0,-230.0,160.0,,
MLB,vinnie pasquantino,Vinnie Pasquantino,home_runs,18307ff6045b1448e7ad3a1f2d836c6a,2026-09-03T23:40:00Z,,,0.5,0.5,0.5,1,100.0,0.0,539.0,-1053.0,,
MLB,vinnie pasquantino,Vinnie Pasquantino,rbis,18307ff6045b1448e7ad3a1f2d836c6a,2026-09-03T23:40:00Z,,,0.5,0.5,0.5,1,100.0,0.0,175.0,-245.0,,
MLB,vinnie pasquantino,Vinnie Pasquantino,total_bases,18307ff6045b1448e7ad3a1f2d836c6a,2026-09-03T23:40:00Z,,,1.5,1.5,1.5,1,100.0,0.0,150.0,-215.0,,
MLB,vladimir guerrero,Vladimir Guerrero,doubles,3ffba29c7cccfbdb0cb05ee26cd7d550,2026-09-03T17:10:00Z,,,0.5,0.5,0.5,2,100.0,0.0,312.5,-525.0,,
MLB,vladimir guerrero,Vladimir Guerrero,hits,3ffba29c7cccfbdb0cb05ee26cd7d550,2026-09-03T17:10:00Z,,,1.0,0.5,1.5,2,100.0,0.5,-37.5,-40.0,,
MLB,vladimir guerrero,Vladimir Guerrero,hits_runs_rbis,3ffba29c7cccfbdb0cb05ee26cd7d550,2026-09-03T17:10:00Z,,,1.5,1.5,1.5,1,100.0,0.0,-155.0,110.0,,
MLB,vladimir guerrero,Vladimir Guerrero,home_runs,3ffba29c7cccfbdb0cb05ee26cd7d550,2026-09-03T17:10:00Z,,,0.5,0.5,0.5,1,100.0,0.0,525.0,-850.0,,
MLB,vladimir guerrero,Vladimir Guerrero,rbis,3ffba29c7cccfbdb0cb05ee26cd7d550,2026-09-03T17:10:00Z,,,0.5,0.5,0.5,2,100.0,0.0,154.0,-217.5,,
MLB,vladimir guerrero,Vladimir Guerrero,runs,3ffba29c7cccfbdb0cb05ee26cd7d550,2026-09-03T17:10:00Z,,,0.5,0.5,0.5,1,100.0,0.0,120.0,-160.0,,
MLB,vladimir guerrero,Vladimir Guerrero,stolen_bases,3ffba29c7cccfbdb0cb05ee26cd7d550,2026-09-03T17:10:00Z,,,0.5,0.5,0.5,1,100.0,0.0,1000.0,-2500.0,,
MLB,vladimir guerrero,Vladimir Guerrero,total_bases,3ffba29c7cccfbdb0cb05ee26cd7d550,2026-09-03T17:10:00Z,,,1.5,1.5,1.5,2,100.0,0.0,123.5,-168.0,,
MLB,vladimir guerrero jr,Vladimir Guerrero Jr.,home_runs,3ffba29c7cccfbdb0cb05ee26cd7d550,2026-09-03T17:10:00Z,,,0.5,0.5,0.5,1,100.0,0.0,910.0,,,
MLB,william contreras,William Contreras,hits,919bdbd90145290fd9a5266e0fed035b,2026-09-03T23:15:00Z,,,0.5,0.5,0.5,2,100.0,0.0,-219.0,173.5,,
MLB,william contreras,William Contreras,hits_runs_rbis,919bdbd90145290fd9a5266e0fed035b,2026-09-03T23:15:00Z,,,1.5,1.5,1.5,1,100.0,0.0,-117.0,102.0,1.5,0.0
MLB,william contreras,William Contreras,home_runs,919bdbd90145290fd9a5266e0fed035b,2026-09-03T23:15:00Z,,,0.5,0.5,0.5,2,100.0,0.0,479.0,-695.5,,
MLB,william contreras,William Contreras,rbis,919bdbd90145290fd9a5266e0fed035b,2026-09-03T23:15:00Z,,,0.5,0.5,0.5,1,100.0,0.0,128.0,-177.0,,
MLB,william contreras,William Contreras,stolen_bases,919bdbd90145290fd9a5266e0fed035b,2026-09-03T23:15:00Z,,,0.5,0.5,0.5,1,100.0,0.0,1941.0,,,
MLB,william contreras,William Contreras,total_bases,919bdbd90145290fd9a5266e0fed035b,2026-09-03T23:15:00Z,,,1.5,1.5,1.5,2,100.0,0.0,136.5,-176.5,,
MLB,wilyer abreu,Wilyer Abreu,hits,87e824da83d83bcea518867ca5c3d75f,2026-09-03T23:15:00Z,,,0.5,0.5,0.5,2,100.0,0.0,-226.5,176.5,,
MLB,wilyer abreu,Wilyer Abreu,hits_runs_rbis,87e824da83d83bcea518867ca5c3d75f,2026-09-03T23:15:00Z,,,1.5,1.5,1.5,1,100.0,0.0,-127.0,108.0,,
MLB,wilyer abreu,Wilyer Abreu,home_runs,87e824da83d83bcea518867ca5c3d75f,2026-09-03T23:15:00Z,,,0.5,0.5,0.5,2,100.0,0.0,322.0,-415.5,,
MLB,wilyer abreu,Wilyer Abreu,rbis,87e824da83d83bcea518867ca5c3d75f,2026-09-03T23:15:00Z,,,0.5,0.5,0.5,2,100.0,0.0,121.5,-141.5,,
MLB,wilyer abreu,Wilyer Abreu,runs,87e824da83d83bcea518867ca5c3d75f,2026-09-03T23:15:00Z,,,0.5,0.5,0.5,1,100.0,0.0,102.0,,,
MLB,wilyer abreu,Wilyer Abreu,stolen_bases,87e824da83d83bcea518867ca5c3d75f,2026-09-03T23:15:00Z,,,0.5,0.5,0.5,1,100.0,0.0,1718.0,,,
MLB,wilyer abreu,Wilyer Abreu,total_bases,87e824da83d83bcea518867ca5c3d75f,2026-09-03T23:15:00Z,,,1.5,1.5,1.5,2,100.0,0.0,113.5,-145.0,,
MLB,wyatt langford,Wyatt Langford,home_runs,f64033ef76653cc57533ab4c515fa24b,2026-09-04T00:05:00Z,,,0.5,0.5,0.5,1,100.0,0.0,538.0,-1050.0,,
MLB,yainer diaz,Yainer Diaz,doubles,4531806102eb01c9886a2ceb2b16b0b9,2026-09-03T18:10:00Z,,,0.5,0.5,0.5,1,100.0,0.0,450.0,-700.0,,
MLB,yainer diaz,Yainer Diaz,hits,4531806102eb01c9886a2ceb2b16b0b9,2026-09-03T18:10:00Z,,,0.5,0.5,0.5,4,100.0,0.0,-225.0,156.0,,
MLB,yainer diaz,Yainer Diaz,hits_runs_rbis,4531806102eb01c9886a2ceb2b16b0b9,2026-09-03T18:10:00Z,,,1.5,1.5,1.5,2,100.0,0.0,-107.5,-128.5,1.5,0.0
MLB,yainer diaz,Yainer Diaz,home_runs,4531806102eb01c9886a2ceb2b16b0b9,2026-09-03T18:10:00Z,,,0.5,0.5,0.5,3,100.0,0.0,809.0,-1154.5,,
MLB,yainer diaz,Yainer Diaz,rbis,4531806102eb01c9886a2ceb2b16b0b9,2026-09-03T18:10:00Z,,,0.5,0.5,0.5,3,100.0,0.0,190.0,-265.0,,
MLB,yainer diaz,Yainer Diaz,runs,4531806102eb01c9886a2ceb2b16b0b9,2026-09-03T18:10:00Z,,,0.5,0.5,0.5,1,100.0,0.0,145.0,-200.0,,
MLB,yainer diaz,Yainer Diaz,singles,4531806102eb01c9886a2ceb2b16b0b9,2026-09-03T18:10:00Z,,,0.5,0.5,0.5,1,100.0,0.0,-176.0,-112.0,0.5,0.0
MLB,yainer diaz,Yainer Diaz,total_bases,4531806102eb01c9886a2ceb2b16b0b9,2026-09-03T18:10:00Z,,,1.5,0.5,1.5,4,75.0,0.433,155.0,-167.0,,
MLB,yandy diaz,Yandy Diaz,home_runs,f64033ef76653cc57533ab4c515fa24b,2026-09-04T00:05:00Z,,,0.5,0.5,0.5,1,100.0,0.0,525.0,-1008.0,,
MLB,yordan alvarez,Yordan Alvarez,doubles,4531806102eb01c9886a2ceb2b16b0b9,2026-09-03T18:10:00Z,,,0.5,0.5,0.5,2,100.0,0.0,300.0,-450.0,,
MLB,yordan alvarez,Yordan Alvarez,hits,4531806102eb01c9886a2ceb2b16b0b9,2026-09-03T18:10:00Z,,,1.5,0.5,1.5,4,75.0,0.433,184.0,-223.5,,
MLB,yordan alvarez,Yordan Alvarez,hits_runs_rbis,4531806102eb01c9886a2ceb2b16b0b9,2026-09-03T18:10:00Z,,,2.5,1.5,2.5,3,75.0,0.433,103.5,-122.0,,
MLB,yordan alvarez,Yordan Alvarez,home_runs,4531806102eb01c9886a2ceb2b16b0b9,2026-09-03T18:10:00Z,,,0.5,0.5,0.5,3,100.0,0.0,250.0,-300.0,,
MLB,yordan alvarez,Yordan Alvarez,rbis,4531806102eb01c9886a2ceb2b16b0b9,2026-09-03T18:10:00Z,,,0.5,0.5,0.5,4,100.0,0.0,120.0,-155.0,,
MLB,yordan alvarez,Yordan Alvarez,runs,4531806102eb01c9886a2ceb2b16b0b9,2026-09-03T18:10:00Z,,,0.5,0.5,0.5,3,100.0,0.0,-170.0,-18.5,,
MLB,yordan alvarez,Yordan Alvarez,stolen_bases,4531806102eb01c9886a2ceb2b16b0b9,2026-09-03T18:10:00Z,,,0.5,0.5,0.5,1,100.0,0.0,2000.0,,,
MLB,yordan alvarez,Yordan Alvarez,total_bases,4531806102eb01c9886a2ceb2b16b0b9,2026-09-03T18:10:00Z,,,1.5,1.5,1.5,4,100.0,0.0,-125.0,-104.5,1.5,0.0
MLB,zack gelof,Zack Gelof,home_runs,0bbf9d80b06a1e1868b6224c751b8a2e,2026-09-04T01:40:00Z,,,0.5,0.5,0.5,1,100.0,0.0,600.0,-1268.0,,
NFL,a j brown,A.J. Brown,anytime_td,1bb67464f064518614cf526e0af54269,2026-09-10T00:20:00Z,,,0.0,0.0,0.0,2,100.0,0.0,165.0,,,
NFL,a j brown,A.J. Brown,receiving_yards,1bb67464f064518614cf526e0af54269,2026-09-10T00:20:00Z,,,61.5,60.5,61.5,5,100.0,0.49,-114.0,-114.0,1099.5,1038.0
NFL,a j brown,A.J. Brown,receptions,1bb67464f064518614cf526e0af54269,2026-09-10T00:20:00Z,,,4.5,4.5,4.5,6,100.0,0.0,-147.0,112.0,78.5,74.0
NFL,a j brown ne,A.J. Brown (NE),receiving_yards,1bb67464f064518614cf526e0af54269,2026-09-10T00:20:00Z,,,66.0,24.5,124.5,1,0.0,30.411,2.5,-115.0,,
NFL,a j brown ne,A.J. Brown (NE),receptions,1bb67464f064518614cf526e0af54269,2026-09-10T00:20:00Z,,,4.5,4.5,4.5,1,100.0,0.0,-160.0,,,
NFL,a j dillon,A.J. Dillon,anytime_td,207e2c8f6a173dbe03bda5c5be99caa7,2026-09-13T17:00:00Z,,,0.0,0.0,0.0,1,100.0,0.0,450.0,,,
NFL,aaron jones,Aaron Jones,rushing_yards,c5d92fa7aed8de1061282616f16e529f,2026-09-13T20:25:00Z,,,30.5,30.5,30.5,1,100.0,0.0,-114.0,-117.0,499.5,469.0
NFL,aaron rodgers,Aaron Rodgers,passing_yards,f3c9935611447ad63290e74d5b1dde17,2026-09-13T17:00:00Z,,,216.5,216.5,216.5,1,100.0,0.0,-108.0,,215.5,-1.0
NFL,aj barner,AJ Barner,anytime_td,1bb67464f064518614cf526e0af54269,2026-09-10T00:20:00Z,,,0.0,0.0,0.0,1,100.0,0.0,265.0,,,
NFL,aj barner,AJ Barner,receiving_yards,1bb67464f064518614cf526e0af54269,2026-09-10T00:20:00Z,,,24.5,24.5,26.5,7,57.1,0.728,-114.5,-113.0,25.5,1.0
NFL,aj barner,AJ Barner,receptions,1bb67464f064518614cf526e0af54269,2026-09-10T00:20:00Z,,,2.5,2.5,2.5,6,100.0,0.0,-146.0,113.5,,
NFL,aj barner sea,AJ Barner (SEA),receiving_yards,1bb67464f064518614cf526e0af54269,2026-09-10T00:20:00Z,,,25.5,25.5,25.5,1,100.0,0.0,-115.0,-115.0,,
NFL,aj barner sea,AJ Barner (SEA),receptions,1bb67464f064518614cf526e0af54269,2026-09-10T00:20:00Z,,,2.5,2.5,2.5,1,100.0,0.0,-150.0,115.0,,
NFL,amon ra st brown,Amon-Ra St. Brown,anytime_td,5aff92cd2660b12710bf709d6e022115,2026-09-13T17:00:00Z,,,1.5,1.5,1.5,1,100.0,0.0,441.0,,,
NFL,amon ra st brown,Amon-Ra St. Brown,longest_reception,5aff92cd2660b12710bf709d6e022115,2026-09-13T17:00:00Z,,,22.5,22.5,22.5,1,100.0,0.0,-115.0,-115.0,22.5,0.0
NFL,amon ra st brown,Amon-Ra St. Brown,receiving_yards,5aff92cd2660b12710bf709d6e022115,2026-09-13T17:00:00Z,,,77.5,59.5,80.5,5,40.0,7.864,-115.0,-113.0,78.5,1.0
NFL,amon ra st brown,Amon-Ra St. Brown,receiving_yards,a05d7c053eb1671d2e6d71e94acae4fb,2026-09-03T19:00:00Z,,,105.0,25.0,190.0,1,0.0,48.633,248.5,,78.5,-26.5
NFL,amon ra st brown,Amon-Ra St. Brown,receptions,5aff92cd2660b12710bf709d6e022115,2026-09-13T17:00:00Z,,,6.5,6.5,6.5,3,100.0,0.0,-115.0,-116.0,6.5,0.0
NFL,andrei iosivas,Andrei Iosivas,anytime_td,e0bd613ef31e8bf41bc4330dec90c7e6,2026-09-13T17:00:00Z,,,0.25,0.0,0.5,2,100.0,0.25,270.0,,,
NFL,andrei iosivas,Andrei Iosivas,receiving_yards,e0bd613ef31e8bf41bc4330dec90c7e6,2026-09-13T17:00:00Z,,,9.5,9.5,9.5,1,100.0,0.0,-110.0,-110.0,9.5,0.0
NFL,andrei iosivas,Andrei Iosivas,receptions,e0bd613ef31e8bf41bc4330dec90c7e6,2026-09-13T17:00:00Z,,,1.5,1.5,1.5,1,100.0,0.0,160.0,-230.0,,
NFL,audric estime,Audric Estime,anytime_td,5aff92cd2660b12710bf709d6e022115,2026-09-13T17:00:00Z,,,0.5,0.5,0.5,1,100.0,0.0,400.0,,,
NFL,baker mayfield,Baker Mayfield,anytime_td,e0bd613ef31e8bf41bc4330dec90c7e6,2026-09-13T17:00:00Z,,,0.0,0.0,0.0,3,100.0,0.0,550.0,,,
NFL,baker mayfield,Baker Mayfield,longest_rush,e0bd613ef31e8bf41bc4330dec90c7e6,2026-09-13T17:00:00Z,,,9.5,9.5,9.5,1,100.0,0.0,-115.0,-115.0,9.5,0.0
NFL,baker mayfield,Baker Mayfield,pass_attempts,e0bd613ef31e8bf41bc4330dec90c7e6,2026-09-13T17:00:00Z,,,33.0,32.5,33.5,4,100.0,0.5,-113.5,-116.0,33.0,0.0
NFL,baker mayfield,Baker Mayfield,pass_completions,e0bd613ef31e8bf41bc4330dec90c7e6,2026-09-13T17:00:00Z,,,21.5,21.5,22.5,3,66.7,0.471,-115.0,-114.0,22.5,1.0
NFL,baker mayfield,Baker Mayfield,passing_tds,e0bd613ef31e8bf41bc4330dec90c7e6,2026-09-13T17:00:00Z,,,1.5,1.5,1.5,5,100.0,0.0,-120.0,-110.0,,
NFL,baker mayfield,Baker Mayfield,passing_yards,e0bd613ef31e8bf41bc4330dec90c7e6,2026-09-13T17:00:00Z,,,245.5,230.5,247.5,6,66.7,7.141,-113.5,-115.0,239.5,-6.0
NFL,baker mayfield,Baker Mayfield,rushing_yards,677238b1b7b630af8e5eb327f610a9c8,2026-09-03T19:00:00Z,,,27.5,10.0,60.0,1,0.0,16.346,335.0,,16.5,-11.0
NFL,baker mayfield,Baker Mayfield,rushing_yards,e0bd613ef31e8bf41bc4330dec90c7e6,2026-09-13T17:00:00Z,,,15.5,15.5,39.5,4,60.0,9.33,-110.0,-118.0,16.5,1.0
NFL,bhayshul tuten,Bhayshul Tuten,rush_attempts,a5af615996df7c99fdbffcc0e17b760b,2026-09-13T17:00:00Z,,,11.5,11.5,11.5,1,100.0,0.0,-137.0,106.0,,
NFL,bhayshul tuten,Bhayshul Tuten,rushing_yards,a5af615996df7c99fdbffcc0e17b760b,2026-09-13T17:00:00Z,,,49.5,49.5,49.5,2,100.0,0.0,-119.0,-111.0,51.5,2.0
NFL,blake corum,Blake Corum,anytime_td,764011b4dfb8ee727de8222f6213e1a9,2026-09-11T00:35:00Z,,,0.0,0.0,0.0,3,100.0,0.0,153.0,,,
NFL,blake corum,Blake Corum,longest_reception,764011b4dfb8ee727de8222f6213e1a9,2026-09-11T00:35:00Z,,,1.5,1.5,1.5,1,100.0,0.0,-115.0,-115.0,1.5,0.0
NFL,blake corum,Blake Corum,rush_attempts,764011b4dfb8ee727de8222f6213e1a9,2026-09-11T00:35:00Z,,,9.5,9.5,9.5,1,100.0,0.0,110.0,-143.0,9.5,0.0
NFL,blake corum,Blake Corum,rushing_yards,764011b4dfb8ee727de8222f6213e1a9,2026-09-11T00:35:00Z,,,36.5,35.5,79.5,8,22.2,14.689,-114.0,-110.0,37.5,1.0
NFL,brayden willis,Brayden Willis,anytime_td,764011b4dfb8ee727de8222f6213e1a9,2026-09-11T00:35:00Z,,,0.0,0.0,0.0,1,100.0,0.0,1200.0,,,
NFL,breece hall,Breece Hall,receptions,20cdf8bcace09001101aa7b2d6734889,2026-09-13T17:00:00Z,,,2.5,2.5,2.5,1,100.0,0.0,123.0,,2.5,0.0
NFL,brenton strange,Brenton Strange,receiving_yards,a5af615996df7c99fdbffcc0e17b760b,2026-09-13T17:00:00Z,,,35.5,35.5,35.5,2,100.0,0.0,-117.5,-112.5,34.5,-1.0
NFL,brenton strange,Brenton Strange,receptions,a5af615996df7c99fdbffcc0e17b760b,2026-09-13T17:00:00Z,,,3.5,3.5,3.5,1,100.0,0.0,104.0,-136.0,44.5,41.0
NFL,brian thomas,Brian Thomas,receiving_yards,a5af615996df7c99fdbffcc0e17b760b,2026-09-13T17:00:00Z,,,37.5,37.5,37.5,2,100.0,0.0,-113.5,-116.0,724.5,687.0
NFL,brian thomas,Brian Thomas,receptions,a5af615996df7c99fdbffcc0e17b760b,2026-09-13T17:00:00Z,,,2.5,2.5,2.5,1,100.0,0.0,-175.0,133.0,50.5,48.0
NFL,brock bowers,Brock Bowers,receiving_yards,8190f11dd0c3af350c7cdcf78e5d3fa7,2026-09-13T20:25:00Z,,,64.5,64.5,64.5,2,100.0,0.0,-113.5,-115.0,63.5,-1.0
NFL,brock bowers,Brock Bowers,receptions,8190f11dd0c3af350c7cdcf78e5d3fa7,2026-09-13T20:25:00Z,,,5.5,5.5,5.5,1,100.0,0.0,-132.0,102.0,83.5,78.0
NFL,brock purdy,Brock Purdy,anytime_td,764011b4dfb8ee727de8222f6213e1a9,2026-09-11T00:35:00Z,,,0.0,0.0,0.0,2,100.0,0.0,562.5,,,
NFL,brock purdy,Brock Purdy,interceptions,764011b4dfb8ee727de8222f6213e1a9,2026-09-11T00:35:00Z,,,0.5,0.5,0.5,2,100.0,0.0,-142.0,107.5,,
NFL,brock purdy,Brock Purdy,pass_attempts,764011b4dfb8ee727de8222f6213e1a9,2026-09-11T00:35:00Z,,,33.5,33.5,33.5,2,100.0,0.0,-124.5,-106.0,33.5,0.0
NFL,brock purdy,Brock Purdy,pass_completions,764011b4dfb8ee727de8222f6213e1a9,2026-09-11T00:35:00Z,,,22.5,22.5,22.5,1,100.0,0.0,100.0,-130.0,21.5,-1.0
NFL,brock purdy,Brock Purdy,passing_tds,764011b4dfb8ee727de8222f6213e1a9,2026-09-11T00:35:00Z,,,1.5,1.5,1.5,6,100.0,0.0,-103.5,-127.5,,
NFL,brock purdy,Brock Purdy,passing_yards,764011b4dfb8ee727de8222f6213e1a9,2026-09-11T00:35:00Z,,,244.5,241.5,245.5,7,100.0,1.309,-113.5,-114.0,243.5,-1.0
NFL,brock purdy,Brock Purdy,rush_attempts,764011b4dfb8ee727de8222f6213e1a9,2026-09-11T00:35:00Z,,,3.5,3.5,3.5,1,100.0,0.0,-136.0,102.0,,
NFL,brock purdy,Brock Purdy,rushing_yards,764011b4dfb8ee727de8222f6213e1a9,2026-09-11T00:35:00Z,,,15.5,14.5,15.5,5,80.0,0.4,-112.0,-116.5,15.5,0.0
NFL,brock wright,Brock Wright,anytime_td,5aff92cd2660b12710bf709d6e022115,2026-09-13T17:00:00Z,,,0.5,0.5,0.5,1,100.0,0.0,809.0,,,
NFL,bryce young,Bryce Young,anytime_td,207e2c8f6a173dbe03bda5c5be99caa7,2026-09-13T17:00:00Z,,,0.0,0.0,0.0,1,100.0,0.0,525.0,,,
NFL,bryce young,Bryce Young,longest_rush,207e2c8f6a173dbe03bda5c5be99caa7,2026-09-13T17:00:00Z,,,9.5,9.5,9.5,1,100.0,0.0,-110.0,-120.0,9.5,0.0
NFL,bryce young,Bryce Young,pass_attempts,207e2c8f6a173dbe03bda5c5be99caa7,2026-09-13T17:00:00Z,,,30.5,29.5,30.5,5,80.0,0.4,-122.0,-108.0,30.5,0.0
NFL,bryce young,Bryce Young,pass_completions,207e2c8f6a173dbe03bda5c5be99caa7,2026-09-13T17:00:00Z,,,19.5,19.5,19.5,4,100.0,0.0,-112.0,-117.0,19.5,0.0
NFL,bryce young,Bryce Young,passing_tds,207e2c8f6a173dbe03bda5c5be99caa7,2026-09-13T17:00:00Z,,,1.5,1.5,1.5,3,100.0,0.0,118.0,-157.0,,
NFL,bryce young,Bryce Young,passing_yards,207e2c8f6a173dbe03bda5c5be99caa7,2026-09-13T17:00:00Z,,,212.5,206.5,249.5,5,60.0,15.753,-113.0,-116.0,214.5,2.0
NFL,bryce young,Bryce Young,rush_attempts,207e2c8f6a173dbe03bda5c5be99caa7,2026-09-13T17:00:00Z,,,3.0,2.5,3.5,2,100.0,0.5,-145.0,7.5,3.5,0.5
NFL,bryce young,Bryce Young,rushing_yards,207e2c8f6a173dbe03bda5c5be99caa7,2026-09-13T17:00:00Z,,,14.5,13.5,15.5,5,60.0,0.632,-111.0,-118.0,14.5,0.0
NFL,bryce young,Bryce Young,rushing_yards,e5646a4a0f51c3953ba395fef4b14179,2026-09-03T19:00:00Z,,,27.5,10.0,60.0,1,0.0,16.346,318.0,,14.5,-13.0
NFL,brycen tremayne,Brycen Tremayne,anytime_td,207e2c8f6a173dbe03bda5c5be99caa7,2026-09-13T17:00:00Z,,,0.5,0.5,0.5,1,100.0,0.0,1567.0,,,
NFL,bucky irving,Bucky Irving,anytime_td,e0bd613ef31e8bf41bc4330dec90c7e6,2026-09-13T17:00:00Z,,,0.0,0.0,0.0,2,100.0,0.0,125.0,,,
NFL,bucky irving,Bucky Irving,receiving_yards,e0bd613ef31e8bf41bc4330dec90c7e6,2026-09-13T17:00:00Z,,,12.5,10.5,13.5,4,50.0,1.09,-114.5,-112.0,13.5,1.0
NFL,bucky irving,Bucky Irving,receptions,e0bd613ef31e8bf41bc4330dec90c7e6,2026-09-13T17:00:00Z,,,1.5,1.5,1.5,1,100.0,0.0,-190.0,143.0,,
NFL,bucky irving,Bucky Irving,rush_attempts,e0bd613ef31e8bf41bc4330dec90c7e6,2026-09-13T17:00:00Z,,,15.0,14.5,15.5,2,100.0,0.5,-112.0,-116.0,14.5,-0.5
NFL,bucky irving,Bucky Irving,rushing_yards,677238b1b7b630af8e5eb327f610a9c8,2026-09-03T19:00:00Z,,,85.0,25.0,150.0,1,0.0,37.617,343.5,,55.5,-29.5
NFL,bucky irving,Bucky Irving,rushing_yards,e0bd613ef31e8bf41bc4330dec90c7e6,2026-09-13T17:00:00Z,,,55.5,52.5,58.5,4,50.0,2.121,-116.0,-113.0,55.5,0.0
NFL,c j stroud,C.J. Stroud,interceptions,a0b009be7e2431d207e96b99f596f541,2026-09-13T17:00:00Z,,,0.5,0.5,0.5,3,100.0,0.0,-130.0,-102.0,,
NFL,c j stroud,C.J. Stroud,pass_attempts,a0b009be7e2431d207e96b99f596f541,2026-09-13T17:00:00Z,,,32.5,32.5,33.5,3,66.7,0.471,-130.0,-103.0,31.5,-1.0
NFL,c j stroud,C.J. Stroud,pass_completions,a0b009be7e2431d207e96b99f596f541,2026-09-13T17:00:00Z,,,20.5,20.5,20.5,2,100.0,0.0,-6.0,-123.0,19.5,-1.0
NFL,c j stroud,C.J. Stroud,passing_tds,a0b009be7e2431d207e96b99f596f541,2026-09-13T17:00:00Z,,,1.5,1.5,1.5,2,100.0,0.0,125.0,-166.0,,
NFL,c j stroud,C.J. Stroud,passing_yards,a0b009be7e2431d207e96b99f596f541,2026-09-13T17:00:00Z,,,220.5,219.5,220.5,3,100.0,0.471,-114.0,-114.5,219.5,-1.0
NFL,cade otton,Cade Otton,anytime_td,e0bd613ef31e8bf41bc4330dec90c7e6,2026-09-13T17:00:00Z,,,0.0,0.0,0.0,3,100.0,0.0,310.0,,,
NFL,cade otton,Cade Otton,longest_reception,e0bd613ef31e8bf41bc4330dec90c7e6,2026-09-13T17:00:00Z,,,13.5,13.5,13.5,1,100.0,0.0,-120.0,-110.0,13.5,0.0
NFL,cade otton,Cade Otton,receiving_yards,e0bd613ef31e8bf41bc4330dec90c7e6,2026-09-13T17:00:00Z,,,27.0,25.5,28.5,2,0.0,1.5,-122.5,-5.0,28.5,1.5
NFL,cairo santos,Cairo Santos,kicking_points,207e2c8f6a173dbe03bda5c5be99caa7,2026-09-13T17:00:00Z,,,7.5,7.5,7.5,1,100.0,0.0,-125.0,-105.0,7.5,0.0
NFL,caleb williams,Caleb Williams,anytime_td,207e2c8f6a173dbe03bda5c5be99caa7,2026-09-13T17:00:00Z,,,0.0,0.0,0.0,3,100.0,0.0,400.0,,,
NFL,caleb williams,Caleb Williams,interceptions,207e2c8f6a173dbe03bda5c5be99caa7,2026-09-13T17:00:00Z,,,0.5,0.5,0.5,1,100.0,0.0,-105.0,-125.0,,
NFL,caleb williams,Caleb Williams,pass_attempts,207e2c8f6a173dbe03bda5c5be99caa7,2026-09-13T17:00:00Z,,,32.5,32.5,32.5,4,100.0,0.0,-105.5,-122.5,32.5,0.0
NFL,caleb williams,Caleb Williams,pass_completions,207e2c8f6a173dbe03bda5c5be99caa7,2026-09-13T17:00:00Z,,,19.5,19.5,19.5,3,100.0,0.0,-130.0,-102.0,20.0,0.5
NFL,caleb williams,Caleb Williams,passing_tds,207e2c8f6a173dbe03bda5c5be99caa7,2026-09-13T17:00:00Z,,,1.5,1.5,1.5,4,100.0,0.0,-111.5,-119.0,,
NFL,caleb williams,Caleb Williams,passing_yards,207e2c8f6a173dbe03bda5c5be99caa7,2026-09-13T17:00:00Z,,,226.5,224.5,249.5,6,83.3,8.699,-114.0,-114.0,231.5,5.0
NFL,caleb williams,Caleb Williams,rush_attempts,207e2c8f6a173dbe03bda5c5be99caa7,2026-09-13T17:00:00Z,,,3.5,3.5,3.5,2,100.0,0.0,-154.0,116.5,,
NFL,caleb williams,Caleb Williams,rushing_yards,207e2c8f6a173dbe03bda5c5be99caa7,2026-09-13T17:00:00Z,,,20.5,18.5,21.5,5,40.0,1.095,-113.0,-114.0,21.5,1.0
NFL,caleb williams,Caleb Williams,rushing_yards,e5646a4a0f51c3953ba395fef4b14179,2026-09-03T19:00:00Z,,,30.0,10.0,80.0,1,9.1,22.326,145.0,,21.5,-8.5
NFL,chase brown,Chase Brown,anytime_td,e0bd613ef31e8bf41bc4330dec90c7e6,2026-09-13T17:00:00Z,,,0.0,0.0,0.0,1,100.0,0.0,-145.0,,,
NFL,chase brown,Chase Brown,receiving_yards,677238b1b7b630af8e5eb327f610a9c8,2026-09-03T19:00:00Z,,,55.0,15.0,120.0,1,0.0,35.814,432.0,,22.5,-32.5
NFL,chase brown,Chase Brown,receiving_yards,e0bd613ef31e8bf41bc4330dec90c7e6,2026-09-13T17:00:00Z,,,22.5,22.5,22.5,2,100.0,0.0,-112.5,-117.0,22.5,0.0
NFL,chase brown,Chase Brown,receptions,e0bd613ef31e8bf41bc4330dec90c7e6,2026-09-13T17:00:00Z,,,3.5,3.5,3.5,2,100.0,0.0,-116.0,-113.5,3.5,0.0
NFL,chase brown,Chase Brown,rush_attempts,e0bd613ef31e8bf41bc4330dec90c7e6,2026-09-13T17:00:00Z,,,14.5,14.5,14.5,1,100.0,0.0,100.0,-130.0,14.5,0.0
NFL,chase brown,Chase Brown,rushing_yards,677238b1b7b630af8e5eb327f610a9c8,2026-09-03T19:00:00Z,,,75.0,25.0,150.0,1,0.0,38.157,176.5,,59.5,-15.5
NFL,chase brown,Chase Brown,rushing_yards,e0bd613ef31e8bf41bc4330dec90c7e6,2026-09-13T17:00:00Z,,,60.5,59.5,60.5,3,100.0,0.471,-115.0,-114.5,59.5,-1.0
NFL,chris godwin,Chris Godwin,receiving_yards,e0bd613ef31e8bf41bc4330dec90c7e6,2026-09-13T17:00:00Z,,,43.5,43.5,43.5,1,100.0,0.0,-110.0,-110.0,674.5,631.0
NFL,chris olave,Chris Olave,receiving_yards,5aff92cd2660b12710bf709d6e022115,2026-09-13T17:00:00Z,,,75.5,39.5,76.5,4,75.0,15.738,-116.0,-114.0,75.5,0.0
NFL,chris olave,Chris Olave,receiving_yards,a05d7c053eb1671d2e6d71e94acae4fb,2026-09-03T19:00:00Z,,,120.0,25.0,190.0,1,7.7,48.847,410.0,,75.5,-44.5
NFL,chris olave,Chris Olave,receptions,5aff92cd2660b12710bf709d6e022115,2026-09-13T17:00:00Z,,,6.5,6.5,6.5,2,100.0,0.0,107.5,-139.0,6.5,0.0
NFL,chris rodriguez,Chris Rodriguez,rush_attempts,a5af615996df7c99fdbffcc0e17b760b,2026-09-13T17:00:00Z,,,8.5,8.5,8.5,1,100.0,0.0,108.0,-141.0,,
NFL,chris rodriguez,Chris Rodriguez,rushing_yards,a5af615996df7c99fdbffcc0e17b760b,2026-09-13T17:00:00Z,,,33.5,33.5,33.5,2,100.0,0.0,-117.0,-112.5,,
NFL,christian mccaffrey,Christian McCaffrey,anytime_td,764011b4dfb8ee727de8222f6213e1a9,2026-09-11T00:35:00Z,,,0.0,0.0,0.0,3,100.0,0.0,-150.0,,,
NFL,christian mccaffrey,Christian McCaffrey,longest_reception,764011b4dfb8ee727de8222f6213e1a9,2026-09-11T00:35:00Z,,,15.5,15.5,15.5,1,100.0,0.0,-114.0,-114.0,14.5,-1.0
NFL,christian mccaffrey,Christian McCaffrey,receiving_yards,764011b4dfb8ee727de8222f6213e1a9,2026-09-11T00:35:00Z,,,37.5,36.5,38.5,6,57.1,0.639,-114.5,-115.0,38.5,1.0
NFL,christian mccaffrey,Christian McCaffrey,receptions,764011b4dfb8ee727de8222f6213e1a9,2026-09-11T00:35:00Z,,,4.5,4.5,4.5,5,100.0,0.0,-102.0,-130.0,4.5,0.0
NFL,christian mccaffrey,Christian McCaffrey,rush_attempts,764011b4dfb8ee727de8222f6213e1a9,2026-09-11T00:35:00Z,,,16.5,16.5,16.5,1,100.0,0.0,-105.0,-124.0,15.0,-1.5
NFL,christian mccaffrey,Christian McCaffrey,rushing_yards,764011b4dfb8ee727de8222f6213e1a9,2026-09-11T00:35:00Z,,,59.5,58.5,60.5,5,100.0,0.748,-118.0,-111.0,59.5,0.0
NFL,christian watson,Christian Watson,receiving_yards,c5d92fa7aed8de1061282616f16e529f,2026-09-13T20:25:00Z,,,52.5,52.5,52.5,1,100.0,0.0,,-117.0,54.5,2.0
NFL,chuba hubbard,Chuba Hubbard,anytime_td,207e2c8f6a173dbe03bda5c5be99caa7,2026-09-13T17:00:00Z,,,0.0,0.0,0.0,2,100.0,0.0,112.5,,,
NFL,cj daniels,CJ Daniels,anytime_td,764011b4dfb8ee727de8222f6213e1a9,2026-09-11T00:35:00Z,,,0.0,0.0,0.0,1,100.0,0.0,1900.0,,,
NFL,colbie young,Colbie Young,anytime_td,e0bd613ef31e8bf41bc4330dec90c7e6,2026-09-13T17:00:00Z,,,0.0,0.0,0.0,1,100.0,0.0,500.0,,,
NFL,colby parkinson,Colby Parkinson,anytime_td,764011b4dfb8ee727de8222f6213e1a9,2026-09-11T00:35:00Z,,,0.0,0.0,0.0,2,100.0,0.0,395.0,,,
NFL,colby parkinson,Colby Parkinson,receiving_yards,764011b4dfb8ee727de8222f6213e1a9,2026-09-11T00:35:00Z,,,22.5,21.5,23.5,5,40.0,0.748,-116.0,-112.0,21.5,-1.0
NFL,colby parkinson,Colby Parkinson,receptions,764011b4dfb8ee727de8222f6213e1a9,2026-09-11T00:35:00Z,,,2.5,2.5,2.5,4,100.0,0.0,104.0,-133.0,,
NFL,cole kmet,Cole Kmet,anytime_td,207e2c8f6a173dbe03bda5c5be99caa7,2026-09-13T17:00:00Z,,,0.25,0.0,0.5,2,100.0,0.25,431.5,,,
NFL,cole kmet,Cole Kmet,receptions,207e2c8f6a173dbe03bda5c5be99caa7,2026-09-13T17:00:00Z,,,1.5,1.5,1.5,1,100.0,0.0,175.0,-255.0,1.5,0.0
NFL,colston loveland,Colston Loveland,anytime_td,207e2c8f6a173dbe03bda5c5be99caa7,2026-09-13T17:00:00Z,,,0.0,0.0,0.5,3,100.0,0.236,185.0,-182.0,,
NFL,colston loveland,Colston Loveland,receiving_yards,207e2c8f6a173dbe03bda5c5be99caa7,2026-09-13T17:00:00Z,,,50.5,48.5,50.5,5,80.0,0.8,-114.0,-114.5,52.5,2.0
NFL,colston loveland,Colston Loveland,receiving_yards,e5646a4a0f51c3953ba395fef4b14179,2026-09-03T19:00:00Z,,,75.0,15.0,140.0,1,0.0,38.03,304.5,,52.5,-22.5
NFL,colston loveland,Colston Loveland,receptions,207e2c8f6a173dbe03bda5c5be99caa7,2026-09-13T17:00:00Z,,,4.5,4.5,4.5,4,100.0,0.0,104.0,-140.0,69.5,65.0
NFL,cooper kupp,Cooper Kupp,anytime_td,1bb67464f064518614cf526e0af54269,2026-09-10T00:20:00Z,,,0.0,0.0,0.0,2,100.0,0.0,222.5,,,
NFL,cooper kupp,Cooper Kupp,longest_reception,1bb67464f064518614cf526e0af54269,2026-09-10T00:20:00Z,,,16.5,16.5,16.5,1,100.0,0.0,-108.0,-122.0,,
NFL,cooper kupp,Cooper Kupp,receiving_yards,1bb67464f064518614cf526e0af54269,2026-09-10T00:20:00Z,,,30.5,29.5,32.5,6,33.3,1.247,-115.0,-114.0,29.5,-1.0
NFL,cooper kupp,Cooper Kupp,receptions,1bb67464f064518614cf526e0af54269,2026-09-10T00:20:00Z,,,2.5,2.5,2.5,5,100.0,0.0,-149.0,114.0,3.0,0.5
NFL,cooper kupp sea,Cooper Kupp (SEA),receiving_yards,1bb67464f064518614cf526e0af54269,2026-09-10T00:20:00Z,,,44.5,9.5,109.5,1,0.0,31.762,165.0,-115.0,,
NFL,cooper kupp sea,Cooper Kupp (SEA),receptions,1bb67464f064518614cf526e0af54269,2026-09-10T00:20:00Z,,,3.5,3.5,3.5,1,100.0,0.0,170.0,,,
NFL,d andre swift,D'Andre Swift,anytime_td,207e2c8f6a173dbe03bda5c5be99caa7,2026-09-13T17:00:00Z,,,0.0,0.0,1.5,3,66.7,0.707,-140.0,,,
NFL,d andre swift,D'Andre Swift,longest_rush,207e2c8f6a173dbe03bda5c5be99caa7,2026-09-13T17:00:00Z,,,14.5,14.5,14.5,1,100.0,0.0,-115.0,-115.0,14.5,0.0
NFL,d andre swift,D'Andre Swift,receiving_yards,207e2c8f6a173dbe03bda5c5be99caa7,2026-09-13T17:00:00Z,,,15.5,15.5,15.5,1,100.0,0.0,-105.0,-125.0,14.5,-1.0
NFL,d andre swift,D'Andre Swift,receptions,207e2c8f6a173dbe03bda5c5be99caa7,2026-09-13T17:00:00Z,,,2.5,2.5,2.5,1,100.0,0.0,110.0,-150.0,,
NFL,d andre swift,D'Andre Swift,rush_attempts,207e2c8f6a173dbe03bda5c5be99caa7,2026-09-13T17:00:00Z,,,16.5,16.5,16.5,2,100.0,0.0,-107.5,-122.5,16.5,0.0
NFL,d andre swift,D'Andre Swift,rushing_yards,207e2c8f6a173dbe03bda5c5be99caa7,2026-09-13T17:00:00Z,,,70.5,70.5,70.5,1,100.0,0.0,-110.0,-120.0,69.5,-1.0
NFL,d j moore,D.J. Moore,receiving_yards,a0b009be7e2431d207e96b99f596f541,2026-09-13T17:00:00Z,,,46.5,46.5,46.5,2,100.0,0.0,-116.0,-113.5,,
NFL,d j moore,D.J. Moore,receptions,a0b009be7e2431d207e96b99f596f541,2026-09-13T17:00:00Z,,,3.5,3.5,3.5,1,100.0,0.0,102.0,-132.0,,
NFL,dallas goedert,Dallas Goedert,receiving_yards,05ba435db2839dc70032e9884268a4e2,2026-09-13T20:25:00Z,,,34.5,34.5,34.5,1,100.0,0.0,-115.0,-115.0,34.5,0.0
NFL,dalton kincaid,Dalton Kincaid,receiving_yards,a0b009be7e2431d207e96b99f596f541,2026-09-13T17:00:00Z,,,37.5,36.5,37.5,3,66.7,0.471,-120.0,-110.0,37.5,0.0
NFL,dalton kincaid,Dalton Kincaid,receptions,a0b009be7e2431d207e96b99f596f541,2026-09-13T17:00:00Z,,,3.5,3.5,3.5,2,100.0,0.0,114.0,-126.5,49.5,46.0
NFL,dalton schultz,Dalton Schultz,receiving_yards,a0b009be7e2431d207e96b99f596f541,2026-09-13T17:00:00Z,,,34.5,34.5,34.5,2,100.0,0.0,-113.5,-116.0,35.5,1.0
NFL,dalton schultz,Dalton Schultz,receptions,a0b009be7e2431d207e96b99f596f541,2026-09-13T17:00:00Z,,,3.5,3.5,3.5,1,100.0,0.0,-139.0,108.0,50.5,47.0
NFL,daniel carlson,Daniel Carlson,kicking_points,5aff92cd2660b12710bf709d6e022115,2026-09-13T17:00:00Z,,,6.5,6.5,6.5,1,100.0,0.0,-115.0,-115.0,6.5,0.0
NFL,daniel jones,Daniel Jones,pass_attempts,72de8a0c4a2fe14acc132c2c9559e499,2026-09-13T17:00:00Z,,,32.5,32.5,32.5,2,100.0,0.0,-119.0,-111.0,31.5,-1.0
NFL,daniel jones,Daniel Jones,pass_completions,72de8a0c4a2fe14acc132c2c9559e499,2026-09-13T17:00:00Z,,,21.5,21.5,21.5,1,100.0,0.0,-122.0,-107.0,20.5,-1.0
NFL,daniel jones,Daniel Jones,passing_tds,72de8a0c4a2fe14acc132c2c9559e499,2026-09-13T17:00:00Z,,,1.5,1.5,1.5,2,100.0,0.0,135.0,-180.0,,
NFL,daniel jones,Daniel Jones,passing_yards,72de8a0c4a2fe14acc132c2c9559e499,2026-09-13T17:00:00Z,,,232.5,230.5,232.5,3,100.0,0.943,-114.0,-114.5,230.5,-2.0
NFL,darren waller,Darren Waller,anytime_td,207e2c8f6a173dbe03bda5c5be99caa7,2026-09-13T17:00:00Z,,,0.0,0.0,0.5,4,100.0,0.217,427.5,,,
NFL,davante adams,Davante Adams,anytime_td,764011b4dfb8ee727de8222f6213e1a9,2026-09-11T00:35:00Z,,,0.0,0.0,0.0,2,100.0,0.0,5.0,,,
NFL,davante adams,Davante Adams,receiving_yards,764011b4dfb8ee727de8222f6213e1a9,2026-09-11T00:35:00Z,,,51.5,51.5,99.5,6,83.3,17.889,-113.5,-116.0,51.5,0.0
NFL,davante adams,Davante Adams,receptions,764011b4dfb8ee727de8222f6213e1a9,2026-09-11T00:35:00Z,,,4.5,4.5,8.5,4,75.0,1.732,2.5,-130.0,4.5,0.0
NFL,david montgomery,David Montgomery,rush_attempts,a0b009be7e2431d207e96b99f596f541,2026-09-13T17:00:00Z,,,12.5,12.5,12.5,1,100.0,0.0,-130.0,100.0,,
NFL,david montgomery,David Montgomery,rushing_yards,a0b009be7e2431d207e96b99f596f541,2026-09-13T17:00:00Z,,,53.5,53.5,53.5,2,100.0,0.0,-116.0,-113.0,55.5,2.0
NFL,davis allen,Davis Allen,anytime_td,764011b4dfb8ee727de8222f6213e1a9,2026-09-11T00:35:00Z,,,0.0,0.0,0.0,2,100.0,0.0,900.0,,,
NFL,de von achane,De'Von Achane,receiving_yards,8190f11dd0c3af350c7cdcf78e5d3fa7,2026-09-13T20:25:00Z,,,28.5,28.5,28.5,2,100.0,0.0,-116.0,-113.5,32.5,4.0
NFL,de von achane,De'Von Achane,receptions,8190f11dd0c3af350c7cdcf78e5d3fa7,2026-09-13T20:25:00Z,,,4.5,4.5,4.5,1,100.0,0.0,100.0,-130.0,56.5,52.0
NFL,de von achane,De'Von Achane,rush_attempts,8190f11dd0c3af350c7cdcf78e5d3fa7,2026-09-13T20:25:00Z,,,14.5,14.5,14.5,1,100.0,0.0,-132.0,102.0,14.5,0.0
NFL,de von achane,De'Von Achane,rushing_yards,8190f11dd0c3af350c7cdcf78e5d3fa7,2026-09-13T20:25:00Z,,,68.5,68.5,68.5,2,100.0,0.0,-117.0,-112.5,69.5,1.0
NFL,de zhaun stribling,De'Zhaun Stribling,anytime_td,764011b4dfb8ee727de8222f6213e1a9,2026-09-11T00:35:00Z,,,0.0,0.0,0.0,1,100.0,0.0,260.0,,,
NFL,de zhaun stribling,De'Zhaun Stribling,receiving_yards,764011b4dfb8ee727de8222f6213e1a9,2026-09-11T00:35:00Z,,,38.5,37.5,39.5,7,57.1,0.639,-112.5,-114.5,38.5,0.0
NFL,de zhaun stribling,De'Zhaun Stribling,receptions,764011b4dfb8ee727de8222f6213e1a9,2026-09-11T00:35:00Z,,,3.5,3.5,3.5,3,100.0,0.0,116.0,-154.0,3.0,-0.5
NFL,deebo samuel,Deebo Samuel,anytime_td,764011b4dfb8ee727de8222f6213e1a9,2026-09-11T00:35:00Z,,,0.0,0.0,0.0,2,100.0,0.0,197.5,,,
NFL,deebo samuel,Deebo Samuel,longest_reception,764011b4dfb8ee727de8222f6213e1a9,2026-09-11T00:35:00Z,,,16.5,16.5,16.5,1,100.0,0.0,-115.0,-115.0,,
NFL,deebo samuel,Deebo Samuel,receiving_yards,764011b4dfb8ee727de8222f6213e1a9,2026-09-11T00:35:00Z,,,30.5,30.5,30.5,4,100.0,0.0,-110.0,-113.5,649.5,619.0
NFL,deebo samuel,Deebo Samuel,receptions,764011b4dfb8ee727de8222f6213e1a9,2026-09-11T00:35:00Z,,,2.5,2.5,2.5,2,100.0,0.0,-148.5,116.5,,
NFL,deebo samuel sr,Deebo Samuel Sr.,receiving_yards,764011b4dfb8ee727de8222f6213e1a9,2026-09-11T00:35:00Z,,,30.5,29.5,31.5,2,0.0,1.0,-5058.5,-5056.5,30.5,0.0
NFL,deebo samuel sr,Deebo Samuel Sr.,receptions,764011b4dfb8ee727de8222f6213e1a9,2026-09-11T00:35:00Z,,,2.5,2.5,2.5,1,100.0,0.0,-142.0,107.0,3.0,0.5
NFL,defense,Defense,anytime_td,1bb67464f064518614cf526e0af54269,2026-09-10T00:20:00Z,,,0.0,0.0,0.0,2,100.0,0.0,550.0,,,
NFL,defense,Defense,anytime_td,207e2c8f6a173dbe03bda5c5be99caa7,2026-09-13T17:00:00Z,,,0.0,0.0,0.0,2,100.0,0.0,675.0,,,
NFL,defense,Defense,anytime_td,5aff92cd2660b12710bf709d6e022115,2026-09-13T17:00:00Z,,,0.0,0.0,0.0,1,100.0,0.0,950.0,,,
NFL,defense,Defense,anytime_td,764011b4dfb8ee727de8222f6213e1a9,2026-09-11T00:35:00Z,,,0.0,0.0,0.0,1,100.0,0.0,650.0,,,
NFL,defense,Defense,anytime_td,e0bd613ef31e8bf41bc4330dec90c7e6,2026-09-13T17:00:00Z,,,0.0,0.0,0.0,1,100.0,0.0,800.0,,,
NFL,demarcus robinson,Demarcus Robinson,anytime_td,764011b4dfb8ee727de8222f6213e1a9,2026-09-11T00:35:00Z,,,0.0,0.0,0.0,1,100.0,0.0,675.0,,,
NFL,demario douglas,DeMario Douglas,anytime_td,1bb67464f064518614cf526e0af54269,2026-09-10T00:20:00Z,,,0.0,0.0,0.0,1,100.0,0.0,600.0,,,
NFL,demario douglas,DeMario Douglas,longest_reception,1bb67464f064518614cf526e0af54269,2026-09-10T00:20:00Z,,,12.5,12.5,12.5,1,100.0,0.0,-114.0,-114.0,,
NFL,demario douglas,DeMario Douglas,receiving_yards,1bb67464f064518614cf526e0af54269,2026-09-10T00:20:00Z,,,19.5,18.5,20.5,7,28.6,0.833,-111.0,-116.0,18.5,-1.0
NFL,demario douglas,DeMario Douglas,receptions,1bb67464f064518614cf526e0af54269,2026-09-10T00:20:00Z,,,1.5,1.5,1.5,5,100.0,0.0,-162.0,124.0,2.0,0.5
NFL,demario douglas ne,DeMario Douglas (NE),receiving_yards,1bb67464f064518614cf526e0af54269,2026-09-10T00:20:00Z,,,44.5,9.5,89.5,1,0.0,26.651,300.0,,,
NFL,demario douglas ne,DeMario Douglas (NE),receptions,1bb67464f064518614cf526e0af54269,2026-09-10T00:20:00Z,,,2.5,0.5,4.5,1,20.0,1.414,190.0,,,
NFL,demario douglas ne,Demario Douglas (NE),receiving_yards,1bb67464f064518614cf526e0af54269,2026-09-10T00:20:00Z,,,20.5,20.5,20.5,1,100.0,0.0,-120.0,-110.0,,
NFL,denzel boston,Denzel Boston,receiving_yards,a5af615996df7c99fdbffcc0e17b760b,2026-09-13T17:00:00Z,,,24.5,24.5,24.5,2,100.0,0.0,-113.5,-116.0,22.5,-2.0
NFL,denzel boston,Denzel Boston,receptions,a5af615996df7c99fdbffcc0e17b760b,2026-09-13T17:00:00Z,,,2.5,2.5,2.5,2,100.0,0.0,126.0,-162.0,,
NFL,derrick henry,Derrick Henry,rush_attempts,72de8a0c4a2fe14acc132c2c9559e499,2026-09-13T17:00:00Z,,,17.5,17.5,17.5,1,100.0,0.0,-103.0,-129.0,18.5,1.0
NFL,derrick henry,Derrick Henry,rushing_yards,72de8a0c4a2fe14acc132c2c9559e499,2026-09-13T17:00:00Z,,,77.5,77.5,77.5,2,100.0,0.0,-114.5,-114.5,81.5,4.0
NFL,deshaun watson,Deshaun Watson,pass_attempts,a5af615996df7c99fdbffcc0e17b760b,2026-09-13T17:00:00Z,,,31.5,31.5,31.5,2,100.0,0.0,-107.5,-123.0,31.5,0.0
NFL,deshaun watson,Deshaun Watson,pass_completions,a5af615996df7c99fdbffcc0e17b760b,2026-09-13T17:00:00Z,,,18.5,18.5,18.5,1,100.0,0.0,-107.0,-122.0,17.5,-1.0
NFL,deshaun watson,Deshaun Watson,passing_tds,a5af615996df7c99fdbffcc0e17b760b,2026-09-13T17:00:00Z,,,0.5,0.5,0.5,2,100.0,0.0,-180.0,135.0,,
NFL,deshaun watson,Deshaun Watson,passing_yards,a5af615996df7c99fdbffcc0e17b760b,2026-09-13T17:00:00Z,,,172.5,172.5,172.5,2,100.0,0.0,-116.0,-113.5,176.5,4.0
NFL,devaughn vele,Devaughn Vele,receptions,5aff92cd2660b12710bf709d6e022115,2026-09-13T17:00:00Z,,,3.5,3.5,3.5,1,100.0,0.0,125.0,-160.0,,
NFL,devonta smith,DeVonta Smith,receiving_yards,05ba435db2839dc70032e9884268a4e2,2026-09-13T20:25:00Z,,,66.5,66.5,66.5,1,100.0,0.0,,-114.0,1099.5,1033.0
NFL,dj moore,DJ Moore,receptions,a0b009be7e2431d207e96b99f596f541,2026-09-13T17:00:00Z,,,3.5,3.5,3.5,1,100.0,0.0,,-117.0,3.5,0.0
NFL,drake maye,Drake Maye,anytime_td,1bb67464f064518614cf526e0af54269,2026-09-10T00:20:00Z,,,0.0,0.0,0.0,2,100.0,0.0,380.0,,,
NFL,drake maye,Drake Maye,interceptions,1bb67464f064518614cf526e0af54269,2026-09-10T00:20:00Z,,,0.5,0.5,0.5,3,100.0,0.0,-134.0,102.0,,
NFL,drake maye,Drake Maye,pass_attempts,1bb67464f064518614cf526e0af54269,2026-09-10T00:20:00Z,,,30.5,30.5,31.5,4,75.0,0.433,-121.5,-108.5,31.5,1.0
NFL,drake maye,Drake Maye,pass_completions,1bb67464f064518614cf526e0af54269,2026-09-10T00:20:00Z,,,20.5,20.5,20.5,2,100.0,0.0,0.0,-132.0,19.5,-1.0
NFL,drake maye,Drake Maye,passing_tds,1bb67464f064518614cf526e0af54269,2026-09-10T00:20:00Z,,,1.5,1.5,1.5,3,100.0,0.0,160.0,-220.0,,
NFL,drake maye,Drake Maye,passing_yards,1bb67464f064518614cf526e0af54269,2026-09-10T00:20:00Z,,,226.5,224.5,232.5,7,85.7,2.556,-114.0,-114.0,3774.5,3548.0
NFL,drake maye,Drake Maye,rush_attempts,1bb67464f064518614cf526e0af54269,2026-09-10T00:20:00Z,,,5.5,5.5,5.5,2,100.0,0.0,108.0,-140.5,,
NFL,drake maye,Drake Maye,rushing_yards,1bb67464f064518614cf526e0af54269,2026-09-10T00:20:00Z,,,24.5,23.5,25.5,5,60.0,0.632,-114.0,-114.0,424.5,400.0
NFL,drake maye ne,Drake Maye (NE),passing_tds,1bb67464f064518614cf526e0af54269,2026-09-10T00:20:00Z,,,1.5,0.5,2.5,1,33.3,0.816,140.0,,,
NFL,drake maye ne,Drake Maye (NE),passing_yards,1bb67464f064518614cf526e0af54269,2026-09-10T00:20:00Z,,,239.5,149.5,349.5,1,0.0,61.53,12.5,-115.0,,
NFL,drake maye ne,Drake Maye (NE),rushing_yards,1bb67464f064518614cf526e0af54269,2026-09-10T00:20:00Z,,,27.5,9.5,69.5,1,0.0,18.853,20.0,-115.0,,
NFL,drew sample,Drew Sample,anytime_td,e0bd613ef31e8bf41bc4330dec90c7e6,2026-09-13T17:00:00Z,,,0.5,0.5,0.5,1,100.0,0.0,641.0,,,
NFL,drew sample,Drew Sample,longest_reception,e0bd613ef31e8bf41bc4330dec90c7e6,2026-09-13T17:00:00Z,,,5.5,5.5,5.5,1,100.0,0.0,-115.0,-115.0,5.5,0.0
NFL,efton chism,Efton Chism,anytime_td,1bb67464f064518614cf526e0af54269,2026-09-10T00:20:00Z,,,0.0,0.0,0.0,1,100.0,0.0,3300.0,,,
NFL,eli raridon,Eli Raridon,anytime_td,1bb67464f064518614cf526e0af54269,2026-09-10T00:20:00Z,,,0.0,0.0,0.0,1,100.0,0.0,1300.0,,,
NFL,elijah arroyo,Elijah Arroyo,anytime_td,1bb67464f064518614cf526e0af54269,2026-09-10T00:20:00Z,,,0.0,0.0,0.0,2,100.0,0.0,1050.0,,,
NFL,emanuel wilson,Emanuel Wilson,anytime_td,1bb67464f064518614cf526e0af54269,2026-09-10T00:20:00Z,,,0.0,0.0,0.5,4,100.0,0.217,374.0,-199.0,,
NFL,emeka egbuka,Emeka Egbuka,anytime_td,e0bd613ef31e8bf41bc4330dec90c7e6,2026-09-13T17:00:00Z,,,0.5,0.5,0.5,1,100.0,0.0,174.0,,,
NFL,emeka egbuka,Emeka Egbuka,longest_reception,e0bd613ef31e8bf41bc4330dec90c7e6,2026-09-13T17:00:00Z,,,22.5,22.5,22.5,1,100.0,0.0,-118.0,-112.0,20.5,-2.0
NFL,emeka egbuka,Emeka Egbuka,receiving_yards,677238b1b7b630af8e5eb327f610a9c8,2026-09-03T19:00:00Z,,,80.0,15.0,150.0,1,6.7,40.612,244.0,,54.5,-25.5
NFL,emeka egbuka,Emeka Egbuka,receiving_yards,e0bd613ef31e8bf41bc4330dec90c7e6,2026-09-13T17:00:00Z,,,55.5,54.5,99.5,4,60.0,17.973,-113.0,-115.0,54.5,-1.0
NFL,emeka egbuka,Emeka Egbuka,receptions,e0bd613ef31e8bf41bc4330dec90c7e6,2026-09-13T17:00:00Z,,,4.5,4.5,4.5,1,100.0,0.0,128.0,,4.0,-0.5
NFL,eric saubert,Eric Saubert,anytime_td,1bb67464f064518614cf526e0af54269,2026-09-10T00:20:00Z,,,0.0,0.0,0.0,2,100.0,0.0,2100.0,,,
NFL,evan mcpherson,Evan McPherson,kicking_points,e0bd613ef31e8bf41bc4330dec90c7e6,2026-09-13T17:00:00Z,,,8.5,8.5,8.5,1,100.0,0.0,-115.0,-115.0,8.5,0.0
NFL,feleipe franks,Feleipe Franks,anytime_td,207e2c8f6a173dbe03bda5c5be99caa7,2026-09-13T17:00:00Z,,,0.0,0.0,0.0,1,100.0,0.0,3500.0,,,
NFL,george holani,George Holani,anytime_td,1bb67464f064518614cf526e0af54269,2026-09-10T00:20:00Z,,,0.0,0.0,0.0,1,100.0,0.0,225.0,,,
NFL,george holani,George Holani,longest_reception,1bb67464f064518614cf526e0af54269,2026-09-10T00:20:00Z,,,6.5,6.5,6.5,1,100.0,0.0,-115.0,-115.0,6.5,0.0
NFL,george holani,George Holani,receiving_yards,1bb67464f064518614cf526e0af54269,2026-09-10T00:20:00Z,,,7.5,7.5,7.5,1,100.0,0.0,-110.0,-110.0,7.5,0.0
NFL,george holani,George Holani,receptions,1bb67464f064518614cf526e0af54269,2026-09-10T00:20:00Z,,,1.5,1.5,1.5,1,100.0,0.0,105.0,-140.0,,
NFL,george holani,George Holani,rushing_yards,1bb67464f064518614cf526e0af54269,2026-09-10T00:20:00Z,,,19.5,18.5,20.5,7,28.6,0.833,-112.0,-115.5,18.5,-1.0
NFL,george holani sea,George Holani (SEA),rushing_yards,1bb67464f064518614cf526e0af54269,2026-09-10T00:20:00Z,,,29.5,9.5,79.5,1,9.1,22.451,170.0,-115.0,,
NFL,george kittle,George Kittle,anytime_td,764011b4dfb8ee727de8222f6213e1a9,2026-09-11T00:35:00Z,,,0.0,0.0,0.0,1,100.0,0.0,225.0,,,
NFL,hunter henry,Hunter Henry,anytime_td,1bb67464f064518614cf526e0af54269,2026-09-10T00:20:00Z,,,0.0,0.0,0.0,2,100.0,0.0,300.0,,,
NFL,hunter henry,Hunter Henry,longest_reception,1bb67464f064518614cf526e0af54269,2026-09-10T00:20:00Z,,,17.5,17.5,17.5,1,100.0,0.0,-112.0,-118.0,,
NFL,hunter henry,Hunter Henry,receiving_yards,1bb67464f064518614cf526e0af54269,2026-09-10T00:20:00Z,,,34.5,32.5,34.5,7,57.1,0.728,-114.0,-114.0,524.5,490.0
NFL,hunter henry,Hunter Henry,receptions,1bb67464f064518614cf526e0af54269,2026-09-10T00:20:00Z,,,3.5,3.5,3.5,4,100.0,0.0,134.0,-178.5,45.5,42.0
NFL,hunter henry ne,Hunter Henry (NE),receiving_yards,1bb67464f064518614cf526e0af54269,2026-09-10T00:20:00Z,,,39.5,9.5,99.5,1,7.7,28.456,130.0,-115.0,,
NFL,hunter henry ne,Hunter Henry (NE),receptions,1bb67464f064518614cf526e0af54269,2026-09-10T00:20:00Z,,,3.5,3.5,3.5,1,100.0,0.0,140.0,,,
NFL,ja marr chase,Ja'Marr Chase,anytime_td,e0bd613ef31e8bf41bc4330dec90c7e6,2026-09-13T17:00:00Z,,,0.0,0.0,0.5,3,100.0,0.236,-125.0,104.0,,
NFL,ja marr chase,Ja'Marr Chase,receiving_yards,677238b1b7b630af8e5eb327f610a9c8,2026-09-03T19:00:00Z,,,110.0,25.0,200.0,1,5.3,51.225,172.0,,87.5,-22.5
NFL,ja marr chase,Ja'Marr Chase,receiving_yards,e0bd613ef31e8bf41bc4330dec90c7e6,2026-09-13T17:00:00Z,,,86.5,85.5,86.5,3,100.0,0.471,-114.0,-114.5,87.5,1.0
NFL,ja marr chase,Ja'Marr Chase,receptions,e0bd613ef31e8bf41bc4330dec90c7e6,2026-09-13T17:00:00Z,,,7.5,6.5,7.5,3,66.7,0.471,114.0,-148.0,7.0,-0.5
NFL,ja tavion sanders,Ja'Tavion Sanders,anytime_td,207e2c8f6a173dbe03bda5c5be99caa7,2026-09-13T17:00:00Z,,,0.0,0.0,0.5,4,100.0,0.217,565.0,,,
NFL,jacob saylors,Jacob Saylors,anytime_td,5aff92cd2660b12710bf709d6e022115,2026-09-13T17:00:00Z,,,0.5,0.5,0.5,1,100.0,0.0,257.0,,,
NFL,jacoby brissett,Jacoby Brissett,pass_attempts,9c5e1f21e6f41ae74339e99422275c5e,2026-09-13T20:25:00Z,,,33.5,33.5,33.5,1,100.0,0.0,-129.0,-104.0,34.5,1.0
NFL,jacoby brissett,Jacoby Brissett,passing_tds,9c5e1f21e6f41ae74339e99422275c5e,2026-09-13T20:25:00Z,,,1.5,1.5,1.5,1,100.0,0.0,163.0,-225.0,,
NFL,jacoby brissett,Jacoby Brissett,passing_yards,9c5e1f21e6f41ae74339e99422275c5e,2026-09-13T20:25:00Z,,,221.5,221.5,221.5,1,100.0,0.0,-115.0,-115.0,221.5,0.0
NFL,jadarian price,Jadarian Price,anytime_td,1bb67464f064518614cf526e0af54269,2026-09-10T00:20:00Z,,,0.0,0.0,0.0,2,100.0,0.0,118.0,,,
NFL,jadarian price,Jadarian Price,receptions,1bb67464f064518614cf526e0af54269,2026-09-10T00:20:00Z,,,1.5,1.5,1.5,1,100.0,0.0,145.0,-185.0,,
NFL,jadarian price,Jadarian Price,rush_attempts,1bb67464f064518614cf526e0af54269,2026-09-10T00:20:00Z,,,13.5,13.5,13.5,1,100.0,0.0,-102.0,-130.0,13.0,-0.5
NFL,jadarian price,Jadarian Price,rushing_yards,1bb67464f064518614cf526e0af54269,2026-09-10T00:20:00Z,,,51.5,51.5,52.5,6,100.0,0.471,-114.0,-114.0,725.5,674.0
NFL,jadarian price sea,Jadarian Price (SEA),rushing_yards,1bb67464f064518614cf526e0af54269,2026-09-10T00:20:00Z,,,51.5,51.5,51.5,1,100.0,0.0,-115.0,-115.0,,
NFL,jahdae walker,Jahdae Walker,anytime_td,207e2c8f6a173dbe03bda5c5be99caa7,2026-09-13T17:00:00Z,,,0.5,0.5,0.5,1,100.0,0.0,852.0,,,
NFL,jahmyr gibbs,Jahmyr Gibbs,anytime_td,5aff92cd2660b12710bf709d6e022115,2026-09-13T17:00:00Z,,,0.0,0.0,0.0,1,100.0,0.0,-330.0,,,
NFL,jahmyr gibbs,Jahmyr Gibbs,longest_reception,5aff92cd2660b12710bf709d6e022115,2026-09-13T17:00:00Z,,,14.5,14.5,14.5,1,100.0,0.0,-110.0,-120.0,14.5,0.0
NFL,jahmyr gibbs,Jahmyr Gibbs,receiving_yards,5aff92cd2660b12710bf709d6e022115,2026-09-13T17:00:00Z,,,32.5,32.5,32.5,2,100.0,0.0,-120.0,-111.0,30.5,-2.0
NFL,jahmyr gibbs,Jahmyr Gibbs,receiving_yards,a05d7c053eb1671d2e6d71e94acae4fb,2026-09-03T19:00:00Z,,,55.0,15.0,100.0,1,0.0,27.184,384.0,,30.5,-24.5
NFL,jahmyr gibbs,Jahmyr Gibbs,receptions,5aff92cd2660b12710bf709d6e022115,2026-09-13T17:00:00Z,,,4.5,4.5,4.5,2,100.0,0.0,-110.0,-128.0,4.0,-0.5
NFL,jahmyr gibbs,Jahmyr Gibbs,rush_attempts,5aff92cd2660b12710bf709d6e022115,2026-09-13T17:00:00Z,,,17.5,17.5,17.5,1,100.0,0.0,-112.0,-117.0,,
NFL,jahmyr gibbs,Jahmyr Gibbs,rushing_yards,5aff92cd2660b12710bf709d6e022115,2026-09-13T17:00:00Z,,,82.5,82.5,87.5,4,75.0,2.165,-113.0,-114.5,82.5,0.0
NFL,jahmyr gibbs,Jahmyr Gibbs,rushing_yards,a05d7c053eb1671d2e6d71e94acae4fb,2026-09-03T19:00:00Z,,,105.0,40.0,190.0,1,0.0,43.347,191.5,,82.5,-22.5
NFL,jake bates,Jake Bates,kicking_points,5aff92cd2660b12710bf709d6e022115,2026-09-13T17:00:00Z,,,8.5,8.5,8.5,1,100.0,0.0,-105.0,-125.0,8.5,0.0
NFL,jake bobo,Jake Bobo,anytime_td,1bb67464f064518614cf526e0af54269,2026-09-10T00:20:00Z,,,0.0,0.0,0.0,1,100.0,0.0,700.0,,,
NFL,jake tonges,Jake Tonges,anytime_td,764011b4dfb8ee727de8222f6213e1a9,2026-09-11T00:35:00Z,,,0.0,0.0,0.0,1,100.0,0.0,425.0,,,
NFL,jakobi meyers,Jakobi Meyers,receiving_yards,a5af615996df7c99fdbffcc0e17b760b,2026-09-13T17:00:00Z,,,38.5,38.5,38.5,2,100.0,0.0,-111.0,-117.5,37.5,-1.0
NFL,jakobi meyers,Jakobi Meyers,receptions,a5af615996df7c99fdbffcc0e17b760b,2026-09-13T17:00:00Z,,,3.5,3.5,3.5,1,100.0,0.0,,-104.0,3.5,0.0
NFL,jalen coker,Jalen Coker,anytime_td,207e2c8f6a173dbe03bda5c5be99caa7,2026-09-13T17:00:00Z,,,0.0,0.0,0.0,2,100.0,0.0,330.0,,,
NFL,jalen coker,Jalen Coker,longest_reception,207e2c8f6a173dbe03bda5c5be99caa7,2026-09-13T17:00:00Z,,,18.5,18.5,18.5,1,100.0,0.0,-115.0,-115.0,18.5,0.0
NFL,jalen coker,Jalen Coker,receiving_yards,207e2c8f6a173dbe03bda5c5be99caa7,2026-09-13T17:00:00Z,,,38.5,36.5,40.5,2,0.0,2.0,-112.0,-117.0,38.5,0.0
NFL,jalen coker,Jalen Coker,receiving_yards,e5646a4a0f51c3953ba395fef4b14179,2026-09-03T19:00:00Z,,,40.0,15.0,90.0,1,14.3,24.36,-108.0,,38.5,-1.5
NFL,jalen coker,Jalen Coker,receptions,207e2c8f6a173dbe03bda5c5be99caa7,2026-09-13T17:00:00Z,,,3.5,3.5,3.5,2,100.0,0.0,-108.5,-122.5,3.5,0.0
NFL,jalen mcmillan,Jalen McMillan,anytime_td,e0bd613ef31e8bf41bc4330dec90c7e6,2026-09-13T17:00:00Z,,,0.0,0.0,0.0,1,100.0,0.0,350.0,,,
NFL,jalen mcmillan,Jalen McMillan,longest_reception,e0bd613ef31e8bf41bc4330dec90c7e6,2026-09-13T17:00:00Z,,,19.5,19.5,19.5,1,100.0,0.0,-115.0,-115.0,19.5,0.0
NFL,jalen mcmillan,Jalen McMillan,receptions,e0bd613ef31e8bf41bc4330dec90c7e6,2026-09-13T17:00:00Z,,,3.5,3.5,3.5,1,100.0,0.0,115.0,-145.0,,
NFL,james cook,James Cook,rushing_yards,a0b009be7e2431d207e96b99f596f541,2026-09-13T17:00:00Z,,,73.5,73.5,73.5,2,100.0,0.0,-116.0,-112.5,,
NFL,jameson williams,Jameson Williams,anytime_td,5aff92cd2660b12710bf709d6e022115,2026-09-13T17:00:00Z,,,1.5,1.5,1.5,1,100.0,0.0,733.0,,,
NFL,jameson williams,Jameson Williams,longest_reception,5aff92cd2660b12710bf709d6e022115,2026-09-13T17:00:00Z,,,24.5,24.5,24.5,1,100.0,0.0,-115.0,-115.0,24.5,0.0
NFL,jameson williams,Jameson Williams,receiving_yards,5aff92cd2660b12710bf709d6e022115,2026-09-13T17:00:00Z,,,60.0,55.5,60.5,4,75.0,2.062,-113.5,-115.0,60.5,0.5
NFL,jameson williams,Jameson Williams,receiving_yards,a05d7c053eb1671d2e6d71e94acae4fb,2026-09-03T19:00:00Z,,,85.0,15.0,160.0,1,0.0,43.534,278.5,,60.5,-24.5
NFL,jameson williams,Jameson Williams,receptions,5aff92cd2660b12710bf709d6e022115,2026-09-13T17:00:00Z,,,3.5,3.5,3.5,2,100.0,0.0,-152.0,119.0,4.0,0.5
NFL,jared goff,Jared Goff,interceptions,5aff92cd2660b12710bf709d6e022115,2026-09-13T17:00:00Z,,,0.5,0.5,0.5,1,100.0,0.0,140.0,-180.0,,
NFL,jared goff,Jared Goff,pass_attempts,5aff92cd2660b12710bf709d6e022115,2026-09-13T17:00:00Z,,,32.5,32.5,32.5,3,100.0,0.0,-120.0,-110.0,32.5,0.0
NFL,jared goff,Jared Goff,pass_completions,5aff92cd2660b12710bf709d6e022115,2026-09-13T17:00:00Z,,,23.0,22.5,23.5,2,100.0,0.5,-109.0,-121.0,23.5,0.5
NFL,jared goff,Jared Goff,passing_tds,5aff92cd2660b12710bf709d6e022115,2026-09-13T17:00:00Z,,,1.5,1.5,1.5,4,100.0,0.0,-200.0,149.0,,
NFL,jared goff,Jared Goff,passing_yards,5aff92cd2660b12710bf709d6e022115,2026-09-13T17:00:00Z,,,261.5,261.5,267.5,5,80.0,2.332,-110.0,-115.0,265.5,4.0
NFL,jauan jennings,Jauan Jennings,receiving_yards,c5d92fa7aed8de1061282616f16e529f,2026-09-13T20:25:00Z,,,22.5,22.5,22.5,1,100.0,0.0,-115.0,-114.0,24.5,2.0
NFL,jaxon smith njigba,Jaxon Smith-Njigba,anytime_td,1bb67464f064518614cf526e0af54269,2026-09-10T00:20:00Z,,,0.0,0.0,0.0,2,100.0,0.0,119.5,,,
NFL,jaxon smith njigba,Jaxon Smith-Njigba,receiving_yards,1bb67464f064518614cf526e0af54269,2026-09-10T00:20:00Z,,,83.0,82.5,84.5,6,100.0,0.745,-114.0,-114.0,1324.5,1241.5
NFL,jaxon smith njigba,Jaxon Smith-Njigba,receptions,1bb67464f064518614cf526e0af54269,2026-09-10T00:20:00Z,,,6.5,6.5,6.5,5,100.0,0.0,-102.0,-130.0,99.5,93.0
NFL,jaxon smith njigba sea,Jaxon Smith-Njigba (SEA),receiving_yards,1bb67464f064518614cf526e0af54269,2026-09-10T00:20:00Z,,,84.5,39.5,174.5,1,9.1,40.227,-115.0,-115.0,,
NFL,jaxon smith njigba sea,Jaxon Smith-Njigba (SEA),receptions,1bb67464f064518614cf526e0af54269,2026-09-10T00:20:00Z,,,6.5,6.5,6.5,1,100.0,0.0,-110.0,,,
NFL,jayden reed,Jayden Reed,receiving_yards,c5d92fa7aed8de1061282616f16e529f,2026-09-13T20:25:00Z,,,38.5,38.5,38.5,1,100.0,0.0,-113.0,,38.5,0.0
NFL,jerry jeudy,Jerry Jeudy,receiving_yards,a5af615996df7c99fdbffcc0e17b760b,2026-09-13T17:00:00Z,,,28.5,28.5,28.5,2,100.0,0.0,-113.5,-116.0,31.5,3.0
NFL,jerry jeudy,Jerry Jeudy,receptions,a5af615996df7c99fdbffcc0e17b760b,2026-09-13T17:00:00Z,,,2.5,2.5,2.5,1,100.0,0.0,-148.0,114.0,3.0,0.5
NFL,joe burrow,Joe Burrow,longest_rush,e0bd613ef31e8bf41bc4330dec90c7e6,2026-09-13T17:00:00Z,,,6.5,6.5,6.5,1,100.0,0.0,-110.0,-120.0,6.5,0.0
NFL,joe burrow,Joe Burrow,pass_attempts,e0bd613ef31e8bf41bc4330dec90c7e6,2026-09-13T17:00:00Z,,,35.5,34.5,36.5,4,50.0,0.707,-109.5,-120.0,34.5,-1.0
NFL,joe burrow,Joe Burrow,pass_completions,e0bd613ef31e8bf41bc4330dec90c7e6,2026-09-13T17:00:00Z,,,24.5,24.5,24.5,2,100.0,0.0,-127.0,-104.0,,
NFL,joe burrow,Joe Burrow,passing_tds,e0bd613ef31e8bf41bc4330dec90c7e6,2026-09-13T17:00:00Z,,,1.5,1.5,2.5,4,75.0,0.433,-202.5,152.5,,
NFL,joe burrow,Joe Burrow,passing_yards,e0bd613ef31e8bf41bc4330dec90c7e6,2026-09-13T17:00:00Z,,,273.5,267.5,349.5,4,50.0,33.864,-114.0,-114.0,269.5,-4.0
NFL,joe burrow,Joe Burrow,rush_attempts,e0bd613ef31e8bf41bc4330dec90c7e6,2026-09-13T17:00:00Z,,,2.5,2.5,2.5,1,100.0,0.0,-115.0,-115.0,2.5,0.0
NFL,joe burrow,Joe Burrow,rushing_yards,677238b1b7b630af8e5eb327f610a9c8,2026-09-03T19:00:00Z,,,22.5,8.0,50.0,1,0.0,13.755,542.0,,6.5,-16.0
NFL,joe burrow,Joe Burrow,rushing_yards,e0bd613ef31e8bf41bc4330dec90c7e6,2026-09-13T17:00:00Z,,,6.5,6.5,6.5,2,100.0,0.0,-115.0,-113.5,6.5,0.0
NFL,john metchie,John Metchie,anytime_td,207e2c8f6a173dbe03bda5c5be99caa7,2026-09-13T17:00:00Z,,,0.0,0.0,0.0,2,100.0,0.0,950.0,,,
NFL,jonathan taylor,Jonathan Taylor,rush_attempts,72de8a0c4a2fe14acc132c2c9559e499,2026-09-13T17:00:00Z,,,18.5,18.5,18.5,1,100.0,0.0,-122.0,-106.0,19.5,1.0
NFL,jonathan taylor,Jonathan Taylor,rushing_yards,72de8a0c4a2fe14acc132c2c9559e499,2026-09-13T17:00:00Z,,,77.5,77.5,77.5,2,100.0,0.0,-117.5,-112.5,76.5,-1.0
NFL,jonathon brooks,Jonathon Brooks,anytime_td,207e2c8f6a173dbe03bda5c5be99caa7,2026-09-13T17:00:00Z,,,0.0,0.0,0.0,1,100.0,0.0,-140.0,,,
NFL,jordan addison,Jordan Addison,receiving_yards,c5d92fa7aed8de1061282616f16e529f,2026-09-13T20:25:00Z,,,43.5,43.5,43.5,1,100.0,0.0,-113.0,-118.0,43.5,0.0
NFL,jordan james,Jordan James,anytime_td,764011b4dfb8ee727de8222f6213e1a9,2026-09-11T00:35:00Z,,,0.0,0.0,0.0,1,100.0,0.0,750.0,,,
NFL,jordan love,Jordan Love,interceptions,c5d92fa7aed8de1061282616f16e529f,2026-09-13T20:25:00Z,,,0.5,0.5,0.5,1,100.0,0.0,108.0,-143.0,,
NFL,jordan love,Jordan Love,pass_attempts,c5d92fa7aed8de1061282616f16e529f,2026-09-13T20:25:00Z,,,31.5,31.5,31.5,1,100.0,0.0,-105.0,-127.0,33.0,1.5
NFL,jordan love,Jordan Love,passing_tds,c5d92fa7aed8de1061282616f16e529f,2026-09-13T20:25:00Z,,,1.5,1.5,1.5,1,100.0,0.0,108.0,-143.0,,
NFL,jordan love,Jordan Love,passing_yards,c5d92fa7aed8de1061282616f16e529f,2026-09-13T20:25:00Z,,,233.5,233.5,233.5,1,100.0,0.0,-114.0,-117.0,237.5,4.0
NFL,jordan love,Jordan Love,rushing_yards,c5d92fa7aed8de1061282616f16e529f,2026-09-13T20:25:00Z,,,10.5,10.5,10.5,1,100.0,0.0,-115.0,-114.0,9.5,-1.0
NFL,jordan mason,Jordan Mason,rushing_yards,c5d92fa7aed8de1061282616f16e529f,2026-09-13T20:25:00Z,,,43.5,43.5,43.5,1,100.0,0.0,-117.0,,43.5,0.0
NFL,jordan whittington,Jordan Whittington,anytime_td,764011b4dfb8ee727de8222f6213e1a9,2026-09-11T00:35:00Z,,,0.0,0.0,0.0,2,100.0,0.0,650.0,,,
NFL,josh allen,Josh Allen,interceptions,a0b009be7e2431d207e96b99f596f541,2026-09-13T17:00:00Z,,,0.5,0.5,0.5,2,100.0,0.0,-127.0,-104.0,,
NFL,josh allen,Josh Allen,pass_attempts,a0b009be7e2431d207e96b99f596f541,2026-09-13T17:00:00Z,,,30.5,30.5,30.5,2,100.0,0.0,-106.5,-123.0,30.5,0.0
NFL,josh allen,Josh Allen,pass_completions,a0b009be7e2431d207e96b99f596f541,2026-09-13T17:00:00Z,,,19.5,19.5,19.5,1,100.0,0.0,-103.0,-127.0,19.5,0.0
NFL,josh allen,Josh Allen,passing_tds,a0b009be7e2431d207e96b99f596f541,2026-09-13T17:00:00Z,,,1.5,1.5,1.5,2,100.0,0.0,170.0,-230.0,,
NFL,josh allen,Josh Allen,passing_yards,a0b009be7e2431d207e96b99f596f541,2026-09-13T17:00:00Z,,,219.5,219.5,219.5,2,100.0,0.0,-115.0,-113.5,220.5,1.0
NFL,josh allen,Josh Allen,rushing_yards,a0b009be7e2431d207e96b99f596f541,2026-09-13T17:00:00Z,,,29.5,29.5,29.5,2,100.0,0.0,-112.5,-117.5,30.5,1.0
NFL,justin herbert,Justin Herbert,pass_attempts,9c5e1f21e6f41ae74339e99422275c5e,2026-09-13T20:25:00Z,,,30.5,30.5,30.5,1,100.0,0.0,-120.0,-110.0,29.0,-1.5
NFL,justin herbert,Justin Herbert,passing_tds,9c5e1f21e6f41ae74339e99422275c5e,2026-09-13T20:25:00Z,,,2.5,2.5,2.5,1,100.0,0.0,165.0,-230.0,,
NFL,justin herbert,Justin Herbert,passing_yards,9c5e1f21e6f41ae74339e99422275c5e,2026-09-13T20:25:00Z,,,237.5,237.5,237.5,1,100.0,0.0,-115.0,-115.0,235.5,-2.0
NFL,justin jefferson,Justin Jefferson,receiving_yards,c5d92fa7aed8de1061282616f16e529f,2026-09-13T20:25:00Z,,,72.5,72.5,72.5,1,100.0,0.0,-115.0,-115.0,74.5,2.0
NFL,juwan johnson,Juwan Johnson,anytime_td,5aff92cd2660b12710bf709d6e022115,2026-09-13T17:00:00Z,,,0.5,0.5,0.5,1,100.0,0.0,270.0,,,
NFL,juwan johnson,Juwan Johnson,longest_reception,5aff92cd2660b12710bf709d6e022115,2026-09-13T17:00:00Z,,,17.5,17.5,17.5,1,100.0,0.0,-120.0,-110.0,17.5,0.0
NFL,juwan johnson,Juwan Johnson,receiving_yards,5aff92cd2660b12710bf709d6e022115,2026-09-13T17:00:00Z,,,43.0,42.5,43.5,2,100.0,0.5,-120.0,-113.0,42.5,-0.5
NFL,juwan johnson,Juwan Johnson,receiving_yards,a05d7c053eb1671d2e6d71e94acae4fb,2026-09-03T19:00:00Z,,,70.0,15.0,130.0,1,9.1,32.648,306.0,,42.5,-27.5
NFL,juwan johnson,Juwan Johnson,receptions,5aff92cd2660b12710bf709d6e022115,2026-09-13T17:00:00Z,,,4.0,3.5,4.5,2,100.0,0.5,-16.0,-20.0,4.0,0.0
NFL,kaelon black,Kaelon Black,anytime_td,764011b4dfb8ee727de8222f6213e1a9,2026-09-11T00:35:00Z,,,0.0,0.0,0.0,1,100.0,0.0,650.0,,,
NFL,kalif raymond,Kalif Raymond,anytime_td,207e2c8f6a173dbe03bda5c5be99caa7,2026-09-13T17:00:00Z,,,0.0,0.0,0.0,1,100.0,0.0,500.0,,,
NFL,kalif raymond,Kalif Raymond,longest_reception,207e2c8f6a173dbe03bda5c5be99caa7,2026-09-13T17:00:00Z,,,10.5,10.5,10.5,1,100.0,0.0,-115.0,-115.0,10.5,0.0
NFL,kalif raymond,Kalif Raymond,receiving_yards,207e2c8f6a173dbe03bda5c5be99caa7,2026-09-13T17:00:00Z,,,12.5,12.5,12.5,1,100.0,0.0,-110.0,-110.0,12.5,0.0
NFL,kayshon boutte,Kayshon Boutte,anytime_td,1bb67464f064518614cf526e0af54269,2026-09-10T00:20:00Z,,,0.0,0.0,0.0,1,100.0,0.0,550.0,,,
NFL,kc concepcion,KC Concepcion,receiving_yards,a5af615996df7c99fdbffcc0e17b760b,2026-09-13T17:00:00Z,,,31.5,31.5,31.5,2,100.0,0.0,-112.5,-117.5,32.5,1.0
NFL,kc concepcion,KC Concepcion,receptions,a5af615996df7c99fdbffcc0e17b760b,2026-09-13T17:00:00Z,,,2.5,2.5,2.5,1,100.0,0.0,-182.0,138.0,3.0,0.5
NFL,kenneth gainwell,Kenneth Gainwell,anytime_td,e0bd613ef31e8bf41bc4330dec90c7e6,2026-09-13T17:00:00Z,,,0.0,0.0,0.0,1,100.0,0.0,185.0,,,
NFL,kenneth gainwell,Kenneth Gainwell,longest_rush,e0bd613ef31e8bf41bc4330dec90c7e6,2026-09-13T17:00:00Z,,,9.5,9.5,9.5,1,100.0,0.0,-105.0,-125.0,,
NFL,kenneth gainwell,Kenneth Gainwell,rushing_yards,e0bd613ef31e8bf41bc4330dec90c7e6,2026-09-13T17:00:00Z,,,21.5,21.5,21.5,1,100.0,0.0,-110.0,-110.0,,
NFL,kenneth walker,Kenneth Walker,receiving_yards,839b90fdbcf0d55a66b869d2d6860c54,2026-09-15T00:15:00Z,,,16.5,16.5,16.5,1,100.0,0.0,,102.0,,
NFL,kenneth walker,Kenneth Walker,receptions,839b90fdbcf0d55a66b869d2d6860c54,2026-09-15T00:15:00Z,,,2.5,2.5,2.5,1,100.0,0.0,,-111.0,,
NFL,khalil shakir,Khalil Shakir,receiving_yards,a0b009be7e2431d207e96b99f596f541,2026-09-13T17:00:00Z,,,39.5,39.5,39.5,2,100.0,0.0,-113.5,-115.0,36.5,-3.0
NFL,khalil shakir,Khalil Shakir,receptions,a0b009be7e2431d207e96b99f596f541,2026-09-13T17:00:00Z,,,3.5,3.5,3.5,1,100.0,0.0,-143.0,110.0,4.0,0.5
NFL,kirk cousins,Kirk Cousins,passing_tds,8190f11dd0c3af350c7cdcf78e5d3fa7,2026-09-13T20:25:00Z,,,1.5,1.5,1.5,1,100.0,0.0,138.0,-182.0,,
NFL,kirk cousins,Kirk Cousins,passing_yards,8190f11dd0c3af350c7cdcf78e5d3fa7,2026-09-13T20:25:00Z,,,213.5,213.5,213.5,1,100.0,0.0,-114.0,-117.0,213.5,0.0
NFL,konata mumpfield,Konata Mumpfield,anytime_td,764011b4dfb8ee727de8222f6213e1a9,2026-09-11T00:35:00Z,,,0.0,0.0,0.0,1,100.0,0.0,600.0,,,
NFL,kyle juszczyk,Kyle Juszczyk,anytime_td,764011b4dfb8ee727de8222f6213e1a9,2026-09-11T00:35:00Z,,,0.0,0.0,0.0,1,100.0,0.0,1100.0,,,
NFL,kyle monangai,Kyle Monangai,anytime_td,207e2c8f6a173dbe03bda5c5be99caa7,2026-09-13T17:00:00Z,,,0.25,0.0,0.5,2,100.0,0.25,201.0,,,
NFL,kyle pitts sr,Kyle Pitts Sr.,receptions,f3c9935611447ad63290e74d5b1dde17,2026-09-13T17:00:00Z,,,3.5,3.5,3.5,1,100.0,0.0,,122.0,4.0,0.5
NFL,kyler murray,Kyler Murray,interceptions,c5d92fa7aed8de1061282616f16e529f,2026-09-13T20:25:00Z,,,0.5,0.5,0.5,1,100.0,0.0,106.0,-141.0,,
NFL,kyler murray,Kyler Murray,pass_attempts,c5d92fa7aed8de1061282616f16e529f,2026-09-13T20:25:00Z,,,31.5,31.5,31.5,1,100.0,0.0,-125.0,-107.0,31.0,-0.5
NFL,kyler murray,Kyler Murray,passing_tds,c5d92fa7aed8de1061282616f16e529f,2026-09-13T20:25:00Z,,,1.5,1.5,1.5,1,100.0,0.0,118.0,-157.0,,
NFL,kyler murray,Kyler Murray,passing_yards,c5d92fa7aed8de1061282616f16e529f,2026-09-13T20:25:00Z,,,221.5,221.5,221.5,1,100.0,0.0,-114.0,,223.5,2.0
NFL,kyler murray,Kyler Murray,rushing_yards,c5d92fa7aed8de1061282616f16e529f,2026-09-13T20:25:00Z,,,21.5,21.5,21.5,1,100.0,0.0,-115.0,-115.0,21.5,0.0
NFL,kyren williams,Kyren Williams,anytime_td,764011b4dfb8ee727de8222f6213e1a9,2026-09-11T00:35:00Z,,,0.0,0.0,0.0,2,100.0,0.0,-128.5,,,
NFL,kyren williams,Kyren Williams,receiving_yards,764011b4dfb8ee727de8222f6213e1a9,2026-09-11T00:35:00Z,,,10.5,10.5,10.5,4,100.0,0.0,-113.0,-117.5,10.5,0.0
NFL,kyren williams,Kyren Williams,receptions,764011b4dfb8ee727de8222f6213e1a9,2026-09-11T00:35:00Z,,,1.5,1.5,1.5,2,100.0,0.0,-151.0,116.5,,
NFL,kyren williams,Kyren Williams,rush_attempts,764011b4dfb8ee727de8222f6213e1a9,2026-09-11T00:35:00Z,,,13.5,13.5,13.5,1,100.0,0.0,-127.0,-103.0,13.5,0.0
NFL,kyren williams,Kyren Williams,rushing_yards,764011b4dfb8ee727de8222f6213e1a9,2026-09-11T00:35:00Z,,,57.5,56.5,58.5,4,100.0,0.707,-111.5,-116.0,57.5,0.0
NFL,ladd mcconkey,Ladd McConkey,receiving_yards,9c5e1f21e6f41ae74339e99422275c5e,2026-09-13T20:25:00Z,,,52.5,52.5,52.5,1,100.0,0.0,,-117.0,52.5,0.0
NFL,lamar jackson,Lamar Jackson,pass_attempts,72de8a0c4a2fe14acc132c2c9559e499,2026-09-13T17:00:00Z,,,27.5,27.5,27.5,2,100.0,0.0,-109.5,-120.5,28.5,1.0
NFL,lamar jackson,Lamar Jackson,pass_completions,72de8a0c4a2fe14acc132c2c9559e499,2026-09-13T17:00:00Z,,,17.5,17.5,17.5,1,100.0,0.0,-103.0,-127.0,18.0,0.5
NFL,lamar jackson,Lamar Jackson,passing_tds,72de8a0c4a2fe14acc132c2c9559e499,2026-09-13T17:00:00Z,,,1.5,1.5,1.5,2,100.0,0.0,104.5,-137.0,,
NFL,lamar jackson,Lamar Jackson,passing_yards,72de8a0c4a2fe14acc132c2c9559e499,2026-09-13T17:00:00Z,,,220.5,220.5,220.5,3,100.0,0.0,-113.0,-116.0,220.5,0.0
NFL,lamar jackson,Lamar Jackson,rushing_yards,72de8a0c4a2fe14acc132c2c9559e499,2026-09-13T17:00:00Z,,,36.5,36.5,36.5,2,100.0,0.0,-114.5,-114.5,35.5,-1.0
NFL,luther burden,Luther Burden,anytime_td,207e2c8f6a173dbe03bda5c5be99caa7,2026-09-13T17:00:00Z,,,0.0,0.0,0.0,1,100.0,0.0,185.0,,,
NFL,luther burden,Luther Burden,longest_reception,207e2c8f6a173dbe03bda5c5be99caa7,2026-09-13T17:00:00Z,,,21.5,21.5,21.5,1,100.0,0.0,-115.0,-115.0,,
NFL,luther burden,Luther Burden,receiving_yards,207e2c8f6a173dbe03bda5c5be99caa7,2026-09-13T17:00:00Z,,,52.5,52.5,53.5,3,100.0,0.471,-115.0,-113.5,,
NFL,luther burden,Luther Burden,receptions,207e2c8f6a173dbe03bda5c5be99caa7,2026-09-13T17:00:00Z,,,4.5,4.5,4.5,2,100.0,0.0,-107.0,-123.0,,
NFL,luther burden iii,Luther Burden III,anytime_td,207e2c8f6a173dbe03bda5c5be99caa7,2026-09-13T17:00:00Z,,,0.5,0.5,0.5,1,100.0,0.0,194.0,,,
NFL,luther burden iii,Luther Burden III,receiving_yards,207e2c8f6a173dbe03bda5c5be99caa7,2026-09-13T17:00:00Z,,,69.5,39.5,99.5,1,0.0,22.361,173.5,,53.5,-16.0
NFL,luther burden iii,Luther Burden III,receiving_yards,e5646a4a0f51c3953ba395fef4b14179,2026-09-03T19:00:00Z,,,80.0,15.0,150.0,1,6.7,40.847,311.0,,53.5,-26.5
NFL,luther burden iii,Luther Burden III,receptions,207e2c8f6a173dbe03bda5c5be99caa7,2026-09-13T17:00:00Z,,,4.5,4.5,4.5,1,100.0,0.0,-104.0,,4.5,0.0
NFL,mack hollins,Mack Hollins,anytime_td,1bb67464f064518614cf526e0af54269,2026-09-10T00:20:00Z,,,0.0,0.0,0.5,4,100.0,0.217,829.5,-1076.0,,
NFL,malik willis,Malik Willis,passing_tds,8190f11dd0c3af350c7cdcf78e5d3fa7,2026-09-13T20:25:00Z,,,0.5,0.5,0.5,1,100.0,0.0,-210.0,155.0,,
NFL,malik willis,Malik Willis,passing_yards,8190f11dd0c3af350c7cdcf78e5d3fa7,2026-09-13T20:25:00Z,,,177.5,177.5,177.5,1,100.0,0.0,-114.0,-117.0,170.5,-7.0
NFL,mark andrews,Mark Andrews,receiving_yards,72de8a0c4a2fe14acc132c2c9559e499,2026-09-13T17:00:00Z,,,34.5,34.5,34.5,2,100.0,0.0,-116.0,-113.5,34.5,0.0
NFL,mark andrews,Mark Andrews,receptions,72de8a0c4a2fe14acc132c2c9559e499,2026-09-13T17:00:00Z,,,3.5,3.5,3.5,1,100.0,0.0,135.0,-180.0,44.5,41.0
NFL,marvin harrison,Marvin Harrison,receiving_yards,9c5e1f21e6f41ae74339e99422275c5e,2026-09-13T20:25:00Z,,,48.5,48.5,48.5,1,100.0,0.0,-118.0,-113.0,824.5,776.0
NFL,matthew golden,Matthew Golden,receiving_yards,c5d92fa7aed8de1061282616f16e529f,2026-09-13T20:25:00Z,,,39.5,39.5,39.5,1,100.0,0.0,-117.0,,39.5,0.0
NFL,matthew stafford,Matthew Stafford,anytime_td,764011b4dfb8ee727de8222f6213e1a9,2026-09-11T00:35:00Z,,,0.0,0.0,0.0,3,100.0,0.0,1800.0,,,
NFL,matthew stafford,Matthew Stafford,interceptions,764011b4dfb8ee727de8222f6213e1a9,2026-09-11T00:35:00Z,,,0.5,0.5,0.5,2,100.0,0.0,113.0,-149.0,,
NFL,matthew stafford,Matthew Stafford,pass_attempts,764011b4dfb8ee727de8222f6213e1a9,2026-09-11T00:35:00Z,,,34.5,34.5,34.5,2,100.0,0.0,-124.5,-106.5,34.5,0.0
NFL,matthew stafford,Matthew Stafford,pass_completions,764011b4dfb8ee727de8222f6213e1a9,2026-09-11T00:35:00Z,,,22.5,22.5,22.5,2,100.0,0.0,-13.5,-117.0,22.5,0.0
NFL,matthew stafford,Matthew Stafford,passing_tds,764011b4dfb8ee727de8222f6213e1a9,2026-09-11T00:35:00Z,,,1.5,1.5,1.5,5,100.0,0.0,-148.0,112.0,,
NFL,matthew stafford,Matthew Stafford,passing_yards,764011b4dfb8ee727de8222f6213e1a9,2026-09-11T00:35:00Z,,,265.5,264.5,265.5,7,100.0,0.452,-114.5,-114.0,266.5,1.0
NFL,michael pittman jr,Michael Pittman Jr.,receptions,f3c9935611447ad63290e74d5b1dde17,2026-09-13T17:00:00Z,,,4.5,4.5,4.5,1,100.0,0.0,117.0,,70.5,66.0
NFL,michael wilson,Michael Wilson,receiving_yards,9c5e1f21e6f41ae74339e99422275c5e,2026-09-13T20:25:00Z,,,41.5,41.5,41.5,1,100.0,0.0,-117.0,-114.0,41.5,0.0
NFL,mike evans,Mike Evans,anytime_td,764011b4dfb8ee727de8222f6213e1a9,2026-09-11T00:35:00Z,,,0.0,0.0,0.0,2,100.0,0.0,199.0,,,
NFL,mike evans,Mike Evans,receiving_yards,764011b4dfb8ee727de8222f6213e1a9,2026-09-11T00:35:00Z,,,49.5,47.5,50.5,7,42.9,0.99,-117.0,-113.0,48.5,-1.0
NFL,mike evans,Mike Evans,receptions,764011b4dfb8ee727de8222f6213e1a9,2026-09-11T00:35:00Z,,,3.5,3.5,4.5,5,60.0,0.49,-129.0,-102.5,4.0,0.5
NFL,mike gesicki,Mike Gesicki,anytime_td,e0bd613ef31e8bf41bc4330dec90c7e6,2026-09-13T17:00:00Z,,,0.0,0.0,0.0,1,100.0,0.0,280.0,,,
NFL,mike gesicki,Mike Gesicki,receiving_yards,e0bd613ef31e8bf41bc4330dec90c7e6,2026-09-13T17:00:00Z,,,16.5,16.5,16.5,1,100.0,0.0,-110.0,-110.0,16.5,0.0
NFL,nick kallerup,Nick Kallerup,anytime_td,1bb67464f064518614cf526e0af54269,2026-09-10T00:20:00Z,,,0.0,0.0,0.0,3,100.0,0.0,2500.0,,,
NFL,nico collins,Nico Collins,receiving_yards,a0b009be7e2431d207e96b99f596f541,2026-09-13T17:00:00Z,,,69.5,69.5,69.5,2,100.0,0.0,-113.0,-116.0,67.5,-2.0
NFL,nico collins,Nico Collins,receptions,a0b009be7e2431d207e96b99f596f541,2026-09-13T17:00:00Z,,,5.5,5.5,5.5,1,100.0,0.0,108.0,-141.0,77.5,72.0
NFL,noah fant,Noah Fant,anytime_td,5aff92cd2660b12710bf709d6e022115,2026-09-13T17:00:00Z,,,0.5,0.5,0.5,1,100.0,0.0,641.0,,,
NFL,parker washington,Parker Washington,receiving_yards,a5af615996df7c99fdbffcc0e17b760b,2026-09-13T17:00:00Z,,,52.5,52.5,52.5,2,100.0,0.0,-117.0,-112.5,52.5,0.0
NFL,parker washington,Parker Washington,receptions,a5af615996df7c99fdbffcc0e17b760b,2026-09-13T17:00:00Z,,,4.5,4.5,4.5,1,100.0,0.0,125.0,-165.0,4.0,-0.5
NFL,puka nacua,Puka Nacua,anytime_td,764011b4dfb8ee727de8222f6213e1a9,2026-09-11T00:35:00Z,,,0.0,0.0,0.0,2,100.0,0.0,132.5,,,
NFL,puka nacua,Puka Nacua,receiving_yards,764011b4dfb8ee727de8222f6213e1a9,2026-09-11T00:35:00Z,,,90.5,90.5,90.5,4,100.0,0.0,-115.0,-113.5,90.5,0.0
NFL,puka nacua,Puka Nacua,receptions,764011b4dfb8ee727de8222f6213e1a9,2026-09-11T00:35:00Z,,,7.5,7.5,7.5,3,100.0,0.0,115.0,-150.0,7.0,-0.5
NFL,quinshon judkins,Quinshon Judkins,rush_attempts,a5af615996df7c99fdbffcc0e17b760b,2026-09-13T17:00:00Z,,,14.5,14.5,14.5,1,100.0,0.0,-132.0,102.0,16.0,1.5
NFL,quinshon judkins,Quinshon Judkins,rushing_yards,a5af615996df7c99fdbffcc0e17b760b,2026-09-13T17:00:00Z,,,59.5,59.5,59.5,2,100.0,0.0,-113.0,-115.0,59.5,0.0
NFL,rashid shaheed,Rashid Shaheed,anytime_td,1bb67464f064518614cf526e0af54269,2026-09-10T00:20:00Z,,,0.0,0.0,0.0,3,100.0,0.0,275.0,,,
NFL,rashid shaheed,Rashid Shaheed,longest_reception,1bb67464f064518614cf526e0af54269,2026-09-10T00:20:00Z,,,17.5,17.5,17.5,1,100.0,0.0,-118.0,-112.0,17.5,0.0
NFL,rashid shaheed,Rashid Shaheed,receiving_yards,1bb67464f064518614cf526e0af54269,2026-09-10T00:20:00Z,,,31.5,30.5,99.5,9,55.6,21.493,-114.0,-115.0,524.5,493.0
NFL,rashid shaheed,Rashid Shaheed,receptions,1bb67464f064518614cf526e0af54269,2026-09-10T00:20:00Z,,,2.5,2.5,2.5,6,100.0,0.0,102.0,-135.5,2.5,0.0
NFL,rashid shaheed,Rashid Shaheed,rushing_yards,1bb67464f064518614cf526e0af54269,2026-09-10T00:20:00Z,,,5.5,5.5,5.5,1,100.0,0.0,150.0,-210.0,0.5,-5.0
NFL,rashid shaheed sea,Rashid Shaheed (SEA),receiving_yards,1bb67464f064518614cf526e0af54269,2026-09-10T00:20:00Z,,,44.5,9.5,109.5,1,0.0,31.849,177.5,-115.0,,
NFL,rashid shaheed sea,Rashid Shaheed (SEA),receptions,1bb67464f064518614cf526e0af54269,2026-09-10T00:20:00Z,,,2.5,2.5,2.5,1,100.0,0.0,-110.0,,,
NFL,rhamondre stevenson,Rhamondre Stevenson,anytime_td,1bb67464f064518614cf526e0af54269,2026-09-10T00:20:00Z,,,0.0,0.0,0.0,2,100.0,0.0,145.0,,,
NFL,rhamondre stevenson,Rhamondre Stevenson,receiving_yards,1bb67464f064518614cf526e0af54269,2026-09-10T00:20:00Z,,,17.5,15.5,17.5,6,66.7,0.943,-113.0,-110.0,17.5,0.0
NFL,rhamondre stevenson,Rhamondre Stevenson,receptions,1bb67464f064518614cf526e0af54269,2026-09-10T00:20:00Z,,,2.5,2.5,2.5,5,100.0,0.0,104.0,-135.0,,
NFL,rhamondre stevenson,Rhamondre Stevenson,rush_attempts,1bb67464f064518614cf526e0af54269,2026-09-10T00:20:00Z,,,10.5,10.5,10.5,2,100.0,0.0,-137.0,106.0,,
NFL,rhamondre stevenson,Rhamondre Stevenson,rushing_yards,1bb67464f064518614cf526e0af54269,2026-09-10T00:20:00Z,,,40.5,39.5,42.5,5,20.0,1.166,-117.0,-112.0,624.5,584.0
NFL,rhamondre stevenson ne,Rhamondre Stevenson (NE),rushing_yards,1bb67464f064518614cf526e0af54269,2026-09-10T00:20:00Z,,,43.5,43.5,43.5,1,100.0,0.0,-110.0,-120.0,,
NFL,rome odunze,Rome Odunze,anytime_td,207e2c8f6a173dbe03bda5c5be99caa7,2026-09-13T17:00:00Z,,,0.0,0.0,0.5,3,100.0,0.236,186.0,-186.0,,
NFL,rome odunze,Rome Odunze,longest_reception,207e2c8f6a173dbe03bda5c5be99caa7,2026-09-13T17:00:00Z,,,20.5,20.5,20.5,1,100.0,0.0,-115.0,-115.0,20.5,0.0
NFL,rome odunze,Rome Odunze,receiving_yards,207e2c8f6a173dbe03bda5c5be99caa7,2026-09-13T17:00:00Z,,,47.5,44.5,99.5,5,60.0,21.132,-114.0,-114.0,47.5,0.0
NFL,rome odunze,Rome Odunze,receiving_yards,e5646a4a0f51c3953ba395fef4b14179,2026-09-03T19:00:00Z,,,75.0,15.0,140.0,1,0.0,38.201,332.0,,47.5,-27.5
NFL,rome odunze,Rome Odunze,receptions,207e2c8f6a173dbe03bda5c5be99caa7,2026-09-13T17:00:00Z,,,3.5,3.5,3.5,3,100.0,0.0,-102.0,-130.0,58.5,55.0
NFL,romeo doubs,Romeo Doubs,anytime_td,1bb67464f064518614cf526e0af54269,2026-09-10T00:20:00Z,,,0.0,0.0,0.0,3,100.0,0.0,300.0,,,
NFL,romeo doubs,Romeo Doubs,longest_reception,1bb67464f064518614cf526e0af54269,2026-09-10T00:20:00Z,,,17.5,17.5,17.5,1,100.0,0.0,-118.0,-112.0,,
NFL,romeo doubs,Romeo Doubs,receiving_yards,1bb67464f064518614cf526e0af54269,2026-09-10T00:20:00Z,,,36.5,35.5,37.5,7,42.9,0.7,-115.0,-113.0,649.5,613.0
NFL,romeo doubs,Romeo Doubs,receptions,1bb67464f064518614cf526e0af54269,2026-09-10T00:20:00Z,,,3.5,3.5,3.5,5,100.0,0.0,116.5,-154.0,52.5,49.0
NFL,romeo doubs ne,Romeo Doubs (NE),receiving_yards,1bb67464f064518614cf526e0af54269,2026-09-10T00:20:00Z,,,44.5,9.5,109.5,1,0.0,31.612,27.5,-120.0,,
NFL,romeo doubs ne,Romeo Doubs (NE),receptions,1bb67464f064518614cf526e0af54269,2026-09-10T00:20:00Z,,,3.5,3.5,3.5,1,100.0,0.0,120.0,-160.0,,
NFL,roschon johnson,Roschon Johnson,anytime_td,207e2c8f6a173dbe03bda5c5be99caa7,2026-09-13T17:00:00Z,,,0.25,0.0,0.5,2,100.0,0.25,368.0,,,
NFL,ryan fitzgerald,Ryan Fitzgerald,kicking_points,207e2c8f6a173dbe03bda5c5be99caa7,2026-09-13T17:00:00Z,,,6.5,6.5,6.5,1,100.0,0.0,-125.0,-105.0,6.5,0.0
NFL,sam darnold,Sam Darnold,interceptions,1bb67464f064518614cf526e0af54269,2026-09-10T00:20:00Z,,,0.5,0.5,0.5,3,100.0,0.0,-121.0,-109.0,,
NFL,sam darnold,Sam Darnold,pass_attempts,1bb67464f064518614cf526e0af54269,2026-09-10T00:20:00Z,,,29.5,29.5,30.5,4,75.0,0.433,-121.5,-108.5,30.5,1.0
NFL,sam darnold,Sam Darnold,pass_completions,1bb67464f064518614cf526e0af54269,2026-09-10T00:20:00Z,,,19.5,19.5,20.5,3,66.7,0.471,-125.0,-104.0,20.0,0.5
NFL,sam darnold,Sam Darnold,passing_tds,1bb67464f064518614cf526e0af54269,2026-09-10T00:20:00Z,,,1.5,1.5,1.5,4,100.0,0.0,105.0,-136.5,,
NFL,sam darnold,Sam Darnold,passing_yards,1bb67464f064518614cf526e0af54269,2026-09-10T00:20:00Z,,,228.5,228.5,230.5,7,100.0,0.881,-114.0,-114.0,3649.5,3421.0
NFL,sam darnold,Sam Darnold,rush_attempts,1bb67464f064518614cf526e0af54269,2026-09-10T00:20:00Z,,,2.5,2.5,2.5,1,100.0,0.0,-130.0,100.0,,
NFL,sam darnold,Sam Darnold,rushing_yards,1bb67464f064518614cf526e0af54269,2026-09-10T00:20:00Z,,,5.5,5.5,6.5,7,85.7,0.35,-112.0,-115.0,5.5,0.0
NFL,sam darnold sea,Sam Darnold (SEA),passing_tds,1bb67464f064518614cf526e0af54269,2026-09-10T00:20:00Z,,,2.5,0.5,3.5,1,33.3,1.247,400.0,,,
NFL,sam darnold sea,Sam Darnold (SEA),passing_yards,1bb67464f064518614cf526e0af54269,2026-09-10T00:20:00Z,,,242.0,149.5,349.5,1,0.0,61.402,10.0,-115.0,,
NFL,sam darnold sea,Sam Darnold (SEA),rushing_yards,1bb67464f064518614cf526e0af54269,2026-09-10T00:20:00Z,,,17.0,5.5,29.5,1,0.0,8.3,400.0,-110.0,,
NFL,sam laporta,Sam LaPorta,anytime_td,5aff92cd2660b12710bf709d6e022115,2026-09-13T17:00:00Z,,,1.0,0.5,1.5,1,100.0,0.5,547.0,-217.0,,
NFL,sam laporta,Sam LaPorta,receiving_yards,5aff92cd2660b12710bf709d6e022115,2026-09-13T17:00:00Z,,,42.5,39.5,79.5,4,33.3,14.554,-114.0,-114.0,42.5,0.0
NFL,sam laporta,Sam LaPorta,receiving_yards,a05d7c053eb1671d2e6d71e94acae4fb,2026-09-03T19:00:00Z,,,75.0,25.0,120.0,1,0.0,29.652,522.0,,42.5,-32.5
NFL,sam laporta,Sam LaPorta,receptions,5aff92cd2660b12710bf709d6e022115,2026-09-13T17:00:00Z,,,4.0,3.5,4.5,2,100.0,0.5,-25.0,-167.0,4.0,0.0
NFL,sam roush,Sam Roush,anytime_td,207e2c8f6a173dbe03bda5c5be99caa7,2026-09-13T17:00:00Z,,,0.5,0.5,0.5,1,100.0,0.0,1900.0,,,
NFL,samaje perine,Samaje Perine,anytime_td,e0bd613ef31e8bf41bc4330dec90c7e6,2026-09-13T17:00:00Z,,,0.0,0.0,0.5,3,100.0,0.236,308.0,,,
NFL,samaje perine,Samaje Perine,rushing_yards,e0bd613ef31e8bf41bc4330dec90c7e6,2026-09-13T17:00:00Z,,,17.5,17.5,17.5,1,100.0,0.0,-110.0,-110.0,17.5,0.0
NFL,sione vaki,Sione Vaki,anytime_td,5aff92cd2660b12710bf709d6e022115,2026-09-13T17:00:00Z,,,0.5,0.5,0.5,1,100.0,0.0,270.0,,,
NFL,tahj brooks,Tahj Brooks,anytime_td,e0bd613ef31e8bf41bc4330dec90c7e6,2026-09-13T17:00:00Z,,,0.25,0.0,0.5,2,100.0,0.25,1309.0,,,
NFL,tee higgins,Tee Higgins,anytime_td,e0bd613ef31e8bf41bc4330dec90c7e6,2026-09-13T17:00:00Z,,,0.0,0.0,0.5,3,100.0,0.236,125.0,-125.0,,
NFL,tee higgins,Tee Higgins,longest_reception,e0bd613ef31e8bf41bc4330dec90c7e6,2026-09-13T17:00:00Z,,,22.5,22.5,22.5,1,100.0,0.0,-122.0,-108.0,23.5,1.0
NFL,tee higgins,Tee Higgins,receiving_yards,677238b1b7b630af8e5eb327f610a9c8,2026-09-03T19:00:00Z,,,90.0,15.0,190.0,1,5.9,50.915,225.0,,60.5,-29.5
NFL,tee higgins,Tee Higgins,receiving_yards,e0bd613ef31e8bf41bc4330dec90c7e6,2026-09-13T17:00:00Z,,,64.5,64.5,64.5,2,100.0,0.0,-114.5,-115.0,60.5,-4.0
NFL,tee higgins,Tee Higgins,receptions,e0bd613ef31e8bf41bc4330dec90c7e6,2026-09-13T17:00:00Z,,,4.5,4.5,4.5,1,100.0,0.0,-159.0,120.0,5.0,0.5
NFL,terrance ferguson,Terrance Ferguson,receiving_yards,764011b4dfb8ee727de8222f6213e1a9,2026-09-11T00:35:00Z,,,20.0,19.5,79.5,4,75.0,25.84,-113.5,-112.0,20.5,0.5
NFL,terrance ferguson,Terrance Ferguson,receptions,764011b4dfb8ee727de8222f6213e1a9,2026-09-11T00:35:00Z,,,1.5,1.5,1.5,1,100.0,0.0,-167.0,128.0,,
NFL,tetairoa mcmillan,Tetairoa McMillan,anytime_td,207e2c8f6a173dbe03bda5c5be99caa7,2026-09-13T17:00:00Z,,,0.0,0.0,0.0,1,100.0,0.0,180.0,,,
NFL,tetairoa mcmillan,Tetairoa McMillan,longest_reception,207e2c8f6a173dbe03bda5c5be99caa7,2026-09-13T17:00:00Z,,,23.0,22.5,23.5,2,100.0,0.5,-116.5,-113.5,23.5,0.5
NFL,tetairoa mcmillan,Tetairoa McMillan,receiving_yards,207e2c8f6a173dbe03bda5c5be99caa7,2026-09-13T17:00:00Z,,,58.5,39.5,79.5,4,60.0,12.659,-115.5,-113.0,60.5,2.0
NFL,tetairoa mcmillan,Tetairoa McMillan,receiving_yards,e5646a4a0f51c3953ba395fef4b14179,2026-09-03T19:00:00Z,,,80.0,15.0,160.0,1,6.7,43.304,187.0,,60.5,-19.5
NFL,tetairoa mcmillan,Tetairoa McMillan,receptions,207e2c8f6a173dbe03bda5c5be99caa7,2026-09-13T17:00:00Z,,,4.5,4.5,4.5,3,100.0,0.0,-115.0,-114.0,4.5,0.0
NFL,tommy tremble,Tommy Tremble,anytime_td,207e2c8f6a173dbe03bda5c5be99caa7,2026-09-13T17:00:00Z,,,0.0,0.0,0.0,1,100.0,0.0,430.0,,,
NFL,tory horton,Tory Horton,anytime_td,1bb67464f064518614cf526e0af54269,2026-09-10T00:20:00Z,,,0.0,0.0,0.0,1,100.0,0.0,425.0,,,
NFL,travis etienne,Travis Etienne,rush_attempts,5aff92cd2660b12710bf709d6e022115,2026-09-13T17:00:00Z,,,14.5,14.5,14.5,1,100.0,0.0,100.0,-129.0,,
NFL,travis etienne,Travis Etienne,rushing_yards,5aff92cd2660b12710bf709d6e022115,2026-09-13T17:00:00Z,,,51.5,51.5,51.5,2,100.0,0.0,-112.5,-117.0,,
NFL,travis etienne jr,Travis Etienne Jr.,rushing_yards,5aff92cd2660b12710bf709d6e022115,2026-09-13T17:00:00Z,,,59.5,59.5,59.5,1,100.0,0.0,-106.0,,54.5,-5.0
NFL,travis etienne jr,Travis Etienne Jr.,rushing_yards,a05d7c053eb1671d2e6d71e94acae4fb,2026-09-03T19:00:00Z,,,65.0,20.0,140.0,1,0.0,35.999,154.5,,54.5,-10.5
NFL,treveyon henderson,TreVeyon Henderson,anytime_td,1bb67464f064518614cf526e0af54269,2026-09-10T00:20:00Z,,,0.0,0.0,0.0,1,100.0,0.0,275.0,,,
NFL,treveyon henderson,TreVeyon Henderson,receiving_yards,1bb67464f064518614cf526e0af54269,2026-09-10T00:20:00Z,,,8.5,8.5,8.5,4,100.0,0.0,-110.0,-118.5,8.5,0.0
NFL,treveyon henderson,TreVeyon Henderson,receptions,1bb67464f064518614cf526e0af54269,2026-09-10T00:20:00Z,,,1.5,1.5,1.5,2,100.0,0.0,-111.5,-116.0,1.5,0.0
NFL,treveyon henderson,TreVeyon Henderson,rush_attempts,1bb67464f064518614cf526e0af54269,2026-09-10T00:20:00Z,,,8.5,8.5,8.5,1,100.0,0.0,-134.0,102.0,,
NFL,treveyon henderson,TreVeyon Henderson,rushing_yards,1bb67464f064518614cf526e0af54269,2026-09-10T00:20:00Z,,,30.5,29.5,32.5,5,40.0,1.2,-115.0,-113.0,699.5,669.0
NFL,treveyon henderson ne,TreVeyon Henderson (NE),rushing_yards,1bb67464f064518614cf526e0af54269,2026-09-10T00:20:00Z,,,44.5,14.5,99.5,1,0.0,27.319,157.5,-115.0,,
NFL,trevor lawrence,Trevor Lawrence,pass_attempts,a5af615996df7c99fdbffcc0e17b760b,2026-09-13T17:00:00Z,,,31.5,31.5,31.5,2,100.0,0.0,-129.0,-103.0,32.5,1.0
NFL,trevor lawrence,Trevor Lawrence,pass_completions,a5af615996df7c99fdbffcc0e17b760b,2026-09-13T17:00:00Z,,,19.5,19.5,19.5,1,100.0,0.0,-136.0,105.0,19.5,0.0
NFL,trevor lawrence,Trevor Lawrence,passing_tds,a5af615996df7c99fdbffcc0e17b760b,2026-09-13T17:00:00Z,,,1.5,1.5,1.5,2,100.0,0.0,-105.5,-124.5,,
NFL,trevor lawrence,Trevor Lawrence,passing_yards,a5af615996df7c99fdbffcc0e17b760b,2026-09-13T17:00:00Z,,,232.5,232.5,232.5,2,100.0,0.0,-115.0,-114.5,233.5,1.0
NFL,trevor lawrence,Trevor Lawrence,rushing_yards,a5af615996df7c99fdbffcc0e17b760b,2026-09-13T17:00:00Z,,,17.5,17.5,17.5,2,100.0,0.0,-109.5,-120.5,17.5,0.0
NFL,tutu atwell,Tutu Atwell,anytime_td,764011b4dfb8ee727de8222f6213e1a9,2026-09-11T00:35:00Z,,,0.0,0.0,0.0,1,100.0,0.0,900.0,,,
NFL,tyler higbee,Tyler Higbee,anytime_td,764011b4dfb8ee727de8222f6213e1a9,2026-09-11T00:35:00Z,,,0.0,0.0,0.0,1,100.0,0.0,890.0,,,
NFL,tyler shough,Tyler Shough,pass_attempts,5aff92cd2660b12710bf709d6e022115,2026-09-13T17:00:00Z,,,34.5,34.5,34.5,2,100.0,0.0,-120.5,-109.5,32.5,-2.0
NFL,tyler shough,Tyler Shough,pass_completions,5aff92cd2660b12710bf709d6e022115,2026-09-13T17:00:00Z,,,22.5,22.5,22.5,1,100.0,0.0,-107.0,-121.0,21.5,-1.0
NFL,tyler shough,Tyler Shough,passing_tds,5aff92cd2660b12710bf709d6e022115,2026-09-13T17:00:00Z,,,1.5,1.5,1.5,2,100.0,0.0,133.5,-178.5,,
NFL,tyler shough,Tyler Shough,passing_yards,5aff92cd2660b12710bf709d6e022115,2026-09-13T17:00:00Z,,,246.5,243.5,299.5,3,75.0,23.511,-114.5,-114.5,243.5,-3.0
NFL,tyler shough,Tyler Shough,rushing_yards,5aff92cd2660b12710bf709d6e022115,2026-09-13T17:00:00Z,,,15.5,15.5,15.5,2,100.0,0.0,-109.0,-120.5,15.5,0.0
NFL,tyler shough,Tyler Shough,rushing_yards,a05d7c053eb1671d2e6d71e94acae4fb,2026-09-03T19:00:00Z,,,27.5,10.0,70.0,1,0.0,19.364,202.5,,15.5,-12.0
NFL,woody marks,Woody Marks,rushing_yards,a0b009be7e2431d207e96b99f596f541,2026-09-13T17:00:00Z,,,29.5,29.5,29.5,2,100.0,0.0,-113.5,-116.0,30.5,1.0
NFL,zavion thomas,Zavion Thomas,anytime_td,207e2c8f6a173dbe03bda5c5be99caa7,2026-09-13T17:00:00Z,,,0.5,0.5,0.5,1,100.0,0.0,900.0,,,
NFL,zay flowers,Zay Flowers,receiving_yards,72de8a0c4a2fe14acc132c2c9559e499,2026-09-13T17:00:00Z,,,69.5,69.5,69.5,2,100.0,0.0,-113.5,-115.0,66.5,-3.0
NFL,zay flowers,Zay Flowers,receptions,72de8a0c4a2fe14acc132c2c9559e499,2026-09-13T17:00:00Z,,,4.5,4.5,4.5,1,100.0,0.0,,114.0,4.5,0.0
