gamePk,away_team,home_team,book,market,side,player,playerID,statID,oddID,periodID,market_phase,game_start,price,point,current_timestamp,source_update_timestamp,available,source_file,current_price,current_point,_ord,open_price,open_point,open_timestamp,price_move,point_move,open_implied_prob,current_implied_prob,implied_prob_move,abs_implied_prob_move,observation_count,core_market,core_side,has_history,has_price_move,has_line_move,market_source_type,canonical_line,reporting_sources,provider_row_count,reported_by_both
9218b403d53014d099eb5bec35ae957c,athletics,seattle mariners,betmgm,h2h,Athletics,,,,,,pregame,2026-09-04 01:40:00+00:00,170,,2026-09-03 05:14:09.062671+00:00,2026-09-03 05:13:16+00:00,,MLB_ODDS_API_MARKET_HISTORY.csv,170,,7916,170,,2026-09-03 05:13:57.019887+00:00,0,,0.3703703703703703,0.3703703703703703,0.0,0.0,2,moneyline,athletics,True,False,False,ODDS_API,,"ODDS_API,SGO",2,True
9218b403d53014d099eb5bec35ae957c,athletics,seattle mariners,betmgm,h2h,Seattle Mariners,,,,,,pregame,2026-09-04 01:40:00+00:00,-210,,2026-09-03 05:14:09.062674+00:00,2026-09-03 05:13:16+00:00,,MLB_ODDS_API_MARKET_HISTORY.csv,-210,,7917,-210,,2026-09-03 05:13:57.019887+00:00,0,,0.6774193548387096,0.6774193548387096,0.0,0.0,2,moneyline,seattle mariners,True,False,False,ODDS_API,,"ODDS_API,SGO",2,True
9218b403d53014d099eb5bec35ae957c,athletics,seattle mariners,betmgm,spreads,Athletics,,,,,,pregame,2026-09-04 01:40:00+00:00,-135,1.5,2026-09-03 05:14:09.062678+00:00,2026-09-03 05:13:16+00:00,,MLB_ODDS_API_MARKET_HISTORY.csv,-135,1.5,7918,-135,1.5,2026-09-03 05:13:57.019887+00:00,0,0.0,0.574468085106383,0.574468085106383,0.0,0.0,2,spread,athletics,True,False,False,ODDS_API,1.5,"ODDS_API,SGO",2,True
9218b403d53014d099eb5bec35ae957c,athletics,seattle mariners,betmgm,spreads,Seattle Mariners,,,,,,pregame,2026-09-04 01:40:00+00:00,110,-1.5,2026-09-03 05:14:09.062682+00:00,2026-09-03 05:13:16+00:00,,MLB_ODDS_API_MARKET_HISTORY.csv,110,-1.5,7919,110,-1.5,2026-09-03 05:13:57.019887+00:00,0,0.0,0.4761904761904761,0.4761904761904761,0.0,0.0,2,spread,seattle mariners,True,False,False,ODDS_API,-1.5,"ODDS_API,SGO",2,True
9218b403d53014d099eb5bec35ae957c,athletics,seattle mariners,betmgm,totals,Over,,,,,,pregame,2026-09-04 01:40:00+00:00,-105,7.5,2026-09-03 05:14:09.062685+00:00,2026-09-03 05:13:16+00:00,,MLB_ODDS_API_MARKET_HISTORY.csv,-105,7.5,7920,-105,7.5,2026-09-03 05:13:57.019887+00:00,0,0.0,0.5121951219512195,0.5121951219512195,0.0,0.0,2,total,over,True,False,False,ODDS_API,7.5,"ODDS_API,SGO",2,True
9218b403d53014d099eb5bec35ae957c,athletics,seattle mariners,betmgm,totals,Under,,,,,,pregame,2026-09-04 01:40:00+00:00,-115,7.5,2026-09-03 05:14:09.062689+00:00,2026-09-03 05:13:16+00:00,,MLB_ODDS_API_MARKET_HISTORY.csv,-115,7.5,7921,-115,7.5,2026-09-03 05:13:57.019887+00:00,0,0.0,0.5348837209302325,0.5348837209302325,0.0,0.0,2,total,under,True,False,False,ODDS_API,7.5,"ODDS_API,SGO",2,True
9218b403d53014d099eb5bec35ae957c,athletics,seattle mariners,betonlineag,h2h,Athletics,,,,,,pregame,2026-09-04 01:40:00+00:00,171,,2026-09-03 05:14:09.062562+00:00,2026-09-03 05:13:35+00:00,,MLB_ODDS_API_MARKET_HISTORY.csv,171,,7886,171,,2026-09-03 05:13:57.019887+00:00,0,,0.3690036900369003,0.3690036900369003,0.0,0.0,2,moneyline,athletics,True,False,False,ODDS_API,,ODDS_API,1,False
9218b403d53014d099eb5bec35ae957c,athletics,seattle mariners,betonlineag,h2h,Seattle Mariners,,,,,,pregame,2026-09-04 01:40:00+00:00,-190,,2026-09-03 05:14:09.062566+00:00,2026-09-03 05:13:35+00:00,,MLB_ODDS_API_MARKET_HISTORY.csv,-190,,7887,-190,,2026-09-03 05:13:57.019887+00:00,0,,0.6551724137931034,0.6551724137931034,0.0,0.0,2,moneyline,seattle mariners,True,False,False,ODDS_API,,ODDS_API,1,False
9218b403d53014d099eb5bec35ae957c,athletics,seattle mariners,betonlineag,spreads,Athletics,,,,,,pregame,2026-09-04 01:40:00+00:00,-130,1.5,2026-09-03 05:14:09.062569+00:00,2026-09-03 05:13:35+00:00,,MLB_ODDS_API_MARKET_HISTORY.csv,-130,1.5,7888,-130,1.5,2026-09-03 05:13:57.019887+00:00,0,0.0,0.5652173913043478,0.5652173913043478,0.0,0.0,2,spread,athletics,True,False,False,ODDS_API,1.5,ODDS_API,1,False
9218b403d53014d099eb5bec35ae957c,athletics,seattle mariners,betonlineag,spreads,Seattle Mariners,,,,,,pregame,2026-09-04 01:40:00+00:00,110,-1.5,2026-09-03 05:14:09.062573+00:00,2026-09-03 05:13:35+00:00,,MLB_ODDS_API_MARKET_HISTORY.csv,110,-1.5,7889,110,-1.5,2026-09-03 05:13:57.019887+00:00,0,0.0,0.4761904761904761,0.4761904761904761,0.0,0.0,2,spread,seattle mariners,True,False,False,ODDS_API,-1.5,ODDS_API,1,False
9218b403d53014d099eb5bec35ae957c,athletics,seattle mariners,betonlineag,totals,Over,,,,,,pregame,2026-09-04 01:40:00+00:00,-105,7.5,2026-09-03 05:14:09.062576+00:00,2026-09-03 05:13:35+00:00,,MLB_ODDS_API_MARKET_HISTORY.csv,-105,7.5,7890,-105,7.5,2026-09-03 05:13:57.019887+00:00,0,0.0,0.5121951219512195,0.5121951219512195,0.0,0.0,2,total,over,True,False,False,ODDS_API,7.5,ODDS_API,1,False
9218b403d53014d099eb5bec35ae957c,athletics,seattle mariners,betonlineag,totals,Under,,,,,,pregame,2026-09-04 01:40:00+00:00,-115,7.5,2026-09-03 05:14:09.062580+00:00,2026-09-03 05:13:35+00:00,,MLB_ODDS_API_MARKET_HISTORY.csv,-115,7.5,7891,-115,7.5,2026-09-03 05:13:57.019887+00:00,0,0.0,0.5348837209302325,0.5348837209302325,0.0,0.0,2,total,under,True,False,False,ODDS_API,7.5,ODDS_API,1,False
9218b403d53014d099eb5bec35ae957c,athletics,seattle mariners,betrivers,h2h,Athletics,,,,,,pregame,2026-09-04 01:40:00+00:00,175,,2026-09-03 05:14:09.062693+00:00,2026-09-03 05:13:36+00:00,,MLB_ODDS_API_MARKET_HISTORY.csv,175,,7922,175,,2026-09-03 05:13:57.019887+00:00,0,,0.3636363636363636,0.3636363636363636,0.0,0.0,2,moneyline,athletics,True,False,False,ODDS_API,,ODDS_API,1,False
9218b403d53014d099eb5bec35ae957c,athletics,seattle mariners,betrivers,h2h,Seattle Mariners,,,,,,pregame,2026-09-04 01:40:00+00:00,-210,,2026-09-03 05:14:09.062696+00:00,2026-09-03 05:13:36+00:00,,MLB_ODDS_API_MARKET_HISTORY.csv,-210,,7923,-210,,2026-09-03 05:13:57.019887+00:00,0,,0.6774193548387096,0.6774193548387096,0.0,0.0,2,moneyline,seattle mariners,True,False,False,ODDS_API,,ODDS_API,1,False
9218b403d53014d099eb5bec35ae957c,athletics,seattle mariners,betrivers,spreads,Athletics,,,,,,pregame,2026-09-04 01:40:00+00:00,-130,1.5,2026-09-03 05:14:09.062700+00:00,2026-09-03 05:13:36+00:00,,MLB_ODDS_API_MARKET_HISTORY.csv,-130,1.5,7924,-130,1.5,2026-09-03 05:13:57.019887+00:00,0,0.0,0.5652173913043478,0.5652173913043478,0.0,0.0,2,spread,athletics,True,False,False,ODDS_API,1.5,ODDS_API,1,False
9218b403d53014d099eb5bec35ae957c,athletics,seattle mariners,betrivers,spreads,Seattle Mariners,,,,,,pregame,2026-09-04 01:40:00+00:00,108,-1.5,2026-09-03 05:14:09.062703+00:00,2026-09-03 05:13:36+00:00,,MLB_ODDS_API_MARKET_HISTORY.csv,108,-1.5,7925,108,-1.5,2026-09-03 05:13:57.019887+00:00,0,0.0,0.4807692307692308,0.4807692307692308,0.0,0.0,2,spread,seattle mariners,True,False,False,ODDS_API,-1.5,ODDS_API,1,False
9218b403d53014d099eb5bec35ae957c,athletics,seattle mariners,betrivers,totals,Over,,,,,,pregame,2026-09-04 01:40:00+00:00,-105,7.5,2026-09-03 05:14:09.062707+00:00,2026-09-03 05:13:36+00:00,,MLB_ODDS_API_MARKET_HISTORY.csv,-105,7.5,7926,-105,7.5,2026-09-03 05:13:57.019887+00:00,0,0.0,0.5121951219512195,0.5121951219512195,0.0,0.0,2,total,over,True,False,False,ODDS_API,7.5,ODDS_API,1,False
9218b403d53014d099eb5bec35ae957c,athletics,seattle mariners,betrivers,totals,Under,,,,,,pregame,2026-09-04 01:40:00+00:00,-117,7.5,2026-09-03 05:14:09.062711+00:00,2026-09-03 05:13:36+00:00,,MLB_ODDS_API_MARKET_HISTORY.csv,-117,7.5,7927,-117,7.5,2026-09-03 05:13:57.019887+00:00,0,0.0,0.5391705069124424,0.5391705069124424,0.0,0.0,2,total,under,True,False,False,ODDS_API,7.5,ODDS_API,1,False
9218b403d53014d099eb5bec35ae957c,athletics,seattle mariners,betus,h2h,Athletics,,,,,,pregame,2026-09-04 01:40:00+00:00,166,,2026-09-03 05:14:09.062627+00:00,2026-09-03 05:13:17+00:00,,MLB_ODDS_API_MARKET_HISTORY.csv,166,,7904,166,,2026-09-03 05:13:57.019887+00:00,0,,0.3759398496240601,0.3759398496240601,0.0,0.0,2,moneyline,athletics,True,False,False,ODDS_API,,ODDS_API,1,False
9218b403d53014d099eb5bec35ae957c,athletics,seattle mariners,betus,h2h,Seattle Mariners,,,,,,pregame,2026-09-04 01:40:00+00:00,-190,,2026-09-03 05:14:09.062631+00:00,2026-09-03 05:13:17+00:00,,MLB_ODDS_API_MARKET_HISTORY.csv,-190,,7905,-190,,2026-09-03 05:13:57.019887+00:00,0,,0.6551724137931034,0.6551724137931034,0.0,0.0,2,moneyline,seattle mariners,True,False,False,ODDS_API,,ODDS_API,1,False
9218b403d53014d099eb5bec35ae957c,athletics,seattle mariners,betus,spreads,Athletics,,,,,,pregame,2026-09-04 01:40:00+00:00,-130,1.5,2026-09-03 05:14:09.062635+00:00,2026-09-03 05:13:17+00:00,,MLB_ODDS_API_MARKET_HISTORY.csv,-130,1.5,7906,-130,1.5,2026-09-03 05:13:57.019887+00:00,0,0.0,0.5652173913043478,0.5652173913043478,0.0,0.0,2,spread,athletics,True,False,False,ODDS_API,1.5,ODDS_API,1,False
9218b403d53014d099eb5bec35ae957c,athletics,seattle mariners,betus,spreads,Seattle Mariners,,,,,,pregame,2026-09-04 01:40:00+00:00,110,-1.5,2026-09-03 05:14:09.062638+00:00,2026-09-03 05:13:17+00:00,,MLB_ODDS_API_MARKET_HISTORY.csv,110,-1.5,7907,110,-1.5,2026-09-03 05:13:57.019887+00:00,0,0.0,0.4761904761904761,0.4761904761904761,0.0,0.0,2,spread,seattle mariners,True,False,False,ODDS_API,-1.5,ODDS_API,1,False
9218b403d53014d099eb5bec35ae957c,athletics,seattle mariners,betus,totals,Over,,,,,,pregame,2026-09-04 01:40:00+00:00,-105,7.5,2026-09-03 05:14:09.062642+00:00,2026-09-03 05:13:17+00:00,,MLB_ODDS_API_MARKET_HISTORY.csv,-105,7.5,7908,-105,7.5,2026-09-03 05:13:57.019887+00:00,0,0.0,0.5121951219512195,0.5121951219512195,0.0,0.0,2,total,over,True,False,False,ODDS_API,7.5,ODDS_API,1,False
9218b403d53014d099eb5bec35ae957c,athletics,seattle mariners,betus,totals,Under,,,,,,pregame,2026-09-04 01:40:00+00:00,-115,7.5,2026-09-03 05:14:09.062645+00:00,2026-09-03 05:13:17+00:00,,MLB_ODDS_API_MARKET_HISTORY.csv,-115,7.5,7909,-115,7.5,2026-09-03 05:13:57.019887+00:00,0,0.0,0.5348837209302325,0.5348837209302325,0.0,0.0,2,total,under,True,False,False,ODDS_API,7.5,ODDS_API,1,False
9218b403d53014d099eb5bec35ae957c,athletics,seattle mariners,bovada,h2h,Athletics,,,,,,pregame,2026-09-04 01:40:00+00:00,168,,2026-09-03 05:14:09.062605+00:00,2026-09-03 05:12:40+00:00,,MLB_ODDS_API_MARKET_HISTORY.csv,168,,7898,168,,2026-09-03 05:13:57.019887+00:00,0,,0.373134328358209,0.373134328358209,0.0,0.0,2,moneyline,athletics,True,False,False,ODDS_API,,"ODDS_API,SGO",2,True
9218b403d53014d099eb5bec35ae957c,athletics,seattle mariners,bovada,h2h,Seattle Mariners,,,,,,pregame,2026-09-04 01:40:00+00:00,-206,,2026-09-03 05:14:09.062609+00:00,2026-09-03 05:12:40+00:00,,MLB_ODDS_API_MARKET_HISTORY.csv,-206,,7899,-206,,2026-09-03 05:13:57.019887+00:00,0,,0.673202614379085,0.673202614379085,0.0,0.0,2,moneyline,seattle mariners,True,False,False,ODDS_API,,"ODDS_API,SGO",2,True
9218b403d53014d099eb5bec35ae957c,athletics,seattle mariners,bovada,spreads,Athletics,,,,,,pregame,2026-09-04 01:40:00+00:00,-130,1.5,2026-09-03 05:14:09.062613+00:00,2026-09-03 05:12:40+00:00,,MLB_ODDS_API_MARKET_HISTORY.csv,-130,1.5,7900,-130,1.5,2026-09-03 05:13:57.019887+00:00,0,0.0,0.5652173913043478,0.5652173913043478,0.0,0.0,2,spread,athletics,True,False,False,ODDS_API,1.5,"ODDS_API,SGO",2,True
9218b403d53014d099eb5bec35ae957c,athletics,seattle mariners,bovada,spreads,Seattle Mariners,,,,,,pregame,2026-09-04 01:40:00+00:00,110,-1.5,2026-09-03 05:14:09.062616+00:00,2026-09-03 05:12:40+00:00,,MLB_ODDS_API_MARKET_HISTORY.csv,110,-1.5,7901,110,-1.5,2026-09-03 05:13:57.019887+00:00,0,0.0,0.4761904761904761,0.4761904761904761,0.0,0.0,2,spread,seattle mariners,True,False,False,ODDS_API,-1.5,"ODDS_API,SGO",2,True
mGLcc4O9ldEpTvlq2jEP,athletics,seattle mariners,bovada,ou,over,,,points,points-away-game-ou-over,game,pregame,2026-09-04 01:40:00+00:00,-150,2.5,2026-09-03 05:14:08.753266+00:00,2026-09-03 05:10:21.459000+00:00,1.0,MLB_SGO_MARKET_HISTORY.csv,-150,2.5,350070,-150,2.5,2026-09-03 05:13:56.618657+00:00,0,0.0,0.6,0.6,0.0,0.0,2,total,over,True,False,False,SGO,2.5,SGO,1,False
mGLcc4O9ldEpTvlq2jEP,athletics,seattle mariners,bovada,ou,over,,,points,points-home-game-ou-over,game,pregame,2026-09-04 01:40:00+00:00,105,4.5,2026-09-03 05:14:08.753297+00:00,2026-09-03 05:10:21.459000+00:00,1.0,MLB_SGO_MARKET_HISTORY.csv,105,4.5,350078,105,4.5,2026-09-03 05:13:56.618657+00:00,0,0.0,0.4878048780487805,0.4878048780487805,0.0,0.0,2,total,over,True,False,False,SGO,4.5,SGO,1,False
9218b403d53014d099eb5bec35ae957c,athletics,seattle mariners,bovada,totals,Over,,,,,,pregame,2026-09-04 01:40:00+00:00,-105,7.5,2026-09-03 05:14:09.062620+00:00,2026-09-03 05:12:40+00:00,,MLB_ODDS_API_MARKET_HISTORY.csv,-105,7.5,7902,-105,7.5,2026-09-03 05:13:57.019887+00:00,0,0.0,0.5121951219512195,0.5121951219512195,0.0,0.0,2,total,over,True,False,False,ODDS_API,7.5,"ODDS_API,SGO",2,True
mGLcc4O9ldEpTvlq2jEP,athletics,seattle mariners,bovada,ou,under,,,points,points-away-game-ou-under,game,pregame,2026-09-04 01:40:00+00:00,115,2.5,2026-09-03 05:14:08.753282+00:00,2026-09-03 05:10:21.459000+00:00,1.0,MLB_SGO_MARKET_HISTORY.csv,115,2.5,350074,115,2.5,2026-09-03 05:13:56.618657+00:00,0,0.0,0.4651162790697674,0.4651162790697674,0.0,0.0,2,total,under,True,False,False,SGO,2.5,SGO,1,False
mGLcc4O9ldEpTvlq2jEP,athletics,seattle mariners,bovada,ou,under,,,points,points-home-game-ou-under,game,pregame,2026-09-04 01:40:00+00:00,-135,4.5,2026-09-03 05:14:08.753312+00:00,2026-09-03 05:10:21.459000+00:00,1.0,MLB_SGO_MARKET_HISTORY.csv,-135,4.5,350082,-135,4.5,2026-09-03 05:13:56.618657+00:00,0,0.0,0.574468085106383,0.574468085106383,0.0,0.0,2,total,under,True,False,False,SGO,4.5,SGO,1,False
9218b403d53014d099eb5bec35ae957c,athletics,seattle mariners,bovada,totals,Under,,,,,,pregame,2026-09-04 01:40:00+00:00,-115,7.5,2026-09-03 05:14:09.062623+00:00,2026-09-03 05:12:40+00:00,,MLB_ODDS_API_MARKET_HISTORY.csv,-115,7.5,7903,-115,7.5,2026-09-03 05:13:57.019887+00:00,0,0.0,0.5348837209302325,0.5348837209302325,0.0,0.0,2,total,under,True,False,False,ODDS_API,7.5,"ODDS_API,SGO",2,True
mGLcc4O9ldEpTvlq2jEP,athletics,seattle mariners,caesars,ml,away,,,points,points-away-game-ml-away,game,pregame,2026-09-04 01:40:00+00:00,175,,2026-09-03 05:14:08.753086+00:00,2026-09-03 05:09:37.505000+00:00,1.0,MLB_SGO_MARKET_HISTORY.csv,175,,350023,175,,2026-09-03 05:13:56.618657+00:00,0,,0.3636363636363636,0.3636363636363636,0.0,0.0,2,moneyline,athletics,True,False,False,SGO,,SGO,1,False
mGLcc4O9ldEpTvlq2jEP,athletics,seattle mariners,caesars,ml,home,,,points,points-home-game-ml-home,game,pregame,2026-09-04 01:40:00+00:00,-195,,2026-09-03 05:14:08.753120+00:00,2026-09-03 05:09:37.505000+00:00,1.0,MLB_SGO_MARKET_HISTORY.csv,-195,,350032,-195,,2026-09-03 05:13:56.618657+00:00,0,,0.6610169491525424,0.6610169491525424,0.0,0.0,2,moneyline,seattle mariners,True,False,False,SGO,,SGO,1,False
mGLcc4O9ldEpTvlq2jEP,athletics,seattle mariners,caesars,sp,away,,,points,points-away-game-sp-away,game,pregame,2026-09-04 01:40:00+00:00,-130,1.5,2026-09-03 05:14:08.753215+00:00,2026-09-03 05:09:37.505000+00:00,1.0,MLB_SGO_MARKET_HISTORY.csv,-130,1.5,350057,-130,1.5,2026-09-03 05:13:56.618657+00:00,0,0.0,0.5652173913043478,0.5652173913043478,0.0,0.0,2,spread,athletics,True,False,False,SGO,1.5,SGO,1,False
mGLcc4O9ldEpTvlq2jEP,athletics,seattle mariners,caesars,sp,home,,,points,points-home-game-sp-home,game,pregame,2026-09-04 01:40:00+00:00,110,-1.5,2026-09-03 05:14:08.753246+00:00,2026-09-03 05:09:37.505000+00:00,1.0,MLB_SGO_MARKET_HISTORY.csv,110,-1.5,350065,110,-1.5,2026-09-03 05:13:56.618657+00:00,0,0.0,0.4761904761904761,0.4761904761904761,0.0,0.0,2,spread,seattle mariners,True,False,False,SGO,-1.5,SGO,1,False
mGLcc4O9ldEpTvlq2jEP,athletics,seattle mariners,caesars,ou,over,,,points,points-all-game-ou-over,game,pregame,2026-09-04 01:40:00+00:00,-105,7.5,2026-09-03 05:14:08.753151+00:00,2026-09-03 05:09:37.505000+00:00,1.0,MLB_SGO_MARKET_HISTORY.csv,-105,7.5,350040,-105,7.5,2026-09-03 05:13:56.618657+00:00,0,0.0,0.5121951219512195,0.5121951219512195,0.0,0.0,2,total,over,True,False,False,SGO,7.5,SGO,1,False
mGLcc4O9ldEpTvlq2jEP,athletics,seattle mariners,caesars,ou,under,,,points,points-all-game-ou-under,game,pregame,2026-09-04 01:40:00+00:00,-115,7.5,2026-09-03 05:14:08.753181+00:00,2026-09-03 05:09:37.505000+00:00,1.0,MLB_SGO_MARKET_HISTORY.csv,-115,7.5,350048,-115,7.5,2026-09-03 05:13:56.618657+00:00,0,0.0,0.5348837209302325,0.5348837209302325,0.0,0.0,2,total,under,True,False,False,SGO,7.5,SGO,1,False
9218b403d53014d099eb5bec35ae957c,athletics,seattle mariners,draftkings,h2h,Athletics,,,,,,pregame,2026-09-04 01:40:00+00:00,169,,2026-09-03 05:14:09.062649+00:00,2026-09-03 05:13:36+00:00,,MLB_ODDS_API_MARKET_HISTORY.csv,169,,7910,169,,2026-09-03 05:13:57.019887+00:00,0,,0.3717472118959107,0.3717472118959107,0.0,0.0,2,moneyline,athletics,True,False,False,ODDS_API,,"ODDS_API,SGO",2,True
9218b403d53014d099eb5bec35ae957c,athletics,seattle mariners,draftkings,h2h,Seattle Mariners,,,,,,pregame,2026-09-04 01:40:00+00:00,-207,,2026-09-03 05:14:09.062653+00:00,2026-09-03 05:13:36+00:00,,MLB_ODDS_API_MARKET_HISTORY.csv,-207,,7911,-207,,2026-09-03 05:13:57.019887+00:00,0,,0.6742671009771987,0.6742671009771987,0.0,0.0,2,moneyline,seattle mariners,True,False,False,ODDS_API,,"ODDS_API,SGO",2,True
9218b403d53014d099eb5bec35ae957c,athletics,seattle mariners,draftkings,spreads,Athletics,,,,,,pregame,2026-09-04 01:40:00+00:00,-131,1.5,2026-09-03 05:14:09.062656+00:00,2026-09-03 05:13:36+00:00,,MLB_ODDS_API_MARKET_HISTORY.csv,-131,1.5,7912,-131,1.5,2026-09-03 05:13:57.019887+00:00,0,0.0,0.5670995670995671,0.5670995670995671,0.0,0.0,2,spread,athletics,True,False,False,ODDS_API,1.5,"ODDS_API,SGO",2,True
9218b403d53014d099eb5bec35ae957c,athletics,seattle mariners,draftkings,spreads,Seattle Mariners,,,,,,pregame,2026-09-04 01:40:00+00:00,109,-1.5,2026-09-03 05:14:09.062660+00:00,2026-09-03 05:13:36+00:00,,MLB_ODDS_API_MARKET_HISTORY.csv,109,-1.5,7913,109,-1.5,2026-09-03 05:13:57.019887+00:00,0,0.0,0.4784688995215311,0.4784688995215311,0.0,0.0,2,spread,seattle mariners,True,False,False,ODDS_API,-1.5,"ODDS_API,SGO",2,True
mGLcc4O9ldEpTvlq2jEP,athletics,seattle mariners,draftkings,ou,over,,,points,points-away-game-ou-over,game,pregame,2026-09-04 01:40:00+00:00,-154,2.5,2026-09-03 05:14:08.753270+00:00,2026-09-03 05:09:55.697000+00:00,1.0,MLB_SGO_MARKET_HISTORY.csv,-154,2.5,350071,-154,2.5,2026-09-03 05:13:56.618657+00:00,0,0.0,0.6062992125984252,0.6062992125984252,0.0,0.0,2,total,over,True,False,False,SGO,2.5,SGO,1,False
mGLcc4O9ldEpTvlq2jEP,athletics,seattle mariners,draftkings,ou,over,,,points,points-home-game-ou-over,game,pregame,2026-09-04 01:40:00+00:00,105,4.5,2026-09-03 05:14:08.753301+00:00,2026-09-03 05:09:55.697000+00:00,1.0,MLB_SGO_MARKET_HISTORY.csv,105,4.5,350079,105,4.5,2026-09-03 05:13:56.618657+00:00,0,0.0,0.4878048780487805,0.4878048780487805,0.0,0.0,2,total,over,True,False,False,SGO,4.5,SGO,1,False
9218b403d53014d099eb5bec35ae957c,athletics,seattle mariners,draftkings,totals,Over,,,,,,pregame,2026-09-04 01:40:00+00:00,-105,7.5,2026-09-03 05:14:09.062664+00:00,2026-09-03 05:13:36+00:00,,MLB_ODDS_API_MARKET_HISTORY.csv,-105,7.5,7914,-105,7.5,2026-09-03 05:13:57.019887+00:00,0,0.0,0.5121951219512195,0.5121951219512195,0.0,0.0,2,total,over,True,False,False,ODDS_API,7.5,"ODDS_API,SGO",2,True
mGLcc4O9ldEpTvlq2jEP,athletics,seattle mariners,draftkings,ou,under,,,points,points-away-game-ou-under,game,pregame,2026-09-04 01:40:00+00:00,120,2.5,2026-09-03 05:14:08.753285+00:00,2026-09-03 05:09:55.697000+00:00,1.0,MLB_SGO_MARKET_HISTORY.csv,120,2.5,350075,120,2.5,2026-09-03 05:13:56.618657+00:00,0,0.0,0.4545454545454545,0.4545454545454545,0.0,0.0,2,total,under,True,False,False,SGO,2.5,SGO,1,False
mGLcc4O9ldEpTvlq2jEP,athletics,seattle mariners,draftkings,ou,under,,,points,points-home-game-ou-under,game,pregame,2026-09-04 01:40:00+00:00,-135,4.5,2026-09-03 05:14:08.753315+00:00,2026-09-03 05:09:55.697000+00:00,1.0,MLB_SGO_MARKET_HISTORY.csv,-135,4.5,350083,-135,4.5,2026-09-03 05:13:56.618657+00:00,0,0.0,0.574468085106383,0.574468085106383,0.0,0.0,2,total,under,True,False,False,SGO,4.5,SGO,1,False
9218b403d53014d099eb5bec35ae957c,athletics,seattle mariners,draftkings,totals,Under,,,,,,pregame,2026-09-04 01:40:00+00:00,-115,7.5,2026-09-03 05:14:09.062667+00:00,2026-09-03 05:13:36+00:00,,MLB_ODDS_API_MARKET_HISTORY.csv,-115,7.5,7915,-115,7.5,2026-09-03 05:13:57.019887+00:00,0,0.0,0.5348837209302325,0.5348837209302325,0.0,0.0,2,total,under,True,False,False,ODDS_API,7.5,"ODDS_API,SGO",2,True
mGLcc4O9ldEpTvlq2jEP,athletics,seattle mariners,espnbet,ml,away,,,points,points-away-game-ml-away,game,pregame,2026-09-04 01:40:00+00:00,175,,2026-09-03 05:14:08.753078+00:00,2026-09-03 05:09:43.505000+00:00,1.0,MLB_SGO_MARKET_HISTORY.csv,175,,350021,175,,2026-09-03 05:13:56.618657+00:00,0,,0.3636363636363636,0.3636363636363636,0.0,0.0,2,moneyline,athletics,True,False,False,SGO,,SGO,1,False
mGLcc4O9ldEpTvlq2jEP,athletics,seattle mariners,espnbet,ml,home,,,points,points-home-game-ml-home,game,pregame,2026-09-04 01:40:00+00:00,-210,,2026-09-03 05:14:08.753113+00:00,2026-09-03 05:09:43.505000+00:00,1.0,MLB_SGO_MARKET_HISTORY.csv,-210,,350030,-210,,2026-09-03 05:13:56.618657+00:00,0,,0.6774193548387096,0.6774193548387096,0.0,0.0,2,moneyline,seattle mariners,True,False,False,SGO,,SGO,1,False
mGLcc4O9ldEpTvlq2jEP,athletics,seattle mariners,espnbet,sp,away,,,points,points-away-game-sp-away,game,pregame,2026-09-04 01:40:00+00:00,-135,1.5,2026-09-03 05:14:08.753204+00:00,2026-09-03 05:09:43.505000+00:00,1.0,MLB_SGO_MARKET_HISTORY.csv,-135,1.5,350054,-135,1.5,2026-09-03 05:13:56.618657+00:00,0,0.0,0.574468085106383,0.574468085106383,0.0,0.0,2,spread,athletics,True,False,False,SGO,1.5,SGO,1,False
mGLcc4O9ldEpTvlq2jEP,athletics,seattle mariners,espnbet,sp,home,,,points,points-home-game-sp-home,game,pregame,2026-09-04 01:40:00+00:00,115,-1.5,2026-09-03 05:14:08.753234+00:00,2026-09-03 05:09:43.505000+00:00,1.0,MLB_SGO_MARKET_HISTORY.csv,115,-1.5,350062,115,-1.5,2026-09-03 05:13:56.618657+00:00,0,0.0,0.4651162790697674,0.4651162790697674,0.0,0.0,2,spread,seattle mariners,True,False,False,SGO,-1.5,SGO,1,False
mGLcc4O9ldEpTvlq2jEP,athletics,seattle mariners,espnbet,ou,over,,,points,points-away-game-ou-over,game,pregame,2026-09-04 01:40:00+00:00,-145,2.5,2026-09-03 05:14:08.753263+00:00,2026-09-03 05:11:09.988000+00:00,1.0,MLB_SGO_MARKET_HISTORY.csv,-145,2.5,350069,-145,2.5,2026-09-03 05:13:56.618657+00:00,0,0.0,0.5918367346938775,0.5918367346938775,0.0,0.0,2,total,over,True,False,False,SGO,2.5,SGO,1,False
mGLcc4O9ldEpTvlq2jEP,athletics,seattle mariners,espnbet,ou,over,,,points,points-all-game-ou-over,game,pregame,2026-09-04 01:40:00+00:00,-105,7.5,2026-09-03 05:14:08.753143+00:00,2026-09-03 05:09:43.505000+00:00,1.0,MLB_SGO_MARKET_HISTORY.csv,-105,7.5,350038,-105,7.5,2026-09-03 05:13:56.618657+00:00,0,0.0,0.5121951219512195,0.5121951219512195,0.0,0.0,2,total,over,True,False,False,SGO,7.5,SGO,2,False
mGLcc4O9ldEpTvlq2jEP,athletics,seattle mariners,espnbet,ou,under,,,points,points-away-game-ou-under,game,pregame,2026-09-04 01:40:00+00:00,115,2.5,2026-09-03 05:14:08.753278+00:00,2026-09-03 05:11:09.988000+00:00,1.0,MLB_SGO_MARKET_HISTORY.csv,115,2.5,350073,115,2.5,2026-09-03 05:13:56.618657+00:00,0,0.0,0.4651162790697674,0.4651162790697674,0.0,0.0,2,total,under,True,False,False,SGO,2.5,SGO,1,False
mGLcc4O9ldEpTvlq2jEP,athletics,seattle mariners,espnbet,ou,under,,,points,points-all-game-ou-under,game,pregame,2026-09-04 01:40:00+00:00,-115,7.5,2026-09-03 05:14:08.753174+00:00,2026-09-03 05:09:43.505000+00:00,1.0,MLB_SGO_MARKET_HISTORY.csv,-115,7.5,350046,-115,7.5,2026-09-03 05:13:56.618657+00:00,0,0.0,0.5348837209302325,0.5348837209302325,0.0,0.0,2,total,under,True,False,False,SGO,7.5,SGO,2,False
9218b403d53014d099eb5bec35ae957c,athletics,seattle mariners,fanduel,h2h,Athletics,,,,,,pregame,2026-09-04 01:40:00+00:00,176,,2026-09-03 05:14:09.062518+00:00,2026-09-03 05:13:36+00:00,,MLB_ODDS_API_MARKET_HISTORY.csv,176,,7874,176,,2026-09-03 05:13:57.019887+00:00,0,,0.3623188405797101,0.3623188405797101,0.0,0.0,2,moneyline,athletics,True,False,False,ODDS_API,,"ODDS_API,SGO",2,True
9218b403d53014d099eb5bec35ae957c,athletics,seattle mariners,fanduel,h2h,Seattle Mariners,,,,,,pregame,2026-09-04 01:40:00+00:00,-210,,2026-09-03 05:14:09.062522+00:00,2026-09-03 05:13:36+00:00,,MLB_ODDS_API_MARKET_HISTORY.csv,-210,,7875,-210,,2026-09-03 05:13:57.019887+00:00,0,,0.6774193548387096,0.6774193548387096,0.0,0.0,2,moneyline,seattle mariners,True,False,False,ODDS_API,,"ODDS_API,SGO",2,True
9218b403d53014d099eb5bec35ae957c,athletics,seattle mariners,fanduel,spreads,Athletics,,,,,,pregame,2026-09-04 01:40:00+00:00,-132,1.5,2026-09-03 05:14:09.062526+00:00,2026-09-03 05:13:36+00:00,,MLB_ODDS_API_MARKET_HISTORY.csv,-132,1.5,7876,-132,1.5,2026-09-03 05:13:57.019887+00:00,0,0.0,0.5689655172413793,0.5689655172413793,0.0,0.0,2,spread,athletics,True,False,False,ODDS_API,1.5,"ODDS_API,SGO",2,True
9218b403d53014d099eb5bec35ae957c,athletics,seattle mariners,fanduel,spreads,Seattle Mariners,,,,,,pregame,2026-09-04 01:40:00+00:00,110,-1.5,2026-09-03 05:14:09.062529+00:00,2026-09-03 05:13:36+00:00,,MLB_ODDS_API_MARKET_HISTORY.csv,110,-1.5,7877,110,-1.5,2026-09-03 05:13:57.019887+00:00,0,0.0,0.4761904761904761,0.4761904761904761,0.0,0.0,2,spread,seattle mariners,True,False,False,ODDS_API,-1.5,"ODDS_API,SGO",2,True
mGLcc4O9ldEpTvlq2jEP,athletics,seattle mariners,fanduel,ou,over,,,points,points-away-game-ou-over,game,pregame,2026-09-04 01:40:00+00:00,-146,2.5,2026-09-03 05:14:08.753258+00:00,2026-09-03 05:09:55.898000+00:00,1.0,MLB_SGO_MARKET_HISTORY.csv,-146,2.5,350068,-146,2.5,2026-09-03 05:13:56.618657+00:00,0,0.0,0.5934959349593496,0.5934959349593496,0.0,0.0,2,total,over,True,False,False,SGO,2.5,SGO,1,False
mGLcc4O9ldEpTvlq2jEP,athletics,seattle mariners,fanduel,ou,over,,,points,points-home-game-ou-over,game,pregame,2026-09-04 01:40:00+00:00,108,4.5,2026-09-03 05:14:08.753289+00:00,2026-09-03 05:09:55.898000+00:00,1.0,MLB_SGO_MARKET_HISTORY.csv,108,4.5,350076,108,4.5,2026-09-03 05:13:56.618657+00:00,0,0.0,0.4807692307692308,0.4807692307692308,0.0,0.0,2,total,over,True,False,False,SGO,4.5,SGO,1,False
9218b403d53014d099eb5bec35ae957c,athletics,seattle mariners,fanduel,totals,Over,,,,,,pregame,2026-09-04 01:40:00+00:00,-105,7.5,2026-09-03 05:14:09.062533+00:00,2026-09-03 05:13:36+00:00,,MLB_ODDS_API_MARKET_HISTORY.csv,-105,7.5,7878,-105,7.5,2026-09-03 05:13:57.019887+00:00,0,0.0,0.5121951219512195,0.5121951219512195,0.0,0.0,2,total,over,True,False,False,ODDS_API,7.5,"ODDS_API,SGO",2,True
mGLcc4O9ldEpTvlq2jEP,athletics,seattle mariners,fanduel,ou,under,,,points,points-away-game-ou-under,game,pregame,2026-09-04 01:40:00+00:00,114,2.5,2026-09-03 05:14:08.753274+00:00,2026-09-03 05:09:55.898000+00:00,1.0,MLB_SGO_MARKET_HISTORY.csv,114,2.5,350072,114,2.5,2026-09-03 05:13:56.618657+00:00,0,0.0,0.4672897196261682,0.4672897196261682,0.0,0.0,2,total,under,True,False,False,SGO,2.5,SGO,1,False
mGLcc4O9ldEpTvlq2jEP,athletics,seattle mariners,fanduel,ou,under,,,points,points-home-game-ou-under,game,pregame,2026-09-04 01:40:00+00:00,-138,4.5,2026-09-03 05:14:08.753304+00:00,2026-09-03 05:09:55.898000+00:00,1.0,MLB_SGO_MARKET_HISTORY.csv,-138,4.5,350080,-138,4.5,2026-09-03 05:13:56.618657+00:00,0,0.0,0.5798319327731093,0.5798319327731093,0.0,0.0,2,total,under,True,False,False,SGO,4.5,SGO,1,False
9218b403d53014d099eb5bec35ae957c,athletics,seattle mariners,fanduel,totals,Under,,,,,,pregame,2026-09-04 01:40:00+00:00,-115,7.5,2026-09-03 05:14:09.062537+00:00,2026-09-03 05:13:36+00:00,,MLB_ODDS_API_MARKET_HISTORY.csv,-115,7.5,7879,-115,7.5,2026-09-03 05:13:57.019887+00:00,0,0.0,0.5348837209302325,0.5348837209302325,0.0,0.0,2,total,under,True,False,False,ODDS_API,7.5,"ODDS_API,SGO",2,True
9218b403d53014d099eb5bec35ae957c,athletics,seattle mariners,lowvig,h2h,Athletics,,,,,,pregame,2026-09-04 01:40:00+00:00,171,,2026-09-03 05:14:09.062584+00:00,2026-09-03 05:13:38+00:00,,MLB_ODDS_API_MARKET_HISTORY.csv,171,,7892,171,,2026-09-03 05:13:57.019887+00:00,0,,0.3690036900369003,0.3690036900369003,0.0,0.0,2,moneyline,athletics,True,False,False,ODDS_API,,ODDS_API,1,False
9218b403d53014d099eb5bec35ae957c,athletics,seattle mariners,lowvig,h2h,Seattle Mariners,,,,,,pregame,2026-09-04 01:40:00+00:00,-190,,2026-09-03 05:14:09.062587+00:00,2026-09-03 05:13:38+00:00,,MLB_ODDS_API_MARKET_HISTORY.csv,-190,,7893,-190,,2026-09-03 05:13:57.019887+00:00,0,,0.6551724137931034,0.6551724137931034,0.0,0.0,2,moneyline,seattle mariners,True,False,False,ODDS_API,,ODDS_API,1,False
9218b403d53014d099eb5bec35ae957c,athletics,seattle mariners,lowvig,spreads,Athletics,,,,,,pregame,2026-09-04 01:40:00+00:00,-128,1.5,2026-09-03 05:14:09.062591+00:00,2026-09-03 05:13:38+00:00,,MLB_ODDS_API_MARKET_HISTORY.csv,-128,1.5,7894,-128,1.5,2026-09-03 05:13:57.019887+00:00,0,0.0,0.5614035087719298,0.5614035087719298,0.0,0.0,2,spread,athletics,True,False,False,ODDS_API,1.5,ODDS_API,1,False
9218b403d53014d099eb5bec35ae957c,athletics,seattle mariners,lowvig,spreads,Seattle Mariners,,,,,,pregame,2026-09-04 01:40:00+00:00,113,-1.5,2026-09-03 05:14:09.062594+00:00,2026-09-03 05:13:38+00:00,,MLB_ODDS_API_MARKET_HISTORY.csv,113,-1.5,7895,113,-1.5,2026-09-03 05:13:57.019887+00:00,0,0.0,0.4694835680751174,0.4694835680751174,0.0,0.0,2,spread,seattle mariners,True,False,False,ODDS_API,-1.5,ODDS_API,1,False
9218b403d53014d099eb5bec35ae957c,athletics,seattle mariners,lowvig,totals,Over,,,,,,pregame,2026-09-04 01:40:00+00:00,-102,7.5,2026-09-03 05:14:09.062598+00:00,2026-09-03 05:13:38+00:00,,MLB_ODDS_API_MARKET_HISTORY.csv,-102,7.5,7896,-102,7.5,2026-09-03 05:13:57.019887+00:00,0,0.0,0.504950495049505,0.504950495049505,0.0,0.0,2,total,over,True,False,False,ODDS_API,7.5,ODDS_API,1,False
9218b403d53014d099eb5bec35ae957c,athletics,seattle mariners,lowvig,totals,Under,,,,,,pregame,2026-09-04 01:40:00+00:00,-113,7.5,2026-09-03 05:14:09.062602+00:00,2026-09-03 05:13:38+00:00,,MLB_ODDS_API_MARKET_HISTORY.csv,-113,7.5,7897,-113,7.5,2026-09-03 05:13:57.019887+00:00,0,0.0,0.5305164319248826,0.5305164319248826,0.0,0.0,2,total,under,True,False,False,ODDS_API,7.5,ODDS_API,1,False
9218b403d53014d099eb5bec35ae957c,athletics,seattle mariners,mybookieag,h2h,Athletics,,,,,,pregame,2026-09-04 01:40:00+00:00,167,,2026-09-03 05:14:09.062540+00:00,2026-09-03 05:12:15+00:00,,MLB_ODDS_API_MARKET_HISTORY.csv,167,,7880,167,,2026-09-03 05:13:57.019887+00:00,0,,0.3745318352059925,0.3745318352059925,0.0,0.0,2,moneyline,athletics,True,False,False,ODDS_API,,ODDS_API,1,False
9218b403d53014d099eb5bec35ae957c,athletics,seattle mariners,mybookieag,h2h,Seattle Mariners,,,,,,pregame,2026-09-04 01:40:00+00:00,-199,,2026-09-03 05:14:09.062544+00:00,2026-09-03 05:12:15+00:00,,MLB_ODDS_API_MARKET_HISTORY.csv,-199,,7881,-199,,2026-09-03 05:13:57.019887+00:00,0,,0.6655518394648829,0.6655518394648829,0.0,0.0,2,moneyline,seattle mariners,True,False,False,ODDS_API,,ODDS_API,1,False
9218b403d53014d099eb5bec35ae957c,athletics,seattle mariners,mybookieag,spreads,Athletics,,,,,,pregame,2026-09-04 01:40:00+00:00,-133,1.5,2026-09-03 05:14:09.062547+00:00,2026-09-03 05:12:15+00:00,,MLB_ODDS_API_MARKET_HISTORY.csv,-133,1.5,7882,-133,1.5,2026-09-03 05:13:57.019887+00:00,0,0.0,0.5708154506437768,0.5708154506437768,0.0,0.0,2,spread,athletics,True,False,False,ODDS_API,1.5,ODDS_API,1,False
9218b403d53014d099eb5bec35ae957c,athletics,seattle mariners,mybookieag,spreads,Seattle Mariners,,,,,,pregame,2026-09-04 01:40:00+00:00,113,-1.5,2026-09-03 05:14:09.062551+00:00,2026-09-03 05:12:15+00:00,,MLB_ODDS_API_MARKET_HISTORY.csv,113,-1.5,7883,113,-1.5,2026-09-03 05:13:57.019887+00:00,0,0.0,0.4694835680751174,0.4694835680751174,0.0,0.0,2,spread,seattle mariners,True,False,False,ODDS_API,-1.5,ODDS_API,1,False
9218b403d53014d099eb5bec35ae957c,athletics,seattle mariners,mybookieag,totals,Over,,,,,,pregame,2026-09-04 01:40:00+00:00,-105,7.5,2026-09-03 05:14:09.062555+00:00,2026-09-03 05:12:15+00:00,,MLB_ODDS_API_MARKET_HISTORY.csv,-105,7.5,7884,-105,7.5,2026-09-03 05:13:57.019887+00:00,0,0.0,0.5121951219512195,0.5121951219512195,0.0,0.0,2,total,over,True,False,False,ODDS_API,7.5,ODDS_API,1,False
9218b403d53014d099eb5bec35ae957c,athletics,seattle mariners,mybookieag,totals,Under,,,,,,pregame,2026-09-04 01:40:00+00:00,-116,7.5,2026-09-03 05:14:09.062558+00:00,2026-09-03 05:12:15+00:00,,MLB_ODDS_API_MARKET_HISTORY.csv,-116,7.5,7885,-116,7.5,2026-09-03 05:13:57.019887+00:00,0,0.0,0.5370370370370371,0.5370370370370371,0.0,0.0,2,total,under,True,False,False,ODDS_API,7.5,ODDS_API,1,False
mGLcc4O9ldEpTvlq2jEP,athletics,seattle mariners,pointsbet,ml,away,,,points,points-away-game-ml-away,game,pregame,2026-09-04 01:40:00+00:00,165,,2026-09-03 05:14:08.753071+00:00,2026-09-03 05:09:53.505000+00:00,1.0,MLB_SGO_MARKET_HISTORY.csv,165,,350019,165,,2026-09-03 05:13:56.618657+00:00,0,,0.3773584905660377,0.3773584905660377,0.0,0.0,2,moneyline,athletics,True,False,False,SGO,,SGO,1,False
mGLcc4O9ldEpTvlq2jEP,athletics,seattle mariners,pointsbet,ml,home,,,points,points-home-game-ml-home,game,pregame,2026-09-04 01:40:00+00:00,-200,,2026-09-03 05:14:08.753105+00:00,2026-09-03 05:09:53.505000+00:00,1.0,MLB_SGO_MARKET_HISTORY.csv,-200,,350028,-200,,2026-09-03 05:13:56.618657+00:00,0,,0.6666666666666666,0.6666666666666666,0.0,0.0,2,moneyline,seattle mariners,True,False,False,SGO,,SGO,1,False
mGLcc4O9ldEpTvlq2jEP,athletics,seattle mariners,pointsbet,sp,away,,,points,points-away-game-sp-away,game,pregame,2026-09-04 01:40:00+00:00,-130,1.5,2026-09-03 05:14:08.753200+00:00,2026-09-03 05:09:53.505000+00:00,1.0,MLB_SGO_MARKET_HISTORY.csv,-130,1.5,350053,-130,1.5,2026-09-03 05:13:56.618657+00:00,0,0.0,0.5652173913043478,0.5652173913043478,0.0,0.0,2,spread,athletics,True,False,False,SGO,1.5,SGO,1,False
mGLcc4O9ldEpTvlq2jEP,athletics,seattle mariners,pointsbet,sp,home,,,points,points-home-game-sp-home,game,pregame,2026-09-04 01:40:00+00:00,110,-1.5,2026-09-03 05:14:08.753231+00:00,2026-09-03 05:09:53.505000+00:00,1.0,MLB_SGO_MARKET_HISTORY.csv,110,-1.5,350061,110,-1.5,2026-09-03 05:13:56.618657+00:00,0,0.0,0.4761904761904761,0.4761904761904761,0.0,0.0,2,spread,seattle mariners,True,False,False,SGO,-1.5,SGO,1,False
mGLcc4O9ldEpTvlq2jEP,athletics,seattle mariners,pointsbet,ou,over,,,points,points-all-game-ou-over,game,pregame,2026-09-04 01:40:00+00:00,-105,7.5,2026-09-03 05:14:08.753140+00:00,2026-09-03 05:09:53.505000+00:00,1.0,MLB_SGO_MARKET_HISTORY.csv,-105,7.5,350037,-105,7.5,2026-09-03 05:13:56.618657+00:00,0,0.0,0.5121951219512195,0.5121951219512195,0.0,0.0,2,total,over,True,False,False,SGO,7.5,SGO,1,False
mGLcc4O9ldEpTvlq2jEP,athletics,seattle mariners,pointsbet,ou,under,,,points,points-all-game-ou-under,game,pregame,2026-09-04 01:40:00+00:00,-115,7.5,2026-09-03 05:14:08.753170+00:00,2026-09-03 05:09:53.505000+00:00,1.0,MLB_SGO_MARKET_HISTORY.csv,-115,7.5,350045,-115,7.5,2026-09-03 05:13:56.618657+00:00,0,0.0,0.5348837209302325,0.5348837209302325,0.0,0.0,2,total,under,True,False,False,SGO,7.5,SGO,1,False
mGLcc4O9ldEpTvlq2jEP,athletics,seattle mariners,unibet,ml,away,,,points,points-away-game-ml-away,game,pregame,2026-09-04 01:40:00+00:00,165,,2026-09-03 05:14:08.753075+00:00,2026-09-03 05:09:54.505000+00:00,1.0,MLB_SGO_MARKET_HISTORY.csv,165,,350020,165,,2026-09-03 05:13:56.618657+00:00,0,,0.3773584905660377,0.3773584905660377,0.0,0.0,2,moneyline,athletics,True,False,False,SGO,,SGO,1,False
mGLcc4O9ldEpTvlq2jEP,athletics,seattle mariners,unibet,ml,home,,,points,points-home-game-ml-home,game,pregame,2026-09-04 01:40:00+00:00,-200,,2026-09-03 05:14:08.753109+00:00,2026-09-03 05:09:54.505000+00:00,1.0,MLB_SGO_MARKET_HISTORY.csv,-200,,350029,-200,,2026-09-03 05:13:56.618657+00:00,0,,0.6666666666666666,0.6666666666666666,0.0,0.0,2,moneyline,seattle mariners,True,False,False,SGO,,SGO,1,False
mGLcc4O9ldEpTvlq2jEP,athletics,seattle mariners,unibet,sp,away,,,points,points-away-game-sp-away,game,pregame,2026-09-04 01:40:00+00:00,-130,1.5,2026-09-03 05:14:08.753223+00:00,2026-09-03 05:09:53.005000+00:00,1.0,MLB_SGO_MARKET_HISTORY.csv,-130,1.5,350059,-130,1.5,2026-09-03 05:13:56.618657+00:00,0,0.0,0.5652173913043478,0.5652173913043478,0.0,0.0,2,spread,athletics,True,False,False,SGO,1.5,SGO,1,False
mGLcc4O9ldEpTvlq2jEP,athletics,seattle mariners,unibet,sp,home,,,points,points-home-game-sp-home,game,pregame,2026-09-04 01:40:00+00:00,108,-1.5,2026-09-03 05:14:08.753253+00:00,2026-09-03 05:09:53.005000+00:00,1.0,MLB_SGO_MARKET_HISTORY.csv,108,-1.5,350067,108,-1.5,2026-09-03 05:13:56.618657+00:00,0,0.0,0.4807692307692308,0.4807692307692308,0.0,0.0,2,spread,seattle mariners,True,False,False,SGO,-1.5,SGO,1,False
mGLcc4O9ldEpTvlq2jEP,athletics,seattle mariners,unibet,ou,over,,,points,points-all-game-ou-over,game,pregame,2026-09-04 01:40:00+00:00,-105,7.5,2026-09-03 05:14:08.753162+00:00,2026-09-03 05:09:53.005000+00:00,1.0,MLB_SGO_MARKET_HISTORY.csv,-105,7.5,350043,-105,7.5,2026-09-03 05:13:56.618657+00:00,0,0.0,0.5121951219512195,0.5121951219512195,0.0,0.0,2,total,over,True,False,False,SGO,7.5,SGO,1,False
mGLcc4O9ldEpTvlq2jEP,athletics,seattle mariners,unibet,ou,under,,,points,points-all-game-ou-under,game,pregame,2026-09-04 01:40:00+00:00,-117,7.5,2026-09-03 05:14:08.753193+00:00,2026-09-03 05:09:53.005000+00:00,1.0,MLB_SGO_MARKET_HISTORY.csv,-117,7.5,350051,-117,7.5,2026-09-03 05:13:56.618657+00:00,0,0.0,0.5391705069124424,0.5391705069124424,0.0,0.0,2,total,under,True,False,False,SGO,7.5,SGO,1,False
mGLcc4O9ldEpTvlq2jEP,athletics,seattle mariners,williamhill,ml,away,,,points,points-away-game-ml-away,game,pregame,2026-09-04 01:40:00+00:00,160,,2026-09-03 05:14:08.753098+00:00,2026-09-03 05:09:43.505000+00:00,1.0,MLB_SGO_MARKET_HISTORY.csv,160,,350026,160,,2026-09-03 05:13:56.618657+00:00,0,,0.3846153846153846,0.3846153846153846,0.0,0.0,2,moneyline,athletics,True,False,False,SGO,,SGO,1,False
mGLcc4O9ldEpTvlq2jEP,athletics,seattle mariners,williamhill,ml,home,,,points,points-home-game-ml-home,game,pregame,2026-09-04 01:40:00+00:00,-200,,2026-09-03 05:14:08.753132+00:00,2026-09-03 05:09:43.505000+00:00,1.0,MLB_SGO_MARKET_HISTORY.csv,-200,,350035,-200,,2026-09-03 05:13:56.618657+00:00,0,,0.6666666666666666,0.6666666666666666,0.0,0.0,2,moneyline,seattle mariners,True,False,False,SGO,,SGO,1,False
a5c57f0a71bfbec1df5c314f86bb79cd,athletics,texas rangers,betmgm,h2h,Athletics,,,,,,pregame,2026-09-02 18:36:00+00:00,135,,2026-09-02 12:03:02.767951+00:00,2026-09-02 12:02:55+00:00,,MLB_ODDS_API_MARKET_HISTORY.csv,135,,6318,135,,2026-09-02 03:08:28.142880+00:00,0,,0.425531914893617,0.425531914893617,0.0,0.0,9,moneyline,athletics,True,False,False,ODDS_API,,"ODDS_API,SGO",2,True
a5c57f0a71bfbec1df5c314f86bb79cd,athletics,texas rangers,betmgm,h2h,Texas Rangers,,,,,,pregame,2026-09-02 18:36:00+00:00,-160,,2026-09-02 12:03:02.767951+00:00,2026-09-02 12:02:55+00:00,,MLB_ODDS_API_MARKET_HISTORY.csv,-160,,6319,-160,,2026-09-02 03:08:28.142888+00:00,0,,0.6153846153846154,0.6153846153846154,0.0,0.0,9,moneyline,texas rangers,True,False,False,ODDS_API,,"ODDS_API,SGO",2,True
a5c57f0a71bfbec1df5c314f86bb79cd,athletics,texas rangers,betmgm,spreads,Athletics,,,,,,pregame,2026-09-02 18:36:00+00:00,-165,1.5,2026-09-02 12:03:02.767951+00:00,2026-09-02 12:02:55+00:00,,MLB_ODDS_API_MARKET_HISTORY.csv,-165,1.5,6320,-165,1.5,2026-09-02 03:08:28.142897+00:00,0,0.0,0.6226415094339622,0.6226415094339622,0.0,0.0,9,spread,athletics,True,False,False,ODDS_API,1.5,"ODDS_API,SGO",2,True
a5c57f0a71bfbec1df5c314f86bb79cd,athletics,texas rangers,betmgm,spreads,Texas Rangers,,,,,,pregame,2026-09-02 18:36:00+00:00,135,-1.5,2026-09-02 12:03:02.767951+00:00,2026-09-02 12:02:55+00:00,,MLB_ODDS_API_MARKET_HISTORY.csv,135,-1.5,6321,135,-1.5,2026-09-02 03:08:28.142905+00:00,0,0.0,0.425531914893617,0.425531914893617,0.0,0.0,9,spread,texas rangers,True,False,False,ODDS_API,-1.5,"ODDS_API,SGO",2,True
a5c57f0a71bfbec1df5c314f86bb79cd,athletics,texas rangers,betmgm,totals,Over,,,,,,pregame,2026-09-02 18:36:00+00:00,-120,7.5,2026-09-02 12:03:02.767951+00:00,2026-09-02 12:02:55+00:00,,MLB_ODDS_API_MARKET_HISTORY.csv,-120,7.5,6322,100,8.0,2026-09-02 03:08:28.142913+00:00,-220,-0.5,0.5,0.5454545454545454,4.545454545454541,4.545454545454541,9,total,over,True,True,True,ODDS_API,7.5,"ODDS_API,SGO",2,True
a5c57f0a71bfbec1df5c314f86bb79cd,athletics,texas rangers,betmgm,totals,Under,,,,,,pregame,2026-09-02 18:36:00+00:00,100,7.5,2026-09-02 12:03:02.767951+00:00,2026-09-02 12:02:55+00:00,,MLB_ODDS_API_MARKET_HISTORY.csv,100,7.5,6323,-120,8.0,2026-09-02 03:08:28.142921+00:00,220,-0.5,0.5454545454545454,0.5,-4.545454545454541,4.545454545454541,9,total,under,True,True,True,ODDS_API,7.5,"ODDS_API,SGO",2,True
a5c57f0a71bfbec1df5c314f86bb79cd,athletics,texas rangers,betonlineag,h2h,Athletics,,,,,,pregame,2026-09-02 18:36:00+00:00,142,,2026-09-02 12:03:02.767951+00:00,2026-09-02 12:02:12+00:00,,MLB_ODDS_API_MARKET_HISTORY.csv,142,,6300,145,,2026-09-02 03:08:28.142730+00:00,-3,,0.4081632653061224,0.4132231404958678,0.5059875189745322,0.5059875189745322,9,moneyline,athletics,True,True,False,ODDS_API,,ODDS_API,1,False
a5c57f0a71bfbec1df5c314f86bb79cd,athletics,texas rangers,betonlineag,h2h,Texas Rangers,,,,,,pregame,2026-09-02 18:36:00+00:00,-157,,2026-09-02 12:03:02.767951+00:00,2026-09-02 12:02:12+00:00,,MLB_ODDS_API_MARKET_HISTORY.csv,-157,,6301,-160,,2026-09-02 03:08:28.142738+00:00,3,,0.6153846153846154,0.6108949416342413,-0.4489673750374123,0.4489673750374123,9,moneyline,texas rangers,True,True,False,ODDS_API,,ODDS_API,1,False
a5c57f0a71bfbec1df5c314f86bb79cd,athletics,texas rangers,betonlineag,spreads,Athletics,,,,,,pregame,2026-09-02 18:36:00+00:00,-155,1.5,2026-09-02 12:03:02.767951+00:00,2026-09-02 12:02:12+00:00,,MLB_ODDS_API_MARKET_HISTORY.csv,-155,1.5,6302,-155,1.5,2026-09-02 03:08:28.142746+00:00,0,0.0,0.6078431372549019,0.6078431372549019,0.0,0.0,9,spread,athletics,True,False,False,ODDS_API,1.5,ODDS_API,1,False
a5c57f0a71bfbec1df5c314f86bb79cd,athletics,texas rangers,betonlineag,spreads,Texas Rangers,,,,,,pregame,2026-09-02 18:36:00+00:00,135,-1.5,2026-09-02 12:03:02.767951+00:00,2026-09-02 12:02:12+00:00,,MLB_ODDS_API_MARKET_HISTORY.csv,135,-1.5,6303,135,-1.5,2026-09-02 03:08:28.142754+00:00,0,0.0,0.425531914893617,0.425531914893617,0.0,0.0,9,spread,texas rangers,True,False,False,ODDS_API,-1.5,ODDS_API,1,False
a5c57f0a71bfbec1df5c314f86bb79cd,athletics,texas rangers,betonlineag,totals,Over,,,,,,pregame,2026-09-02 18:36:00+00:00,-102,8.0,2026-09-02 12:03:02.767951+00:00,2026-09-02 12:02:12+00:00,,MLB_ODDS_API_MARKET_HISTORY.csv,-102,8.0,6304,100,8.0,2026-09-02 03:08:28.142762+00:00,-202,0.0,0.5,0.504950495049505,0.4950495049504955,0.4950495049504955,9,total,over,True,True,False,ODDS_API,8.0,ODDS_API,1,False
a5c57f0a71bfbec1df5c314f86bb79cd,athletics,texas rangers,betonlineag,totals,Under,,,,,,pregame,2026-09-02 18:36:00+00:00,-118,8.0,2026-09-02 12:03:02.767951+00:00,2026-09-02 12:02:12+00:00,,MLB_ODDS_API_MARKET_HISTORY.csv,-118,8.0,6305,-120,8.0,2026-09-02 03:08:28.142771+00:00,2,0.0,0.5454545454545454,0.5412844036697247,-0.4170141784820669,0.4170141784820669,9,total,under,True,True,False,ODDS_API,8.0,ODDS_API,1,False
a5c57f0a71bfbec1df5c314f86bb79cd,athletics,texas rangers,betrivers,h2h,Athletics,,,,,,pregame,2026-09-02 18:36:00+00:00,123,,2026-09-02 12:03:02.767951+00:00,2026-09-02 12:02:55+00:00,,MLB_ODDS_API_MARKET_HISTORY.csv,123,,6330,128,,2026-09-02 03:08:28.142978+00:00,-5,,0.4385964912280701,0.4484304932735426,0.9834002045472467,0.9834002045472467,9,moneyline,athletics,True,True,False,ODDS_API,,ODDS_API,1,False
a5c57f0a71bfbec1df5c314f86bb79cd,athletics,texas rangers,betrivers,h2h,Texas Rangers,,,,,,pregame,2026-09-02 18:36:00+00:00,-148,,2026-09-02 12:03:02.767951+00:00,2026-09-02 12:02:55+00:00,,MLB_ODDS_API_MARKET_HISTORY.csv,-148,,6331,-152,,2026-09-02 03:08:28.142986+00:00,4,,0.6031746031746031,0.5967741935483871,-0.6400409626216019,0.6400409626216019,9,moneyline,texas rangers,True,True,False,ODDS_API,,ODDS_API,1,False
a5c57f0a71bfbec1df5c314f86bb79cd,athletics,texas rangers,betrivers,spreads,Athletics,,,,,,pregame,2026-09-02 18:36:00+00:00,-175,1.5,2026-09-02 12:03:02.767951+00:00,2026-09-02 12:02:55+00:00,,MLB_ODDS_API_MARKET_HISTORY.csv,-175,1.5,6332,-175,1.5,2026-09-02 03:08:28.142994+00:00,0,0.0,0.6363636363636364,0.6363636363636364,0.0,0.0,9,spread,athletics,True,False,False,ODDS_API,1.5,ODDS_API,1,False
a5c57f0a71bfbec1df5c314f86bb79cd,athletics,texas rangers,betrivers,spreads,Texas Rangers,,,,,,pregame,2026-09-02 18:36:00+00:00,138,-1.5,2026-09-02 12:03:02.767951+00:00,2026-09-02 12:02:55+00:00,,MLB_ODDS_API_MARKET_HISTORY.csv,138,-1.5,6333,138,-1.5,2026-09-02 03:08:28.143003+00:00,0,0.0,0.4201680672268907,0.4201680672268907,0.0,0.0,9,spread,texas rangers,True,False,False,ODDS_API,-1.5,ODDS_API,1,False
a5c57f0a71bfbec1df5c314f86bb79cd,athletics,texas rangers,betrivers,totals,Over,,,,,,pregame,2026-09-02 18:36:00+00:00,-115,7.5,2026-09-02 12:03:02.767951+00:00,2026-09-02 12:02:55+00:00,,MLB_ODDS_API_MARKET_HISTORY.csv,-115,7.5,6334,-110,7.5,2026-09-02 03:08:28.143011+00:00,-5,0.0,0.5238095238095238,0.5348837209302325,1.107419712070867,1.107419712070867,9,total,over,True,True,False,ODDS_API,7.5,ODDS_API,1,False
a5c57f0a71bfbec1df5c314f86bb79cd,athletics,texas rangers,betrivers,totals,Under,,,,,,pregame,2026-09-02 18:36:00+00:00,-106,7.5,2026-09-02 12:03:02.767951+00:00,2026-09-02 12:02:55+00:00,,MLB_ODDS_API_MARKET_HISTORY.csv,-106,7.5,6335,-110,7.5,2026-09-02 03:08:28.143019+00:00,4,0.0,0.5238095238095238,0.5145631067961165,-0.9246417013407338,0.9246417013407338,9,total,under,True,True,False,ODDS_API,7.5,ODDS_API,1,False
a5c57f0a71bfbec1df5c314f86bb79cd,athletics,texas rangers,betus,h2h,Athletics,,,,,,pregame,2026-09-02 18:36:00+00:00,140,,2026-09-02 12:03:02.767951+00:00,2026-09-02 12:02:54+00:00,,MLB_ODDS_API_MARKET_HISTORY.csv,140,,6336,142,,2026-09-02 03:08:28.143027+00:00,-2,,0.4132231404958678,0.4166666666666667,0.3443526170798905,0.3443526170798905,9,moneyline,athletics,True,True,False,ODDS_API,,ODDS_API,1,False
a5c57f0a71bfbec1df5c314f86bb79cd,athletics,texas rangers,betus,h2h,Texas Rangers,,,,,,pregame,2026-09-02 18:36:00+00:00,-157,,2026-09-02 12:03:02.767951+00:00,2026-09-02 12:02:54+00:00,,MLB_ODDS_API_MARKET_HISTORY.csv,-157,,6337,-160,,2026-09-02 03:08:28.143035+00:00,3,,0.6153846153846154,0.6108949416342413,-0.4489673750374123,0.4489673750374123,9,moneyline,texas rangers,True,True,False,ODDS_API,,ODDS_API,1,False
a5c57f0a71bfbec1df5c314f86bb79cd,athletics,texas rangers,betus,spreads,Athletics,,,,,,pregame,2026-09-02 18:36:00+00:00,-155,1.5,2026-09-02 12:03:02.767951+00:00,2026-09-02 12:02:54+00:00,,MLB_ODDS_API_MARKET_HISTORY.csv,-155,1.5,6338,-155,1.5,2026-09-02 03:08:28.143043+00:00,0,0.0,0.6078431372549019,0.6078431372549019,0.0,0.0,9,spread,athletics,True,False,False,ODDS_API,1.5,ODDS_API,1,False
a5c57f0a71bfbec1df5c314f86bb79cd,athletics,texas rangers,betus,spreads,Texas Rangers,,,,,,pregame,2026-09-02 18:36:00+00:00,135,-1.5,2026-09-02 12:03:02.767951+00:00,2026-09-02 12:02:54+00:00,,MLB_ODDS_API_MARKET_HISTORY.csv,135,-1.5,6339,135,-1.5,2026-09-02 03:08:28.143052+00:00,0,0.0,0.425531914893617,0.425531914893617,0.0,0.0,9,spread,texas rangers,True,False,False,ODDS_API,-1.5,ODDS_API,1,False
a5c57f0a71bfbec1df5c314f86bb79cd,athletics,texas rangers,betus,totals,Over,,,,,,pregame,2026-09-02 18:36:00+00:00,-102,8.0,2026-09-02 12:03:02.767951+00:00,2026-09-02 12:02:54+00:00,,MLB_ODDS_API_MARKET_HISTORY.csv,-102,8.0,6340,100,8.0,2026-09-02 03:08:28.143060+00:00,-202,0.0,0.5,0.504950495049505,0.4950495049504955,0.4950495049504955,9,total,over,True,True,False,ODDS_API,8.0,ODDS_API,1,False
a5c57f0a71bfbec1df5c314f86bb79cd,athletics,texas rangers,betus,totals,Under,,,,,,pregame,2026-09-02 18:36:00+00:00,-118,8.0,2026-09-02 12:03:02.767951+00:00,2026-09-02 12:02:54+00:00,,MLB_ODDS_API_MARKET_HISTORY.csv,-118,8.0,6341,-120,8.0,2026-09-02 03:08:28.143068+00:00,2,0.0,0.5454545454545454,0.5412844036697247,-0.4170141784820669,0.4170141784820669,9,total,under,True,True,False,ODDS_API,8.0,ODDS_API,1,False
a5c57f0a71bfbec1df5c314f86bb79cd,athletics,texas rangers,bovada,h2h,Athletics,,,,,,pregame,2026-09-02 18:36:00+00:00,134,,2026-09-02 12:03:02.767951+00:00,2026-09-02 12:01:49+00:00,,MLB_ODDS_API_MARKET_HISTORY.csv,134,,6324,130,,2026-09-02 03:08:28.142929+00:00,4,,0.4347826086956521,0.4273504273504273,-0.7432181345224831,0.7432181345224831,9,moneyline,athletics,True,True,False,ODDS_API,,"ODDS_API,SGO",2,True
a5c57f0a71bfbec1df5c314f86bb79cd,athletics,texas rangers,bovada,h2h,Texas Rangers,,,,,,pregame,2026-09-02 18:36:00+00:00,-160,,2026-09-02 12:03:02.767951+00:00,2026-09-02 12:01:49+00:00,,MLB_ODDS_API_MARKET_HISTORY.csv,-160,,6325,-155,,2026-09-02 03:08:28.142938+00:00,-5,,0.6078431372549019,0.6153846153846154,0.7541478129713508,0.7541478129713508,9,moneyline,texas rangers,True,True,False,ODDS_API,,"ODDS_API,SGO",2,True
a5c57f0a71bfbec1df5c314f86bb79cd,athletics,texas rangers,bovada,spreads,Athletics,,,,,,pregame,2026-09-02 18:36:00+00:00,-160,1.5,2026-09-02 12:03:02.767951+00:00,2026-09-02 12:01:49+00:00,,MLB_ODDS_API_MARKET_HISTORY.csv,-160,1.5,6326,-175,1.5,2026-09-02 03:08:28.142946+00:00,15,0.0,0.6363636363636364,0.6153846153846154,-2.097902097902093,2.097902097902093,9,spread,athletics,True,True,False,ODDS_API,1.5,"ODDS_API,SGO",2,True
a5c57f0a71bfbec1df5c314f86bb79cd,athletics,texas rangers,bovada,spreads,Texas Rangers,,,,,,pregame,2026-09-02 18:36:00+00:00,135,-1.5,2026-09-02 12:03:02.767951+00:00,2026-09-02 12:01:49+00:00,,MLB_ODDS_API_MARKET_HISTORY.csv,135,-1.5,6327,150,-1.5,2026-09-02 03:08:28.142954+00:00,-15,0.0,0.4,0.425531914893617,2.5531914893617005,2.5531914893617005,9,spread,texas rangers,True,True,False,ODDS_API,-1.5,"ODDS_API,SGO",2,True
CH6ahp3x586JX4aAXjOd,athletics,texas rangers,bovada,ou,over,,,points,points-away-game-ou-over,game,pregame,2026-09-02 18:35:00+00:00,100,3.5,2026-09-02 12:03:02.122557+00:00,2026-09-02 12:01:28.767000+00:00,1.0,MLB_SGO_MARKET_HISTORY.csv,100,3.5,285907,100,3.5,2026-09-02 03:08:27.478316+00:00,0,0.0,0.5,0.5,0.0,0.0,9,total,over,True,False,False,SGO,3.5,SGO,1,False
CH6ahp3x586JX4aAXjOd,athletics,texas rangers,bovada,ou,over,,,points,points-home-game-ou-over,game,pregame,2026-09-02 18:35:00+00:00,110,4.5,2026-09-02 12:03:02.122557+00:00,2026-09-02 12:01:28.767000+00:00,1.0,MLB_SGO_MARKET_HISTORY.csv,110,4.5,285928,110,4.5,2026-09-02 03:08:27.478357+00:00,0,0.0,0.4761904761904761,0.4761904761904761,0.0,0.0,9,total,over,True,False,False,SGO,4.5,SGO,1,False
a5c57f0a71bfbec1df5c314f86bb79cd,athletics,texas rangers,bovada,totals,Over,,,,,,pregame,2026-09-02 18:36:00+00:00,100,8.0,2026-09-02 12:03:02.767951+00:00,2026-09-02 12:01:49+00:00,,MLB_ODDS_API_MARKET_HISTORY.csv,100,8.0,6328,-120,7.5,2026-09-02 03:08:28.142962+00:00,220,0.5,0.5454545454545454,0.5,-4.545454545454541,4.545454545454541,9,total,over,True,True,True,ODDS_API,8.0,"ODDS_API,SGO",2,True
CH6ahp3x586JX4aAXjOd,athletics,texas rangers,bovada,ou,under,,,points,points-away-game-ou-under,game,pregame,2026-09-02 18:35:00+00:00,-130,3.5,2026-09-02 12:03:02.122557+00:00,2026-09-02 12:01:28.767000+00:00,1.0,MLB_SGO_MARKET_HISTORY.csv,-130,3.5,285912,-130,3.5,2026-09-02 03:08:27.478327+00:00,0,0.0,0.5652173913043478,0.5652173913043478,0.0,0.0,9,total,under,True,False,False,SGO,3.5,SGO,1,False
CH6ahp3x586JX4aAXjOd,athletics,texas rangers,bovada,ou,under,,,points,points-home-game-ou-under,game,pregame,2026-09-02 18:35:00+00:00,-145,4.5,2026-09-02 12:03:02.122557+00:00,2026-09-02 12:01:28.767000+00:00,1.0,MLB_SGO_MARKET_HISTORY.csv,-145,4.5,285933,-145,4.5,2026-09-02 03:08:27.478368+00:00,0,0.0,0.5918367346938775,0.5918367346938775,0.0,0.0,9,total,under,True,False,False,SGO,4.5,SGO,1,False
a5c57f0a71bfbec1df5c314f86bb79cd,athletics,texas rangers,bovada,totals,Under,,,,,,pregame,2026-09-02 18:36:00+00:00,-120,8.0,2026-09-02 12:03:02.767951+00:00,2026-09-02 12:01:49+00:00,,MLB_ODDS_API_MARKET_HISTORY.csv,-120,8.0,6329,100,7.5,2026-09-02 03:08:28.142970+00:00,-220,0.5,0.5,0.5454545454545454,4.545454545454541,4.545454545454541,9,total,under,True,True,True,ODDS_API,8.0,"ODDS_API,SGO",2,True
CH6ahp3x586JX4aAXjOd,athletics,texas rangers,caesars,ml,away,,,points,points-away-game-ml-away,game,pregame,2026-09-02 18:35:00+00:00,147,,2026-09-02 12:03:02.122557+00:00,2026-09-02 11:58:40.772000+00:00,1.0,MLB_SGO_MARKET_HISTORY.csv,147,,285831,147,,2026-09-02 03:08:27.478135+00:00,0,,0.4048582995951417,0.4048582995951417,0.0,0.0,9,moneyline,athletics,True,False,False,SGO,,SGO,1,False
CH6ahp3x586JX4aAXjOd,athletics,texas rangers,caesars,ml,home,,,points,points-home-game-ml-home,game,pregame,2026-09-02 18:35:00+00:00,-157,,2026-09-02 12:03:02.122557+00:00,2026-09-02 11:58:40.772000+00:00,1.0,MLB_SGO_MARKET_HISTORY.csv,-157,,285840,-157,,2026-09-02 03:08:27.478159+00:00,0,,0.6108949416342413,0.6108949416342413,0.0,0.0,9,moneyline,texas rangers,True,False,False,SGO,,SGO,1,False
CH6ahp3x586JX4aAXjOd,athletics,texas rangers,caesars,sp,away,,,points,points-away-game-sp-away,game,pregame,2026-09-02 18:35:00+00:00,-160,1.5,2026-09-02 12:03:02.122557+00:00,2026-09-02 11:58:40.772000+00:00,1.0,MLB_SGO_MARKET_HISTORY.csv,-160,1.5,285867,-160,1.5,2026-09-02 03:08:27.478232+00:00,0,0.0,0.6153846153846154,0.6153846153846154,0.0,0.0,9,spread,athletics,True,False,False,SGO,1.5,SGO,1,False
CH6ahp3x586JX4aAXjOd,athletics,texas rangers,caesars,sp,home,,,points,points-home-game-sp-home,game,pregame,2026-09-02 18:35:00+00:00,135,-1.5,2026-09-02 12:03:02.122557+00:00,2026-09-02 11:58:40.772000+00:00,1.0,MLB_SGO_MARKET_HISTORY.csv,135,-1.5,285875,135,-1.5,2026-09-02 03:08:27.478254+00:00,0,0.0,0.425531914893617,0.425531914893617,0.0,0.0,9,spread,texas rangers,True,False,False,SGO,-1.5,SGO,1,False
CH6ahp3x586JX4aAXjOd,athletics,texas rangers,caesars,ou,over,,,points,points-away-game-ou-over,game,pregame,2026-09-02 18:35:00+00:00,100,3.5,2026-09-02 12:03:02.122557+00:00,2026-09-02 12:01:13.267000+00:00,1.0,MLB_SGO_MARKET_HISTORY.csv,100,3.5,285904,100,3.5,2026-09-02 03:08:27.478308+00:00,0,0.0,0.5,0.5,0.0,0.0,9,total,over,True,False,False,SGO,3.5,SGO,1,False
CH6ahp3x586JX4aAXjOd,athletics,texas rangers,caesars,ou,over,,,points,points-home-game-ou-over,game,pregame,2026-09-02 18:35:00+00:00,110,4.5,2026-09-02 12:03:02.122557+00:00,2026-09-02 12:01:13.267000+00:00,1.0,MLB_SGO_MARKET_HISTORY.csv,110,4.5,285925,110,4.5,2026-09-02 03:08:27.478349+00:00,0,0.0,0.4761904761904761,0.4761904761904761,0.0,0.0,9,total,over,True,False,False,SGO,4.5,SGO,1,False
CH6ahp3x586JX4aAXjOd,athletics,texas rangers,caesars,ou,over,,,points,points-all-game-ou-over,game,pregame,2026-09-02 18:35:00+00:00,-115,7.5,2026-09-02 12:03:02.122557+00:00,2026-09-02 02:48:49.023000+00:00,0.0,MLB_SGO_MARKET_HISTORY.csv,-115,7.5,285848,-115,7.5,2026-09-02 03:08:27.478181+00:00,0,0.0,0.5348837209302325,0.5348837209302325,0.0,0.0,9,total,over,True,False,False,SGO,7.5,SGO,1,False
CH6ahp3x586JX4aAXjOd,athletics,texas rangers,caesars,ou,under,,,points,points-away-game-ou-under,game,pregame,2026-09-02 18:35:00+00:00,-133,3.5,2026-09-02 12:03:02.122557+00:00,2026-09-02 12:01:13.267000+00:00,1.0,MLB_SGO_MARKET_HISTORY.csv,-133,3.5,285909,-133,3.5,2026-09-02 03:08:27.478319+00:00,0,0.0,0.5708154506437768,0.5708154506437768,0.0,0.0,9,total,under,True,False,False,SGO,3.5,SGO,1,False
CH6ahp3x586JX4aAXjOd,athletics,texas rangers,caesars,ou,under,,,points,points-home-game-ou-under,game,pregame,2026-09-02 18:35:00+00:00,-143,4.5,2026-09-02 12:03:02.122557+00:00,2026-09-02 12:01:13.267000+00:00,1.0,MLB_SGO_MARKET_HISTORY.csv,-143,4.5,285930,-143,4.5,2026-09-02 03:08:27.478359+00:00,0,0.0,0.588477366255144,0.588477366255144,0.0,0.0,9,total,under,True,False,False,SGO,4.5,SGO,1,False
CH6ahp3x586JX4aAXjOd,athletics,texas rangers,caesars,ou,under,,,points,points-all-game-ou-under,game,pregame,2026-09-02 18:35:00+00:00,-105,7.5,2026-09-02 12:03:02.122557+00:00,2026-09-02 02:48:49.023000+00:00,0.0,MLB_SGO_MARKET_HISTORY.csv,-105,7.5,285856,-105,7.5,2026-09-02 03:08:27.478203+00:00,0,0.0,0.5121951219512195,0.5121951219512195,0.0,0.0,9,total,under,True,False,False,SGO,7.5,SGO,1,False
a5c57f0a71bfbec1df5c314f86bb79cd,athletics,texas rangers,draftkings,h2h,Athletics,,,,,,pregame,2026-09-02 18:36:00+00:00,136,,2026-09-02 12:03:02.767951+00:00,2026-09-02 12:02:54+00:00,,MLB_ODDS_API_MARKET_HISTORY.csv,136,,6312,138,,2026-09-02 03:08:28.142831+00:00,-2,,0.4201680672268907,0.423728813559322,0.3560746332431252,0.3560746332431252,9,moneyline,athletics,True,True,False,ODDS_API,,"ODDS_API,SGO",2,True
a5c57f0a71bfbec1df5c314f86bb79cd,athletics,texas rangers,draftkings,h2h,Texas Rangers,,,,,,pregame,2026-09-02 18:36:00+00:00,-164,,2026-09-02 12:03:02.767951+00:00,2026-09-02 12:02:54+00:00,,MLB_ODDS_API_MARKET_HISTORY.csv,-164,,6313,-167,,2026-09-02 03:08:28.142839+00:00,3,,0.6254681647940075,0.6212121212121212,-0.4256043581886248,0.4256043581886248,9,moneyline,texas rangers,True,True,False,ODDS_API,,"ODDS_API,SGO",2,True
a5c57f0a71bfbec1df5c314f86bb79cd,athletics,texas rangers,draftkings,spreads,Athletics,,,,,,pregame,2026-09-02 18:36:00+00:00,-157,1.5,2026-09-02 12:03:02.767951+00:00,2026-09-02 12:02:54+00:00,,MLB_ODDS_API_MARKET_HISTORY.csv,-157,1.5,6314,-157,1.5,2026-09-02 03:08:28.142848+00:00,0,0.0,0.6108949416342413,0.6108949416342413,0.0,0.0,9,spread,athletics,True,False,False,ODDS_API,1.5,"ODDS_API,SGO",2,True
a5c57f0a71bfbec1df5c314f86bb79cd,athletics,texas rangers,draftkings,spreads,Texas Rangers,,,,,,pregame,2026-09-02 18:36:00+00:00,130,-1.5,2026-09-02 12:03:02.767951+00:00,2026-09-02 12:02:54+00:00,,MLB_ODDS_API_MARKET_HISTORY.csv,130,-1.5,6315,130,-1.5,2026-09-02 03:08:28.142856+00:00,0,0.0,0.4347826086956521,0.4347826086956521,0.0,0.0,9,spread,texas rangers,True,False,False,ODDS_API,-1.5,"ODDS_API,SGO",2,True
CH6ahp3x586JX4aAXjOd,athletics,texas rangers,draftkings,ou,over,,,points,points-away-game-ou-over,game,pregame,2026-09-02 18:35:00+00:00,-105,3.5,2026-09-02 12:03:02.122557+00:00,2026-09-02 11:59:21.819000+00:00,1.0,MLB_SGO_MARKET_HISTORY.csv,-105,3.5,285908,-105,3.5,2026-09-02 08:15:43.454797+00:00,0,0.0,0.5121951219512195,0.5121951219512195,0.0,0.0,8,total,over,True,False,False,SGO,3.5,SGO,1,False
CH6ahp3x586JX4aAXjOd,athletics,texas rangers,draftkings,ou,over,,,points,points-home-game-ou-over,game,pregame,2026-09-02 18:35:00+00:00,110,4.5,2026-09-02 12:03:02.122557+00:00,2026-09-02 11:59:21.819000+00:00,1.0,MLB_SGO_MARKET_HISTORY.csv,110,4.5,285929,110,4.5,2026-09-02 08:15:43.454797+00:00,0,0.0,0.4761904761904761,0.4761904761904761,0.0,0.0,8,total,over,True,False,False,SGO,4.5,SGO,1,False
a5c57f0a71bfbec1df5c314f86bb79cd,athletics,texas rangers,draftkings,totals,Over,,,,,,pregame,2026-09-02 18:36:00+00:00,-102,8.0,2026-09-02 12:03:02.767951+00:00,2026-09-02 12:02:54+00:00,,MLB_ODDS_API_MARKET_HISTORY.csv,-102,8.0,6316,-118,7.5,2026-09-02 03:08:28.142864+00:00,16,0.5,0.5412844036697247,0.504950495049505,-3.633390862021979,3.633390862021979,9,total,over,True,True,True,ODDS_API,8.0,"ODDS_API,SGO",2,True
CH6ahp3x586JX4aAXjOd,athletics,texas rangers,draftkings,ou,under,,,points,points-away-game-ou-under,game,pregame,2026-09-02 18:35:00+00:00,-125,3.5,2026-09-02 12:03:02.122557+00:00,2026-09-02 11:59:21.819000+00:00,1.0,MLB_SGO_MARKET_HISTORY.csv,-125,3.5,285913,-125,3.5,2026-09-02 08:15:43.454797+00:00,0,0.0,0.5555555555555556,0.5555555555555556,0.0,0.0,8,total,under,True,False,False,SGO,3.5,SGO,1,False
CH6ahp3x586JX4aAXjOd,athletics,texas rangers,draftkings,ou,under,,,points,points-home-game-ou-under,game,pregame,2026-09-02 18:35:00+00:00,-140,4.5,2026-09-02 12:03:02.122557+00:00,2026-09-02 11:59:21.819000+00:00,1.0,MLB_SGO_MARKET_HISTORY.csv,-140,4.5,285934,-140,4.5,2026-09-02 08:15:43.454797+00:00,0,0.0,0.5833333333333334,0.5833333333333334,0.0,0.0,8,total,under,True,False,False,SGO,4.5,SGO,1,False
a5c57f0a71bfbec1df5c314f86bb79cd,athletics,texas rangers,draftkings,totals,Under,,,,,,pregame,2026-09-02 18:36:00+00:00,-118,8.0,2026-09-02 12:03:02.767951+00:00,2026-09-02 12:02:54+00:00,,MLB_ODDS_API_MARKET_HISTORY.csv,-118,8.0,6317,-102,7.5,2026-09-02 03:08:28.142872+00:00,-16,0.5,0.504950495049505,0.5412844036697247,3.633390862021979,3.633390862021979,9,total,under,True,True,True,ODDS_API,8.0,"ODDS_API,SGO",2,True
CH6ahp3x586JX4aAXjOd,athletics,texas rangers,espnbet,ml,away,,,points,points-away-game-ml-away,game,pregame,2026-09-02 18:35:00+00:00,143,,2026-09-02 12:03:02.122557+00:00,2026-09-02 11:59:13.272000+00:00,1.0,MLB_SGO_MARKET_HISTORY.csv,143,,285832,140,,2026-09-02 03:08:27.478137+00:00,3,,0.4166666666666667,0.411522633744856,-0.5144032921810704,0.5144032921810704,9,moneyline,athletics,True,True,False,SGO,,SGO,1,False
CH6ahp3x586JX4aAXjOd,athletics,texas rangers,espnbet,ml,home,,,points,points-home-game-ml-home,game,pregame,2026-09-02 18:35:00+00:00,-162,,2026-09-02 12:03:02.122557+00:00,2026-09-02 11:59:13.272000+00:00,1.0,MLB_SGO_MARKET_HISTORY.csv,-162,,285841,-165,,2026-09-02 03:08:27.478162+00:00,3,,0.6226415094339622,0.6183206106870229,-0.4320898746939305,0.4320898746939305,9,moneyline,texas rangers,True,True,False,SGO,,SGO,1,False
CH6ahp3x586JX4aAXjOd,athletics,texas rangers,espnbet,sp,away,,,points,points-away-game-sp-away,game,pregame,2026-09-02 18:35:00+00:00,-160,1.5,2026-09-02 12:03:02.122557+00:00,2026-09-02 11:59:13.272000+00:00,1.0,MLB_SGO_MARKET_HISTORY.csv,-160,1.5,285863,-165,1.5,2026-09-02 03:08:27.478222+00:00,5,0.0,0.6226415094339622,0.6153846153846154,-0.7256894049346818,0.7256894049346818,9,spread,athletics,True,True,False,SGO,1.5,SGO,1,False
CH6ahp3x586JX4aAXjOd,athletics,texas rangers,espnbet,sp,home,,,points,points-home-game-sp-home,game,pregame,2026-09-02 18:35:00+00:00,135,-1.5,2026-09-02 12:03:02.122557+00:00,2026-09-02 11:59:13.272000+00:00,1.0,MLB_SGO_MARKET_HISTORY.csv,135,-1.5,285871,140,-1.5,2026-09-02 03:08:27.478243+00:00,-5,0.0,0.4166666666666667,0.425531914893617,0.886524822695034,0.886524822695034,9,spread,texas rangers,True,True,False,SGO,-1.5,SGO,1,False
CH6ahp3x586JX4aAXjOd,athletics,texas rangers,espnbet,ou,over,,,points,points-home-game-ou-over,game,pregame,2026-09-02 18:35:00+00:00,-800,1.5,2026-09-02 12:03:02.122557+00:00,2026-09-02 03:22:00.868000+00:00,0.0,MLB_SGO_MARKET_HISTORY.csv,-800,1.5,285927,-800,1.5,2026-09-02 03:08:27.478354+00:00,0,0.0,0.8888888888888888,0.8888888888888888,0.0,0.0,9,total,over,True,False,False,SGO,1.5,SGO,1,False
CH6ahp3x586JX4aAXjOd,athletics,texas rangers,espnbet,ou,over,,,points,points-away-game-ou-over,game,pregame,2026-09-02 18:35:00+00:00,475,6.5,2026-09-02 12:03:02.122557+00:00,2026-09-02 06:38:58.428000+00:00,0.0,MLB_SGO_MARKET_HISTORY.csv,475,6.5,285906,475,6.5,2026-09-02 03:08:27.478314+00:00,0,0.0,0.1739130434782608,0.1739130434782608,0.0,0.0,9,total,over,True,False,False,SGO,6.5,SGO,1,False
CH6ahp3x586JX4aAXjOd,athletics,texas rangers,espnbet,ou,over,,,points,points-all-game-ou-over,game,pregame,2026-09-02 18:35:00+00:00,-120,7.5,2026-09-02 12:03:02.122557+00:00,2026-09-02 11:59:13.272000+00:00,1.0,MLB_SGO_MARKET_HISTORY.csv,-120,7.5,285849,-115,7.5,2026-09-02 03:08:27.478183+00:00,-5,0.0,0.5348837209302325,0.5454545454545454,1.0570824524312905,1.0570824524312905,9,total,over,True,True,False,SGO,7.5,SGO,1,False
CH6ahp3x586JX4aAXjOd,athletics,texas rangers,espnbet,ou,under,,,points,points-home-game-ou-under,game,pregame,2026-09-02 18:35:00+00:00,475,1.5,2026-09-02 12:03:02.122557+00:00,2026-09-02 03:22:00.868000+00:00,0.0,MLB_SGO_MARKET_HISTORY.csv,475,1.5,285932,475,1.5,2026-09-02 03:08:27.478365+00:00,0,0.0,0.1739130434782608,0.1739130434782608,0.0,0.0,9,total,under,True,False,False,SGO,1.5,SGO,1,False
CH6ahp3x586JX4aAXjOd,athletics,texas rangers,espnbet,ou,under,,,points,points-away-game-ou-under,game,pregame,2026-09-02 18:35:00+00:00,-800,6.5,2026-09-02 12:03:02.122557+00:00,2026-09-02 06:38:58.428000+00:00,0.0,MLB_SGO_MARKET_HISTORY.csv,-800,6.5,285911,-800,6.5,2026-09-02 03:08:27.478324+00:00,0,0.0,0.8888888888888888,0.8888888888888888,0.0,0.0,9,total,under,True,False,False,SGO,6.5,SGO,1,False
CH6ahp3x586JX4aAXjOd,athletics,texas rangers,espnbet,ou,under,,,points,points-all-game-ou-under,game,pregame,2026-09-02 18:35:00+00:00,100,7.5,2026-09-02 12:03:02.122557+00:00,2026-09-02 11:59:13.272000+00:00,1.0,MLB_SGO_MARKET_HISTORY.csv,100,7.5,285857,-105,7.5,2026-09-02 03:08:27.478205+00:00,205,0.0,0.5121951219512195,0.5,-1.2195121951219523,1.2195121951219523,9,total,under,True,True,False,SGO,7.5,SGO,1,False
a5c57f0a71bfbec1df5c314f86bb79cd,athletics,texas rangers,fanduel,h2h,Athletics,,,,,,pregame,2026-09-02 18:36:00+00:00,136,,2026-09-02 12:03:02.767951+00:00,2026-09-02 12:02:37+00:00,,MLB_ODDS_API_MARKET_HISTORY.csv,136,,6288,130,,2026-09-02 03:08:28.142632+00:00,6,,0.4347826086956521,0.423728813559322,-1.105379513633015,1.105379513633015,9,moneyline,athletics,True,True,False,ODDS_API,,"ODDS_API,SGO",2,True
a5c57f0a71bfbec1df5c314f86bb79cd,athletics,texas rangers,fanduel,h2h,Texas Rangers,,,,,,pregame,2026-09-02 18:36:00+00:00,-162,,2026-09-02 12:03:02.767951+00:00,2026-09-02 12:02:37+00:00,,MLB_ODDS_API_MARKET_HISTORY.csv,-162,,6289,-154,,2026-09-02 03:08:28.142640+00:00,-8,,0.6062992125984252,0.6183206106870229,1.20213980885977,1.20213980885977,9,moneyline,texas rangers,True,True,False,ODDS_API,,"ODDS_API,SGO",2,True
a5c57f0a71bfbec1df5c314f86bb79cd,athletics,texas rangers,fanduel,spreads,Athletics,,,,,,pregame,2026-09-02 18:36:00+00:00,-160,1.5,2026-09-02 12:03:02.767951+00:00,2026-09-02 12:02:37+00:00,,MLB_ODDS_API_MARKET_HISTORY.csv,-160,1.5,6290,-178,1.5,2026-09-02 03:08:28.142648+00:00,18,0.0,0.6402877697841727,0.6153846153846154,-2.490315439955726,2.490315439955726,9,spread,athletics,True,True,False,ODDS_API,1.5,"ODDS_API,SGO",2,True
a5c57f0a71bfbec1df5c314f86bb79cd,athletics,texas rangers,fanduel,spreads,Texas Rangers,,,,,,pregame,2026-09-02 18:36:00+00:00,132,-1.5,2026-09-02 12:03:02.767951+00:00,2026-09-02 12:02:37+00:00,,MLB_ODDS_API_MARKET_HISTORY.csv,132,-1.5,6291,146,-1.5,2026-09-02 03:08:28.142656+00:00,-14,0.0,0.4065040650406504,0.4310344827586206,2.4530417717970265,2.4530417717970265,9,spread,texas rangers,True,True,False,ODDS_API,-1.5,"ODDS_API,SGO",2,True
CH6ahp3x586JX4aAXjOd,athletics,texas rangers,fanduel,ou,over,,,points,points-away-game-ou-over,game,pregame,2026-09-02 18:35:00+00:00,-102,3.5,2026-09-02 12:03:02.122557+00:00,2026-09-02 11:59:36.693000+00:00,1.0,MLB_SGO_MARKET_HISTORY.csv,-102,3.5,285905,-111,3.5,2026-09-02 03:08:27.478311+00:00,9,0.0,0.5260663507109005,0.504950495049505,-2.111585566139551,2.111585566139551,9,total,over,True,True,False,SGO,3.5,SGO,1,False
CH6ahp3x586JX4aAXjOd,athletics,texas rangers,fanduel,ou,over,,,points,points-home-game-ou-over,game,pregame,2026-09-02 18:35:00+00:00,118,4.5,2026-09-02 12:03:02.122557+00:00,2026-09-02 11:59:36.693000+00:00,1.0,MLB_SGO_MARKET_HISTORY.csv,118,4.5,285926,118,4.5,2026-09-02 03:08:27.478351+00:00,0,0.0,0.4587155963302752,0.4587155963302752,0.0,0.0,9,total,over,True,False,False,SGO,4.5,SGO,1,False
a5c57f0a71bfbec1df5c314f86bb79cd,athletics,texas rangers,fanduel,totals,Over,,,,,,pregame,2026-09-02 18:36:00+00:00,-120,7.5,2026-09-02 12:03:02.767951+00:00,2026-09-02 12:02:37+00:00,,MLB_ODDS_API_MARKET_HISTORY.csv,-120,7.5,6292,-102,8.0,2026-09-02 03:08:28.142665+00:00,-18,-0.5,0.504950495049505,0.5454545454545454,4.050405040504046,4.050405040504046,9,total,over,True,True,True,ODDS_API,7.5,"ODDS_API,SGO",2,True
CH6ahp3x586JX4aAXjOd,athletics,texas rangers,fanduel,ou,under,,,points,points-away-game-ou-under,game,pregame,2026-09-02 18:35:00+00:00,-125,3.5,2026-09-02 12:03:02.122557+00:00,2026-09-02 11:59:36.693000+00:00,1.0,MLB_SGO_MARKET_HISTORY.csv,-125,3.5,285910,-115,3.5,2026-09-02 03:08:27.478322+00:00,-10,0.0,0.5348837209302325,0.5555555555555556,2.067183462532307,2.067183462532307,9,total,under,True,True,False,SGO,3.5,SGO,1,False
CH6ahp3x586JX4aAXjOd,athletics,texas rangers,fanduel,ou,under,,,points,points-home-game-ou-under,game,pregame,2026-09-02 18:35:00+00:00,-148,4.5,2026-09-02 12:03:02.122557+00:00,2026-09-02 11:59:36.693000+00:00,1.0,MLB_SGO_MARKET_HISTORY.csv,-148,4.5,285931,-150,4.5,2026-09-02 03:08:27.478362+00:00,2,0.0,0.6,0.5967741935483871,-0.3225806451612856,0.3225806451612856,9,total,under,True,True,False,SGO,4.5,SGO,1,False
a5c57f0a71bfbec1df5c314f86bb79cd,athletics,texas rangers,fanduel,totals,Under,,,,,,pregame,2026-09-02 18:36:00+00:00,-102,7.5,2026-09-02 12:03:02.767951+00:00,2026-09-02 12:02:37+00:00,,MLB_ODDS_API_MARKET_HISTORY.csv,-102,7.5,6293,-120,8.0,2026-09-02 03:08:28.142673+00:00,18,-0.5,0.5454545454545454,0.504950495049505,-4.050405040504046,4.050405040504046,9,total,under,True,True,True,ODDS_API,7.5,"ODDS_API,SGO",2,True
a5c57f0a71bfbec1df5c314f86bb79cd,athletics,texas rangers,lowvig,h2h,Athletics,,,,,,pregame,2026-09-02 18:36:00+00:00,142,,2026-09-02 12:03:02.767951+00:00,2026-09-02 12:02:13+00:00,,MLB_ODDS_API_MARKET_HISTORY.csv,142,,6306,145,,2026-09-02 03:08:28.142779+00:00,-3,,0.4081632653061224,0.4132231404958678,0.5059875189745322,0.5059875189745322,9,moneyline,athletics,True,True,False,ODDS_API,,ODDS_API,1,False
a5c57f0a71bfbec1df5c314f86bb79cd,athletics,texas rangers,lowvig,h2h,Texas Rangers,,,,,,pregame,2026-09-02 18:36:00+00:00,-157,,2026-09-02 12:03:02.767951+00:00,2026-09-02 12:02:13+00:00,,MLB_ODDS_API_MARKET_HISTORY.csv,-157,,6307,-160,,2026-09-02 03:08:28.142787+00:00,3,,0.6153846153846154,0.6108949416342413,-0.4489673750374123,0.4489673750374123,9,moneyline,texas rangers,True,True,False,ODDS_API,,ODDS_API,1,False
a5c57f0a71bfbec1df5c314f86bb79cd,athletics,texas rangers,lowvig,spreads,Athletics,,,,,,pregame,2026-09-02 18:36:00+00:00,-154,1.5,2026-09-02 12:03:02.767951+00:00,2026-09-02 12:02:13+00:00,,MLB_ODDS_API_MARKET_HISTORY.csv,-154,1.5,6308,-154,1.5,2026-09-02 03:08:28.142795+00:00,0,0.0,0.6062992125984252,0.6062992125984252,0.0,0.0,9,spread,athletics,True,False,False,ODDS_API,1.5,ODDS_API,1,False
a5c57f0a71bfbec1df5c314f86bb79cd,athletics,texas rangers,lowvig,spreads,Texas Rangers,,,,,,pregame,2026-09-02 18:36:00+00:00,136,-1.5,2026-09-02 12:03:02.767951+00:00,2026-09-02 12:02:13+00:00,,MLB_ODDS_API_MARKET_HISTORY.csv,136,-1.5,6309,136,-1.5,2026-09-02 03:08:28.142803+00:00,0,0.0,0.423728813559322,0.423728813559322,0.0,0.0,9,spread,texas rangers,True,False,False,ODDS_API,-1.5,ODDS_API,1,False
a5c57f0a71bfbec1df5c314f86bb79cd,athletics,texas rangers,lowvig,totals,Over,,,,,,pregame,2026-09-02 18:36:00+00:00,101,8.0,2026-09-02 12:03:02.767951+00:00,2026-09-02 12:02:13+00:00,,MLB_ODDS_API_MARKET_HISTORY.csv,101,8.0,6310,103,8.0,2026-09-02 03:08:28.142811+00:00,-2,0.0,0.4926108374384236,0.4975124378109453,0.490160037252163,0.490160037252163,9,total,over,True,True,False,ODDS_API,8.0,ODDS_API,1,False
a5c57f0a71bfbec1df5c314f86bb79cd,athletics,texas rangers,lowvig,totals,Under,,,,,,pregame,2026-09-02 18:36:00+00:00,-116,8.0,2026-09-02 12:03:02.767951+00:00,2026-09-02 12:02:13+00:00,,MLB_ODDS_API_MARKET_HISTORY.csv,-116,8.0,6311,-118,8.0,2026-09-02 03:08:28.142823+00:00,2,0.0,0.5412844036697247,0.5370370370370371,-0.4247366632687654,0.4247366632687654,9,total,under,True,True,False,ODDS_API,8.0,ODDS_API,1,False
a5c57f0a71bfbec1df5c314f86bb79cd,athletics,texas rangers,mybookieag,h2h,Athletics,,,,,,pregame,2026-09-02 18:36:00+00:00,136,,2026-09-02 12:03:02.767951+00:00,2026-09-02 12:02:37+00:00,,MLB_ODDS_API_MARKET_HISTORY.csv,136,,6294,138,,2026-09-02 03:08:28.142681+00:00,-2,,0.4201680672268907,0.423728813559322,0.3560746332431252,0.3560746332431252,9,moneyline,athletics,True,True,False,ODDS_API,,ODDS_API,1,False
a5c57f0a71bfbec1df5c314f86bb79cd,athletics,texas rangers,mybookieag,h2h,Texas Rangers,,,,,,pregame,2026-09-02 18:36:00+00:00,-161,,2026-09-02 12:03:02.767951+00:00,2026-09-02 12:02:37+00:00,,MLB_ODDS_API_MARKET_HISTORY.csv,-161,,6295,-162,,2026-09-02 03:08:28.142689+00:00,1,,0.6183206106870229,0.6168582375478927,-0.1462373139130224,0.1462373139130224,9,moneyline,texas rangers,True,True,False,ODDS_API,,ODDS_API,1,False
a5c57f0a71bfbec1df5c314f86bb79cd,athletics,texas rangers,mybookieag,spreads,Athletics,,,,,,pregame,2026-09-02 18:36:00+00:00,-155,1.5,2026-09-02 12:03:02.767951+00:00,2026-09-02 12:02:37+00:00,,MLB_ODDS_API_MARKET_HISTORY.csv,-155,1.5,6296,-149,1.5,2026-09-02 03:08:28.142697+00:00,-6,0.0,0.5983935742971888,0.6078431372549019,0.9449562957713152,0.9449562957713152,9,spread,athletics,True,True,False,ODDS_API,1.5,ODDS_API,1,False
a5c57f0a71bfbec1df5c314f86bb79cd,athletics,texas rangers,mybookieag,spreads,Texas Rangers,,,,,,pregame,2026-09-02 18:36:00+00:00,131,-1.5,2026-09-02 12:03:02.767951+00:00,2026-09-02 12:02:37+00:00,,MLB_ODDS_API_MARKET_HISTORY.csv,131,-1.5,6297,126,-1.5,2026-09-02 03:08:28.142705+00:00,5,0.0,0.4424778761061947,0.4329004329004329,-0.9577443205761816,0.9577443205761816,9,spread,texas rangers,True,True,False,ODDS_API,-1.5,ODDS_API,1,False
a5c57f0a71bfbec1df5c314f86bb79cd,athletics,texas rangers,mybookieag,totals,Over,,,,,,pregame,2026-09-02 18:36:00+00:00,-117,7.5,2026-09-02 12:03:02.767951+00:00,2026-09-02 12:02:37+00:00,,MLB_ODDS_API_MARKET_HISTORY.csv,-117,7.5,6298,-102,8.0,2026-09-02 03:08:28.142713+00:00,-15,-0.5,0.504950495049505,0.5391705069124424,3.422001186293744,3.422001186293744,9,total,over,True,True,True,ODDS_API,7.5,ODDS_API,1,False
a5c57f0a71bfbec1df5c314f86bb79cd,athletics,texas rangers,mybookieag,totals,Under,,,,,,pregame,2026-09-02 18:36:00+00:00,-105,7.5,2026-09-02 12:03:02.767951+00:00,2026-09-02 12:02:37+00:00,,MLB_ODDS_API_MARKET_HISTORY.csv,-105,7.5,6299,-119,8.0,2026-09-02 03:08:28.142721+00:00,14,-0.5,0.54337899543379,0.5121951219512195,-3.1183873482570457,3.1183873482570457,9,total,under,True,True,True,ODDS_API,7.5,ODDS_API,1,False
CH6ahp3x586JX4aAXjOd,athletics,texas rangers,pointsbet,ml,away,,,points,points-away-game-ml-away,game,pregame,2026-09-02 18:35:00+00:00,140,,2026-09-02 12:03:02.122557+00:00,2026-09-02 11:59:13.272000+00:00,1.0,MLB_SGO_MARKET_HISTORY.csv,140,,285828,140,,2026-09-02 03:08:27.478127+00:00,0,,0.4166666666666667,0.4166666666666667,0.0,0.0,9,moneyline,athletics,True,False,False,SGO,,SGO,1,False
CH6ahp3x586JX4aAXjOd,athletics,texas rangers,pointsbet,ml,home,,,points,points-home-game-ml-home,game,pregame,2026-09-02 18:35:00+00:00,-169,,2026-09-02 12:03:02.122557+00:00,2026-09-02 11:59:13.272000+00:00,1.0,MLB_SGO_MARKET_HISTORY.csv,-169,,285837,-169,,2026-09-02 03:08:27.478151+00:00,0,,0.6282527881040892,0.6282527881040892,0.0,0.0,9,moneyline,texas rangers,True,False,False,SGO,,SGO,1,False
CH6ahp3x586JX4aAXjOd,athletics,texas rangers,pointsbet,sp,away,,,points,points-away-game-sp-away,game,pregame,2026-09-02 18:35:00+00:00,-149,1.5,2026-09-02 12:03:02.122557+00:00,2026-09-02 11:59:13.272000+00:00,1.0,MLB_SGO_MARKET_HISTORY.csv,-149,1.5,285862,-149,1.5,2026-09-02 03:08:27.478219+00:00,0,0.0,0.5983935742971888,0.5983935742971888,0.0,0.0,9,spread,athletics,True,False,False,SGO,1.5,SGO,1,False
CH6ahp3x586JX4aAXjOd,athletics,texas rangers,pointsbet,sp,home,,,points,points-home-game-sp-home,game,pregame,2026-09-02 18:35:00+00:00,130,-1.5,2026-09-02 12:03:02.122557+00:00,2026-09-02 11:59:13.272000+00:00,1.0,MLB_SGO_MARKET_HISTORY.csv,130,-1.5,285870,130,-1.5,2026-09-02 03:08:27.478241+00:00,0,0.0,0.4347826086956521,0.4347826086956521,0.0,0.0,9,spread,texas rangers,True,False,False,SGO,-1.5,SGO,1,False
CH6ahp3x586JX4aAXjOd,athletics,texas rangers,pointsbet,ou,over,,,points,points-all-game-ou-over,game,pregame,2026-09-02 18:35:00+00:00,-115,7.5,2026-09-02 12:03:02.122557+00:00,2026-09-02 11:35:35.849000+00:00,0.0,MLB_SGO_MARKET_HISTORY.csv,-115,7.5,285846,-115,7.5,2026-09-02 03:08:27.478175+00:00,0,0.0,0.5348837209302325,0.5348837209302325,0.0,0.0,9,total,over,True,False,False,SGO,7.5,SGO,1,False
CH6ahp3x586JX4aAXjOd,athletics,texas rangers,pointsbet,ou,under,,,points,points-all-game-ou-under,game,pregame,2026-09-02 18:35:00+00:00,-105,7.5,2026-09-02 12:03:02.122557+00:00,2026-09-02 11:35:35.849000+00:00,0.0,MLB_SGO_MARKET_HISTORY.csv,-105,7.5,285854,-105,7.5,2026-09-02 03:08:27.478197+00:00,0,0.0,0.5121951219512195,0.5121951219512195,0.0,0.0,9,total,under,True,False,False,SGO,7.5,SGO,1,False
CH6ahp3x586JX4aAXjOd,athletics,texas rangers,unibet,ml,away,,,points,points-away-game-ml-away,game,pregame,2026-09-02 18:35:00+00:00,133,,2026-09-02 12:03:02.122557+00:00,2026-09-02 11:59:34.272000+00:00,1.0,MLB_SGO_MARKET_HISTORY.csv,133,,285829,128,,2026-09-02 03:08:27.478129+00:00,5,,0.4385964912280701,0.4291845493562232,-0.9411941871846964,0.9411941871846964,9,moneyline,athletics,True,True,False,SGO,,SGO,1,False
CH6ahp3x586JX4aAXjOd,athletics,texas rangers,unibet,ml,home,,,points,points-home-game-ml-home,game,pregame,2026-09-02 18:35:00+00:00,-167,,2026-09-02 12:03:02.122557+00:00,2026-09-02 11:59:34.272000+00:00,1.0,MLB_SGO_MARKET_HISTORY.csv,-167,,285838,-155,,2026-09-02 03:08:27.478154+00:00,-12,,0.6078431372549019,0.6254681647940075,1.762502753910555,1.762502753910555,9,moneyline,texas rangers,True,True,False,SGO,,SGO,1,False
CH6ahp3x586JX4aAXjOd,athletics,texas rangers,unibet,sp,away,,,points,points-away-game-sp-away,game,pregame,2026-09-02 18:35:00+00:00,-175,1.5,2026-09-02 12:03:02.122557+00:00,2026-09-02 11:59:13.272000+00:00,1.0,MLB_SGO_MARKET_HISTORY.csv,-175,1.5,285868,-175,1.5,2026-09-02 03:08:27.478235+00:00,0,0.0,0.6363636363636364,0.6363636363636364,0.0,0.0,9,spread,athletics,True,False,False,SGO,1.5,SGO,1,False
CH6ahp3x586JX4aAXjOd,athletics,texas rangers,unibet,sp,home,,,points,points-home-game-sp-home,game,pregame,2026-09-02 18:35:00+00:00,138,-1.5,2026-09-02 12:03:02.122557+00:00,2026-09-02 11:59:13.272000+00:00,1.0,MLB_SGO_MARKET_HISTORY.csv,138,-1.5,285876,138,-1.5,2026-09-02 03:08:27.478257+00:00,0,0.0,0.4201680672268907,0.4201680672268907,0.0,0.0,9,spread,texas rangers,True,False,False,SGO,-1.5,SGO,1,False
CH6ahp3x586JX4aAXjOd,athletics,texas rangers,unibet,ou,over,,,points,points-all-game-ou-over,game,pregame,2026-09-02 18:35:00+00:00,-115,7.5,2026-09-02 12:03:02.122557+00:00,2026-09-02 11:59:13.272000+00:00,1.0,MLB_SGO_MARKET_HISTORY.csv,-115,7.5,285852,-110,7.5,2026-09-02 03:08:27.478192+00:00,-5,0.0,0.5238095238095238,0.5348837209302325,1.107419712070867,1.107419712070867,9,total,over,True,True,False,SGO,7.5,SGO,1,False
CH6ahp3x586JX4aAXjOd,athletics,texas rangers,unibet,ou,under,,,points,points-all-game-ou-under,game,pregame,2026-09-02 18:35:00+00:00,-106,7.5,2026-09-02 12:03:02.122557+00:00,2026-09-02 11:59:13.272000+00:00,1.0,MLB_SGO_MARKET_HISTORY.csv,-106,7.5,285860,-110,7.5,2026-09-02 03:08:27.478213+00:00,4,0.0,0.5238095238095238,0.5145631067961165,-0.9246417013407338,0.9246417013407338,9,total,under,True,True,False,SGO,7.5,SGO,1,False
CH6ahp3x586JX4aAXjOd,athletics,texas rangers,williamhill,ml,away,,,points,points-away-game-ml-away,game,pregame,2026-09-02 18:35:00+00:00,130,,2026-09-02 12:03:02.122557+00:00,2026-09-02 11:59:33.272000+00:00,1.0,MLB_SGO_MARKET_HISTORY.csv,130,,285835,130,,2026-09-02 03:08:27.478146+00:00,0,,0.4347826086956521,0.4347826086956521,0.0,0.0,9,moneyline,athletics,True,False,False,SGO,,SGO,1,False
CH6ahp3x586JX4aAXjOd,athletics,texas rangers,williamhill,ml,home,,,points,points-home-game-ml-home,game,pregame,2026-09-02 18:35:00+00:00,-162,,2026-09-02 12:03:02.122557+00:00,2026-09-02 11:59:33.272000+00:00,1.0,MLB_SGO_MARKET_HISTORY.csv,-162,,285844,-162,,2026-09-02 03:08:27.478170+00:00,0,,0.6183206106870229,0.6183206106870229,0.0,0.0,9,moneyline,texas rangers,True,False,False,SGO,,SGO,1,False
174a988fce36a476af3e712057a97ebe,atlanta braves,washington nationals,betmgm,h2h,Atlanta Braves,,,,,,pregame,2026-09-02 17:06:00+00:00,-160,,2026-09-02 12:03:02.767951+00:00,2026-09-02 12:02:55+00:00,,MLB_ODDS_API_MARKET_HISTORY.csv,-160,,6264,-160,,2026-09-02 03:08:28.142484+00:00,0,,0.6153846153846154,0.6153846153846154,0.0,0.0,9,moneyline,atlanta braves,True,False,False,ODDS_API,,"ODDS_API,SGO",2,True
174a988fce36a476af3e712057a97ebe,atlanta braves,washington nationals,betmgm,h2h,Washington Nationals,,,,,,pregame,2026-09-02 17:06:00+00:00,135,,2026-09-02 12:03:02.767951+00:00,2026-09-02 12:02:55+00:00,,MLB_ODDS_API_MARKET_HISTORY.csv,135,,6265,135,,2026-09-02 03:08:28.142492+00:00,0,,0.425531914893617,0.425531914893617,0.0,0.0,9,moneyline,washington nationals,True,False,False,ODDS_API,,"ODDS_API,SGO",2,True
174a988fce36a476af3e712057a97ebe,atlanta braves,washington nationals,betmgm,spreads,Atlanta Braves,,,,,,pregame,2026-09-02 17:06:00+00:00,100,-1.5,2026-09-02 12:03:02.767951+00:00,2026-09-02 12:02:55+00:00,,MLB_ODDS_API_MARKET_HISTORY.csv,100,-1.5,6266,105,-1.5,2026-09-02 03:08:28.142501+00:00,-5,0.0,0.4878048780487805,0.5,1.2195121951219523,1.2195121951219523,9,spread,atlanta braves,True,True,False,ODDS_API,-1.5,"ODDS_API,SGO",2,True
174a988fce36a476af3e712057a97ebe,atlanta braves,washington nationals,betmgm,spreads,Washington Nationals,,,,,,pregame,2026-09-02 17:06:00+00:00,-120,1.5,2026-09-02 12:03:02.767951+00:00,2026-09-02 12:02:55+00:00,,MLB_ODDS_API_MARKET_HISTORY.csv,-120,1.5,6267,-130,1.5,2026-09-02 03:08:28.142509+00:00,10,0.0,0.5652173913043478,0.5454545454545454,-1.9762845849802368,1.9762845849802368,9,spread,washington nationals,True,True,False,ODDS_API,1.5,"ODDS_API,SGO",2,True
174a988fce36a476af3e712057a97ebe,atlanta braves,washington nationals,betmgm,totals,Over,,,,,,pregame,2026-09-02 17:06:00+00:00,-115,9.0,2026-09-02 12:03:02.767951+00:00,2026-09-02 12:02:55+00:00,,MLB_ODDS_API_MARKET_HISTORY.csv,-115,9.0,6268,-110,9.0,2026-09-02 03:08:28.142517+00:00,-5,0.0,0.5238095238095238,0.5348837209302325,1.107419712070867,1.107419712070867,9,total,over,True,True,False,ODDS_API,9.0,"ODDS_API,SGO",2,True
174a988fce36a476af3e712057a97ebe,atlanta braves,washington nationals,betmgm,totals,Under,,,,,,pregame,2026-09-02 17:06:00+00:00,-105,9.0,2026-09-02 12:03:02.767951+00:00,2026-09-02 12:02:55+00:00,,MLB_ODDS_API_MARKET_HISTORY.csv,-105,9.0,6269,-110,9.0,2026-09-02 03:08:28.142525+00:00,5,0.0,0.5238095238095238,0.5121951219512195,-1.1614401858304313,1.1614401858304313,9,total,under,True,True,False,ODDS_API,9.0,"ODDS_API,SGO",2,True
174a988fce36a476af3e712057a97ebe,atlanta braves,washington nationals,betonlineag,h2h,Atlanta Braves,,,,,,pregame,2026-09-02 17:06:00+00:00,-153,,2026-09-02 12:03:02.767951+00:00,2026-09-02 12:02:12+00:00,,MLB_ODDS_API_MARKET_HISTORY.csv,-153,,6282,-150,,2026-09-02 03:08:28.142583+00:00,-3,,0.6,0.6047430830039525,0.4743083003952542,0.4743083003952542,9,moneyline,atlanta braves,True,True,False,ODDS_API,,ODDS_API,1,False
174a988fce36a476af3e712057a97ebe,atlanta braves,washington nationals,betonlineag,h2h,Washington Nationals,,,,,,pregame,2026-09-02 17:06:00+00:00,139,,2026-09-02 12:03:02.767951+00:00,2026-09-02 12:02:12+00:00,,MLB_ODDS_API_MARKET_HISTORY.csv,139,,6283,136,,2026-09-02 03:08:28.142591+00:00,3,,0.423728813559322,0.4184100418410041,-0.531877171831785,0.531877171831785,9,moneyline,washington nationals,True,True,False,ODDS_API,,ODDS_API,1,False
174a988fce36a476af3e712057a97ebe,atlanta braves,washington nationals,betonlineag,spreads,Atlanta Braves,,,,,,pregame,2026-09-02 17:06:00+00:00,100,-1.5,2026-09-02 12:03:02.767951+00:00,2026-09-02 12:02:12+00:00,,MLB_ODDS_API_MARKET_HISTORY.csv,100,-1.5,6284,105,-1.5,2026-09-02 03:08:28.142599+00:00,-5,0.0,0.4878048780487805,0.5,1.2195121951219523,1.2195121951219523,9,spread,atlanta braves,True,True,False,ODDS_API,-1.5,ODDS_API,1,False
174a988fce36a476af3e712057a97ebe,atlanta braves,washington nationals,betonlineag,spreads,Washington Nationals,,,,,,pregame,2026-09-02 17:06:00+00:00,-120,1.5,2026-09-02 12:03:02.767951+00:00,2026-09-02 12:02:12+00:00,,MLB_ODDS_API_MARKET_HISTORY.csv,-120,1.5,6285,-125,1.5,2026-09-02 03:08:28.142607+00:00,5,0.0,0.5555555555555556,0.5454545454545454,-1.0101010101010166,1.0101010101010166,9,spread,washington nationals,True,True,False,ODDS_API,1.5,ODDS_API,1,False
174a988fce36a476af3e712057a97ebe,atlanta braves,washington nationals,betonlineag,totals,Over,,,,,,pregame,2026-09-02 17:06:00+00:00,-118,9.0,2026-09-02 12:03:02.767951+00:00,2026-09-02 12:02:12+00:00,,MLB_ODDS_API_MARKET_HISTORY.csv,-118,9.0,6286,-112,9.0,2026-09-02 03:08:28.142615+00:00,-6,0.0,0.5283018867924528,0.5412844036697247,1.298251687727192,1.298251687727192,9,total,over,True,True,False,ODDS_API,9.0,ODDS_API,1,False
174a988fce36a476af3e712057a97ebe,atlanta braves,washington nationals,betonlineag,totals,Under,,,,,,pregame,2026-09-02 17:06:00+00:00,-102,9.0,2026-09-02 12:03:02.767951+00:00,2026-09-02 12:02:12+00:00,,MLB_ODDS_API_MARKET_HISTORY.csv,-102,9.0,6287,-108,9.0,2026-09-02 03:08:28.142624+00:00,6,0.0,0.5192307692307693,0.504950495049505,-1.428027418126432,1.428027418126432,9,total,under,True,True,False,ODDS_API,9.0,ODDS_API,1,False
174a988fce36a476af3e712057a97ebe,atlanta braves,washington nationals,betrivers,h2h,Atlanta Braves,,,,,,pregame,2026-09-02 17:06:00+00:00,-162,,2026-09-02 12:03:02.767951+00:00,2026-09-02 12:02:55+00:00,,MLB_ODDS_API_MARKET_HISTORY.csv,-162,,6252,-159,,2026-09-02 08:15:44.143645+00:00,-3,,0.6138996138996139,0.6183206106870229,0.4420996787409037,0.4420996787409037,8,moneyline,atlanta braves,True,True,False,ODDS_API,,ODDS_API,1,False
174a988fce36a476af3e712057a97ebe,atlanta braves,washington nationals,betrivers,h2h,Washington Nationals,,,,,,pregame,2026-09-02 17:06:00+00:00,135,,2026-09-02 12:03:02.767951+00:00,2026-09-02 12:02:55+00:00,,MLB_ODDS_API_MARKET_HISTORY.csv,135,,6253,133,,2026-09-02 08:15:44.143645+00:00,2,,0.4291845493562232,0.425531914893617,-0.3652634462606163,0.3652634462606163,8,moneyline,washington nationals,True,True,False,ODDS_API,,ODDS_API,1,False
174a988fce36a476af3e712057a97ebe,atlanta braves,washington nationals,betrivers,spreads,Atlanta Braves,,,,,,pregame,2026-09-02 17:06:00+00:00,100,-1.5,2026-09-02 12:03:02.767951+00:00,2026-09-02 12:02:55+00:00,,MLB_ODDS_API_MARKET_HISTORY.csv,100,-1.5,6254,102,-1.5,2026-09-02 08:15:44.143645+00:00,-2,0.0,0.495049504950495,0.5,0.4950495049504955,0.4950495049504955,8,spread,atlanta braves,True,True,False,ODDS_API,-1.5,ODDS_API,1,False
174a988fce36a476af3e712057a97ebe,atlanta braves,washington nationals,betrivers,spreads,Washington Nationals,,,,,,pregame,2026-09-02 17:06:00+00:00,-121,1.5,2026-09-02 12:03:02.767951+00:00,2026-09-02 12:02:55+00:00,,MLB_ODDS_API_MARKET_HISTORY.csv,-121,1.5,6255,-125,1.5,2026-09-02 08:15:44.143645+00:00,4,0.0,0.5555555555555556,0.5475113122171946,-0.8044243338360957,0.8044243338360957,8,spread,washington nationals,True,True,False,ODDS_API,1.5,ODDS_API,1,False
174a988fce36a476af3e712057a97ebe,atlanta braves,washington nationals,betrivers,totals,Over,,,,,,pregame,2026-09-02 17:06:00+00:00,110,9.5,2026-09-02 12:03:02.767951+00:00,2026-09-02 12:02:55+00:00,,MLB_ODDS_API_MARKET_HISTORY.csv,110,9.5,6256,110,9.5,2026-09-02 08:15:44.143645+00:00,0,0.0,0.4761904761904761,0.4761904761904761,0.0,0.0,8,total,over,True,False,False,ODDS_API,9.5,ODDS_API,1,False
174a988fce36a476af3e712057a97ebe,atlanta braves,washington nationals,betrivers,totals,Under,,,,,,pregame,2026-09-02 17:06:00+00:00,-134,9.5,2026-09-02 12:03:02.767951+00:00,2026-09-02 12:02:55+00:00,,MLB_ODDS_API_MARKET_HISTORY.csv,-134,9.5,6257,-136,9.5,2026-09-02 08:15:44.143645+00:00,2,0.0,0.576271186440678,0.5726495726495726,-0.3621613791105371,0.3621613791105371,8,total,under,True,True,False,ODDS_API,9.5,ODDS_API,1,False
174a988fce36a476af3e712057a97ebe,atlanta braves,washington nationals,betus,h2h,Atlanta Braves,,,,,,pregame,2026-09-02 17:06:00+00:00,-153,,2026-09-02 12:03:02.767951+00:00,2026-09-02 12:02:54+00:00,,MLB_ODDS_API_MARKET_HISTORY.csv,-153,,6270,-152,,2026-09-02 08:15:44.143645+00:00,-1,,0.6031746031746031,0.6047430830039525,0.1568479829349378,0.1568479829349378,8,moneyline,atlanta braves,True,True,False,ODDS_API,,ODDS_API,1,False
174a988fce36a476af3e712057a97ebe,atlanta braves,washington nationals,betus,h2h,Washington Nationals,,,,,,pregame,2026-09-02 17:06:00+00:00,137,,2026-09-02 12:03:02.767951+00:00,2026-09-02 12:02:54+00:00,,MLB_ODDS_API_MARKET_HISTORY.csv,137,,6271,136,,2026-09-02 08:15:44.143645+00:00,1,,0.423728813559322,0.4219409282700422,-0.1787885289279811,0.1787885289279811,8,moneyline,washington nationals,True,True,False,ODDS_API,,ODDS_API,1,False
174a988fce36a476af3e712057a97ebe,atlanta braves,washington nationals,betus,spreads,Atlanta Braves,,,,,,pregame,2026-09-02 17:06:00+00:00,100,-1.5,2026-09-02 12:03:02.767951+00:00,2026-09-02 12:02:54+00:00,,MLB_ODDS_API_MARKET_HISTORY.csv,100,-1.5,6272,-105,-1.5,2026-09-02 08:15:44.143645+00:00,205,0.0,0.5121951219512195,0.5,-1.2195121951219523,1.2195121951219523,8,spread,atlanta braves,True,True,False,ODDS_API,-1.5,ODDS_API,1,False
174a988fce36a476af3e712057a97ebe,atlanta braves,washington nationals,betus,spreads,Washington Nationals,,,,,,pregame,2026-09-02 17:06:00+00:00,-120,1.5,2026-09-02 12:03:02.767951+00:00,2026-09-02 12:02:54+00:00,,MLB_ODDS_API_MARKET_HISTORY.csv,-120,1.5,6273,-115,1.5,2026-09-02 08:15:44.143645+00:00,-5,0.0,0.5348837209302325,0.5454545454545454,1.0570824524312905,1.0570824524312905,8,spread,washington nationals,True,True,False,ODDS_API,1.5,ODDS_API,1,False
174a988fce36a476af3e712057a97ebe,atlanta braves,washington nationals,betus,totals,Over,,,,,,pregame,2026-09-02 17:06:00+00:00,-118,9.0,2026-09-02 12:03:02.767951+00:00,2026-09-02 12:02:54+00:00,,MLB_ODDS_API_MARKET_HISTORY.csv,-118,9.0,6274,-112,9.0,2026-09-02 08:15:44.143645+00:00,-6,0.0,0.5283018867924528,0.5412844036697247,1.298251687727192,1.298251687727192,8,total,over,True,True,False,ODDS_API,9.0,ODDS_API,1,False
174a988fce36a476af3e712057a97ebe,atlanta braves,washington nationals,betus,totals,Under,,,,,,pregame,2026-09-02 17:06:00+00:00,-102,9.0,2026-09-02 12:03:02.767951+00:00,2026-09-02 12:02:54+00:00,,MLB_ODDS_API_MARKET_HISTORY.csv,-102,9.0,6275,-108,9.0,2026-09-02 08:15:44.143645+00:00,6,0.0,0.5192307692307693,0.504950495049505,-1.428027418126432,1.428027418126432,8,total,under,True,True,False,ODDS_API,9.0,ODDS_API,1,False
174a988fce36a476af3e712057a97ebe,atlanta braves,washington nationals,bovada,h2h,Atlanta Braves,,,,,,pregame,2026-09-02 17:06:00+00:00,-164,,2026-09-02 12:03:02.767951+00:00,2026-09-02 12:01:49+00:00,,MLB_ODDS_API_MARKET_HISTORY.csv,-164,,6246,-155,,2026-09-02 03:08:28.142386+00:00,-9,,0.6078431372549019,0.6212121212121212,1.3368983957219305,1.3368983957219305,9,moneyline,atlanta braves,True,True,False,ODDS_API,,"ODDS_API,SGO",2,True
174a988fce36a476af3e712057a97ebe,atlanta braves,washington nationals,bovada,h2h,Washington Nationals,,,,,,pregame,2026-09-02 17:06:00+00:00,138,,2026-09-02 12:03:02.767951+00:00,2026-09-02 12:01:49+00:00,,MLB_ODDS_API_MARKET_HISTORY.csv,138,,6247,130,,2026-09-02 03:08:28.142394+00:00,8,,0.4347826086956521,0.4201680672268907,-1.46145414687614,1.46145414687614,9,moneyline,washington nationals,True,True,False,ODDS_API,,"ODDS_API,SGO",2,True
174a988fce36a476af3e712057a97ebe,atlanta braves,washington nationals,bovada,spreads,Atlanta Braves,,,,,,pregame,2026-09-02 17:06:00+00:00,100,-1.5,2026-09-02 12:03:02.767951+00:00,2026-09-02 12:01:49+00:00,,MLB_ODDS_API_MARKET_HISTORY.csv,100,-1.5,6248,110,-1.5,2026-09-02 03:08:28.142402+00:00,-10,0.0,0.4761904761904761,0.5,2.380952380952384,2.380952380952384,9,spread,atlanta braves,True,True,False,ODDS_API,-1.5,"ODDS_API,SGO",2,True
174a988fce36a476af3e712057a97ebe,atlanta braves,washington nationals,bovada,spreads,Washington Nationals,,,,,,pregame,2026-09-02 17:06:00+00:00,-120,1.5,2026-09-02 12:03:02.767951+00:00,2026-09-02 12:01:49+00:00,,MLB_ODDS_API_MARKET_HISTORY.csv,-120,1.5,6249,-130,1.5,2026-09-02 03:08:28.142410+00:00,10,0.0,0.5652173913043478,0.5454545454545454,-1.9762845849802368,1.9762845849802368,9,spread,washington nationals,True,True,False,ODDS_API,1.5,"ODDS_API,SGO",2,True
sKRRumqDaYJbSve6fhdU,atlanta braves,washington nationals,bovada,ou,over,,,points,points-home-game-ou-over,game,pregame,2026-09-02 17:05:00+00:00,-135,3.5,2026-09-02 12:03:02.122557+00:00,2026-09-02 12:01:29.615000+00:00,1.0,MLB_SGO_MARKET_HISTORY.csv,-135,3.5,282963,-135,3.5,2026-09-02 08:15:43.454797+00:00,0,0.0,0.574468085106383,0.574468085106383,0.0,0.0,8,total,over,True,False,False,SGO,3.5,SGO,1,False
sKRRumqDaYJbSve6fhdU,atlanta braves,washington nationals,bovada,ou,over,,,points,points-away-game-ou-over,game,pregame,2026-09-02 17:05:00+00:00,-135,4.5,2026-09-02 12:03:02.122557+00:00,2026-09-02 12:01:29.615000+00:00,1.0,MLB_SGO_MARKET_HISTORY.csv,-135,4.5,282953,-135,4.5,2026-09-02 08:15:43.454797+00:00,0,0.0,0.574468085106383,0.574468085106383,0.0,0.0,8,total,over,True,False,False,SGO,4.5,SGO,1,False
174a988fce36a476af3e712057a97ebe,atlanta braves,washington nationals,bovada,totals,Over,,,,,,pregame,2026-09-02 17:06:00+00:00,-120,9.0,2026-09-02 12:03:02.767951+00:00,2026-09-02 12:01:49+00:00,,MLB_ODDS_API_MARKET_HISTORY.csv,-120,9.0,6250,-110,9.0,2026-09-02 03:08:28.142419+00:00,-10,0.0,0.5238095238095238,0.5454545454545454,2.164502164502158,2.164502164502158,9,total,over,True,True,False,ODDS_API,9.0,"ODDS_API,SGO",2,True
sKRRumqDaYJbSve6fhdU,atlanta braves,washington nationals,bovada,ou,under,,,points,points-home-game-ou-under,game,pregame,2026-09-02 17:05:00+00:00,105,3.5,2026-09-02 12:03:02.122557+00:00,2026-09-02 12:01:29.615000+00:00,1.0,MLB_SGO_MARKET_HISTORY.csv,105,3.5,282968,105,3.5,2026-09-02 08:15:43.454797+00:00,0,0.0,0.4878048780487805,0.4878048780487805,0.0,0.0,8,total,under,True,False,False,SGO,3.5,SGO,1,False
sKRRumqDaYJbSve6fhdU,atlanta braves,washington nationals,bovada,ou,under,,,points,points-away-game-ou-under,game,pregame,2026-09-02 17:05:00+00:00,105,4.5,2026-09-02 12:03:02.122557+00:00,2026-09-02 12:01:29.615000+00:00,1.0,MLB_SGO_MARKET_HISTORY.csv,105,4.5,282958,105,4.5,2026-09-02 08:15:43.454797+00:00,0,0.0,0.4878048780487805,0.4878048780487805,0.0,0.0,8,total,under,True,False,False,SGO,4.5,SGO,1,False
174a988fce36a476af3e712057a97ebe,atlanta braves,washington nationals,bovada,totals,Under,,,,,,pregame,2026-09-02 17:06:00+00:00,100,9.0,2026-09-02 12:03:02.767951+00:00,2026-09-02 12:01:49+00:00,,MLB_ODDS_API_MARKET_HISTORY.csv,100,9.0,6251,-110,9.0,2026-09-02 03:08:28.142427+00:00,210,0.0,0.5238095238095238,0.5,-2.380952380952384,2.380952380952384,9,total,under,True,True,False,ODDS_API,9.0,"ODDS_API,SGO",2,True
sKRRumqDaYJbSve6fhdU,atlanta braves,washington nationals,caesars,ml,away,,,points,points-away-game-ml-away,game,pregame,2026-09-02 17:05:00+00:00,-150,,2026-09-02 12:03:02.122557+00:00,2026-09-02 11:58:40.772000+00:00,1.0,MLB_SGO_MARKET_HISTORY.csv,-150,,282896,-153,,2026-09-02 03:08:27.477960+00:00,3,,0.6047430830039525,0.6,-0.4743083003952542,0.4743083003952542,9,moneyline,atlanta braves,True,True,False,SGO,,SGO,1,False
sKRRumqDaYJbSve6fhdU,atlanta braves,washington nationals,caesars,ml,home,,,points,points-home-game-ml-home,game,pregame,2026-09-02 17:05:00+00:00,140,,2026-09-02 12:03:02.122557+00:00,2026-09-02 11:58:40.772000+00:00,1.0,MLB_SGO_MARKET_HISTORY.csv,140,,282905,143,,2026-09-02 03:08:27.477985+00:00,-3,,0.411522633744856,0.4166666666666667,0.5144032921810704,0.5144032921810704,9,moneyline,washington nationals,True,True,False,SGO,,SGO,1,False
sKRRumqDaYJbSve6fhdU,atlanta braves,washington nationals,caesars,sp,away,,,points,points-away-game-sp-away,game,pregame,2026-09-02 17:05:00+00:00,100,-1.5,2026-09-02 12:03:02.122557+00:00,2026-09-02 11:58:40.772000+00:00,1.0,MLB_SGO_MARKET_HISTORY.csv,100,-1.5,282942,105,-1.5,2026-09-02 03:08:27.478058+00:00,-5,0.0,0.4878048780487805,0.5,1.2195121951219523,1.2195121951219523,9,spread,atlanta braves,True,True,False,SGO,-1.5,SGO,1,False
sKRRumqDaYJbSve6fhdU,atlanta braves,washington nationals,caesars,sp,home,,,points,points-home-game-sp-home,game,pregame,2026-09-02 17:05:00+00:00,-120,1.5,2026-09-02 12:03:02.122557+00:00,2026-09-02 11:58:40.772000+00:00,1.0,MLB_SGO_MARKET_HISTORY.csv,-120,1.5,282950,-125,1.5,2026-09-02 03:08:27.478081+00:00,5,0.0,0.5555555555555556,0.5454545454545454,-1.0101010101010166,1.0101010101010166,9,spread,washington nationals,True,True,False,SGO,1.5,SGO,1,False
sKRRumqDaYJbSve6fhdU,atlanta braves,washington nationals,caesars,ou,over,,,points,points-home-game-ou-over,game,pregame,2026-09-02 17:05:00+00:00,-133,3.5,2026-09-02 12:03:02.122557+00:00,2026-09-02 12:01:14.115000+00:00,1.0,MLB_SGO_MARKET_HISTORY.csv,-133,3.5,282962,-133,3.5,2026-09-02 03:08:27.478092+00:00,0,0.0,0.5708154506437768,0.5708154506437768,0.0,0.0,9,total,over,True,False,False,SGO,3.5,SGO,1,False
sKRRumqDaYJbSve6fhdU,atlanta braves,washington nationals,caesars,ou,over,,,points,points-away-game-ou-over,game,pregame,2026-09-02 17:05:00+00:00,-143,4.5,2026-09-02 12:03:02.122557+00:00,2026-09-02 12:01:14.115000+00:00,1.0,MLB_SGO_MARKET_HISTORY.csv,-143,4.5,282952,-137,4.5,2026-09-02 03:08:27.478086+00:00,-6,0.0,0.5780590717299579,0.588477366255144,1.0418294525186167,1.0418294525186167,9,total,over,True,True,False,SGO,4.5,SGO,1,False
sKRRumqDaYJbSve6fhdU,atlanta braves,washington nationals,caesars,ou,over,,,points,points-all-game-ou-over,game,pregame,2026-09-02 17:05:00+00:00,-115,9.0,2026-09-02 12:03:02.122557+00:00,2026-09-02 11:58:40.772000+00:00,1.0,MLB_SGO_MARKET_HISTORY.csv,-115,9.0,282925,-110,9.0,2026-09-02 03:08:27.478017+00:00,-5,0.0,0.5238095238095238,0.5348837209302325,1.107419712070867,1.107419712070867,9,total,over,True,True,False,SGO,9.0,SGO,1,False
sKRRumqDaYJbSve6fhdU,atlanta braves,washington nationals,caesars,ou,under,,,points,points-home-game-ou-under,game,pregame,2026-09-02 17:05:00+00:00,105,3.5,2026-09-02 12:03:02.122557+00:00,2026-09-02 12:01:14.115000+00:00,1.0,MLB_SGO_MARKET_HISTORY.csv,105,3.5,282967,105,3.5,2026-09-02 03:08:27.478094+00:00,0,0.0,0.4878048780487805,0.4878048780487805,0.0,0.0,9,total,under,True,False,False,SGO,3.5,SGO,1,False
sKRRumqDaYJbSve6fhdU,atlanta braves,washington nationals,caesars,ou,under,,,points,points-away-game-ou-under,game,pregame,2026-09-02 17:05:00+00:00,110,4.5,2026-09-02 12:03:02.122557+00:00,2026-09-02 12:01:14.115000+00:00,1.0,MLB_SGO_MARKET_HISTORY.csv,110,4.5,282957,105,4.5,2026-09-02 03:08:27.478089+00:00,5,0.0,0.4878048780487805,0.4761904761904761,-1.1614401858304313,1.1614401858304313,9,total,under,True,True,False,SGO,4.5,SGO,1,False
sKRRumqDaYJbSve6fhdU,atlanta braves,washington nationals,caesars,ou,under,,,points,points-all-game-ou-under,game,pregame,2026-09-02 17:05:00+00:00,-105,9.0,2026-09-02 12:03:02.122557+00:00,2026-09-02 11:58:40.772000+00:00,1.0,MLB_SGO_MARKET_HISTORY.csv,-105,9.0,282933,-110,9.0,2026-09-02 03:08:27.478036+00:00,5,0.0,0.5238095238095238,0.5121951219512195,-1.1614401858304313,1.1614401858304313,9,total,under,True,True,False,SGO,9.0,SGO,1,False
174a988fce36a476af3e712057a97ebe,atlanta braves,washington nationals,draftkings,h2h,Atlanta Braves,,,,,,pregame,2026-09-02 17:06:00+00:00,-162,,2026-09-02 12:03:02.767951+00:00,2026-09-02 12:02:54+00:00,,MLB_ODDS_API_MARKET_HISTORY.csv,-162,,6258,-163,,2026-09-02 03:08:28.142435+00:00,1,,0.6197718631178707,0.6183206106870229,-0.145125243084776,0.145125243084776,9,moneyline,atlanta braves,True,True,False,ODDS_API,,"ODDS_API,SGO",2,True
174a988fce36a476af3e712057a97ebe,atlanta braves,washington nationals,draftkings,h2h,Washington Nationals,,,,,,pregame,2026-09-02 17:06:00+00:00,134,,2026-09-02 12:03:02.767951+00:00,2026-09-02 12:02:54+00:00,,MLB_ODDS_API_MARKET_HISTORY.csv,134,,6259,135,,2026-09-02 03:08:28.142443+00:00,-1,,0.425531914893617,0.4273504273504273,0.1818512456810306,0.1818512456810306,9,moneyline,washington nationals,True,True,False,ODDS_API,,"ODDS_API,SGO",2,True
174a988fce36a476af3e712057a97ebe,atlanta braves,washington nationals,draftkings,spreads,Atlanta Braves,,,,,,pregame,2026-09-02 17:06:00+00:00,100,-1.5,2026-09-02 12:03:02.767951+00:00,2026-09-02 12:02:54+00:00,,MLB_ODDS_API_MARKET_HISTORY.csv,100,-1.5,6260,104,-1.5,2026-09-02 03:08:28.142452+00:00,-4,0.0,0.4901960784313725,0.5,0.9803921568627472,0.9803921568627472,9,spread,atlanta braves,True,True,False,ODDS_API,-1.5,"ODDS_API,SGO",2,True
174a988fce36a476af3e712057a97ebe,atlanta braves,washington nationals,draftkings,spreads,Washington Nationals,,,,,,pregame,2026-09-02 17:06:00+00:00,-120,1.5,2026-09-02 12:03:02.767951+00:00,2026-09-02 12:02:54+00:00,,MLB_ODDS_API_MARKET_HISTORY.csv,-120,1.5,6261,-126,1.5,2026-09-02 03:08:28.142460+00:00,6,0.0,0.5575221238938053,0.5454545454545454,-1.2067578439259874,1.2067578439259874,9,spread,washington nationals,True,True,False,ODDS_API,1.5,"ODDS_API,SGO",2,True
sKRRumqDaYJbSve6fhdU,atlanta braves,washington nationals,draftkings,ou,over,,,points,points-home-game-ou-over,game,pregame,2026-09-02 17:05:00+00:00,-135,3.5,2026-09-02 12:03:02.122557+00:00,2026-09-02 11:59:21.819000+00:00,1.0,MLB_SGO_MARKET_HISTORY.csv,-135,3.5,282964,-135,3.5,2026-09-02 08:15:43.454797+00:00,0,0.0,0.574468085106383,0.574468085106383,0.0,0.0,8,total,over,True,False,False,SGO,3.5,SGO,1,False
sKRRumqDaYJbSve6fhdU,atlanta braves,washington nationals,draftkings,ou,over,,,points,points-away-game-ou-over,game,pregame,2026-09-02 17:05:00+00:00,-140,4.5,2026-09-02 12:03:02.122557+00:00,2026-09-02 11:17:23.477000+00:00,0.0,MLB_SGO_MARKET_HISTORY.csv,-140,4.5,282954,-140,4.5,2026-09-02 08:15:43.454797+00:00,0,0.0,0.5833333333333334,0.5833333333333334,0.0,0.0,8,total,over,True,False,False,SGO,4.5,SGO,1,False
174a988fce36a476af3e712057a97ebe,atlanta braves,washington nationals,draftkings,totals,Over,,,,,,pregame,2026-09-02 17:06:00+00:00,-117,9.0,2026-09-02 12:03:02.767951+00:00,2026-09-02 12:02:54+00:00,,MLB_ODDS_API_MARKET_HISTORY.csv,-117,9.0,6262,-112,9.0,2026-09-02 03:08:28.142468+00:00,-5,0.0,0.5283018867924528,0.5391705069124424,1.086862011998957,1.086862011998957,9,total,over,True,True,False,ODDS_API,9.0,"ODDS_API,SGO",2,True
sKRRumqDaYJbSve6fhdU,atlanta braves,washington nationals,draftkings,ou,under,,,points,points-home-game-ou-under,game,pregame,2026-09-02 17:05:00+00:00,105,3.5,2026-09-02 12:03:02.122557+00:00,2026-09-02 11:59:21.819000+00:00,1.0,MLB_SGO_MARKET_HISTORY.csv,105,3.5,282969,105,3.5,2026-09-02 08:15:43.454797+00:00,0,0.0,0.4878048780487805,0.4878048780487805,0.0,0.0,8,total,under,True,False,False,SGO,3.5,SGO,1,False
sKRRumqDaYJbSve6fhdU,atlanta braves,washington nationals,draftkings,ou,under,,,points,points-away-game-ou-under,game,pregame,2026-09-02 17:05:00+00:00,110,4.5,2026-09-02 12:03:02.122557+00:00,2026-09-02 11:17:23.477000+00:00,0.0,MLB_SGO_MARKET_HISTORY.csv,110,4.5,282959,110,4.5,2026-09-02 08:15:43.454797+00:00,0,0.0,0.4761904761904761,0.4761904761904761,0.0,0.0,8,total,under,True,False,False,SGO,4.5,SGO,1,False
174a988fce36a476af3e712057a97ebe,atlanta braves,washington nationals,draftkings,totals,Under,,,,,,pregame,2026-09-02 17:06:00+00:00,-103,9.0,2026-09-02 12:03:02.767951+00:00,2026-09-02 12:02:54+00:00,,MLB_ODDS_API_MARKET_HISTORY.csv,-103,9.0,6263,-108,9.0,2026-09-02 03:08:28.142476+00:00,5,0.0,0.5192307692307693,0.5073891625615764,-1.1841606669192872,1.1841606669192872,9,total,under,True,True,False,ODDS_API,9.0,"ODDS_API,SGO",2,True
sKRRumqDaYJbSve6fhdU,atlanta braves,washington nationals,espnbet,ml,away,,,points,points-away-game-ml-away,game,pregame,2026-09-02 17:05:00+00:00,-165,,2026-09-02 12:03:02.122557+00:00,2026-09-02 11:59:13.272000+00:00,1.0,MLB_SGO_MARKET_HISTORY.csv,-165,,282893,-150,,2026-09-02 03:08:27.477951+00:00,-15,,0.6,0.6226415094339622,2.264150943396226,2.264150943396226,9,moneyline,atlanta braves,True,True,False,SGO,,SGO,1,False
sKRRumqDaYJbSve6fhdU,atlanta braves,washington nationals,espnbet,ml,home,,,points,points-home-game-ml-home,game,pregame,2026-09-02 17:05:00+00:00,140,,2026-09-02 12:03:02.122557+00:00,2026-09-02 11:59:13.272000+00:00,1.0,MLB_SGO_MARKET_HISTORY.csv,140,,282902,130,,2026-09-02 03:08:27.477976+00:00,10,,0.4347826086956521,0.4166666666666667,-1.811594202898548,1.811594202898548,9,moneyline,washington nationals,True,True,False,SGO,,SGO,1,False
sKRRumqDaYJbSve6fhdU,atlanta braves,washington nationals,espnbet,sp,away,,,points,points-away-game-sp-away,game,pregame,2026-09-02 17:05:00+00:00,105,-1.5,2026-09-02 12:03:02.122557+00:00,2026-09-02 11:59:13.272000+00:00,1.0,MLB_SGO_MARKET_HISTORY.csv,105,-1.5,282938,110,-1.5,2026-09-02 03:08:27.478047+00:00,-5,0.0,0.4761904761904761,0.4878048780487805,1.1614401858304313,1.1614401858304313,9,spread,atlanta braves,True,True,False,SGO,-1.5,SGO,1,False
sKRRumqDaYJbSve6fhdU,atlanta braves,washington nationals,espnbet,sp,home,,,points,points-home-game-sp-home,game,pregame,2026-09-02 17:05:00+00:00,-125,1.5,2026-09-02 12:03:02.122557+00:00,2026-09-02 11:59:13.272000+00:00,1.0,MLB_SGO_MARKET_HISTORY.csv,-125,1.5,282946,-130,1.5,2026-09-02 03:08:27.478069+00:00,5,0.0,0.5652173913043478,0.5555555555555556,-0.9661835748792202,0.9661835748792202,9,spread,washington nationals,True,True,False,SGO,1.5,SGO,1,False
sKRRumqDaYJbSve6fhdU,atlanta braves,washington nationals,espnbet,ou,over,,,points,points-away-game-ou-over,game,pregame,2026-09-02 17:05:00+00:00,-475,2.5,2026-09-02 12:03:02.122557+00:00,2026-09-02 06:29:51.419000+00:00,0.0,MLB_SGO_MARKET_HISTORY.csv,-475,2.5,282956,-475,2.5,2026-09-02 08:15:43.454797+00:00,0,0.0,0.8260869565217391,0.8260869565217391,0.0,0.0,8,total,over,True,False,False,SGO,2.5,SGO,1,False
sKRRumqDaYJbSve6fhdU,atlanta braves,washington nationals,espnbet,ou,over,,,points,points-home-game-ou-over,game,pregame,2026-09-02 17:05:00+00:00,135,4.5,2026-09-02 12:03:02.122557+00:00,2026-09-02 06:29:51.419000+00:00,0.0,MLB_SGO_MARKET_HISTORY.csv,135,4.5,282966,135,4.5,2026-09-02 08:15:43.454797+00:00,0,0.0,0.425531914893617,0.425531914893617,0.0,0.0,8,total,over,True,False,False,SGO,4.5,SGO,1,False
sKRRumqDaYJbSve6fhdU,atlanta braves,washington nationals,espnbet,ou,over,,,points,points-all-game-ou-over,game,pregame,2026-09-02 17:05:00+00:00,110,9.5,2026-09-02 12:03:02.122557+00:00,2026-09-02 11:59:13.272000+00:00,1.0,MLB_SGO_MARKET_HISTORY.csv,110,9.5,282922,-135,8.5,2026-09-02 03:08:27.478009+00:00,245,1.0,0.574468085106383,0.4761904761904761,-9.827760891590689,9.827760891590689,9,total,over,True,True,True,SGO,9.5,SGO,1,False
sKRRumqDaYJbSve6fhdU,atlanta braves,washington nationals,espnbet,ou,under,,,points,points-away-game-ou-under,game,pregame,2026-09-02 17:05:00+00:00,320,2.5,2026-09-02 12:03:02.122557+00:00,2026-09-02 06:29:51.419000+00:00,0.0,MLB_SGO_MARKET_HISTORY.csv,320,2.5,282961,320,2.5,2026-09-02 08:15:43.454797+00:00,0,0.0,0.238095238095238,0.238095238095238,0.0,0.0,8,total,under,True,False,False,SGO,2.5,SGO,1,False
sKRRumqDaYJbSve6fhdU,atlanta braves,washington nationals,espnbet,ou,under,,,points,points-home-game-ou-under,game,pregame,2026-09-02 17:05:00+00:00,-175,4.5,2026-09-02 12:03:02.122557+00:00,2026-09-02 06:29:51.419000+00:00,0.0,MLB_SGO_MARKET_HISTORY.csv,-175,4.5,282971,-175,4.5,2026-09-02 08:15:43.454797+00:00,0,0.0,0.6363636363636364,0.6363636363636364,0.0,0.0,8,total,under,True,False,False,SGO,4.5,SGO,1,False
sKRRumqDaYJbSve6fhdU,atlanta braves,washington nationals,espnbet,ou,under,,,points,points-all-game-ou-under,game,pregame,2026-09-02 17:05:00+00:00,-130,9.5,2026-09-02 12:03:02.122557+00:00,2026-09-02 11:59:13.272000+00:00,1.0,MLB_SGO_MARKET_HISTORY.csv,-130,9.5,282930,115,8.5,2026-09-02 03:08:27.478028+00:00,-245,1.0,0.4651162790697674,0.5652173913043478,10.010111223458036,10.010111223458036,9,total,under,True,True,True,SGO,9.5,SGO,1,False
174a988fce36a476af3e712057a97ebe,atlanta braves,washington nationals,fanduel,h2h,Atlanta Braves,,,,,,pregame,2026-09-02 17:06:00+00:00,-154,,2026-09-02 12:03:02.767951+00:00,2026-09-02 12:02:37+00:00,,MLB_ODDS_API_MARKET_HISTORY.csv,-154,,6234,-154,,2026-09-02 03:08:28.142337+00:00,0,,0.6062992125984252,0.6062992125984252,0.0,0.0,9,moneyline,atlanta braves,True,False,False,ODDS_API,,"ODDS_API,SGO",2,True
174a988fce36a476af3e712057a97ebe,atlanta braves,washington nationals,fanduel,h2h,Washington Nationals,,,,,,pregame,2026-09-02 17:06:00+00:00,130,,2026-09-02 12:03:02.767951+00:00,2026-09-02 12:02:37+00:00,,MLB_ODDS_API_MARKET_HISTORY.csv,130,,6235,130,,2026-09-02 03:08:28.142345+00:00,0,,0.4347826086956521,0.4347826086956521,0.0,0.0,9,moneyline,washington nationals,True,False,False,ODDS_API,,"ODDS_API,SGO",2,True
174a988fce36a476af3e712057a97ebe,atlanta braves,washington nationals,fanduel,spreads,Atlanta Braves,,,,,,pregame,2026-09-02 17:06:00+00:00,105,-1.5,2026-09-02 12:03:02.767951+00:00,2026-09-02 12:02:37+00:00,,MLB_ODDS_API_MARKET_HISTORY.csv,105,-1.5,6236,108,-1.5,2026-09-02 03:08:28.142353+00:00,-3,0.0,0.4807692307692308,0.4878048780487805,0.7035647279549695,0.7035647279549695,9,spread,atlanta braves,True,True,False,ODDS_API,-1.5,"ODDS_API,SGO",2,True
174a988fce36a476af3e712057a97ebe,atlanta braves,washington nationals,fanduel,spreads,Washington Nationals,,,,,,pregame,2026-09-02 17:06:00+00:00,-126,1.5,2026-09-02 12:03:02.767951+00:00,2026-09-02 12:02:37+00:00,,MLB_ODDS_API_MARKET_HISTORY.csv,-126,1.5,6237,-130,1.5,2026-09-02 03:08:28.142361+00:00,4,0.0,0.5652173913043478,0.5575221238938053,-0.7695267410542495,0.7695267410542495,9,spread,washington nationals,True,True,False,ODDS_API,1.5,"ODDS_API,SGO",2,True
sKRRumqDaYJbSve6fhdU,atlanta braves,washington nationals,fanduel,ou,over,,,points,points-home-game-ou-over,game,pregame,2026-09-02 17:05:00+00:00,-146,3.5,2026-09-02 12:03:02.122557+00:00,2026-09-02 11:59:36.693000+00:00,1.0,MLB_SGO_MARKET_HISTORY.csv,-146,3.5,282965,-136,3.5,2026-09-02 08:15:43.454797+00:00,-10,0.0,0.576271186440678,0.5934959349593496,1.7224748518671618,1.7224748518671618,8,total,over,True,True,False,SGO,3.5,SGO,1,False
sKRRumqDaYJbSve6fhdU,atlanta braves,washington nationals,fanduel,ou,over,,,points,points-away-game-ou-over,game,pregame,2026-09-02 17:05:00+00:00,-142,4.5,2026-09-02 12:03:02.122557+00:00,2026-09-02 11:59:36.693000+00:00,1.0,MLB_SGO_MARKET_HISTORY.csv,-142,4.5,282955,-132,4.5,2026-09-02 08:15:43.454797+00:00,-10,0.0,0.5689655172413793,0.5867768595041323,1.7811342262752938,1.7811342262752938,8,total,over,True,True,False,SGO,4.5,SGO,1,False
174a988fce36a476af3e712057a97ebe,atlanta braves,washington nationals,fanduel,totals,Over,,,,,,pregame,2026-09-02 17:06:00+00:00,-118,9.0,2026-09-02 12:03:02.767951+00:00,2026-09-02 12:02:37+00:00,,MLB_ODDS_API_MARKET_HISTORY.csv,-118,9.0,6238,-110,9.0,2026-09-02 03:08:28.142369+00:00,-8,0.0,0.5238095238095238,0.5412844036697247,1.747487986020091,1.747487986020091,9,total,over,True,True,False,ODDS_API,9.0,"ODDS_API,SGO",2,True
sKRRumqDaYJbSve6fhdU,atlanta braves,washington nationals,fanduel,ou,under,,,points,points-home-game-ou-under,game,pregame,2026-09-02 17:05:00+00:00,114,3.5,2026-09-02 12:03:02.122557+00:00,2026-09-02 11:59:36.693000+00:00,1.0,MLB_SGO_MARKET_HISTORY.csv,114,3.5,282970,106,3.5,2026-09-02 08:15:43.454797+00:00,8,0.0,0.4854368932038835,0.4672897196261682,-1.814717357771528,1.814717357771528,8,total,under,True,True,False,SGO,3.5,SGO,1,False
sKRRumqDaYJbSve6fhdU,atlanta braves,washington nationals,fanduel,ou,under,,,points,points-away-game-ou-under,game,pregame,2026-09-02 17:05:00+00:00,112,4.5,2026-09-02 12:03:02.122557+00:00,2026-09-02 11:59:36.693000+00:00,1.0,MLB_SGO_MARKET_HISTORY.csv,112,4.5,282960,104,4.5,2026-09-02 08:15:43.454797+00:00,8,0.0,0.4901960784313725,0.4716981132075472,-1.8497965223825352,1.8497965223825352,8,total,under,True,True,False,SGO,4.5,SGO,1,False
174a988fce36a476af3e712057a97ebe,atlanta braves,washington nationals,fanduel,totals,Under,,,,,,pregame,2026-09-02 17:06:00+00:00,-104,9.0,2026-09-02 12:03:02.767951+00:00,2026-09-02 12:02:37+00:00,,MLB_ODDS_API_MARKET_HISTORY.csv,-104,9.0,6239,-110,9.0,2026-09-02 03:08:28.142378+00:00,6,0.0,0.5238095238095238,0.5098039215686274,-1.400560224089642,1.400560224089642,9,total,under,True,True,False,ODDS_API,9.0,"ODDS_API,SGO",2,True
174a988fce36a476af3e712057a97ebe,atlanta braves,washington nationals,lowvig,h2h,Atlanta Braves,,,,,,pregame,2026-09-02 17:06:00+00:00,-153,,2026-09-02 12:03:02.767951+00:00,2026-09-02 12:02:13+00:00,,MLB_ODDS_API_MARKET_HISTORY.csv,-153,,6276,-150,,2026-09-02 03:08:28.142533+00:00,-3,,0.6,0.6047430830039525,0.4743083003952542,0.4743083003952542,9,moneyline,atlanta braves,True,True,False,ODDS_API,,ODDS_API,1,False
174a988fce36a476af3e712057a97ebe,atlanta braves,washington nationals,lowvig,h2h,Washington Nationals,,,,,,pregame,2026-09-02 17:06:00+00:00,139,,2026-09-02 12:03:02.767951+00:00,2026-09-02 12:02:13+00:00,,MLB_ODDS_API_MARKET_HISTORY.csv,139,,6277,136,,2026-09-02 03:08:28.142541+00:00,3,,0.423728813559322,0.4184100418410041,-0.531877171831785,0.531877171831785,9,moneyline,washington nationals,True,True,False,ODDS_API,,ODDS_API,1,False
174a988fce36a476af3e712057a97ebe,atlanta braves,washington nationals,lowvig,spreads,Atlanta Braves,,,,,,pregame,2026-09-02 17:06:00+00:00,103,-1.5,2026-09-02 12:03:02.767951+00:00,2026-09-02 12:02:13+00:00,,MLB_ODDS_API_MARKET_HISTORY.csv,103,-1.5,6278,108,-1.5,2026-09-02 03:08:28.142550+00:00,-5,0.0,0.4807692307692308,0.4926108374384236,1.1841606669192872,1.1841606669192872,9,spread,atlanta braves,True,True,False,ODDS_API,-1.5,ODDS_API,1,False
174a988fce36a476af3e712057a97ebe,atlanta braves,washington nationals,lowvig,spreads,Washington Nationals,,,,,,pregame,2026-09-02 17:06:00+00:00,-117,1.5,2026-09-02 12:03:02.767951+00:00,2026-09-02 12:02:13+00:00,,MLB_ODDS_API_MARKET_HISTORY.csv,-117,1.5,6279,-122,1.5,2026-09-02 03:08:28.142558+00:00,5,0.0,0.5495495495495496,0.5391705069124424,-1.0379042637107203,1.0379042637107203,9,spread,washington nationals,True,True,False,ODDS_API,1.5,ODDS_API,1,False
174a988fce36a476af3e712057a97ebe,atlanta braves,washington nationals,lowvig,totals,Over,,,,,,pregame,2026-09-02 17:06:00+00:00,-116,9.0,2026-09-02 12:03:02.767951+00:00,2026-09-02 12:02:13+00:00,,MLB_ODDS_API_MARKET_HISTORY.csv,-116,9.0,6280,-109,9.0,2026-09-02 03:08:28.142566+00:00,-7,0.0,0.5215311004784688,0.5370370370370371,1.5505936558568243,1.5505936558568243,9,total,over,True,True,False,ODDS_API,9.0,ODDS_API,1,False
174a988fce36a476af3e712057a97ebe,atlanta braves,washington nationals,lowvig,totals,Under,,,,,,pregame,2026-09-02 17:06:00+00:00,101,9.0,2026-09-02 12:03:02.767951+00:00,2026-09-02 12:02:13+00:00,,MLB_ODDS_API_MARKET_HISTORY.csv,101,9.0,6281,-105,9.0,2026-09-02 03:08:28.142574+00:00,206,0.0,0.5121951219512195,0.4975124378109453,-1.4682684140274238,1.4682684140274238,9,total,under,True,True,False,ODDS_API,9.0,ODDS_API,1,False
174a988fce36a476af3e712057a97ebe,atlanta braves,washington nationals,mybookieag,h2h,Atlanta Braves,,,,,,pregame,2026-09-02 17:06:00+00:00,-158,,2026-09-02 12:03:02.767951+00:00,2026-09-02 12:02:37+00:00,,MLB_ODDS_API_MARKET_HISTORY.csv,-158,,6240,-158,,2026-09-02 08:15:44.143645+00:00,0,,0.6124031007751938,0.6124031007751938,0.0,0.0,8,moneyline,atlanta braves,True,False,False,ODDS_API,,ODDS_API,1,False
174a988fce36a476af3e712057a97ebe,atlanta braves,washington nationals,mybookieag,h2h,Washington Nationals,,,,,,pregame,2026-09-02 17:06:00+00:00,134,,2026-09-02 12:03:02.767951+00:00,2026-09-02 12:02:37+00:00,,MLB_ODDS_API_MARKET_HISTORY.csv,134,,6241,134,,2026-09-02 08:15:44.143645+00:00,0,,0.4273504273504273,0.4273504273504273,0.0,0.0,8,moneyline,washington nationals,True,False,False,ODDS_API,,ODDS_API,1,False
174a988fce36a476af3e712057a97ebe,atlanta braves,washington nationals,mybookieag,spreads,Atlanta Braves,,,,,,pregame,2026-09-02 17:06:00+00:00,105,-1.5,2026-09-02 12:03:02.767951+00:00,2026-09-02 12:02:37+00:00,,MLB_ODDS_API_MARKET_HISTORY.csv,105,-1.5,6242,107,-1.5,2026-09-02 08:15:44.143645+00:00,-2,0.0,0.4830917874396135,0.4878048780487805,0.471309060916697,0.471309060916697,8,spread,atlanta braves,True,True,False,ODDS_API,-1.5,ODDS_API,1,False
174a988fce36a476af3e712057a97ebe,atlanta braves,washington nationals,mybookieag,spreads,Washington Nationals,,,,,,pregame,2026-09-02 17:06:00+00:00,-123,1.5,2026-09-02 12:03:02.767951+00:00,2026-09-02 12:02:37+00:00,,MLB_ODDS_API_MARKET_HISTORY.csv,-123,1.5,6243,-125,1.5,2026-09-02 08:15:44.143645+00:00,2,0.0,0.5555555555555556,0.5515695067264574,-0.3986048829098143,0.3986048829098143,8,spread,washington nationals,True,True,False,ODDS_API,1.5,ODDS_API,1,False
174a988fce36a476af3e712057a97ebe,atlanta braves,washington nationals,mybookieag,totals,Over,,,,,,pregame,2026-09-02 17:06:00+00:00,-116,9.0,2026-09-02 12:03:02.767951+00:00,2026-09-02 12:02:37+00:00,,MLB_ODDS_API_MARKET_HISTORY.csv,-116,9.0,6244,-115,9.0,2026-09-02 08:15:44.143645+00:00,-1,0.0,0.5348837209302325,0.5370370370370371,0.2153316106804581,0.2153316106804581,8,total,over,True,True,False,ODDS_API,9.0,ODDS_API,1,False
174a988fce36a476af3e712057a97ebe,atlanta braves,washington nationals,mybookieag,totals,Under,,,,,,pregame,2026-09-02 17:06:00+00:00,-105,9.0,2026-09-02 12:03:02.767951+00:00,2026-09-02 12:02:37+00:00,,MLB_ODDS_API_MARKET_HISTORY.csv,-105,9.0,6245,-107,9.0,2026-09-02 08:15:44.143645+00:00,2,0.0,0.5169082125603864,0.5121951219512195,-0.4713090609166914,0.4713090609166914,8,total,under,True,True,False,ODDS_API,9.0,ODDS_API,1,False
sKRRumqDaYJbSve6fhdU,atlanta braves,washington nationals,pointsbet,ml,away,,,points,points-away-game-ml-away,game,pregame,2026-09-02 17:05:00+00:00,-159,,2026-09-02 12:03:02.122557+00:00,2026-09-02 11:59:13.272000+00:00,1.0,MLB_SGO_MARKET_HISTORY.csv,-159,,282891,-159,,2026-09-02 03:08:27.477946+00:00,0,,0.6138996138996139,0.6138996138996139,0.0,0.0,9,moneyline,atlanta braves,True,False,False,SGO,,SGO,1,False
sKRRumqDaYJbSve6fhdU,atlanta braves,washington nationals,pointsbet,ml,home,,,points,points-home-game-ml-home,game,pregame,2026-09-02 17:05:00+00:00,135,,2026-09-02 12:03:02.122557+00:00,2026-09-02 11:59:13.272000+00:00,1.0,MLB_SGO_MARKET_HISTORY.csv,135,,282900,135,,2026-09-02 03:08:27.477971+00:00,0,,0.425531914893617,0.425531914893617,0.0,0.0,9,moneyline,washington nationals,True,False,False,SGO,,SGO,1,False
sKRRumqDaYJbSve6fhdU,atlanta braves,washington nationals,pointsbet,sp,away,,,points,points-away-game-sp-away,game,pregame,2026-09-02 17:05:00+00:00,100,-1.5,2026-09-02 12:03:02.122557+00:00,2026-09-02 11:59:13.272000+00:00,1.0,MLB_SGO_MARKET_HISTORY.csv,100,-1.5,282937,110,-1.5,2026-09-02 03:08:27.478044+00:00,-10,0.0,0.4761904761904761,0.5,2.380952380952384,2.380952380952384,9,spread,atlanta braves,True,True,False,SGO,-1.5,SGO,1,False
sKRRumqDaYJbSve6fhdU,atlanta braves,washington nationals,pointsbet,sp,home,,,points,points-home-game-sp-home,game,pregame,2026-09-02 17:05:00+00:00,-120,1.5,2026-09-02 12:03:02.122557+00:00,2026-09-02 11:59:13.272000+00:00,1.0,MLB_SGO_MARKET_HISTORY.csv,-120,1.5,282945,-130,1.5,2026-09-02 03:08:27.478066+00:00,10,0.0,0.5652173913043478,0.5454545454545454,-1.9762845849802368,1.9762845849802368,9,spread,washington nationals,True,True,False,SGO,1.5,SGO,1,False
sKRRumqDaYJbSve6fhdU,atlanta braves,washington nationals,pointsbet,ou,over,,,points,points-all-game-ou-over,game,pregame,2026-09-02 17:05:00+00:00,-111,9.0,2026-09-02 12:03:02.122557+00:00,2026-09-02 11:59:13.272000+00:00,1.0,MLB_SGO_MARKET_HISTORY.csv,-111,9.0,282921,-111,9.0,2026-09-02 03:08:27.478006+00:00,0,0.0,0.5260663507109005,0.5260663507109005,0.0,0.0,9,total,over,True,False,False,SGO,9.0,SGO,1,False
sKRRumqDaYJbSve6fhdU,atlanta braves,washington nationals,pointsbet,ou,under,,,points,points-all-game-ou-under,game,pregame,2026-09-02 17:05:00+00:00,-111,9.0,2026-09-02 12:03:02.122557+00:00,2026-09-02 11:59:13.272000+00:00,1.0,MLB_SGO_MARKET_HISTORY.csv,-111,9.0,282929,-111,9.0,2026-09-02 03:08:27.478026+00:00,0,0.0,0.5260663507109005,0.5260663507109005,0.0,0.0,9,total,under,True,False,False,SGO,9.0,SGO,1,False
sKRRumqDaYJbSve6fhdU,atlanta braves,washington nationals,unibet,ml,away,,,points,points-away-game-ml-away,game,pregame,2026-09-02 17:05:00+00:00,-161,,2026-09-02 12:03:02.122557+00:00,2026-09-02 11:59:34.272000+00:00,1.0,MLB_SGO_MARKET_HISTORY.csv,-161,,282892,-161,,2026-09-02 03:08:27.477949+00:00,0,,0.6168582375478927,0.6168582375478927,0.0,0.0,9,moneyline,atlanta braves,True,False,False,SGO,,SGO,1,False
sKRRumqDaYJbSve6fhdU,atlanta braves,washington nationals,unibet,ml,home,,,points,points-home-game-ml-home,game,pregame,2026-09-02 17:05:00+00:00,130,,2026-09-02 12:03:02.122557+00:00,2026-09-02 11:59:34.272000+00:00,1.0,MLB_SGO_MARKET_HISTORY.csv,130,,282901,130,,2026-09-02 03:08:27.477974+00:00,0,,0.4347826086956521,0.4347826086956521,0.0,0.0,9,moneyline,washington nationals,True,False,False,SGO,,SGO,1,False
sKRRumqDaYJbSve6fhdU,atlanta braves,washington nationals,unibet,sp,away,,,points,points-away-game-sp-away,game,pregame,2026-09-02 17:05:00+00:00,100,-1.5,2026-09-02 12:03:02.122557+00:00,2026-09-02 11:59:13.272000+00:00,1.0,MLB_SGO_MARKET_HISTORY.csv,100,-1.5,282940,-122,-1.0,2026-09-02 03:08:27.478053+00:00,222,-0.5,0.5495495495495496,0.5,-4.95495495495496,4.95495495495496,9,spread,atlanta braves,True,True,True,SGO,-1.5,SGO,1,False
sKRRumqDaYJbSve6fhdU,atlanta braves,washington nationals,unibet,sp,home,,,points,points-home-game-sp-home,game,pregame,2026-09-02 17:05:00+00:00,-121,1.5,2026-09-02 12:03:02.122557+00:00,2026-09-02 11:59:13.272000+00:00,1.0,MLB_SGO_MARKET_HISTORY.csv,-121,1.5,282948,100,1.0,2026-09-02 03:08:27.478076+00:00,-221,0.5,0.5,0.5475113122171946,4.751131221719462,4.751131221719462,9,spread,washington nationals,True,True,True,SGO,1.5,SGO,1,False
sKRRumqDaYJbSve6fhdU,atlanta braves,washington nationals,unibet,ou,over,,,points,points-all-game-ou-over,game,pregame,2026-09-02 17:05:00+00:00,-130,9.0,2026-09-02 12:03:02.122557+00:00,2026-09-02 08:27:17.497000+00:00,0.0,MLB_SGO_MARKET_HISTORY.csv,-130,9.0,282927,110,9.5,2026-09-02 08:15:43.454797+00:00,-240,-0.5,0.4761904761904761,0.5652173913043478,8.902691511387161,8.902691511387161,8,total,over,True,True,True,SGO,9.0,SGO,1,False
sKRRumqDaYJbSve6fhdU,atlanta braves,washington nationals,unibet,ou,under,,,points,points-all-game-ou-under,game,pregame,2026-09-02 17:05:00+00:00,-109,9.0,2026-09-02 12:03:02.122557+00:00,2026-09-02 08:27:17.497000+00:00,0.0,MLB_SGO_MARKET_HISTORY.csv,-109,9.0,282935,-136,9.5,2026-09-02 08:15:43.454797+00:00,27,-0.5,0.576271186440678,0.5215311004784688,-5.474008596220914,5.474008596220914,8,total,under,True,True,True,SGO,9.0,SGO,1,False
sKRRumqDaYJbSve6fhdU,atlanta braves,washington nationals,williamhill,ml,away,,,points,points-away-game-ml-away,game,pregame,2026-09-02 17:05:00+00:00,-162,,2026-09-02 12:03:02.122557+00:00,2026-09-02 11:59:33.272000+00:00,1.0,MLB_SGO_MARKET_HISTORY.csv,-162,,282898,-162,,2026-09-02 03:08:27.477966+00:00,0,,0.6183206106870229,0.6183206106870229,0.0,0.0,9,moneyline,atlanta braves,True,False,False,SGO,,SGO,1,False
sKRRumqDaYJbSve6fhdU,atlanta braves,washington nationals,williamhill,ml,home,,,points,points-home-game-ml-home,game,pregame,2026-09-02 17:05:00+00:00,130,,2026-09-02 12:03:02.122557+00:00,2026-09-02 11:59:33.272000+00:00,1.0,MLB_SGO_MARKET_HISTORY.csv,130,,282907,130,,2026-09-02 03:08:27.477990+00:00,0,,0.4347826086956521,0.4347826086956521,0.0,0.0,9,moneyline,washington nationals,True,False,False,SGO,,SGO,1,False
2d7536dbc5a92a909f419ec55b9c6fb1,baltimore orioles,colorado rockies,betmgm,h2h,Baltimore Orioles,,,,,,pregame,2026-09-02 19:11:00+00:00,-160,,2026-09-02 12:03:02.767951+00:00,2026-09-02 12:02:55+00:00,,MLB_ODDS_API_MARKET_HISTORY.csv,-160,,6372,-160,,2026-09-02 03:08:28.143321+00:00,0,,0.6153846153846154,0.6153846153846154,0.0,0.0,9,moneyline,baltimore orioles,True,False,False,ODDS_API,,"ODDS_API,SGO",2,True
2d7536dbc5a92a909f419ec55b9c6fb1,baltimore orioles,colorado rockies,betmgm,h2h,Colorado Rockies,,,,,,pregame,2026-09-02 19:11:00+00:00,135,,2026-09-02 12:03:02.767951+00:00,2026-09-02 12:02:55+00:00,,MLB_ODDS_API_MARKET_HISTORY.csv,135,,6373,135,,2026-09-02 03:08:28.143329+00:00,0,,0.425531914893617,0.425531914893617,0.0,0.0,9,moneyline,colorado rockies,True,False,False,ODDS_API,,"ODDS_API,SGO",2,True
2d7536dbc5a92a909f419ec55b9c6fb1,baltimore orioles,colorado rockies,betmgm,spreads,Baltimore Orioles,,,,,,pregame,2026-09-02 19:11:00+00:00,-105,-1.5,2026-09-02 12:03:02.767951+00:00,2026-09-02 12:02:55+00:00,,MLB_ODDS_API_MARKET_HISTORY.csv,-105,-1.5,6374,-110,-1.5,2026-09-02 03:08:28.143337+00:00,5,0.0,0.5238095238095238,0.5121951219512195,-1.1614401858304313,1.1614401858304313,9,spread,baltimore orioles,True,True,False,ODDS_API,-1.5,"ODDS_API,SGO",2,True
2d7536dbc5a92a909f419ec55b9c6fb1,baltimore orioles,colorado rockies,betmgm,spreads,Colorado Rockies,,,,,,pregame,2026-09-02 19:11:00+00:00,-115,1.5,2026-09-02 12:03:02.767951+00:00,2026-09-02 12:02:55+00:00,,MLB_ODDS_API_MARKET_HISTORY.csv,-115,1.5,6375,-110,1.5,2026-09-02 03:08:28.143345+00:00,-5,0.0,0.5238095238095238,0.5348837209302325,1.107419712070867,1.107419712070867,9,spread,colorado rockies,True,True,False,ODDS_API,1.5,"ODDS_API,SGO",2,True
2d7536dbc5a92a909f419ec55b9c6fb1,baltimore orioles,colorado rockies,betmgm,totals,Over,,,,,,pregame,2026-09-02 19:11:00+00:00,100,11.5,2026-09-02 12:03:02.767951+00:00,2026-09-02 12:02:55+00:00,,MLB_ODDS_API_MARKET_HISTORY.csv,100,11.5,6376,-102,11.5,2026-09-02 03:08:28.143353+00:00,202,0.0,0.504950495049505,0.5,-0.4950495049504955,0.4950495049504955,9,total,over,True,True,False,ODDS_API,11.5,"ODDS_API,SGO",2,True
2d7536dbc5a92a909f419ec55b9c6fb1,baltimore orioles,colorado rockies,betmgm,totals,Under,,,,,,pregame,2026-09-02 19:11:00+00:00,-120,11.5,2026-09-02 12:03:02.767951+00:00,2026-09-02 12:02:55+00:00,,MLB_ODDS_API_MARKET_HISTORY.csv,-120,11.5,6377,-118,11.5,2026-09-02 03:08:28.143362+00:00,-2,0.0,0.5412844036697247,0.5454545454545454,0.4170141784820669,0.4170141784820669,9,total,under,True,True,False,ODDS_API,11.5,"ODDS_API,SGO",2,True
2d7536dbc5a92a909f419ec55b9c6fb1,baltimore orioles,colorado rockies,betonlineag,h2h,Baltimore Orioles,,,,,,pregame,2026-09-02 19:11:00+00:00,-158,,2026-09-02 12:03:02.767951+00:00,2026-09-02 12:02:12+00:00,,MLB_ODDS_API_MARKET_HISTORY.csv,-158,,6354,-152,,2026-09-02 03:08:28.143174+00:00,-6,,0.6031746031746031,0.6124031007751938,0.9228497600590636,0.9228497600590636,9,moneyline,baltimore orioles,True,True,False,ODDS_API,,ODDS_API,1,False
2d7536dbc5a92a909f419ec55b9c6fb1,baltimore orioles,colorado rockies,betonlineag,h2h,Colorado Rockies,,,,,,pregame,2026-09-02 19:11:00+00:00,143,,2026-09-02 12:03:02.767951+00:00,2026-09-02 12:02:12+00:00,,MLB_ODDS_API_MARKET_HISTORY.csv,143,,6355,138,,2026-09-02 03:08:28.143182+00:00,5,,0.4201680672268907,0.411522633744856,-0.8645433482034781,0.8645433482034781,9,moneyline,colorado rockies,True,True,False,ODDS_API,,ODDS_API,1,False
2d7536dbc5a92a909f419ec55b9c6fb1,baltimore orioles,colorado rockies,betonlineag,spreads,Baltimore Orioles,,,,,,pregame,2026-09-02 19:11:00+00:00,-108,-1.5,2026-09-02 12:03:02.767951+00:00,2026-09-02 12:02:12+00:00,,MLB_ODDS_API_MARKET_HISTORY.csv,-108,-1.5,6356,-105,-1.5,2026-09-02 03:08:28.143190+00:00,-3,0.0,0.5121951219512195,0.5192307692307693,0.703564727954975,0.703564727954975,9,spread,baltimore orioles,True,True,False,ODDS_API,-1.5,ODDS_API,1,False
2d7536dbc5a92a909f419ec55b9c6fb1,baltimore orioles,colorado rockies,betonlineag,spreads,Colorado Rockies,,,,,,pregame,2026-09-02 19:11:00+00:00,-112,1.5,2026-09-02 12:03:02.767951+00:00,2026-09-02 12:02:12+00:00,,MLB_ODDS_API_MARKET_HISTORY.csv,-112,1.5,6357,-115,1.5,2026-09-02 03:08:28.143198+00:00,3,0.0,0.5348837209302325,0.5283018867924528,-0.6581834137779685,0.6581834137779685,9,spread,colorado rockies,True,True,False,ODDS_API,1.5,ODDS_API,1,False
2d7536dbc5a92a909f419ec55b9c6fb1,baltimore orioles,colorado rockies,betonlineag,totals,Over,,,,,,pregame,2026-09-02 19:11:00+00:00,100,11.5,2026-09-02 12:03:02.767951+00:00,2026-09-02 12:02:12+00:00,,MLB_ODDS_API_MARKET_HISTORY.csv,100,11.5,6358,-105,11.5,2026-09-02 03:08:28.143206+00:00,205,0.0,0.5121951219512195,0.5,-1.2195121951219523,1.2195121951219523,9,total,over,True,True,False,ODDS_API,11.5,ODDS_API,1,False
2d7536dbc5a92a909f419ec55b9c6fb1,baltimore orioles,colorado rockies,betonlineag,totals,Under,,,,,,pregame,2026-09-02 19:11:00+00:00,-120,11.5,2026-09-02 12:03:02.767951+00:00,2026-09-02 12:02:12+00:00,,MLB_ODDS_API_MARKET_HISTORY.csv,-120,11.5,6359,-115,11.5,2026-09-02 03:08:28.143215+00:00,-5,0.0,0.5348837209302325,0.5454545454545454,1.0570824524312905,1.0570824524312905,9,total,under,True,True,False,ODDS_API,11.5,ODDS_API,1,False
2d7536dbc5a92a909f419ec55b9c6fb1,baltimore orioles,colorado rockies,betrivers,h2h,Baltimore Orioles,,,,,,pregame,2026-09-02 19:11:00+00:00,-167,,2026-09-02 12:03:02.767951+00:00,2026-09-02 12:02:55+00:00,,MLB_ODDS_API_MARKET_HISTORY.csv,-167,,6384,-159,,2026-09-02 03:08:28.143419+00:00,-8,,0.6138996138996139,0.6254681647940075,1.156855089439357,1.156855089439357,9,moneyline,baltimore orioles,True,True,False,ODDS_API,,ODDS_API,1,False
2d7536dbc5a92a909f419ec55b9c6fb1,baltimore orioles,colorado rockies,betrivers,h2h,Colorado Rockies,,,,,,pregame,2026-09-02 19:11:00+00:00,143,,2026-09-02 12:03:02.767951+00:00,2026-09-02 12:02:55+00:00,,MLB_ODDS_API_MARKET_HISTORY.csv,143,,6385,135,,2026-09-02 03:08:28.143427+00:00,8,,0.425531914893617,0.411522633744856,-1.4009281148761044,1.4009281148761044,9,moneyline,colorado rockies,True,True,False,ODDS_API,,ODDS_API,1,False
2d7536dbc5a92a909f419ec55b9c6fb1,baltimore orioles,colorado rockies,betrivers,spreads,Baltimore Orioles,,,,,,pregame,2026-09-02 19:11:00+00:00,-108,-1.5,2026-09-02 12:03:02.767951+00:00,2026-09-02 12:02:55+00:00,,MLB_ODDS_API_MARKET_HISTORY.csv,-108,-1.5,6386,-103,-1.5,2026-09-02 03:08:28.143435+00:00,-5,0.0,0.5073891625615764,0.5192307692307693,1.1841606669192872,1.1841606669192872,9,spread,baltimore orioles,True,True,False,ODDS_API,-1.5,ODDS_API,1,False
2d7536dbc5a92a909f419ec55b9c6fb1,baltimore orioles,colorado rockies,betrivers,spreads,Colorado Rockies,,,,,,pregame,2026-09-02 19:11:00+00:00,-113,1.5,2026-09-02 12:03:02.767951+00:00,2026-09-02 12:02:55+00:00,,MLB_ODDS_API_MARKET_HISTORY.csv,-113,1.5,6387,-118,1.5,2026-09-02 03:08:28.143443+00:00,5,0.0,0.5412844036697247,0.5305164319248826,-1.076797174484212,1.076797174484212,9,spread,colorado rockies,True,True,False,ODDS_API,1.5,ODDS_API,1,False
2d7536dbc5a92a909f419ec55b9c6fb1,baltimore orioles,colorado rockies,betrivers,totals,Over,,,,,,pregame,2026-09-02 19:11:00+00:00,-118,11.0,2026-09-02 12:03:02.767951+00:00,2026-09-02 12:02:55+00:00,,MLB_ODDS_API_MARKET_HISTORY.csv,-118,11.0,6388,-120,11.0,2026-09-02 03:08:28.143451+00:00,2,0.0,0.5454545454545454,0.5412844036697247,-0.4170141784820669,0.4170141784820669,9,total,over,True,True,False,ODDS_API,11.0,ODDS_API,1,False
2d7536dbc5a92a909f419ec55b9c6fb1,baltimore orioles,colorado rockies,betrivers,totals,Under,,,,,,pregame,2026-09-02 19:11:00+00:00,100,11.0,2026-09-02 12:03:02.767951+00:00,2026-09-02 12:02:55+00:00,,MLB_ODDS_API_MARKET_HISTORY.csv,100,11.0,6389,100,11.0,2026-09-02 03:08:28.143460+00:00,0,0.0,0.5,0.5,0.0,0.0,9,total,under,True,False,False,ODDS_API,11.0,ODDS_API,1,False
2d7536dbc5a92a909f419ec55b9c6fb1,baltimore orioles,colorado rockies,betus,h2h,Baltimore Orioles,,,,,,pregame,2026-09-02 19:11:00+00:00,-158,,2026-09-02 12:03:02.767951+00:00,2026-09-02 12:02:54+00:00,,MLB_ODDS_API_MARKET_HISTORY.csv,-158,,6390,-152,,2026-09-02 03:08:28.143468+00:00,-6,,0.6031746031746031,0.6124031007751938,0.9228497600590636,0.9228497600590636,9,moneyline,baltimore orioles,True,True,False,ODDS_API,,ODDS_API,1,False
2d7536dbc5a92a909f419ec55b9c6fb1,baltimore orioles,colorado rockies,betus,h2h,Colorado Rockies,,,,,,pregame,2026-09-02 19:11:00+00:00,141,,2026-09-02 12:03:02.767951+00:00,2026-09-02 12:02:54+00:00,,MLB_ODDS_API_MARKET_HISTORY.csv,141,,6391,136,,2026-09-02 03:08:28.143476+00:00,5,,0.423728813559322,0.4149377593360996,-0.8791054223222405,0.8791054223222405,9,moneyline,colorado rockies,True,True,False,ODDS_API,,ODDS_API,1,False
2d7536dbc5a92a909f419ec55b9c6fb1,baltimore orioles,colorado rockies,betus,spreads,Baltimore Orioles,,,,,,pregame,2026-09-02 19:11:00+00:00,-108,-1.5,2026-09-02 12:03:02.767951+00:00,2026-09-02 12:02:54+00:00,,MLB_ODDS_API_MARKET_HISTORY.csv,-108,-1.5,6392,-105,-1.5,2026-09-02 03:08:28.143484+00:00,-3,0.0,0.5121951219512195,0.5192307692307693,0.703564727954975,0.703564727954975,9,spread,baltimore orioles,True,True,False,ODDS_API,-1.5,ODDS_API,1,False
2d7536dbc5a92a909f419ec55b9c6fb1,baltimore orioles,colorado rockies,betus,spreads,Colorado Rockies,,,,,,pregame,2026-09-02 19:11:00+00:00,-112,1.5,2026-09-02 12:03:02.767951+00:00,2026-09-02 12:02:54+00:00,,MLB_ODDS_API_MARKET_HISTORY.csv,-112,1.5,6393,-115,1.5,2026-09-02 03:08:28.143492+00:00,3,0.0,0.5348837209302325,0.5283018867924528,-0.6581834137779685,0.6581834137779685,9,spread,colorado rockies,True,True,False,ODDS_API,1.5,ODDS_API,1,False
2d7536dbc5a92a909f419ec55b9c6fb1,baltimore orioles,colorado rockies,betus,totals,Over,,,,,,pregame,2026-09-02 19:11:00+00:00,100,11.5,2026-09-02 12:03:02.767951+00:00,2026-09-02 12:02:54+00:00,,MLB_ODDS_API_MARKET_HISTORY.csv,100,11.5,6394,-105,11.5,2026-09-02 03:08:28.143500+00:00,205,0.0,0.5121951219512195,0.5,-1.2195121951219523,1.2195121951219523,9,total,over,True,True,False,ODDS_API,11.5,ODDS_API,1,False
2d7536dbc5a92a909f419ec55b9c6fb1,baltimore orioles,colorado rockies,betus,totals,Under,,,,,,pregame,2026-09-02 19:11:00+00:00,-120,11.5,2026-09-02 12:03:02.767951+00:00,2026-09-02 12:02:54+00:00,,MLB_ODDS_API_MARKET_HISTORY.csv,-120,11.5,6395,-115,11.5,2026-09-02 03:08:28.143509+00:00,-5,0.0,0.5348837209302325,0.5454545454545454,1.0570824524312905,1.0570824524312905,9,total,under,True,True,False,ODDS_API,11.5,ODDS_API,1,False
2d7536dbc5a92a909f419ec55b9c6fb1,baltimore orioles,colorado rockies,bovada,h2h,Baltimore Orioles,,,,,,pregame,2026-09-02 19:11:00+00:00,-162,,2026-09-02 12:03:02.767951+00:00,2026-09-02 12:01:49+00:00,,MLB_ODDS_API_MARKET_HISTORY.csv,-162,,6378,-162,,2026-09-02 03:08:28.143370+00:00,0,,0.6183206106870229,0.6183206106870229,0.0,0.0,9,moneyline,baltimore orioles,True,False,False,ODDS_API,,"ODDS_API,SGO",2,True
2d7536dbc5a92a909f419ec55b9c6fb1,baltimore orioles,colorado rockies,bovada,h2h,Colorado Rockies,,,,,,pregame,2026-09-02 19:11:00+00:00,136,,2026-09-02 12:03:02.767951+00:00,2026-09-02 12:01:49+00:00,,MLB_ODDS_API_MARKET_HISTORY.csv,136,,6379,136,,2026-09-02 03:08:28.143378+00:00,0,,0.423728813559322,0.423728813559322,0.0,0.0,9,moneyline,colorado rockies,True,False,False,ODDS_API,,"ODDS_API,SGO",2,True
2d7536dbc5a92a909f419ec55b9c6fb1,baltimore orioles,colorado rockies,bovada,spreads,Baltimore Orioles,,,,,,pregame,2026-09-02 19:11:00+00:00,-110,-1.5,2026-09-02 12:03:02.767951+00:00,2026-09-02 12:01:49+00:00,,MLB_ODDS_API_MARKET_HISTORY.csv,-110,-1.5,6380,-110,-1.5,2026-09-02 03:08:28.143386+00:00,0,0.0,0.5238095238095238,0.5238095238095238,0.0,0.0,9,spread,baltimore orioles,True,False,False,ODDS_API,-1.5,"ODDS_API,SGO",2,True
2d7536dbc5a92a909f419ec55b9c6fb1,baltimore orioles,colorado rockies,bovada,spreads,Colorado Rockies,,,,,,pregame,2026-09-02 19:11:00+00:00,-110,1.5,2026-09-02 12:03:02.767951+00:00,2026-09-02 12:01:49+00:00,,MLB_ODDS_API_MARKET_HISTORY.csv,-110,1.5,6381,-110,1.5,2026-09-02 03:08:28.143394+00:00,0,0.0,0.5238095238095238,0.5238095238095238,0.0,0.0,9,spread,colorado rockies,True,False,False,ODDS_API,1.5,"ODDS_API,SGO",2,True
rGCp4vB2UEmVB13bQLfB,baltimore orioles,colorado rockies,bovada,ou,over,,,points,points-home-game-ou-over,game,pregame,2026-09-02 19:10:00+00:00,-130,4.5,2026-09-02 12:03:02.122557+00:00,2026-09-02 12:00:30.929000+00:00,1.0,MLB_SGO_MARKET_HISTORY.csv,-130,4.5,288698,-130,4.5,2026-09-02 03:08:27.478993+00:00,0,0.0,0.5652173913043478,0.5652173913043478,0.0,0.0,9,total,over,True,False,False,SGO,4.5,SGO,1,False
rGCp4vB2UEmVB13bQLfB,baltimore orioles,colorado rockies,bovada,ou,over,,,points,points-away-game-ou-over,game,pregame,2026-09-02 19:10:00+00:00,100,6.5,2026-09-02 12:03:02.122557+00:00,2026-09-02 12:00:30.929000+00:00,1.0,MLB_SGO_MARKET_HISTORY.csv,100,6.5,288677,100,6.5,2026-09-02 03:08:27.478958+00:00,0,0.0,0.5,0.5,0.0,0.0,9,total,over,True,False,False,SGO,6.5,SGO,1,False
2d7536dbc5a92a909f419ec55b9c6fb1,baltimore orioles,colorado rockies,bovada,totals,Over,,,,,,pregame,2026-09-02 19:11:00+00:00,-120,11.0,2026-09-02 12:03:02.767951+00:00,2026-09-02 12:01:49+00:00,,MLB_ODDS_API_MARKET_HISTORY.csv,-120,11.0,6382,-120,11.0,2026-09-02 03:08:28.143403+00:00,0,0.0,0.5454545454545454,0.5454545454545454,0.0,0.0,9,total,over,True,False,False,ODDS_API,11.0,"ODDS_API,SGO",2,True
rGCp4vB2UEmVB13bQLfB,baltimore orioles,colorado rockies,bovada,ou,under,,,points,points-home-game-ou-under,game,pregame,2026-09-02 19:10:00+00:00,100,4.5,2026-09-02 12:03:02.122557+00:00,2026-09-02 12:00:30.929000+00:00,1.0,MLB_SGO_MARKET_HISTORY.csv,100,4.5,288703,100,4.5,2026-09-02 03:08:27.479001+00:00,0,0.0,0.5,0.5,0.0,0.0,9,total,under,True,False,False,SGO,4.5,SGO,1,False
rGCp4vB2UEmVB13bQLfB,baltimore orioles,colorado rockies,bovada,ou,under,,,points,points-away-game-ou-under,game,pregame,2026-09-02 19:10:00+00:00,-130,6.5,2026-09-02 12:03:02.122557+00:00,2026-09-02 12:00:30.929000+00:00,1.0,MLB_SGO_MARKET_HISTORY.csv,-130,6.5,288682,-130,6.5,2026-09-02 03:08:27.478966+00:00,0,0.0,0.5652173913043478,0.5652173913043478,0.0,0.0,9,total,under,True,False,False,SGO,6.5,SGO,1,False
2d7536dbc5a92a909f419ec55b9c6fb1,baltimore orioles,colorado rockies,bovada,totals,Under,,,,,,pregame,2026-09-02 19:11:00+00:00,100,11.0,2026-09-02 12:03:02.767951+00:00,2026-09-02 12:01:49+00:00,,MLB_ODDS_API_MARKET_HISTORY.csv,100,11.0,6383,100,11.0,2026-09-02 03:08:28.143411+00:00,0,0.0,0.5,0.5,0.0,0.0,9,total,under,True,False,False,ODDS_API,11.0,"ODDS_API,SGO",2,True
rGCp4vB2UEmVB13bQLfB,baltimore orioles,colorado rockies,caesars,ml,away,,,points,points-away-game-ml-away,game,pregame,2026-09-02 19:10:00+00:00,-157,,2026-09-02 12:03:02.122557+00:00,2026-09-02 11:58:40.772000+00:00,1.0,MLB_SGO_MARKET_HISTORY.csv,-157,,288602,-153,,2026-09-02 03:08:27.478780+00:00,-4,,0.6047430830039525,0.6108949416342413,0.6151858630288776,0.6151858630288776,9,moneyline,baltimore orioles,True,True,False,SGO,,SGO,1,False
rGCp4vB2UEmVB13bQLfB,baltimore orioles,colorado rockies,caesars,ml,home,,,points,points-home-game-ml-home,game,pregame,2026-09-02 19:10:00+00:00,147,,2026-09-02 12:03:02.122557+00:00,2026-09-02 11:58:40.772000+00:00,1.0,MLB_SGO_MARKET_HISTORY.csv,147,,288611,143,,2026-09-02 03:08:27.478804+00:00,4,,0.411522633744856,0.4048582995951417,-0.666433414971429,0.666433414971429,9,moneyline,colorado rockies,True,True,False,SGO,,SGO,1,False
rGCp4vB2UEmVB13bQLfB,baltimore orioles,colorado rockies,caesars,sp,away,,,points,points-away-game-sp-away,game,pregame,2026-09-02 19:10:00+00:00,-110,-1.5,2026-09-02 12:03:02.122557+00:00,2026-09-02 11:58:40.772000+00:00,1.0,MLB_SGO_MARKET_HISTORY.csv,-110,-1.5,288638,-105,-1.5,2026-09-02 03:08:27.478877+00:00,-5,0.0,0.5121951219512195,0.5238095238095238,1.1614401858304313,1.1614401858304313,9,spread,baltimore orioles,True,True,False,SGO,-1.5,SGO,1,False
rGCp4vB2UEmVB13bQLfB,baltimore orioles,colorado rockies,caesars,sp,home,,,points,points-home-game-sp-home,game,pregame,2026-09-02 19:10:00+00:00,-110,1.5,2026-09-02 12:03:02.122557+00:00,2026-09-02 11:58:40.772000+00:00,1.0,MLB_SGO_MARKET_HISTORY.csv,-110,1.5,288646,-115,1.5,2026-09-02 03:08:27.478899+00:00,5,0.0,0.5348837209302325,0.5238095238095238,-1.107419712070867,1.107419712070867,9,spread,colorado rockies,True,True,False,SGO,1.5,SGO,1,False
rGCp4vB2UEmVB13bQLfB,baltimore orioles,colorado rockies,caesars,ou,over,,,points,points-home-game-ou-over,game,pregame,2026-09-02 19:10:00+00:00,-125,4.5,2026-09-02 12:03:02.122557+00:00,2026-09-02 12:01:13.929000+00:00,1.0,MLB_SGO_MARKET_HISTORY.csv,-125,4.5,288696,-133,4.5,2026-09-02 03:08:27.478988+00:00,8,0.0,0.5708154506437768,0.5555555555555556,-1.5259895088221231,1.5259895088221231,9,total,over,True,True,False,SGO,4.5,SGO,1,False
rGCp4vB2UEmVB13bQLfB,baltimore orioles,colorado rockies,caesars,ou,over,,,points,points-away-game-ou-over,game,pregame,2026-09-02 19:10:00+00:00,105,6.5,2026-09-02 12:03:02.122557+00:00,2026-09-02 12:01:13.929000+00:00,1.0,MLB_SGO_MARKET_HISTORY.csv,105,6.5,288675,100,6.5,2026-09-02 03:08:27.478953+00:00,5,0.0,0.5,0.4878048780487805,-1.2195121951219523,1.2195121951219523,9,total,over,True,True,False,SGO,6.5,SGO,1,False
rGCp4vB2UEmVB13bQLfB,baltimore orioles,colorado rockies,caesars,ou,over,,,points,points-all-game-ou-over,game,pregame,2026-09-02 19:10:00+00:00,100,11.5,2026-09-02 12:03:02.122557+00:00,2026-09-02 12:00:07.521000+00:00,1.0,MLB_SGO_MARKET_HISTORY.csv,100,11.5,288619,-105,11.5,2026-09-02 03:08:27.478826+00:00,205,0.0,0.5121951219512195,0.5,-1.2195121951219523,1.2195121951219523,9,total,over,True,True,False,SGO,11.5,SGO,1,False
rGCp4vB2UEmVB13bQLfB,baltimore orioles,colorado rockies,caesars,ou,under,,,points,points-home-game-ou-under,game,pregame,2026-09-02 19:10:00+00:00,100,4.5,2026-09-02 12:03:02.122557+00:00,2026-09-02 12:01:13.929000+00:00,1.0,MLB_SGO_MARKET_HISTORY.csv,100,4.5,288701,100,4.5,2026-09-02 03:08:27.478996+00:00,0,0.0,0.5,0.5,0.0,0.0,9,total,under,True,False,False,SGO,4.5,SGO,1,False
rGCp4vB2UEmVB13bQLfB,baltimore orioles,colorado rockies,caesars,ou,under,,,points,points-away-game-ou-under,game,pregame,2026-09-02 19:10:00+00:00,-133,6.5,2026-09-02 12:03:02.122557+00:00,2026-09-02 12:01:13.929000+00:00,1.0,MLB_SGO_MARKET_HISTORY.csv,-133,6.5,288680,-133,6.5,2026-09-02 03:08:27.478961+00:00,0,0.0,0.5708154506437768,0.5708154506437768,0.0,0.0,9,total,under,True,False,False,SGO,6.5,SGO,1,False
rGCp4vB2UEmVB13bQLfB,baltimore orioles,colorado rockies,caesars,ou,under,,,points,points-all-game-ou-under,game,pregame,2026-09-02 19:10:00+00:00,-120,11.5,2026-09-02 12:03:02.122557+00:00,2026-09-02 12:00:07.521000+00:00,1.0,MLB_SGO_MARKET_HISTORY.csv,-120,11.5,288627,-115,11.5,2026-09-02 03:08:27.478847+00:00,-5,0.0,0.5348837209302325,0.5454545454545454,1.0570824524312905,1.0570824524312905,9,total,under,True,True,False,SGO,11.5,SGO,1,False
2d7536dbc5a92a909f419ec55b9c6fb1,baltimore orioles,colorado rockies,draftkings,h2h,Baltimore Orioles,,,,,,pregame,2026-09-02 19:11:00+00:00,-167,,2026-09-02 12:03:02.767951+00:00,2026-09-02 12:02:54+00:00,,MLB_ODDS_API_MARKET_HISTORY.csv,-167,,6366,-162,,2026-09-02 03:08:28.143272+00:00,-5,,0.6183206106870229,0.6254681647940075,0.7147554106984533,0.7147554106984533,9,moneyline,baltimore orioles,True,True,False,ODDS_API,,"ODDS_API,SGO",2,True
2d7536dbc5a92a909f419ec55b9c6fb1,baltimore orioles,colorado rockies,draftkings,h2h,Colorado Rockies,,,,,,pregame,2026-09-02 19:11:00+00:00,138,,2026-09-02 12:03:02.767951+00:00,2026-09-02 12:02:54+00:00,,MLB_ODDS_API_MARKET_HISTORY.csv,138,,6367,134,,2026-09-02 03:08:28.143280+00:00,4,,0.4273504273504273,0.4201680672268907,-0.7182360123536569,0.7182360123536569,9,moneyline,colorado rockies,True,True,False,ODDS_API,,"ODDS_API,SGO",2,True
2d7536dbc5a92a909f419ec55b9c6fb1,baltimore orioles,colorado rockies,draftkings,spreads,Baltimore Orioles,,,,,,pregame,2026-09-02 19:11:00+00:00,-107,-1.5,2026-09-02 12:03:02.767951+00:00,2026-09-02 12:02:54+00:00,,MLB_ODDS_API_MARKET_HISTORY.csv,-107,-1.5,6368,-107,-1.5,2026-09-02 03:08:28.143288+00:00,0,0.0,0.5169082125603864,0.5169082125603864,0.0,0.0,9,spread,baltimore orioles,True,False,False,ODDS_API,-1.5,"ODDS_API,SGO",2,True
2d7536dbc5a92a909f419ec55b9c6fb1,baltimore orioles,colorado rockies,draftkings,spreads,Colorado Rockies,,,,,,pregame,2026-09-02 19:11:00+00:00,-112,1.5,2026-09-02 12:03:02.767951+00:00,2026-09-02 12:02:54+00:00,,MLB_ODDS_API_MARKET_HISTORY.csv,-112,1.5,6369,-113,1.5,2026-09-02 03:08:28.143296+00:00,1,0.0,0.5305164319248826,0.5283018867924528,-0.2214545132429801,0.2214545132429801,9,spread,colorado rockies,True,True,False,ODDS_API,1.5,"ODDS_API,SGO",2,True
rGCp4vB2UEmVB13bQLfB,baltimore orioles,colorado rockies,draftkings,ou,over,,,points,points-home-game-ou-over,game,pregame,2026-09-02 19:10:00+00:00,-130,4.5,2026-09-02 12:03:02.122557+00:00,2026-09-02 11:59:21.819000+00:00,1.0,MLB_SGO_MARKET_HISTORY.csv,-130,4.5,288699,-130,4.5,2026-09-02 08:15:43.454797+00:00,0,0.0,0.5652173913043478,0.5652173913043478,0.0,0.0,8,total,over,True,False,False,SGO,4.5,SGO,1,False
rGCp4vB2UEmVB13bQLfB,baltimore orioles,colorado rockies,draftkings,ou,over,,,points,points-away-game-ou-over,game,pregame,2026-09-02 19:10:00+00:00,100,6.5,2026-09-02 12:03:02.122557+00:00,2026-09-02 11:59:21.819000+00:00,1.0,MLB_SGO_MARKET_HISTORY.csv,100,6.5,288678,100,6.5,2026-09-02 08:15:43.454797+00:00,0,0.0,0.5,0.5,0.0,0.0,8,total,over,True,False,False,SGO,6.5,SGO,1,False
2d7536dbc5a92a909f419ec55b9c6fb1,baltimore orioles,colorado rockies,draftkings,totals,Over,,,,,,pregame,2026-09-02 19:11:00+00:00,-120,11.0,2026-09-02 12:03:02.767951+00:00,2026-09-02 12:02:54+00:00,,MLB_ODDS_API_MARKET_HISTORY.csv,-120,11.0,6370,100,11.5,2026-09-02 03:08:28.143304+00:00,-220,-0.5,0.5,0.5454545454545454,4.545454545454541,4.545454545454541,9,total,over,True,True,True,ODDS_API,11.0,"ODDS_API,SGO",2,True
rGCp4vB2UEmVB13bQLfB,baltimore orioles,colorado rockies,draftkings,ou,under,,,points,points-home-game-ou-under,game,pregame,2026-09-02 19:10:00+00:00,100,4.5,2026-09-02 12:03:02.122557+00:00,2026-09-02 11:59:21.819000+00:00,1.0,MLB_SGO_MARKET_HISTORY.csv,100,4.5,288704,100,4.5,2026-09-02 08:15:43.454797+00:00,0,0.0,0.5,0.5,0.0,0.0,8,total,under,True,False,False,SGO,4.5,SGO,1,False
rGCp4vB2UEmVB13bQLfB,baltimore orioles,colorado rockies,draftkings,ou,under,,,points,points-away-game-ou-under,game,pregame,2026-09-02 19:10:00+00:00,-130,6.5,2026-09-02 12:03:02.122557+00:00,2026-09-02 11:59:21.819000+00:00,1.0,MLB_SGO_MARKET_HISTORY.csv,-130,6.5,288683,-130,6.5,2026-09-02 08:15:43.454797+00:00,0,0.0,0.5652173913043478,0.5652173913043478,0.0,0.0,8,total,under,True,False,False,SGO,6.5,SGO,1,False
2d7536dbc5a92a909f419ec55b9c6fb1,baltimore orioles,colorado rockies,draftkings,totals,Under,,,,,,pregame,2026-09-02 19:11:00+00:00,100,11.0,2026-09-02 12:03:02.767951+00:00,2026-09-02 12:02:54+00:00,,MLB_ODDS_API_MARKET_HISTORY.csv,100,11.0,6371,-120,11.5,2026-09-02 03:08:28.143313+00:00,220,-0.5,0.5454545454545454,0.5,-4.545454545454541,4.545454545454541,9,total,under,True,True,True,ODDS_API,11.0,"ODDS_API,SGO",2,True
rGCp4vB2UEmVB13bQLfB,baltimore orioles,colorado rockies,espnbet,ml,away,,,points,points-away-game-ml-away,game,pregame,2026-09-02 19:10:00+00:00,-155,,2026-09-02 12:03:02.122557+00:00,2026-09-02 11:59:13.272000+00:00,1.0,MLB_SGO_MARKET_HISTORY.csv,-155,,288603,-155,,2026-09-02 03:08:27.478783+00:00,0,,0.6078431372549019,0.6078431372549019,0.0,0.0,9,moneyline,baltimore orioles,True,False,False,SGO,,SGO,1,False
rGCp4vB2UEmVB13bQLfB,baltimore orioles,colorado rockies,espnbet,ml,home,,,points,points-home-game-ml-home,game,pregame,2026-09-02 19:10:00+00:00,135,,2026-09-02 12:03:02.122557+00:00,2026-09-02 11:59:13.272000+00:00,1.0,MLB_SGO_MARKET_HISTORY.csv,135,,288612,135,,2026-09-02 03:08:27.478807+00:00,0,,0.425531914893617,0.425531914893617,0.0,0.0,9,moneyline,colorado rockies,True,False,False,SGO,,SGO,1,False
rGCp4vB2UEmVB13bQLfB,baltimore orioles,colorado rockies,espnbet,sp,away,,,points,points-away-game-sp-away,game,pregame,2026-09-02 19:10:00+00:00,-105,-1.5,2026-09-02 12:03:02.122557+00:00,2026-09-02 11:59:13.272000+00:00,1.0,MLB_SGO_MARKET_HISTORY.csv,-105,-1.5,288634,-105,-1.5,2026-09-02 03:08:27.478866+00:00,0,0.0,0.5121951219512195,0.5121951219512195,0.0,0.0,9,spread,baltimore orioles,True,False,False,SGO,-1.5,SGO,1,False
rGCp4vB2UEmVB13bQLfB,baltimore orioles,colorado rockies,espnbet,sp,home,,,points,points-home-game-sp-home,game,pregame,2026-09-02 19:10:00+00:00,-115,1.5,2026-09-02 12:03:02.122557+00:00,2026-09-02 11:59:13.272000+00:00,1.0,MLB_SGO_MARKET_HISTORY.csv,-115,1.5,288642,-115,1.5,2026-09-02 03:08:27.478888+00:00,0,0.0,0.5348837209302325,0.5348837209302325,0.0,0.0,9,spread,colorado rockies,True,False,False,SGO,1.5,SGO,1,False
rGCp4vB2UEmVB13bQLfB,baltimore orioles,colorado rockies,espnbet,ou,over,,,points,points-home-game-ou-over,game,pregame,2026-09-02 19:10:00+00:00,-130,4.5,2026-09-02 12:03:02.122557+00:00,2026-09-02 12:01:04.457000+00:00,1.0,MLB_SGO_MARKET_HISTORY.csv,-130,4.5,288700,-130,4.5,2026-09-02 08:15:43.454797+00:00,0,0.0,0.5652173913043478,0.5652173913043478,0.0,0.0,8,total,over,True,False,False,SGO,4.5,SGO,1,False
rGCp4vB2UEmVB13bQLfB,baltimore orioles,colorado rockies,espnbet,ou,over,,,points,points-away-game-ou-over,game,pregame,2026-09-02 19:10:00+00:00,100,6.5,2026-09-02 12:03:02.122557+00:00,2026-09-02 12:01:04.457000+00:00,1.0,MLB_SGO_MARKET_HISTORY.csv,100,6.5,288679,100,6.5,2026-09-02 08:15:43.454797+00:00,0,0.0,0.5,0.5,0.0,0.0,8,total,over,True,False,False,SGO,6.5,SGO,1,False
rGCp4vB2UEmVB13bQLfB,baltimore orioles,colorado rockies,espnbet,ou,over,,,points,points-all-game-ou-over,game,pregame,2026-09-02 19:10:00+00:00,100,11.5,2026-09-02 12:03:02.122557+00:00,2026-09-02 11:59:13.272000+00:00,1.0,MLB_SGO_MARKET_HISTORY.csv,100,11.5,288620,100,11.5,2026-09-02 03:08:27.478828+00:00,0,0.0,0.5,0.5,0.0,0.0,9,total,over,True,False,False,SGO,11.5,SGO,1,False
rGCp4vB2UEmVB13bQLfB,baltimore orioles,colorado rockies,espnbet,ou,under,,,points,points-home-game-ou-under,game,pregame,2026-09-02 19:10:00+00:00,100,4.5,2026-09-02 12:03:02.122557+00:00,2026-09-02 12:01:04.457000+00:00,1.0,MLB_SGO_MARKET_HISTORY.csv,100,4.5,288705,100,4.5,2026-09-02 08:15:43.454797+00:00,0,0.0,0.5,0.5,0.0,0.0,8,total,under,True,False,False,SGO,4.5,SGO,1,False
rGCp4vB2UEmVB13bQLfB,baltimore orioles,colorado rockies,espnbet,ou,under,,,points,points-away-game-ou-under,game,pregame,2026-09-02 19:10:00+00:00,-130,6.5,2026-09-02 12:03:02.122557+00:00,2026-09-02 12:01:04.457000+00:00,1.0,MLB_SGO_MARKET_HISTORY.csv,-130,6.5,288684,-130,6.5,2026-09-02 08:15:43.454797+00:00,0,0.0,0.5652173913043478,0.5652173913043478,0.0,0.0,8,total,under,True,False,False,SGO,6.5,SGO,1,False
rGCp4vB2UEmVB13bQLfB,baltimore orioles,colorado rockies,espnbet,ou,under,,,points,points-all-game-ou-under,game,pregame,2026-09-02 19:10:00+00:00,-120,11.5,2026-09-02 12:03:02.122557+00:00,2026-09-02 11:59:13.272000+00:00,1.0,MLB_SGO_MARKET_HISTORY.csv,-120,11.5,288628,-120,11.5,2026-09-02 03:08:27.478850+00:00,0,0.0,0.5454545454545454,0.5454545454545454,0.0,0.0,9,total,under,True,False,False,SGO,11.5,SGO,1,False
2d7536dbc5a92a909f419ec55b9c6fb1,baltimore orioles,colorado rockies,fanduel,h2h,Baltimore Orioles,,,,,,pregame,2026-09-02 19:11:00+00:00,-162,,2026-09-02 12:03:02.767951+00:00,2026-09-02 12:02:37+00:00,,MLB_ODDS_API_MARKET_HISTORY.csv,-162,,6342,-162,,2026-09-02 03:08:28.143076+00:00,0,,0.6183206106870229,0.6183206106870229,0.0,0.0,9,moneyline,baltimore orioles,True,False,False,ODDS_API,,"ODDS_API,SGO",2,True
2d7536dbc5a92a909f419ec55b9c6fb1,baltimore orioles,colorado rockies,fanduel,h2h,Colorado Rockies,,,,,,pregame,2026-09-02 19:11:00+00:00,136,,2026-09-02 12:03:02.767951+00:00,2026-09-02 12:02:37+00:00,,MLB_ODDS_API_MARKET_HISTORY.csv,136,,6343,136,,2026-09-02 03:08:28.143084+00:00,0,,0.423728813559322,0.423728813559322,0.0,0.0,9,moneyline,colorado rockies,True,False,False,ODDS_API,,"ODDS_API,SGO",2,True
2d7536dbc5a92a909f419ec55b9c6fb1,baltimore orioles,colorado rockies,fanduel,spreads,Baltimore Orioles,,,,,,pregame,2026-09-02 19:11:00+00:00,-104,-1.5,2026-09-02 12:03:02.767951+00:00,2026-09-02 12:02:37+00:00,,MLB_ODDS_API_MARKET_HISTORY.csv,-104,-1.5,6344,-110,-1.5,2026-09-02 03:08:28.143092+00:00,6,0.0,0.5238095238095238,0.5098039215686274,-1.400560224089642,1.400560224089642,9,spread,baltimore orioles,True,True,False,ODDS_API,-1.5,"ODDS_API,SGO",2,True
2d7536dbc5a92a909f419ec55b9c6fb1,baltimore orioles,colorado rockies,fanduel,spreads,Colorado Rockies,,,,,,pregame,2026-09-02 19:11:00+00:00,-115,1.5,2026-09-02 12:03:02.767951+00:00,2026-09-02 12:02:37+00:00,,MLB_ODDS_API_MARKET_HISTORY.csv,-115,1.5,6345,-110,1.5,2026-09-02 03:08:28.143100+00:00,-5,0.0,0.5238095238095238,0.5348837209302325,1.107419712070867,1.107419712070867,9,spread,colorado rockies,True,True,False,ODDS_API,1.5,"ODDS_API,SGO",2,True
rGCp4vB2UEmVB13bQLfB,baltimore orioles,colorado rockies,fanduel,ou,over,,,points,points-home-game-ou-over,game,pregame,2026-09-02 19:10:00+00:00,-122,4.5,2026-09-02 12:03:02.122557+00:00,2026-09-02 11:59:36.693000+00:00,1.0,MLB_SGO_MARKET_HISTORY.csv,-122,4.5,288697,-122,4.5,2026-09-02 03:08:27.478990+00:00,0,0.0,0.5495495495495496,0.5495495495495496,0.0,0.0,9,total,over,True,False,False,SGO,4.5,SGO,1,False
rGCp4vB2UEmVB13bQLfB,baltimore orioles,colorado rockies,fanduel,ou,over,,,points,points-away-game-ou-over,game,pregame,2026-09-02 19:10:00+00:00,106,6.5,2026-09-02 12:03:02.122557+00:00,2026-09-02 11:17:44.229000+00:00,0.0,MLB_SGO_MARKET_HISTORY.csv,106,6.5,288676,106,6.5,2026-09-02 03:08:27.478955+00:00,0,0.0,0.4854368932038835,0.4854368932038835,0.0,0.0,9,total,over,True,False,False,SGO,6.5,SGO,1,False
2d7536dbc5a92a909f419ec55b9c6fb1,baltimore orioles,colorado rockies,fanduel,totals,Over,,,,,,pregame,2026-09-02 19:11:00+00:00,100,11.5,2026-09-02 12:03:02.767951+00:00,2026-09-02 12:02:37+00:00,,MLB_ODDS_API_MARKET_HISTORY.csv,100,11.5,6346,-122,11.0,2026-09-02 03:08:28.143108+00:00,222,0.5,0.5495495495495496,0.5,-4.95495495495496,4.95495495495496,9,total,over,True,True,True,ODDS_API,11.5,"ODDS_API,SGO",2,True
rGCp4vB2UEmVB13bQLfB,baltimore orioles,colorado rockies,fanduel,ou,under,,,points,points-home-game-ou-under,game,pregame,2026-09-02 19:10:00+00:00,-104,4.5,2026-09-02 12:03:02.122557+00:00,2026-09-02 11:59:36.693000+00:00,1.0,MLB_SGO_MARKET_HISTORY.csv,-104,4.5,288702,-104,4.5,2026-09-02 03:08:27.478999+00:00,0,0.0,0.5098039215686274,0.5098039215686274,0.0,0.0,9,total,under,True,False,False,SGO,4.5,SGO,1,False
rGCp4vB2UEmVB13bQLfB,baltimore orioles,colorado rockies,fanduel,ou,under,,,points,points-away-game-ou-under,game,pregame,2026-09-02 19:10:00+00:00,-136,6.5,2026-09-02 12:03:02.122557+00:00,2026-09-02 11:17:44.229000+00:00,0.0,MLB_SGO_MARKET_HISTORY.csv,-136,6.5,288681,-136,6.5,2026-09-02 03:08:27.478964+00:00,0,0.0,0.576271186440678,0.576271186440678,0.0,0.0,9,total,under,True,False,False,SGO,6.5,SGO,1,False
2d7536dbc5a92a909f419ec55b9c6fb1,baltimore orioles,colorado rockies,fanduel,totals,Under,,,,,,pregame,2026-09-02 19:11:00+00:00,-122,11.5,2026-09-02 12:03:02.767951+00:00,2026-09-02 12:02:37+00:00,,MLB_ODDS_API_MARKET_HISTORY.csv,-122,11.5,6347,100,11.0,2026-09-02 03:08:28.143117+00:00,-222,0.5,0.5,0.5495495495495496,4.95495495495496,4.95495495495496,9,total,under,True,True,True,ODDS_API,11.5,"ODDS_API,SGO",2,True
2d7536dbc5a92a909f419ec55b9c6fb1,baltimore orioles,colorado rockies,lowvig,h2h,Baltimore Orioles,,,,,,pregame,2026-09-02 19:11:00+00:00,-158,,2026-09-02 12:03:02.767951+00:00,2026-09-02 12:02:13+00:00,,MLB_ODDS_API_MARKET_HISTORY.csv,-158,,6360,-152,,2026-09-02 03:08:28.143223+00:00,-6,,0.6031746031746031,0.6124031007751938,0.9228497600590636,0.9228497600590636,9,moneyline,baltimore orioles,True,True,False,ODDS_API,,ODDS_API,1,False
2d7536dbc5a92a909f419ec55b9c6fb1,baltimore orioles,colorado rockies,lowvig,h2h,Colorado Rockies,,,,,,pregame,2026-09-02 19:11:00+00:00,143,,2026-09-02 12:03:02.767951+00:00,2026-09-02 12:02:13+00:00,,MLB_ODDS_API_MARKET_HISTORY.csv,143,,6361,138,,2026-09-02 03:08:28.143231+00:00,5,,0.4201680672268907,0.411522633744856,-0.8645433482034781,0.8645433482034781,9,moneyline,colorado rockies,True,True,False,ODDS_API,,ODDS_API,1,False
2d7536dbc5a92a909f419ec55b9c6fb1,baltimore orioles,colorado rockies,lowvig,spreads,Baltimore Orioles,,,,,,pregame,2026-09-02 19:11:00+00:00,-105,-1.5,2026-09-02 12:03:02.767951+00:00,2026-09-02 12:02:13+00:00,,MLB_ODDS_API_MARKET_HISTORY.csv,-105,-1.5,6362,-102,-1.5,2026-09-02 03:08:28.143239+00:00,-3,0.0,0.504950495049505,0.5121951219512195,0.7244626901714568,0.7244626901714568,9,spread,baltimore orioles,True,True,False,ODDS_API,-1.5,ODDS_API,1,False
2d7536dbc5a92a909f419ec55b9c6fb1,baltimore orioles,colorado rockies,lowvig,spreads,Colorado Rockies,,,,,,pregame,2026-09-02 19:11:00+00:00,-109,1.5,2026-09-02 12:03:02.767951+00:00,2026-09-02 12:02:13+00:00,,MLB_ODDS_API_MARKET_HISTORY.csv,-109,1.5,6363,-112,1.5,2026-09-02 03:08:28.143247+00:00,3,0.0,0.5283018867924528,0.5215311004784688,-0.6770786313983979,0.6770786313983979,9,spread,colorado rockies,True,True,False,ODDS_API,1.5,ODDS_API,1,False
2d7536dbc5a92a909f419ec55b9c6fb1,baltimore orioles,colorado rockies,lowvig,totals,Over,,,,,,pregame,2026-09-02 19:11:00+00:00,103,11.5,2026-09-02 12:03:02.767951+00:00,2026-09-02 12:02:13+00:00,,MLB_ODDS_API_MARKET_HISTORY.csv,103,11.5,6364,-102,11.5,2026-09-02 03:08:28.143255+00:00,205,0.0,0.504950495049505,0.4926108374384236,-1.23396576110813,1.23396576110813,9,total,over,True,True,False,ODDS_API,11.5,ODDS_API,1,False
2d7536dbc5a92a909f419ec55b9c6fb1,baltimore orioles,colorado rockies,lowvig,totals,Under,,,,,,pregame,2026-09-02 19:11:00+00:00,-118,11.5,2026-09-02 12:03:02.767951+00:00,2026-09-02 12:02:13+00:00,,MLB_ODDS_API_MARKET_HISTORY.csv,-118,11.5,6365,-113,11.5,2026-09-02 03:08:28.143264+00:00,-5,0.0,0.5305164319248826,0.5412844036697247,1.076797174484212,1.076797174484212,9,total,under,True,True,False,ODDS_API,11.5,ODDS_API,1,False
2d7536dbc5a92a909f419ec55b9c6fb1,baltimore orioles,colorado rockies,mybookieag,h2h,Baltimore Orioles,,,,,,pregame,2026-09-02 19:11:00+00:00,-163,,2026-09-02 12:03:02.767951+00:00,2026-09-02 12:02:37+00:00,,MLB_ODDS_API_MARKET_HISTORY.csv,-163,,6348,-161,,2026-09-02 03:08:28.143125+00:00,-2,,0.6168582375478927,0.6197718631178707,0.2913625569977984,0.2913625569977984,9,moneyline,baltimore orioles,True,True,False,ODDS_API,,ODDS_API,1,False
2d7536dbc5a92a909f419ec55b9c6fb1,baltimore orioles,colorado rockies,mybookieag,h2h,Colorado Rockies,,,,,,pregame,2026-09-02 19:11:00+00:00,138,,2026-09-02 12:03:02.767951+00:00,2026-09-02 12:02:37+00:00,,MLB_ODDS_API_MARKET_HISTORY.csv,138,,6349,137,,2026-09-02 03:08:28.143133+00:00,1,,0.4219409282700422,0.4201680672268907,-0.1772861043151441,0.1772861043151441,9,moneyline,colorado rockies,True,True,False,ODDS_API,,ODDS_API,1,False
2d7536dbc5a92a909f419ec55b9c6fb1,baltimore orioles,colorado rockies,mybookieag,spreads,Baltimore Orioles,,,,,,pregame,2026-09-02 19:11:00+00:00,-105,-1.5,2026-09-02 12:03:02.767951+00:00,2026-09-02 12:02:37+00:00,,MLB_ODDS_API_MARKET_HISTORY.csv,-105,-1.5,6350,-107,-1.5,2026-09-02 03:08:28.143141+00:00,2,0.0,0.5169082125603864,0.5121951219512195,-0.4713090609166914,0.4713090609166914,9,spread,baltimore orioles,True,True,False,ODDS_API,-1.5,ODDS_API,1,False
2d7536dbc5a92a909f419ec55b9c6fb1,baltimore orioles,colorado rockies,mybookieag,spreads,Colorado Rockies,,,,,,pregame,2026-09-02 19:11:00+00:00,-111,1.5,2026-09-02 12:03:02.767951+00:00,2026-09-02 12:02:37+00:00,,MLB_ODDS_API_MARKET_HISTORY.csv,-111,1.5,6351,-110,1.5,2026-09-02 03:08:28.143149+00:00,-1,0.0,0.5238095238095238,0.5260663507109005,0.2256826901376629,0.2256826901376629,9,spread,colorado rockies,True,True,False,ODDS_API,1.5,ODDS_API,1,False
2d7536dbc5a92a909f419ec55b9c6fb1,baltimore orioles,colorado rockies,mybookieag,totals,Over,,,,,,pregame,2026-09-02 19:11:00+00:00,-119,11.0,2026-09-02 12:03:02.767951+00:00,2026-09-02 12:02:37+00:00,,MLB_ODDS_API_MARKET_HISTORY.csv,-119,11.0,6352,-117,11.0,2026-09-02 03:08:28.143157+00:00,-2,0.0,0.5391705069124424,0.54337899543379,0.4208488521347586,0.4208488521347586,9,total,over,True,True,False,ODDS_API,11.0,ODDS_API,1,False
2d7536dbc5a92a909f419ec55b9c6fb1,baltimore orioles,colorado rockies,mybookieag,totals,Under,,,,,,pregame,2026-09-02 19:11:00+00:00,-103,11.0,2026-09-02 12:03:02.767951+00:00,2026-09-02 12:02:37+00:00,,MLB_ODDS_API_MARKET_HISTORY.csv,-103,11.0,6353,-104,11.0,2026-09-02 03:08:28.143166+00:00,1,0.0,0.5098039215686274,0.5073891625615764,-0.2414759007051015,0.2414759007051015,9,total,under,True,True,False,ODDS_API,11.0,ODDS_API,1,False
rGCp4vB2UEmVB13bQLfB,baltimore orioles,colorado rockies,pointsbet,ml,away,,,points,points-away-game-ml-away,game,pregame,2026-09-02 19:10:00+00:00,-159,,2026-09-02 12:03:02.122557+00:00,2026-09-02 11:59:13.272000+00:00,1.0,MLB_SGO_MARKET_HISTORY.csv,-159,,288599,-159,,2026-09-02 03:08:27.478772+00:00,0,,0.6138996138996139,0.6138996138996139,0.0,0.0,9,moneyline,baltimore orioles,True,False,False,SGO,,SGO,1,False
rGCp4vB2UEmVB13bQLfB,baltimore orioles,colorado rockies,pointsbet,ml,home,,,points,points-home-game-ml-home,game,pregame,2026-09-02 19:10:00+00:00,135,,2026-09-02 12:03:02.122557+00:00,2026-09-02 11:59:13.272000+00:00,1.0,MLB_SGO_MARKET_HISTORY.csv,135,,288608,135,,2026-09-02 03:08:27.478796+00:00,0,,0.425531914893617,0.425531914893617,0.0,0.0,9,moneyline,colorado rockies,True,False,False,SGO,,SGO,1,False
rGCp4vB2UEmVB13bQLfB,baltimore orioles,colorado rockies,pointsbet,sp,away,,,points,points-away-game-sp-away,game,pregame,2026-09-02 19:10:00+00:00,-111,-1.5,2026-09-02 12:03:02.122557+00:00,2026-09-02 11:59:13.272000+00:00,1.0,MLB_SGO_MARKET_HISTORY.csv,-111,-1.5,288633,-111,-1.5,2026-09-02 03:08:27.478864+00:00,0,0.0,0.5260663507109005,0.5260663507109005,0.0,0.0,9,spread,baltimore orioles,True,False,False,SGO,-1.5,SGO,1,False
rGCp4vB2UEmVB13bQLfB,baltimore orioles,colorado rockies,pointsbet,sp,home,,,points,points-home-game-sp-home,game,pregame,2026-09-02 19:10:00+00:00,-111,1.5,2026-09-02 12:03:02.122557+00:00,2026-09-02 11:59:13.272000+00:00,1.0,MLB_SGO_MARKET_HISTORY.csv,-111,1.5,288641,-111,1.5,2026-09-02 03:08:27.478885+00:00,0,0.0,0.5260663507109005,0.5260663507109005,0.0,0.0,9,spread,colorado rockies,True,False,False,SGO,1.5,SGO,1,False
rGCp4vB2UEmVB13bQLfB,baltimore orioles,colorado rockies,pointsbet,ou,over,,,points,points-all-game-ou-over,game,pregame,2026-09-02 19:10:00+00:00,-105,11.5,2026-09-02 12:03:02.122557+00:00,2026-09-02 03:21:13.986000+00:00,0.0,MLB_SGO_MARKET_HISTORY.csv,-105,11.5,288617,-105,11.5,2026-09-02 03:08:27.478820+00:00,0,0.0,0.5121951219512195,0.5121951219512195,0.0,0.0,9,total,over,True,False,False,SGO,11.5,SGO,1,False
rGCp4vB2UEmVB13bQLfB,baltimore orioles,colorado rockies,pointsbet,ou,under,,,points,points-all-game-ou-under,game,pregame,2026-09-02 19:10:00+00:00,-115,11.5,2026-09-02 12:03:02.122557+00:00,2026-09-02 03:21:13.986000+00:00,0.0,MLB_SGO_MARKET_HISTORY.csv,-115,11.5,288625,-115,11.5,2026-09-02 03:08:27.478842+00:00,0,0.0,0.5348837209302325,0.5348837209302325,0.0,0.0,9,total,under,True,False,False,SGO,11.5,SGO,1,False
rGCp4vB2UEmVB13bQLfB,baltimore orioles,colorado rockies,unibet,ml,away,,,points,points-away-game-ml-away,game,pregame,2026-09-02 19:10:00+00:00,-167,,2026-09-02 12:03:02.122557+00:00,2026-09-02 11:59:34.272000+00:00,1.0,MLB_SGO_MARKET_HISTORY.csv,-167,,288600,-162,,2026-09-02 03:08:27.478775+00:00,-5,,0.6183206106870229,0.6254681647940075,0.7147554106984533,0.7147554106984533,9,moneyline,baltimore orioles,True,True,False,SGO,,SGO,1,False
rGCp4vB2UEmVB13bQLfB,baltimore orioles,colorado rockies,unibet,ml,home,,,points,points-home-game-ml-home,game,pregame,2026-09-02 19:10:00+00:00,135,,2026-09-02 12:03:02.122557+00:00,2026-09-02 11:59:34.272000+00:00,1.0,MLB_SGO_MARKET_HISTORY.csv,135,,288609,132,,2026-09-02 03:08:27.478799+00:00,3,,0.4310344827586206,0.425531914893617,-0.5502567865003638,0.5502567865003638,9,moneyline,colorado rockies,True,True,False,SGO,,SGO,1,False
rGCp4vB2UEmVB13bQLfB,baltimore orioles,colorado rockies,unibet,sp,away,,,points,points-away-game-sp-away,game,pregame,2026-09-02 19:10:00+00:00,-108,-1.5,2026-09-02 12:03:02.122557+00:00,2026-09-02 11:59:13.272000+00:00,1.0,MLB_SGO_MARKET_HISTORY.csv,-108,-1.5,288639,-103,-1.5,2026-09-02 03:08:27.478880+00:00,-5,0.0,0.5073891625615764,0.5192307692307693,1.1841606669192872,1.1841606669192872,9,spread,baltimore orioles,True,True,False,SGO,-1.5,SGO,1,False
rGCp4vB2UEmVB13bQLfB,baltimore orioles,colorado rockies,unibet,sp,home,,,points,points-home-game-sp-home,game,pregame,2026-09-02 19:10:00+00:00,-113,1.5,2026-09-02 12:03:02.122557+00:00,2026-09-02 11:59:13.272000+00:00,1.0,MLB_SGO_MARKET_HISTORY.csv,-113,1.5,288647,-118,1.5,2026-09-02 03:08:27.478901+00:00,5,0.0,0.5412844036697247,0.5305164319248826,-1.076797174484212,1.076797174484212,9,spread,colorado rockies,True,True,False,SGO,1.5,SGO,1,False
rGCp4vB2UEmVB13bQLfB,baltimore orioles,colorado rockies,unibet,ou,over,,,points,points-all-game-ou-over,game,pregame,2026-09-02 19:10:00+00:00,-107,11.5,2026-09-02 12:03:02.122557+00:00,2026-09-02 09:26:11.757000+00:00,0.0,MLB_SGO_MARKET_HISTORY.csv,-107,11.5,288623,-105,11.5,2026-09-02 03:08:27.478837+00:00,-2,0.0,0.5121951219512195,0.5169082125603864,0.4713090609166914,0.4713090609166914,9,total,over,True,True,False,SGO,11.5,SGO,1,False
rGCp4vB2UEmVB13bQLfB,baltimore orioles,colorado rockies,unibet,ou,under,,,points,points-all-game-ou-under,game,pregame,2026-09-02 19:10:00+00:00,-114,11.5,2026-09-02 12:03:02.122557+00:00,2026-09-02 09:26:11.757000+00:00,0.0,MLB_SGO_MARKET_HISTORY.csv,-114,11.5,288631,-120,11.5,2026-09-02 03:08:27.478858+00:00,6,0.0,0.5454545454545454,0.5327102803738317,-1.274426508071369,1.274426508071369,9,total,under,True,True,False,SGO,11.5,SGO,1,False
rGCp4vB2UEmVB13bQLfB,baltimore orioles,colorado rockies,williamhill,ml,away,,,points,points-away-game-ml-away,game,pregame,2026-09-02 19:10:00+00:00,-162,,2026-09-02 12:03:02.122557+00:00,2026-09-02 11:59:33.272000+00:00,1.0,MLB_SGO_MARKET_HISTORY.csv,-162,,288606,-162,,2026-09-02 03:08:27.478791+00:00,0,,0.6183206106870229,0.6183206106870229,0.0,0.0,9,moneyline,baltimore orioles,True,False,False,SGO,,SGO,1,False
rGCp4vB2UEmVB13bQLfB,baltimore orioles,colorado rockies,williamhill,ml,home,,,points,points-home-game-ml-home,game,pregame,2026-09-02 19:10:00+00:00,130,,2026-09-02 12:03:02.122557+00:00,2026-09-02 11:59:33.272000+00:00,1.0,MLB_SGO_MARKET_HISTORY.csv,130,,288615,130,,2026-09-02 03:08:27.478815+00:00,0,,0.4347826086956521,0.4347826086956521,0.0,0.0,9,moneyline,colorado rockies,True,False,False,SGO,,SGO,1,False
b27b102032634f4f3dc542889c7d62e9,boston red sox,baltimore orioles,betmgm,h2h,Baltimore Orioles,,,,,,pregame,2026-09-03 23:15:00+00:00,110,,2026-09-03 05:14:09.061795+00:00,2026-09-03 05:13:16+00:00,,MLB_ODDS_API_MARKET_HISTORY.csv,110,,7682,110,,2026-09-03 05:13:57.019887+00:00,0,,0.4761904761904761,0.4761904761904761,0.0,0.0,2,moneyline,baltimore orioles,True,False,False,ODDS_API,,"ODDS_API,SGO",2,True
b27b102032634f4f3dc542889c7d62e9,boston red sox,baltimore orioles,betmgm,h2h,Boston Red Sox,,,,,,pregame,2026-09-03 23:15:00+00:00,-135,,2026-09-03 05:14:09.061799+00:00,2026-09-03 05:13:16+00:00,,MLB_ODDS_API_MARKET_HISTORY.csv,-135,,7683,-135,,2026-09-03 05:13:57.019887+00:00,0,,0.574468085106383,0.574468085106383,0.0,0.0,2,moneyline,boston red sox,True,False,False,ODDS_API,,"ODDS_API,SGO",2,True
b27b102032634f4f3dc542889c7d62e9,boston red sox,baltimore orioles,betmgm,spreads,Baltimore Orioles,,,,,,pregame,2026-09-03 23:15:00+00:00,-155,1.5,2026-09-03 05:14:09.061803+00:00,2026-09-03 05:13:16+00:00,,MLB_ODDS_API_MARKET_HISTORY.csv,-155,1.5,7684,-155,1.5,2026-09-03 05:13:57.019887+00:00,0,0.0,0.6078431372549019,0.6078431372549019,0.0,0.0,2,spread,baltimore orioles,True,False,False,ODDS_API,1.5,"ODDS_API,SGO",2,True
b27b102032634f4f3dc542889c7d62e9,boston red sox,baltimore orioles,betmgm,spreads,Boston Red Sox,,,,,,pregame,2026-09-03 23:15:00+00:00,125,-1.5,2026-09-03 05:14:09.061807+00:00,2026-09-03 05:13:16+00:00,,MLB_ODDS_API_MARKET_HISTORY.csv,125,-1.5,7685,125,-1.5,2026-09-03 05:13:57.019887+00:00,0,0.0,0.4444444444444444,0.4444444444444444,0.0,0.0,2,spread,boston red sox,True,False,False,ODDS_API,-1.5,"ODDS_API,SGO",2,True
b27b102032634f4f3dc542889c7d62e9,boston red sox,baltimore orioles,betmgm,totals,Over,,,,,,pregame,2026-09-03 23:15:00+00:00,-102,8.5,2026-09-03 05:14:09.061810+00:00,2026-09-03 05:13:16+00:00,,MLB_ODDS_API_MARKET_HISTORY.csv,-102,8.5,7686,-102,8.5,2026-09-03 05:13:57.019887+00:00,0,0.0,0.504950495049505,0.504950495049505,0.0,0.0,2,total,over,True,False,False,ODDS_API,8.5,"ODDS_API,SGO",2,True
b27b102032634f4f3dc542889c7d62e9,boston red sox,baltimore orioles,betmgm,totals,Under,,,,,,pregame,2026-09-03 23:15:00+00:00,-118,8.5,2026-09-03 05:14:09.061814+00:00,2026-09-03 05:13:16+00:00,,MLB_ODDS_API_MARKET_HISTORY.csv,-118,8.5,7687,-118,8.5,2026-09-03 05:13:57.019887+00:00,0,0.0,0.5412844036697247,0.5412844036697247,0.0,0.0,2,total,under,True,False,False,ODDS_API,8.5,"ODDS_API,SGO",2,True
b27b102032634f4f3dc542889c7d62e9,boston red sox,baltimore orioles,betonlineag,h2h,Baltimore Orioles,,,,,,pregame,2026-09-03 23:15:00+00:00,120,,2026-09-03 05:14:09.061840+00:00,2026-09-03 05:13:35+00:00,,MLB_ODDS_API_MARKET_HISTORY.csv,120,,7694,120,,2026-09-03 05:13:57.019887+00:00,0,,0.4545454545454545,0.4545454545454545,0.0,0.0,2,moneyline,baltimore orioles,True,False,False,ODDS_API,,ODDS_API,1,False
b27b102032634f4f3dc542889c7d62e9,boston red sox,baltimore orioles,betonlineag,h2h,Boston Red Sox,,,,,,pregame,2026-09-03 23:15:00+00:00,-132,,2026-09-03 05:14:09.061843+00:00,2026-09-03 05:13:35+00:00,,MLB_ODDS_API_MARKET_HISTORY.csv,-132,,7695,-132,,2026-09-03 05:13:57.019887+00:00,0,,0.5689655172413793,0.5689655172413793,0.0,0.0,2,moneyline,boston red sox,True,False,False,ODDS_API,,ODDS_API,1,False
b27b102032634f4f3dc542889c7d62e9,boston red sox,baltimore orioles,betonlineag,spreads,Baltimore Orioles,,,,,,pregame,2026-09-03 23:15:00+00:00,-147,1.5,2026-09-03 05:14:09.061847+00:00,2026-09-03 05:13:35+00:00,,MLB_ODDS_API_MARKET_HISTORY.csv,-147,1.5,7696,-147,1.5,2026-09-03 05:13:57.019887+00:00,0,0.0,0.5951417004048583,0.5951417004048583,0.0,0.0,2,spread,baltimore orioles,True,False,False,ODDS_API,1.5,ODDS_API,1,False
b27b102032634f4f3dc542889c7d62e9,boston red sox,baltimore orioles,betonlineag,spreads,Boston Red Sox,,,,,,pregame,2026-09-03 23:15:00+00:00,127,-1.5,2026-09-03 05:14:09.061851+00:00,2026-09-03 05:13:35+00:00,,MLB_ODDS_API_MARKET_HISTORY.csv,127,-1.5,7697,127,-1.5,2026-09-03 05:13:57.019887+00:00,0,0.0,0.4405286343612334,0.4405286343612334,0.0,0.0,2,spread,boston red sox,True,False,False,ODDS_API,-1.5,ODDS_API,1,False
b27b102032634f4f3dc542889c7d62e9,boston red sox,baltimore orioles,betonlineag,totals,Over,,,,,,pregame,2026-09-03 23:15:00+00:00,-106,8.5,2026-09-03 05:14:09.061854+00:00,2026-09-03 05:13:35+00:00,,MLB_ODDS_API_MARKET_HISTORY.csv,-106,8.5,7698,-106,8.5,2026-09-03 05:13:57.019887+00:00,0,0.0,0.5145631067961165,0.5145631067961165,0.0,0.0,2,total,over,True,False,False,ODDS_API,8.5,ODDS_API,1,False
b27b102032634f4f3dc542889c7d62e9,boston red sox,baltimore orioles,betonlineag,totals,Under,,,,,,pregame,2026-09-03 23:15:00+00:00,-114,8.5,2026-09-03 05:14:09.061858+00:00,2026-09-03 05:13:35+00:00,,MLB_ODDS_API_MARKET_HISTORY.csv,-114,8.5,7699,-114,8.5,2026-09-03 05:13:57.019887+00:00,0,0.0,0.5327102803738317,0.5327102803738317,0.0,0.0,2,total,under,True,False,False,ODDS_API,8.5,ODDS_API,1,False
b27b102032634f4f3dc542889c7d62e9,boston red sox,baltimore orioles,betrivers,h2h,Baltimore Orioles,,,,,,pregame,2026-09-03 23:15:00+00:00,102,,2026-09-03 05:14:09.061818+00:00,2026-09-03 05:13:36+00:00,,MLB_ODDS_API_MARKET_HISTORY.csv,102,,7688,102,,2026-09-03 05:13:57.019887+00:00,0,,0.495049504950495,0.495049504950495,0.0,0.0,2,moneyline,baltimore orioles,True,False,False,ODDS_API,,ODDS_API,1,False
b27b102032634f4f3dc542889c7d62e9,boston red sox,baltimore orioles,betrivers,h2h,Boston Red Sox,,,,,,pregame,2026-09-03 23:15:00+00:00,-122,,2026-09-03 05:14:09.061821+00:00,2026-09-03 05:13:36+00:00,,MLB_ODDS_API_MARKET_HISTORY.csv,-122,,7689,-122,,2026-09-03 05:13:57.019887+00:00,0,,0.5495495495495496,0.5495495495495496,0.0,0.0,2,moneyline,boston red sox,True,False,False,ODDS_API,,ODDS_API,1,False
b27b102032634f4f3dc542889c7d62e9,boston red sox,baltimore orioles,betrivers,spreads,Baltimore Orioles,,,,,,pregame,2026-09-03 23:15:00+00:00,-165,1.5,2026-09-03 05:14:09.061825+00:00,2026-09-03 05:13:36+00:00,,MLB_ODDS_API_MARKET_HISTORY.csv,-165,1.5,7690,-165,1.5,2026-09-03 05:13:57.019887+00:00,0,0.0,0.6226415094339622,0.6226415094339622,0.0,0.0,2,spread,baltimore orioles,True,False,False,ODDS_API,1.5,ODDS_API,1,False
b27b102032634f4f3dc542889c7d62e9,boston red sox,baltimore orioles,betrivers,spreads,Boston Red Sox,,,,,,pregame,2026-09-03 23:15:00+00:00,135,-1.5,2026-09-03 05:14:09.061829+00:00,2026-09-03 05:13:36+00:00,,MLB_ODDS_API_MARKET_HISTORY.csv,135,-1.5,7691,135,-1.5,2026-09-03 05:13:57.019887+00:00,0,0.0,0.425531914893617,0.425531914893617,0.0,0.0,2,spread,boston red sox,True,False,False,ODDS_API,-1.5,ODDS_API,1,False
b27b102032634f4f3dc542889c7d62e9,boston red sox,baltimore orioles,betrivers,totals,Over,,,,,,pregame,2026-09-03 23:15:00+00:00,-127,8.0,2026-09-03 05:14:09.061833+00:00,2026-09-03 05:13:36+00:00,,MLB_ODDS_API_MARKET_HISTORY.csv,-127,8.0,7692,-127,8.0,2026-09-03 05:13:57.019887+00:00,0,0.0,0.5594713656387665,0.5594713656387665,0.0,0.0,2,total,over,True,False,False,ODDS_API,8.0,ODDS_API,1,False
b27b102032634f4f3dc542889c7d62e9,boston red sox,baltimore orioles,betrivers,totals,Under,,,,,,pregame,2026-09-03 23:15:00+00:00,-112,8.0,2026-09-03 05:14:09.061836+00:00,2026-09-03 05:13:36+00:00,,MLB_ODDS_API_MARKET_HISTORY.csv,-112,8.0,7693,-112,8.0,2026-09-03 05:13:57.019887+00:00,0,0.0,0.5283018867924528,0.5283018867924528,0.0,0.0,2,total,under,True,False,False,ODDS_API,8.0,ODDS_API,1,False
b27b102032634f4f3dc542889c7d62e9,boston red sox,baltimore orioles,betus,h2h,Baltimore Orioles,,,,,,pregame,2026-09-03 23:15:00+00:00,120,,2026-09-03 05:14:09.061884+00:00,2026-09-03 05:13:17+00:00,,MLB_ODDS_API_MARKET_HISTORY.csv,120,,7706,120,,2026-09-03 05:13:57.019887+00:00,0,,0.4545454545454545,0.4545454545454545,0.0,0.0,2,moneyline,baltimore orioles,True,False,False,ODDS_API,,ODDS_API,1,False
b27b102032634f4f3dc542889c7d62e9,boston red sox,baltimore orioles,betus,h2h,Boston Red Sox,,,,,,pregame,2026-09-03 23:15:00+00:00,-132,,2026-09-03 05:14:09.061888+00:00,2026-09-03 05:13:17+00:00,,MLB_ODDS_API_MARKET_HISTORY.csv,-132,,7707,-132,,2026-09-03 05:13:57.019887+00:00,0,,0.5689655172413793,0.5689655172413793,0.0,0.0,2,moneyline,boston red sox,True,False,False,ODDS_API,,ODDS_API,1,False
b27b102032634f4f3dc542889c7d62e9,boston red sox,baltimore orioles,betus,spreads,Baltimore Orioles,,,,,,pregame,2026-09-03 23:15:00+00:00,-145,1.5,2026-09-03 05:14:09.061892+00:00,2026-09-03 05:13:17+00:00,,MLB_ODDS_API_MARKET_HISTORY.csv,-145,1.5,7708,-145,1.5,2026-09-03 05:13:57.019887+00:00,0,0.0,0.5918367346938775,0.5918367346938775,0.0,0.0,2,spread,baltimore orioles,True,False,False,ODDS_API,1.5,ODDS_API,1,False
b27b102032634f4f3dc542889c7d62e9,boston red sox,baltimore orioles,betus,spreads,Boston Red Sox,,,,,,pregame,2026-09-03 23:15:00+00:00,125,-1.5,2026-09-03 05:14:09.061895+00:00,2026-09-03 05:13:17+00:00,,MLB_ODDS_API_MARKET_HISTORY.csv,125,-1.5,7709,125,-1.5,2026-09-03 05:13:57.019887+00:00,0,0.0,0.4444444444444444,0.4444444444444444,0.0,0.0,2,spread,boston red sox,True,False,False,ODDS_API,-1.5,ODDS_API,1,False
b27b102032634f4f3dc542889c7d62e9,boston red sox,baltimore orioles,betus,totals,Over,,,,,,pregame,2026-09-03 23:15:00+00:00,-105,8.5,2026-09-03 05:14:09.061899+00:00,2026-09-03 05:13:17+00:00,,MLB_ODDS_API_MARKET_HISTORY.csv,-105,8.5,7710,-105,8.5,2026-09-03 05:13:57.019887+00:00,0,0.0,0.5121951219512195,0.5121951219512195,0.0,0.0,2,total,over,True,False,False,ODDS_API,8.5,ODDS_API,1,False
b27b102032634f4f3dc542889c7d62e9,boston red sox,baltimore orioles,betus,totals,Under,,,,,,pregame,2026-09-03 23:15:00+00:00,-115,8.5,2026-09-03 05:14:09.061903+00:00,2026-09-03 05:13:17+00:00,,MLB_ODDS_API_MARKET_HISTORY.csv,-115,8.5,7711,-115,8.5,2026-09-03 05:13:57.019887+00:00,0,0.0,0.5348837209302325,0.5348837209302325,0.0,0.0,2,total,under,True,False,False,ODDS_API,8.5,ODDS_API,1,False
b27b102032634f4f3dc542889c7d62e9,boston red sox,baltimore orioles,bovada,h2h,Baltimore Orioles,,,,,,pregame,2026-09-03 23:15:00+00:00,109,,2026-09-03 05:14:09.061729+00:00,2026-09-03 05:12:40+00:00,,MLB_ODDS_API_MARKET_HISTORY.csv,109,,7664,109,,2026-09-03 05:13:57.019887+00:00,0,,0.4784688995215311,0.4784688995215311,0.0,0.0,2,moneyline,baltimore orioles,True,False,False,ODDS_API,,"ODDS_API,SGO",2,True
b27b102032634f4f3dc542889c7d62e9,boston red sox,baltimore orioles,bovada,h2h,Boston Red Sox,,,,,,pregame,2026-09-03 23:15:00+00:00,-131,,2026-09-03 05:14:09.061733+00:00,2026-09-03 05:12:40+00:00,,MLB_ODDS_API_MARKET_HISTORY.csv,-131,,7665,-131,,2026-09-03 05:13:57.019887+00:00,0,,0.5670995670995671,0.5670995670995671,0.0,0.0,2,moneyline,boston red sox,True,False,False,ODDS_API,,"ODDS_API,SGO",2,True
b27b102032634f4f3dc542889c7d62e9,boston red sox,baltimore orioles,bovada,spreads,Baltimore Orioles,,,,,,pregame,2026-09-03 23:15:00+00:00,-160,1.5,2026-09-03 05:14:09.061736+00:00,2026-09-03 05:12:40+00:00,,MLB_ODDS_API_MARKET_HISTORY.csv,-160,1.5,7666,-160,1.5,2026-09-03 05:13:57.019887+00:00,0,0.0,0.6153846153846154,0.6153846153846154,0.0,0.0,2,spread,baltimore orioles,True,False,False,ODDS_API,1.5,"ODDS_API,SGO",2,True
b27b102032634f4f3dc542889c7d62e9,boston red sox,baltimore orioles,bovada,spreads,Boston Red Sox,,,,,,pregame,2026-09-03 23:15:00+00:00,135,-1.5,2026-09-03 05:14:09.061740+00:00,2026-09-03 05:12:40+00:00,,MLB_ODDS_API_MARKET_HISTORY.csv,135,-1.5,7667,135,-1.5,2026-09-03 05:13:57.019887+00:00,0,0.0,0.425531914893617,0.425531914893617,0.0,0.0,2,spread,boston red sox,True,False,False,ODDS_API,-1.5,"ODDS_API,SGO",2,True
b27b102032634f4f3dc542889c7d62e9,boston red sox,baltimore orioles,bovada,totals,Over,,,,,,pregame,2026-09-03 23:15:00+00:00,100,8.5,2026-09-03 05:14:09.061744+00:00,2026-09-03 05:12:40+00:00,,MLB_ODDS_API_MARKET_HISTORY.csv,100,8.5,7668,100,8.5,2026-09-03 05:13:57.019887+00:00,0,0.0,0.5,0.5,0.0,0.0,2,total,over,True,False,False,ODDS_API,8.5,"ODDS_API,SGO",2,True
b27b102032634f4f3dc542889c7d62e9,boston red sox,baltimore orioles,bovada,totals,Under,,,,,,pregame,2026-09-03 23:15:00+00:00,-120,8.5,2026-09-03 05:14:09.061747+00:00,2026-09-03 05:12:40+00:00,,MLB_ODDS_API_MARKET_HISTORY.csv,-120,8.5,7669,-120,8.5,2026-09-03 05:13:57.019887+00:00,0,0.0,0.5454545454545454,0.5454545454545454,0.0,0.0,2,total,under,True,False,False,ODDS_API,8.5,"ODDS_API,SGO",2,True
ySJWe7xKV99gOKd7a3zP,boston red sox,baltimore orioles,caesars,ml,home,,,points,points-home-game-ml-home,game,pregame,2026-09-03 23:15:00+00:00,120,,2026-09-03 05:14:08.739003+00:00,2026-09-03 05:09:37.505000+00:00,1.0,MLB_SGO_MARKET_HISTORY.csv,120,,346435,120,,2026-09-03 05:13:56.618657+00:00,0,,0.4545454545454545,0.4545454545454545,0.0,0.0,2,moneyline,baltimore orioles,True,False,False,SGO,,SGO,1,False
ySJWe7xKV99gOKd7a3zP,boston red sox,baltimore orioles,caesars,ml,away,,,points,points-away-game-ml-away,game,pregame,2026-09-03 23:15:00+00:00,-130,,2026-09-03 05:14:08.738969+00:00,2026-09-03 05:09:37.505000+00:00,1.0,MLB_SGO_MARKET_HISTORY.csv,-130,,346426,-130,,2026-09-03 05:13:56.618657+00:00,0,,0.5652173913043478,0.5652173913043478,0.0,0.0,2,moneyline,boston red sox,True,False,False,SGO,,SGO,1,False
ySJWe7xKV99gOKd7a3zP,boston red sox,baltimore orioles,caesars,sp,home,,,points,points-home-game-sp-home,game,pregame,2026-09-03 23:15:00+00:00,-155,1.5,2026-09-03 05:14:08.739120+00:00,2026-09-03 05:09:37.505000+00:00,1.0,MLB_SGO_MARKET_HISTORY.csv,-155,1.5,346466,-155,1.5,2026-09-03 05:13:56.618657+00:00,0,0.0,0.6078431372549019,0.6078431372549019,0.0,0.0,2,spread,baltimore orioles,True,False,False,SGO,1.5,SGO,1,False
ySJWe7xKV99gOKd7a3zP,boston red sox,baltimore orioles,caesars,sp,away,,,points,points-away-game-sp-away,game,pregame,2026-09-03 23:15:00+00:00,130,-1.5,2026-09-03 05:14:08.739090+00:00,2026-09-03 05:09:37.505000+00:00,1.0,MLB_SGO_MARKET_HISTORY.csv,130,-1.5,346458,130,-1.5,2026-09-03 05:13:56.618657+00:00,0,0.0,0.4347826086956521,0.4347826086956521,0.0,0.0,2,spread,boston red sox,True,False,False,SGO,-1.5,SGO,1,False
ySJWe7xKV99gOKd7a3zP,boston red sox,baltimore orioles,caesars,ou,over,,,points,points-home-game-ou-over,game,pregame,2026-09-03 23:15:00+00:00,-120,3.5,2026-09-03 05:14:08.739287+00:00,2026-09-03 05:11:17.096000+00:00,1.0,MLB_SGO_MARKET_HISTORY.csv,-120,3.5,346510,-120,3.5,2026-09-03 05:13:56.618657+00:00,0,0.0,0.5454545454545454,0.5454545454545454,0.0,0.0,2,total,over,True,False,False,SGO,3.5,SGO,1,False
ySJWe7xKV99gOKd7a3zP,boston red sox,baltimore orioles,caesars,ou,over,,,points,points-away-game-ou-over,game,pregame,2026-09-03 23:15:00+00:00,100,4.5,2026-09-03 05:14:08.739221+00:00,2026-09-03 05:11:17.096000+00:00,1.0,MLB_SGO_MARKET_HISTORY.csv,100,4.5,346493,100,4.5,2026-09-03 05:13:56.618657+00:00,0,0.0,0.5,0.5,0.0,0.0,2,total,over,True,False,False,SGO,4.5,SGO,1,False
ySJWe7xKV99gOKd7a3zP,boston red sox,baltimore orioles,caesars,ou,over,,,points,points-all-game-ou-over,game,pregame,2026-09-03 23:15:00+00:00,100,8.5,2026-09-03 05:14:08.739029+00:00,2026-09-03 05:09:37.505000+00:00,1.0,MLB_SGO_MARKET_HISTORY.csv,100,8.5,346442,100,8.5,2026-09-03 05:13:56.618657+00:00,0,0.0,0.5,0.5,0.0,0.0,2,total,over,True,False,False,SGO,8.5,SGO,1,False
ySJWe7xKV99gOKd7a3zP,boston red sox,baltimore orioles,caesars,ou,under,,,points,points-home-game-ou-under,game,pregame,2026-09-03 23:15:00+00:00,-110,3.5,2026-09-03 05:14:08.739301+00:00,2026-09-03 05:11:17.096000+00:00,1.0,MLB_SGO_MARKET_HISTORY.csv,-110,3.5,346514,-110,3.5,2026-09-03 05:13:56.618657+00:00,0,0.0,0.5238095238095238,0.5238095238095238,0.0,0.0,2,total,under,True,False,False,SGO,3.5,SGO,1,False
ySJWe7xKV99gOKd7a3zP,boston red sox,baltimore orioles,caesars,ou,under,,,points,points-away-game-ou-under,game,pregame,2026-09-03 23:15:00+00:00,-133,4.5,2026-09-03 05:14:08.739236+00:00,2026-09-03 05:11:17.096000+00:00,1.0,MLB_SGO_MARKET_HISTORY.csv,-133,4.5,346497,-133,4.5,2026-09-03 05:13:56.618657+00:00,0,0.0,0.5708154506437768,0.5708154506437768,0.0,0.0,2,total,under,True,False,False,SGO,4.5,SGO,1,False
ySJWe7xKV99gOKd7a3zP,boston red sox,baltimore orioles,caesars,ou,under,,,points,points-all-game-ou-under,game,pregame,2026-09-03 23:15:00+00:00,-120,8.5,2026-09-03 05:14:08.739060+00:00,2026-09-03 05:09:37.505000+00:00,1.0,MLB_SGO_MARKET_HISTORY.csv,-120,8.5,346450,-120,8.5,2026-09-03 05:13:56.618657+00:00,0,0.0,0.5454545454545454,0.5454545454545454,0.0,0.0,2,total,under,True,False,False,SGO,8.5,SGO,1,False
b27b102032634f4f3dc542889c7d62e9,boston red sox,baltimore orioles,draftkings,h2h,Baltimore Orioles,,,,,,pregame,2026-09-03 23:15:00+00:00,113,,2026-09-03 05:14:09.061773+00:00,2026-09-03 05:13:36+00:00,,MLB_ODDS_API_MARKET_HISTORY.csv,113,,7676,113,,2026-09-03 05:13:57.019887+00:00,0,,0.4694835680751174,0.4694835680751174,0.0,0.0,2,moneyline,baltimore orioles,True,False,False,ODDS_API,,"ODDS_API,SGO",2,True
b27b102032634f4f3dc542889c7d62e9,boston red sox,baltimore orioles,draftkings,h2h,Boston Red Sox,,,,,,pregame,2026-09-03 23:15:00+00:00,-136,,2026-09-03 05:14:09.061777+00:00,2026-09-03 05:13:36+00:00,,MLB_ODDS_API_MARKET_HISTORY.csv,-136,,7677,-136,,2026-09-03 05:13:57.019887+00:00,0,,0.576271186440678,0.576271186440678,0.0,0.0,2,moneyline,boston red sox,True,False,False,ODDS_API,,"ODDS_API,SGO",2,True
b27b102032634f4f3dc542889c7d62e9,boston red sox,baltimore orioles,draftkings,spreads,Baltimore Orioles,,,,,,pregame,2026-09-03 23:15:00+00:00,-149,1.5,2026-09-03 05:14:09.061781+00:00,2026-09-03 05:13:36+00:00,,MLB_ODDS_API_MARKET_HISTORY.csv,-149,1.5,7678,-149,1.5,2026-09-03 05:13:57.019887+00:00,0,0.0,0.5983935742971888,0.5983935742971888,0.0,0.0,2,spread,baltimore orioles,True,False,False,ODDS_API,1.5,"ODDS_API,SGO",2,True
b27b102032634f4f3dc542889c7d62e9,boston red sox,baltimore orioles,draftkings,spreads,Boston Red Sox,,,,,,pregame,2026-09-03 23:15:00+00:00,124,-1.5,2026-09-03 05:14:09.061784+00:00,2026-09-03 05:13:36+00:00,,MLB_ODDS_API_MARKET_HISTORY.csv,124,-1.5,7679,124,-1.5,2026-09-03 05:13:57.019887+00:00,0,0.0,0.4464285714285714,0.4464285714285714,0.0,0.0,2,spread,boston red sox,True,False,False,ODDS_API,-1.5,"ODDS_API,SGO",2,True
ySJWe7xKV99gOKd7a3zP,boston red sox,baltimore orioles,draftkings,ou,over,,,points,points-home-game-ou-over,game,pregame,2026-09-03 23:15:00+00:00,-120,3.5,2026-09-03 05:14:08.739283+00:00,2026-09-03 05:09:55.697000+00:00,1.0,MLB_SGO_MARKET_HISTORY.csv,-120,3.5,346509,-120,3.5,2026-09-03 05:13:56.618657+00:00,0,0.0,0.5454545454545454,0.5454545454545454,0.0,0.0,2,total,over,True,False,False,SGO,3.5,SGO,1,False
ySJWe7xKV99gOKd7a3zP,boston red sox,baltimore orioles,draftkings,ou,over,,,points,points-away-game-ou-over,game,pregame,2026-09-03 23:15:00+00:00,-110,4.5,2026-09-03 05:14:08.739218+00:00,2026-09-03 05:09:55.697000+00:00,1.0,MLB_SGO_MARKET_HISTORY.csv,-110,4.5,346492,-110,4.5,2026-09-03 05:13:56.618657+00:00,0,0.0,0.5238095238095238,0.5238095238095238,0.0,0.0,2,total,over,True,False,False,SGO,4.5,SGO,1,False
b27b102032634f4f3dc542889c7d62e9,boston red sox,baltimore orioles,draftkings,totals,Over,,,,,,pregame,2026-09-03 23:15:00+00:00,-103,8.5,2026-09-03 05:14:09.061788+00:00,2026-09-03 05:13:36+00:00,,MLB_ODDS_API_MARKET_HISTORY.csv,-103,8.5,7680,-103,8.5,2026-09-03 05:13:57.019887+00:00,0,0.0,0.5073891625615764,0.5073891625615764,0.0,0.0,2,total,over,True,False,False,ODDS_API,8.5,"ODDS_API,SGO",2,True
ySJWe7xKV99gOKd7a3zP,boston red sox,baltimore orioles,draftkings,ou,under,,,points,points-home-game-ou-under,game,pregame,2026-09-03 23:15:00+00:00,-110,3.5,2026-09-03 05:14:08.739298+00:00,2026-09-03 05:09:55.697000+00:00,1.0,MLB_SGO_MARKET_HISTORY.csv,-110,3.5,346513,-110,3.5,2026-09-03 05:13:56.618657+00:00,0,0.0,0.5238095238095238,0.5238095238095238,0.0,0.0,2,total,under,True,False,False,SGO,3.5,SGO,1,False
ySJWe7xKV99gOKd7a3zP,boston red sox,baltimore orioles,draftkings,ou,under,,,points,points-away-game-ou-under,game,pregame,2026-09-03 23:15:00+00:00,-120,4.5,2026-09-03 05:14:08.739232+00:00,2026-09-03 05:09:55.697000+00:00,1.0,MLB_SGO_MARKET_HISTORY.csv,-120,4.5,346496,-120,4.5,2026-09-03 05:13:56.618657+00:00,0,0.0,0.5454545454545454,0.5454545454545454,0.0,0.0,2,total,under,True,False,False,SGO,4.5,SGO,1,False
b27b102032634f4f3dc542889c7d62e9,boston red sox,baltimore orioles,draftkings,totals,Under,,,,,,pregame,2026-09-03 23:15:00+00:00,-117,8.5,2026-09-03 05:14:09.061792+00:00,2026-09-03 05:13:36+00:00,,MLB_ODDS_API_MARKET_HISTORY.csv,-117,8.5,7681,-117,8.5,2026-09-03 05:13:57.019887+00:00,0,0.0,0.5391705069124424,0.5391705069124424,0.0,0.0,2,total,under,True,False,False,ODDS_API,8.5,"ODDS_API,SGO",2,True
ySJWe7xKV99gOKd7a3zP,boston red sox,baltimore orioles,espnbet,ml,home,,,points,points-home-game-ml-home,game,pregame,2026-09-03 23:15:00+00:00,110,,2026-09-03 05:14:08.738992+00:00,2026-09-03 05:09:43.505000+00:00,1.0,MLB_SGO_MARKET_HISTORY.csv,110,,346432,110,,2026-09-03 05:13:56.618657+00:00,0,,0.4761904761904761,0.4761904761904761,0.0,0.0,2,moneyline,baltimore orioles,True,False,False,SGO,,SGO,1,False
ySJWe7xKV99gOKd7a3zP,boston red sox,baltimore orioles,espnbet,ml,away,,,points,points-away-game-ml-away,game,pregame,2026-09-03 23:15:00+00:00,-130,,2026-09-03 05:14:08.738958+00:00,2026-09-03 05:09:43.505000+00:00,1.0,MLB_SGO_MARKET_HISTORY.csv,-130,,346423,-130,,2026-09-03 05:13:56.618657+00:00,0,,0.5652173913043478,0.5652173913043478,0.0,0.0,2,moneyline,boston red sox,True,False,False,SGO,,SGO,1,False
ySJWe7xKV99gOKd7a3zP,boston red sox,baltimore orioles,espnbet,sp,home,,,points,points-home-game-sp-home,game,pregame,2026-09-03 23:15:00+00:00,-155,1.5,2026-09-03 05:14:08.739113+00:00,2026-09-03 05:09:43.505000+00:00,1.0,MLB_SGO_MARKET_HISTORY.csv,-155,1.5,346464,-155,1.5,2026-09-03 05:13:56.618657+00:00,0,0.0,0.6078431372549019,0.6078431372549019,0.0,0.0,2,spread,baltimore orioles,True,False,False,SGO,1.5,SGO,1,False
ySJWe7xKV99gOKd7a3zP,boston red sox,baltimore orioles,espnbet,sp,away,,,points,points-away-game-sp-away,game,pregame,2026-09-03 23:15:00+00:00,130,-1.5,2026-09-03 05:14:08.739083+00:00,2026-09-03 05:09:43.505000+00:00,1.0,MLB_SGO_MARKET_HISTORY.csv,130,-1.5,346456,130,-1.5,2026-09-03 05:13:56.618657+00:00,0,0.0,0.4347826086956521,0.4347826086956521,0.0,0.0,2,spread,boston red sox,True,False,False,SGO,-1.5,SGO,1,False
ySJWe7xKV99gOKd7a3zP,boston red sox,baltimore orioles,espnbet,ou,over,,,points,points-home-game-ou-over,game,pregame,2026-09-03 23:15:00+00:00,-125,3.5,2026-09-03 05:14:08.739294+00:00,2026-09-03 05:11:20.124000+00:00,1.0,MLB_SGO_MARKET_HISTORY.csv,-125,3.5,346512,-125,3.5,2026-09-03 05:13:56.618657+00:00,0,0.0,0.5555555555555556,0.5555555555555556,0.0,0.0,2,total,over,True,False,False,SGO,3.5,SGO,1,False
ySJWe7xKV99gOKd7a3zP,boston red sox,baltimore orioles,espnbet,ou,over,,,points,points-away-game-ou-over,game,pregame,2026-09-03 23:15:00+00:00,100,4.5,2026-09-03 05:14:08.739229+00:00,2026-09-03 05:11:20.124000+00:00,1.0,MLB_SGO_MARKET_HISTORY.csv,100,4.5,346495,100,4.5,2026-09-03 05:13:56.618657+00:00,0,0.0,0.5,0.5,0.0,0.0,2,total,over,True,False,False,SGO,4.5,SGO,1,False
ySJWe7xKV99gOKd7a3zP,boston red sox,baltimore orioles,espnbet,ou,over,,,points,points-all-game-ou-over,game,pregame,2026-09-03 23:15:00+00:00,-110,8.5,2026-09-03 05:14:08.739022+00:00,2026-09-03 05:09:43.505000+00:00,1.0,MLB_SGO_MARKET_HISTORY.csv,-110,8.5,346440,-110,8.5,2026-09-03 05:13:56.618657+00:00,0,0.0,0.5238095238095238,0.5238095238095238,0.0,0.0,2,total,over,True,False,False,SGO,8.5,SGO,1,False
ySJWe7xKV99gOKd7a3zP,boston red sox,baltimore orioles,espnbet,ou,under,,,points,points-home-game-ou-under,game,pregame,2026-09-03 23:15:00+00:00,-105,3.5,2026-09-03 05:14:08.739309+00:00,2026-09-03 05:11:20.124000+00:00,1.0,MLB_SGO_MARKET_HISTORY.csv,-105,3.5,346516,-105,3.5,2026-09-03 05:13:56.618657+00:00,0,0.0,0.5121951219512195,0.5121951219512195,0.0,0.0,2,total,under,True,False,False,SGO,3.5,SGO,1,False
ySJWe7xKV99gOKd7a3zP,boston red sox,baltimore orioles,espnbet,ou,under,,,points,points-away-game-ou-under,game,pregame,2026-09-03 23:15:00+00:00,-130,4.5,2026-09-03 05:14:08.739245+00:00,2026-09-03 05:11:20.124000+00:00,1.0,MLB_SGO_MARKET_HISTORY.csv,-130,4.5,346499,-130,4.5,2026-09-03 05:13:56.618657+00:00,0,0.0,0.5652173913043478,0.5652173913043478,0.0,0.0,2,total,under,True,False,False,SGO,4.5,SGO,1,False
ySJWe7xKV99gOKd7a3zP,boston red sox,baltimore orioles,espnbet,ou,under,,,points,points-all-game-ou-under,game,pregame,2026-09-03 23:15:00+00:00,-110,8.5,2026-09-03 05:14:08.739053+00:00,2026-09-03 05:09:43.505000+00:00,1.0,MLB_SGO_MARKET_HISTORY.csv,-110,8.5,346448,-110,8.5,2026-09-03 05:13:56.618657+00:00,0,0.0,0.5238095238095238,0.5238095238095238,0.0,0.0,2,total,under,True,False,False,SGO,8.5,SGO,1,False
b27b102032634f4f3dc542889c7d62e9,boston red sox,baltimore orioles,fanduel,h2h,Baltimore Orioles,,,,,,pregame,2026-09-03 23:15:00+00:00,110,,2026-09-03 05:14:09.061707+00:00,2026-09-03 05:13:36+00:00,,MLB_ODDS_API_MARKET_HISTORY.csv,110,,7658,110,,2026-09-03 05:13:57.019887+00:00,0,,0.4761904761904761,0.4761904761904761,0.0,0.0,2,moneyline,baltimore orioles,True,False,False,ODDS_API,,"ODDS_API,SGO",2,True
b27b102032634f4f3dc542889c7d62e9,boston red sox,baltimore orioles,fanduel,h2h,Boston Red Sox,,,,,,pregame,2026-09-03 23:15:00+00:00,-130,,2026-09-03 05:14:09.061711+00:00,2026-09-03 05:13:36+00:00,,MLB_ODDS_API_MARKET_HISTORY.csv,-130,,7659,-130,,2026-09-03 05:13:57.019887+00:00,0,,0.5652173913043478,0.5652173913043478,0.0,0.0,2,moneyline,boston red sox,True,False,False,ODDS_API,,"ODDS_API,SGO",2,True
b27b102032634f4f3dc542889c7d62e9,boston red sox,baltimore orioles,fanduel,spreads,Baltimore Orioles,,,,,,pregame,2026-09-03 23:15:00+00:00,-160,1.5,2026-09-03 05:14:09.061714+00:00,2026-09-03 05:13:36+00:00,,MLB_ODDS_API_MARKET_HISTORY.csv,-160,1.5,7660,-160,1.5,2026-09-03 05:13:57.019887+00:00,0,0.0,0.6153846153846154,0.6153846153846154,0.0,0.0,2,spread,baltimore orioles,True,False,False,ODDS_API,1.5,"ODDS_API,SGO",2,True
b27b102032634f4f3dc542889c7d62e9,boston red sox,baltimore orioles,fanduel,spreads,Boston Red Sox,,,,,,pregame,2026-09-03 23:15:00+00:00,132,-1.5,2026-09-03 05:14:09.061718+00:00,2026-09-03 05:13:36+00:00,,MLB_ODDS_API_MARKET_HISTORY.csv,132,-1.5,7661,132,-1.5,2026-09-03 05:13:57.019887+00:00,0,0.0,0.4310344827586206,0.4310344827586206,0.0,0.0,2,spread,boston red sox,True,False,False,ODDS_API,-1.5,"ODDS_API,SGO",2,True
ySJWe7xKV99gOKd7a3zP,boston red sox,baltimore orioles,fanduel,ou,over,,,points,points-home-game-ou-over,game,pregame,2026-09-03 23:15:00+00:00,-122,3.5,2026-09-03 05:14:08.739290+00:00,2026-09-03 05:09:55.898000+00:00,1.0,MLB_SGO_MARKET_HISTORY.csv,-122,3.5,346511,-122,3.5,2026-09-03 05:13:56.618657+00:00,0,0.0,0.5495495495495496,0.5495495495495496,0.0,0.0,2,total,over,True,False,False,SGO,3.5,SGO,1,False
ySJWe7xKV99gOKd7a3zP,boston red sox,baltimore orioles,fanduel,ou,over,,,points,points-away-game-ou-over,game,pregame,2026-09-03 23:15:00+00:00,102,4.5,2026-09-03 05:14:08.739225+00:00,2026-09-03 05:09:55.898000+00:00,1.0,MLB_SGO_MARKET_HISTORY.csv,102,4.5,346494,102,4.5,2026-09-03 05:13:56.618657+00:00,0,0.0,0.495049504950495,0.495049504950495,0.0,0.0,2,total,over,True,False,False,SGO,4.5,SGO,1,False
b27b102032634f4f3dc542889c7d62e9,boston red sox,baltimore orioles,fanduel,totals,Over,,,,,,pregame,2026-09-03 23:15:00+00:00,-102,8.5,2026-09-03 05:14:09.061722+00:00,2026-09-03 05:13:36+00:00,,MLB_ODDS_API_MARKET_HISTORY.csv,-102,8.5,7662,-102,8.5,2026-09-03 05:13:57.019887+00:00,0,0.0,0.504950495049505,0.504950495049505,0.0,0.0,2,total,over,True,False,False,ODDS_API,8.5,"ODDS_API,SGO",2,True
ySJWe7xKV99gOKd7a3zP,boston red sox,baltimore orioles,fanduel,ou,under,,,points,points-home-game-ou-under,game,pregame,2026-09-03 23:15:00+00:00,-104,3.5,2026-09-03 05:14:08.739305+00:00,2026-09-03 05:09:55.898000+00:00,1.0,MLB_SGO_MARKET_HISTORY.csv,-104,3.5,346515,-104,3.5,2026-09-03 05:13:56.618657+00:00,0,0.0,0.5098039215686274,0.5098039215686274,0.0,0.0,2,total,under,True,False,False,SGO,3.5,SGO,1,False
ySJWe7xKV99gOKd7a3zP,boston red sox,baltimore orioles,fanduel,ou,under,,,points,points-away-game-ou-under,game,pregame,2026-09-03 23:15:00+00:00,-130,4.5,2026-09-03 05:14:08.739240+00:00,2026-09-03 05:09:55.898000+00:00,1.0,MLB_SGO_MARKET_HISTORY.csv,-130,4.5,346498,-130,4.5,2026-09-03 05:13:56.618657+00:00,0,0.0,0.5652173913043478,0.5652173913043478,0.0,0.0,2,total,under,True,False,False,SGO,4.5,SGO,1,False
b27b102032634f4f3dc542889c7d62e9,boston red sox,baltimore orioles,fanduel,totals,Under,,,,,,pregame,2026-09-03 23:15:00+00:00,-120,8.5,2026-09-03 05:14:09.061725+00:00,2026-09-03 05:13:36+00:00,,MLB_ODDS_API_MARKET_HISTORY.csv,-120,8.5,7663,-120,8.5,2026-09-03 05:13:57.019887+00:00,0,0.0,0.5454545454545454,0.5454545454545454,0.0,0.0,2,total,under,True,False,False,ODDS_API,8.5,"ODDS_API,SGO",2,True
b27b102032634f4f3dc542889c7d62e9,boston red sox,baltimore orioles,lowvig,h2h,Baltimore Orioles,,,,,,pregame,2026-09-03 23:15:00+00:00,120,,2026-09-03 05:14:09.061862+00:00,2026-09-03 05:13:38+00:00,,MLB_ODDS_API_MARKET_HISTORY.csv,120,,7700,120,,2026-09-03 05:13:57.019887+00:00,0,,0.4545454545454545,0.4545454545454545,0.0,0.0,2,moneyline,baltimore orioles,True,False,False,ODDS_API,,ODDS_API,1,False
b27b102032634f4f3dc542889c7d62e9,boston red sox,baltimore orioles,lowvig,h2h,Boston Red Sox,,,,,,pregame,2026-09-03 23:15:00+00:00,-132,,2026-09-03 05:14:09.061866+00:00,2026-09-03 05:13:38+00:00,,MLB_ODDS_API_MARKET_HISTORY.csv,-132,,7701,-132,,2026-09-03 05:13:57.019887+00:00,0,,0.5689655172413793,0.5689655172413793,0.0,0.0,2,moneyline,boston red sox,True,False,False,ODDS_API,,ODDS_API,1,False
b27b102032634f4f3dc542889c7d62e9,boston red sox,baltimore orioles,lowvig,spreads,Baltimore Orioles,,,,,,pregame,2026-09-03 23:15:00+00:00,-146,1.5,2026-09-03 05:14:09.061870+00:00,2026-09-03 05:13:38+00:00,,MLB_ODDS_API_MARKET_HISTORY.csv,-146,1.5,7702,-146,1.5,2026-09-03 05:13:57.019887+00:00,0,0.0,0.5934959349593496,0.5934959349593496,0.0,0.0,2,spread,baltimore orioles,True,False,False,ODDS_API,1.5,ODDS_API,1,False
b27b102032634f4f3dc542889c7d62e9,boston red sox,baltimore orioles,lowvig,spreads,Boston Red Sox,,,,,,pregame,2026-09-03 23:15:00+00:00,129,-1.5,2026-09-03 05:14:09.061873+00:00,2026-09-03 05:13:38+00:00,,MLB_ODDS_API_MARKET_HISTORY.csv,129,-1.5,7703,129,-1.5,2026-09-03 05:13:57.019887+00:00,0,0.0,0.4366812227074236,0.4366812227074236,0.0,0.0,2,spread,boston red sox,True,False,False,ODDS_API,-1.5,ODDS_API,1,False
b27b102032634f4f3dc542889c7d62e9,boston red sox,baltimore orioles,lowvig,totals,Over,,,,,,pregame,2026-09-03 23:15:00+00:00,-103,8.5,2026-09-03 05:14:09.061877+00:00,2026-09-03 05:13:38+00:00,,MLB_ODDS_API_MARKET_HISTORY.csv,-103,8.5,7704,-103,8.5,2026-09-03 05:13:57.019887+00:00,0,0.0,0.5073891625615764,0.5073891625615764,0.0,0.0,2,total,over,True,False,False,ODDS_API,8.5,ODDS_API,1,False
b27b102032634f4f3dc542889c7d62e9,boston red sox,baltimore orioles,lowvig,totals,Under,,,,,,pregame,2026-09-03 23:15:00+00:00,-112,8.5,2026-09-03 05:14:09.061881+00:00,2026-09-03 05:13:38+00:00,,MLB_ODDS_API_MARKET_HISTORY.csv,-112,8.5,7705,-112,8.5,2026-09-03 05:13:57.019887+00:00,0,0.0,0.5283018867924528,0.5283018867924528,0.0,0.0,2,total,under,True,False,False,ODDS_API,8.5,ODDS_API,1,False
b27b102032634f4f3dc542889c7d62e9,boston red sox,baltimore orioles,mybookieag,h2h,Baltimore Orioles,,,,,,pregame,2026-09-03 23:15:00+00:00,113,,2026-09-03 05:14:09.061751+00:00,2026-09-03 05:12:15+00:00,,MLB_ODDS_API_MARKET_HISTORY.csv,113,,7670,113,,2026-09-03 05:13:57.019887+00:00,0,,0.4694835680751174,0.4694835680751174,0.0,0.0,2,moneyline,baltimore orioles,True,False,False,ODDS_API,,ODDS_API,1,False
b27b102032634f4f3dc542889c7d62e9,boston red sox,baltimore orioles,mybookieag,h2h,Boston Red Sox,,,,,,pregame,2026-09-03 23:15:00+00:00,-133,,2026-09-03 05:14:09.061755+00:00,2026-09-03 05:12:15+00:00,,MLB_ODDS_API_MARKET_HISTORY.csv,-133,,7671,-133,,2026-09-03 05:13:57.019887+00:00,0,,0.5708154506437768,0.5708154506437768,0.0,0.0,2,moneyline,boston red sox,True,False,False,ODDS_API,,ODDS_API,1,False
b27b102032634f4f3dc542889c7d62e9,boston red sox,baltimore orioles,mybookieag,spreads,Baltimore Orioles,,,,,,pregame,2026-09-03 23:15:00+00:00,-147,1.5,2026-09-03 05:14:09.061759+00:00,2026-09-03 05:12:15+00:00,,MLB_ODDS_API_MARKET_HISTORY.csv,-147,1.5,7672,-147,1.5,2026-09-03 05:13:57.019887+00:00,0,0.0,0.5951417004048583,0.5951417004048583,0.0,0.0,2,spread,baltimore orioles,True,False,False,ODDS_API,1.5,ODDS_API,1,False
b27b102032634f4f3dc542889c7d62e9,boston red sox,baltimore orioles,mybookieag,spreads,Boston Red Sox,,,,,,pregame,2026-09-03 23:15:00+00:00,125,-1.5,2026-09-03 05:14:09.061762+00:00,2026-09-03 05:12:15+00:00,,MLB_ODDS_API_MARKET_HISTORY.csv,125,-1.5,7673,125,-1.5,2026-09-03 05:13:57.019887+00:00,0,0.0,0.4444444444444444,0.4444444444444444,0.0,0.0,2,spread,boston red sox,True,False,False,ODDS_API,-1.5,ODDS_API,1,False
b27b102032634f4f3dc542889c7d62e9,boston red sox,baltimore orioles,mybookieag,totals,Over,,,,,,pregame,2026-09-03 23:15:00+00:00,-104,8.5,2026-09-03 05:14:09.061766+00:00,2026-09-03 05:12:15+00:00,,MLB_ODDS_API_MARKET_HISTORY.csv,-104,8.5,7674,-104,8.5,2026-09-03 05:13:57.019887+00:00,0,0.0,0.5098039215686274,0.5098039215686274,0.0,0.0,2,total,over,True,False,False,ODDS_API,8.5,ODDS_API,1,False
b27b102032634f4f3dc542889c7d62e9,boston red sox,baltimore orioles,mybookieag,totals,Under,,,,,,pregame,2026-09-03 23:15:00+00:00,-117,8.5,2026-09-03 05:14:09.061770+00:00,2026-09-03 05:12:15+00:00,,MLB_ODDS_API_MARKET_HISTORY.csv,-117,8.5,7675,-117,8.5,2026-09-03 05:13:57.019887+00:00,0,0.0,0.5391705069124424,0.5391705069124424,0.0,0.0,2,total,under,True,False,False,ODDS_API,8.5,ODDS_API,1,False
ySJWe7xKV99gOKd7a3zP,boston red sox,baltimore orioles,pointsbet,ml,home,,,points,points-home-game-ml-home,game,pregame,2026-09-03 23:15:00+00:00,115,,2026-09-03 05:14:08.738984+00:00,2026-09-03 05:09:53.505000+00:00,1.0,MLB_SGO_MARKET_HISTORY.csv,115,,346430,115,,2026-09-03 05:13:56.618657+00:00,0,,0.4651162790697674,0.4651162790697674,0.0,0.0,2,moneyline,baltimore orioles,True,False,False,SGO,,SGO,1,False
ySJWe7xKV99gOKd7a3zP,boston red sox,baltimore orioles,pointsbet,ml,away,,,points,points-away-game-ml-away,game,pregame,2026-09-03 23:15:00+00:00,-135,,2026-09-03 05:14:08.738950+00:00,2026-09-03 05:09:53.505000+00:00,1.0,MLB_SGO_MARKET_HISTORY.csv,-135,,346421,-135,,2026-09-03 05:13:56.618657+00:00,0,,0.574468085106383,0.574468085106383,0.0,0.0,2,moneyline,boston red sox,True,False,False,SGO,,SGO,1,False
ySJWe7xKV99gOKd7a3zP,boston red sox,baltimore orioles,pointsbet,sp,home,,,points,points-home-game-sp-home,game,pregame,2026-09-03 23:15:00+00:00,-145,1.5,2026-09-03 05:14:08.739109+00:00,2026-09-03 05:09:53.505000+00:00,1.0,MLB_SGO_MARKET_HISTORY.csv,-145,1.5,346463,-145,1.5,2026-09-03 05:13:56.618657+00:00,0,0.0,0.5918367346938775,0.5918367346938775,0.0,0.0,2,spread,baltimore orioles,True,False,False,SGO,1.5,SGO,1,False
ySJWe7xKV99gOKd7a3zP,boston red sox,baltimore orioles,pointsbet,sp,away,,,points,points-away-game-sp-away,game,pregame,2026-09-03 23:15:00+00:00,125,-1.5,2026-09-03 05:14:08.739079+00:00,2026-09-03 05:09:53.505000+00:00,1.0,MLB_SGO_MARKET_HISTORY.csv,125,-1.5,346455,125,-1.5,2026-09-03 05:13:56.618657+00:00,0,0.0,0.4444444444444444,0.4444444444444444,0.0,0.0,2,spread,boston red sox,True,False,False,SGO,-1.5,SGO,1,False
ySJWe7xKV99gOKd7a3zP,boston red sox,baltimore orioles,pointsbet,ou,over,,,points,points-all-game-ou-over,game,pregame,2026-09-03 23:15:00+00:00,100,8.5,2026-09-03 05:14:08.739018+00:00,2026-09-03 03:35:52.854000+00:00,0.0,MLB_SGO_MARKET_HISTORY.csv,100,8.5,346439,100,8.5,2026-09-03 05:13:56.618657+00:00,0,0.0,0.5,0.5,0.0,0.0,2,total,over,True,False,False,SGO,8.5,SGO,1,False
ySJWe7xKV99gOKd7a3zP,boston red sox,baltimore orioles,pointsbet,ou,under,,,points,points-all-game-ou-under,game,pregame,2026-09-03 23:15:00+00:00,-120,8.5,2026-09-03 05:14:08.739049+00:00,2026-09-03 03:35:52.854000+00:00,0.0,MLB_SGO_MARKET_HISTORY.csv,-120,8.5,346447,-120,8.5,2026-09-03 05:13:56.618657+00:00,0,0.0,0.5454545454545454,0.5454545454545454,0.0,0.0,2,total,under,True,False,False,SGO,8.5,SGO,1,False
ySJWe7xKV99gOKd7a3zP,boston red sox,baltimore orioles,unibet,ml,home,,,points,points-home-game-ml-home,game,pregame,2026-09-03 23:15:00+00:00,110,,2026-09-03 05:14:08.738988+00:00,2026-09-03 05:09:54.505000+00:00,1.0,MLB_SGO_MARKET_HISTORY.csv,110,,346431,110,,2026-09-03 05:13:56.618657+00:00,0,,0.4761904761904761,0.4761904761904761,0.0,0.0,2,moneyline,baltimore orioles,True,False,False,SGO,,SGO,1,False
ySJWe7xKV99gOKd7a3zP,boston red sox,baltimore orioles,unibet,ml,away,,,points,points-away-game-ml-away,game,pregame,2026-09-03 23:15:00+00:00,-137,,2026-09-03 05:14:08.738954+00:00,2026-09-03 05:09:54.505000+00:00,1.0,MLB_SGO_MARKET_HISTORY.csv,-137,,346422,-137,,2026-09-03 05:13:56.618657+00:00,0,,0.5780590717299579,0.5780590717299579,0.0,0.0,2,moneyline,boston red sox,True,False,False,SGO,,SGO,1,False
ySJWe7xKV99gOKd7a3zP,boston red sox,baltimore orioles,unibet,sp,home,,,points,points-home-game-sp-home,game,pregame,2026-09-03 23:15:00+00:00,-165,1.5,2026-09-03 05:14:08.739128+00:00,2026-09-03 05:09:53.005000+00:00,1.0,MLB_SGO_MARKET_HISTORY.csv,-165,1.5,346468,-165,1.5,2026-09-03 05:13:56.618657+00:00,0,0.0,0.6226415094339622,0.6226415094339622,0.0,0.0,2,spread,baltimore orioles,True,False,False,SGO,1.5,SGO,1,False
ySJWe7xKV99gOKd7a3zP,boston red sox,baltimore orioles,unibet,sp,away,,,points,points-away-game-sp-away,game,pregame,2026-09-03 23:15:00+00:00,135,-1.5,2026-09-03 05:14:08.739098+00:00,2026-09-03 05:09:53.005000+00:00,1.0,MLB_SGO_MARKET_HISTORY.csv,135,-1.5,346460,135,-1.5,2026-09-03 05:13:56.618657+00:00,0,0.0,0.425531914893617,0.425531914893617,0.0,0.0,2,spread,boston red sox,True,False,False,SGO,-1.5,SGO,1,False
ySJWe7xKV99gOKd7a3zP,boston red sox,baltimore orioles,unibet,ou,over,,,points,points-all-game-ou-over,game,pregame,2026-09-03 23:15:00+00:00,-103,8.5,2026-09-03 05:14:08.739037+00:00,2026-09-03 01:52:50.163000+00:00,0.0,MLB_SGO_MARKET_HISTORY.csv,-103,8.5,346444,-103,8.5,2026-09-03 05:13:56.618657+00:00,0,0.0,0.5073891625615764,0.5073891625615764,0.0,0.0,2,total,over,True,False,False,SGO,8.5,SGO,1,False
ySJWe7xKV99gOKd7a3zP,boston red sox,baltimore orioles,unibet,ou,under,,,points,points-all-game-ou-under,game,pregame,2026-09-03 23:15:00+00:00,-120,8.5,2026-09-03 05:14:08.739068+00:00,2026-09-03 01:52:50.163000+00:00,0.0,MLB_SGO_MARKET_HISTORY.csv,-120,8.5,346452,-120,8.5,2026-09-03 05:13:56.618657+00:00,0,0.0,0.5454545454545454,0.5454545454545454,0.0,0.0,2,total,under,True,False,False,SGO,8.5,SGO,1,False
ySJWe7xKV99gOKd7a3zP,boston red sox,baltimore orioles,williamhill,ml,home,,,points,points-home-game-ml-home,game,pregame,2026-09-03 23:15:00+00:00,110,,2026-09-03 05:14:08.738996+00:00,2026-09-03 05:09:43.505000+00:00,1.0,MLB_SGO_MARKET_HISTORY.csv,110,,346433,110,,2026-09-03 05:13:56.618657+00:00,0,,0.4761904761904761,0.4761904761904761,0.0,0.0,2,moneyline,baltimore orioles,True,False,False,SGO,,SGO,1,False
ySJWe7xKV99gOKd7a3zP,boston red sox,baltimore orioles,williamhill,ml,away,,,points,points-away-game-ml-away,game,pregame,2026-09-03 23:15:00+00:00,-138,,2026-09-03 05:14:08.738962+00:00,2026-09-03 05:09:43.505000+00:00,1.0,MLB_SGO_MARKET_HISTORY.csv,-138,,346424,-138,,2026-09-03 05:13:56.618657+00:00,0,,0.5798319327731093,0.5798319327731093,0.0,0.0,2,moneyline,boston red sox,True,False,False,SGO,,SGO,1,False
5315049742364f1f962411a129153260,chicago white sox,houston astros,betmgm,h2h,Chicago White Sox,,,,,,pregame,2026-09-03 00:11:00+00:00,115,,2026-09-02 12:03:02.767951+00:00,2026-09-02 12:02:55+00:00,,MLB_ODDS_API_MARKET_HISTORY.csv,115,,6850,105,,2026-09-02 03:08:28.146598+00:00,10,,0.4878048780487805,0.4651162790697674,-2.2688598979013044,2.2688598979013044,9,moneyline,chicago white sox,True,True,False,ODDS_API,,"ODDS_API,SGO",4,True
5315049742364f1f962411a129153260,chicago white sox,houston astros,betmgm,h2h,Houston Astros,,,,,,pregame,2026-09-03 00:11:00+00:00,-140,,2026-09-02 12:03:02.767951+00:00,2026-09-02 12:02:55+00:00,,MLB_ODDS_API_MARKET_HISTORY.csv,-140,,6851,-130,,2026-09-02 03:08:28.146606+00:00,-10,,0.5652173913043478,0.5833333333333334,1.8115942028985588,1.8115942028985588,9,moneyline,houston astros,True,True,False,ODDS_API,,"ODDS_API,SGO",4,True
5315049742364f1f962411a129153260,chicago white sox,houston astros,betmgm,spreads,Chicago White Sox,,,,,,pregame,2026-09-03 00:11:00+00:00,-185,1.5,2026-09-02 12:03:02.767951+00:00,2026-09-02 12:02:55+00:00,,MLB_ODDS_API_MARKET_HISTORY.csv,-185,1.5,6852,-200,1.5,2026-09-02 03:08:28.146615+00:00,15,0.0,0.6666666666666666,0.6491228070175439,-1.754385964912275,1.754385964912275,9,spread,chicago white sox,True,True,False,ODDS_API,1.5,"ODDS_API,SGO",4,True
5315049742364f1f962411a129153260,chicago white sox,houston astros,betmgm,spreads,Houston Astros,,,,,,pregame,2026-09-03 00:11:00+00:00,150,-1.5,2026-09-02 12:03:02.767951+00:00,2026-09-02 12:02:55+00:00,,MLB_ODDS_API_MARKET_HISTORY.csv,150,-1.5,6853,165,-1.5,2026-09-02 03:08:28.146623+00:00,-15,0.0,0.3773584905660377,0.4,2.264150943396226,2.264150943396226,9,spread,houston astros,True,True,False,ODDS_API,-1.5,"ODDS_API,SGO",4,True
5315049742364f1f962411a129153260,chicago white sox,houston astros,betmgm,totals,Over,,,,,,pregame,2026-09-03 00:11:00+00:00,-110,8.5,2026-09-02 12:03:02.767951+00:00,2026-09-02 12:02:55+00:00,,MLB_ODDS_API_MARKET_HISTORY.csv,-110,8.5,6854,-105,8.5,2026-09-02 03:08:28.146631+00:00,-5,0.0,0.5121951219512195,0.5238095238095238,1.1614401858304313,1.1614401858304313,9,total,over,True,True,False,ODDS_API,8.5,"ODDS_API,SGO",4,True
5315049742364f1f962411a129153260,chicago white sox,houston astros,betmgm,totals,Under,,,,,,pregame,2026-09-03 00:11:00+00:00,-110,8.5,2026-09-02 12:03:02.767951+00:00,2026-09-02 12:02:55+00:00,,MLB_ODDS_API_MARKET_HISTORY.csv,-110,8.5,6855,-115,8.5,2026-09-02 03:08:28.146639+00:00,5,0.0,0.5348837209302325,0.5238095238095238,-1.107419712070867,1.107419712070867,9,total,under,True,True,False,ODDS_API,8.5,"ODDS_API,SGO",4,True
5315049742364f1f962411a129153260,chicago white sox,houston astros,betonlineag,h2h,Chicago White Sox,,,,,,pregame,2026-09-03 00:11:00+00:00,120,,2026-09-02 12:03:02.767951+00:00,2026-09-02 12:02:12+00:00,,MLB_ODDS_API_MARKET_HISTORY.csv,120,,6862,122,,2026-09-02 08:15:44.143645+00:00,-2,,0.4504504504504504,0.4545454545454545,0.4095004095004073,0.4095004095004073,8,moneyline,chicago white sox,True,True,False,ODDS_API,,ODDS_API,2,False
5315049742364f1f962411a129153260,chicago white sox,houston astros,betonlineag,h2h,Houston Astros,,,,,,pregame,2026-09-03 00:11:00+00:00,-132,,2026-09-02 12:03:02.767951+00:00,2026-09-02 12:02:12+00:00,,MLB_ODDS_API_MARKET_HISTORY.csv,-132,,6863,-135,,2026-09-02 08:15:44.143645+00:00,3,,0.574468085106383,0.5689655172413793,-0.5502567865003694,0.5502567865003694,8,moneyline,houston astros,True,True,False,ODDS_API,,ODDS_API,2,False
5315049742364f1f962411a129153260,chicago white sox,houston astros,betonlineag,spreads,Chicago White Sox,,,,,,pregame,2026-09-03 00:11:00+00:00,-180,1.5,2026-09-02 12:03:02.767951+00:00,2026-09-02 12:02:12+00:00,,MLB_ODDS_API_MARKET_HISTORY.csv,-180,1.5,6864,-180,1.5,2026-09-02 08:15:44.143645+00:00,0,0.0,0.6428571428571429,0.6428571428571429,0.0,0.0,8,spread,chicago white sox,True,False,False,ODDS_API,1.5,ODDS_API,2,False
5315049742364f1f962411a129153260,chicago white sox,houston astros,betonlineag,spreads,Houston Astros,,,,,,pregame,2026-09-03 00:11:00+00:00,157,-1.5,2026-09-02 12:03:02.767951+00:00,2026-09-02 12:02:12+00:00,,MLB_ODDS_API_MARKET_HISTORY.csv,157,-1.5,6865,157,-1.5,2026-09-02 08:15:44.143645+00:00,0,0.0,0.3891050583657587,0.3891050583657587,0.0,0.0,8,spread,houston astros,True,False,False,ODDS_API,-1.5,ODDS_API,2,False
5315049742364f1f962411a129153260,chicago white sox,houston astros,betonlineag,totals,Over,,,,,,pregame,2026-09-03 00:11:00+00:00,-115,8.5,2026-09-02 12:03:02.767951+00:00,2026-09-02 12:02:12+00:00,,MLB_ODDS_API_MARKET_HISTORY.csv,-115,8.5,6866,-115,8.5,2026-09-02 08:15:44.143645+00:00,0,0.0,0.5348837209302325,0.5348837209302325,0.0,0.0,8,total,over,True,False,False,ODDS_API,8.5,ODDS_API,2,False
5315049742364f1f962411a129153260,chicago white sox,houston astros,betonlineag,totals,Under,,,,,,pregame,2026-09-03 00:11:00+00:00,-105,8.5,2026-09-02 12:03:02.767951+00:00,2026-09-02 12:02:12+00:00,,MLB_ODDS_API_MARKET_HISTORY.csv,-105,8.5,6867,-105,8.5,2026-09-02 08:15:44.143645+00:00,0,0.0,0.5121951219512195,0.5121951219512195,0.0,0.0,8,total,under,True,False,False,ODDS_API,8.5,ODDS_API,2,False
5315049742364f1f962411a129153260,chicago white sox,houston astros,betrivers,h2h,Chicago White Sox,,,,,,pregame,2026-09-03 00:11:00+00:00,110,,2026-09-02 12:03:02.767951+00:00,2026-09-02 12:02:55+00:00,,MLB_ODDS_API_MARKET_HISTORY.csv,110,,6838,110,,2026-09-02 03:08:28.146501+00:00,0,,0.4761904761904761,0.4761904761904761,0.0,0.0,9,moneyline,chicago white sox,True,False,False,ODDS_API,,ODDS_API,2,False
5315049742364f1f962411a129153260,chicago white sox,houston astros,betrivers,h2h,Houston Astros,,,,,,pregame,2026-09-03 00:11:00+00:00,-132,,2026-09-02 12:03:02.767951+00:00,2026-09-02 12:02:55+00:00,,MLB_ODDS_API_MARKET_HISTORY.csv,-132,,6839,-132,,2026-09-02 03:08:28.146509+00:00,0,,0.5689655172413793,0.5689655172413793,0.0,0.0,9,moneyline,houston astros,True,False,False,ODDS_API,,ODDS_API,2,False
5315049742364f1f962411a129153260,chicago white sox,houston astros,betrivers,spreads,Chicago White Sox,,,,,,pregame,2026-09-03 00:11:00+00:00,-134,1.0,2026-09-02 12:03:02.767951+00:00,2026-09-02 12:02:55+00:00,,MLB_ODDS_API_MARKET_HISTORY.csv,-134,1.0,6840,-134,1.0,2026-09-02 03:08:28.146517+00:00,0,0.0,0.5726495726495726,0.5726495726495726,0.0,0.0,9,spread,chicago white sox,True,False,False,ODDS_API,1.0,ODDS_API,1,False
e3f232afa3f72858e94154eb4e526488,chicago white sox,houston astros,betrivers,spreads,Chicago White Sox,,,,,,pregame,2026-09-03 18:10:00+00:00,-148,1.5,2026-09-03 05:14:09.061692+00:00,2026-09-03 05:13:36+00:00,,MLB_ODDS_API_MARKET_HISTORY.csv,-148,1.5,7654,-148,1.5,2026-09-03 05:13:57.019887+00:00,0,0.0,0.5967741935483871,0.5967741935483871,0.0,0.0,2,spread,chicago white sox,True,False,False,ODDS_API,1.5,ODDS_API,1,False
e3f232afa3f72858e94154eb4e526488,chicago white sox,houston astros,betrivers,spreads,Houston Astros,,,,,,pregame,2026-09-03 18:10:00+00:00,123,-1.5,2026-09-03 05:14:09.061696+00:00,2026-09-03 05:13:36+00:00,,MLB_ODDS_API_MARKET_HISTORY.csv,123,-1.5,7655,123,-1.5,2026-09-03 05:13:57.019887+00:00,0,0.0,0.4484304932735426,0.4484304932735426,0.0,0.0,2,spread,houston astros,True,False,False,ODDS_API,-1.5,ODDS_API,1,False
5315049742364f1f962411a129153260,chicago white sox,houston astros,betrivers,spreads,Houston Astros,,,,,,pregame,2026-09-03 00:11:00+00:00,110,-1.0,2026-09-02 12:03:02.767951+00:00,2026-09-02 12:02:55+00:00,,MLB_ODDS_API_MARKET_HISTORY.csv,110,-1.0,6841,110,-1.0,2026-09-02 03:08:28.146525+00:00,0,0.0,0.4761904761904761,0.4761904761904761,0.0,0.0,9,spread,houston astros,True,False,False,ODDS_API,-1.0,ODDS_API,1,False
e3f232afa3f72858e94154eb4e526488,chicago white sox,houston astros,betrivers,totals,Over,,,,,,pregame,2026-09-03 18:10:00+00:00,-125,8.0,2026-09-03 05:14:09.061699+00:00,2026-09-03 05:13:36+00:00,,MLB_ODDS_API_MARKET_HISTORY.csv,-125,8.0,7656,-125,8.0,2026-09-03 05:13:57.019887+00:00,0,0.0,0.5555555555555556,0.5555555555555556,0.0,0.0,2,total,over,True,False,False,ODDS_API,8.0,ODDS_API,1,False
5315049742364f1f962411a129153260,chicago white sox,houston astros,betrivers,totals,Over,,,,,,pregame,2026-09-03 00:11:00+00:00,-110,8.5,2026-09-02 12:03:02.767951+00:00,2026-09-02 12:02:55+00:00,,MLB_ODDS_API_MARKET_HISTORY.csv,-110,8.5,6842,-110,8.5,2026-09-02 03:08:28.146533+00:00,0,0.0,0.5238095238095238,0.5238095238095238,0.0,0.0,9,total,over,True,False,False,ODDS_API,8.5,ODDS_API,1,False
e3f232afa3f72858e94154eb4e526488,chicago white sox,houston astros,betrivers,totals,Under,,,,,,pregame,2026-09-03 18:10:00+00:00,-113,8.0,2026-09-03 05:14:09.061703+00:00,2026-09-03 05:13:36+00:00,,MLB_ODDS_API_MARKET_HISTORY.csv,-113,8.0,7657,-113,8.0,2026-09-03 05:13:57.019887+00:00,0,0.0,0.5305164319248826,0.5305164319248826,0.0,0.0,2,total,under,True,False,False,ODDS_API,8.0,ODDS_API,1,False
5315049742364f1f962411a129153260,chicago white sox,houston astros,betrivers,totals,Under,,,,,,pregame,2026-09-03 00:11:00+00:00,-110,8.5,2026-09-02 12:03:02.767951+00:00,2026-09-02 12:02:55+00:00,,MLB_ODDS_API_MARKET_HISTORY.csv,-110,8.5,6843,-110,8.5,2026-09-02 03:08:28.146541+00:00,0,0.0,0.5238095238095238,0.5238095238095238,0.0,0.0,9,total,under,True,False,False,ODDS_API,8.5,ODDS_API,1,False
5315049742364f1f962411a129153260,chicago white sox,houston astros,betus,h2h,Chicago White Sox,,,,,,pregame,2026-09-03 00:11:00+00:00,126,,2026-09-02 12:03:02.767951+00:00,2026-09-02 12:02:54+00:00,,MLB_ODDS_API_MARKET_HISTORY.csv,126,,6856,126,,2026-09-02 08:15:44.143645+00:00,0,,0.4424778761061947,0.4424778761061947,0.0,0.0,8,moneyline,chicago white sox,True,False,False,ODDS_API,,ODDS_API,2,False
5315049742364f1f962411a129153260,chicago white sox,houston astros,betus,h2h,Houston Astros,,,,,,pregame,2026-09-03 00:11:00+00:00,-140,,2026-09-02 12:03:02.767951+00:00,2026-09-02 12:02:54+00:00,,MLB_ODDS_API_MARKET_HISTORY.csv,-140,,6857,-140,,2026-09-02 08:15:44.143645+00:00,0,,0.5833333333333334,0.5833333333333334,0.0,0.0,8,moneyline,houston astros,True,False,False,ODDS_API,,ODDS_API,2,False
5315049742364f1f962411a129153260,chicago white sox,houston astros,betus,spreads,Chicago White Sox,,,,,,pregame,2026-09-03 00:11:00+00:00,-180,1.5,2026-09-02 12:03:02.767951+00:00,2026-09-02 12:02:54+00:00,,MLB_ODDS_API_MARKET_HISTORY.csv,-180,1.5,6858,-180,1.5,2026-09-02 08:15:44.143645+00:00,0,0.0,0.6428571428571429,0.6428571428571429,0.0,0.0,8,spread,chicago white sox,True,False,False,ODDS_API,1.5,ODDS_API,2,False
5315049742364f1f962411a129153260,chicago white sox,houston astros,betus,spreads,Houston Astros,,,,,,pregame,2026-09-03 00:11:00+00:00,156,-1.5,2026-09-02 12:03:02.767951+00:00,2026-09-02 12:02:54+00:00,,MLB_ODDS_API_MARKET_HISTORY.csv,156,-1.5,6859,156,-1.5,2026-09-02 08:15:44.143645+00:00,0,0.0,0.390625,0.390625,0.0,0.0,8,spread,houston astros,True,False,False,ODDS_API,-1.5,ODDS_API,2,False
5315049742364f1f962411a129153260,chicago white sox,houston astros,betus,totals,Over,,,,,,pregame,2026-09-03 00:11:00+00:00,-115,8.5,2026-09-02 12:03:02.767951+00:00,2026-09-02 12:02:54+00:00,,MLB_ODDS_API_MARKET_HISTORY.csv,-115,8.5,6860,-115,8.5,2026-09-02 08:15:44.143645+00:00,0,0.0,0.5348837209302325,0.5348837209302325,0.0,0.0,8,total,over,True,False,False,ODDS_API,8.5,ODDS_API,2,False
5315049742364f1f962411a129153260,chicago white sox,houston astros,betus,totals,Under,,,,,,pregame,2026-09-03 00:11:00+00:00,-105,8.5,2026-09-02 12:03:02.767951+00:00,2026-09-02 12:02:54+00:00,,MLB_ODDS_API_MARKET_HISTORY.csv,-105,8.5,6861,-105,8.5,2026-09-02 08:15:44.143645+00:00,0,0.0,0.5121951219512195,0.5121951219512195,0.0,0.0,8,total,under,True,False,False,ODDS_API,8.5,ODDS_API,2,False
5315049742364f1f962411a129153260,chicago white sox,houston astros,bovada,h2h,Chicago White Sox,,,,,,pregame,2026-09-03 00:11:00+00:00,119,,2026-09-02 12:03:02.767951+00:00,2026-09-02 12:01:49+00:00,,MLB_ODDS_API_MARKET_HISTORY.csv,119,,6832,111,,2026-09-02 03:08:28.146452+00:00,8,,0.4739336492890995,0.45662100456621,-1.7312644722889514,1.7312644722889514,9,moneyline,chicago white sox,True,True,False,ODDS_API,,"ODDS_API,SGO",4,True
5315049742364f1f962411a129153260,chicago white sox,houston astros,bovada,h2h,Houston Astros,,,,,,pregame,2026-09-03 00:11:00+00:00,-142,,2026-09-02 12:03:02.767951+00:00,2026-09-02 12:01:49+00:00,,MLB_ODDS_API_MARKET_HISTORY.csv,-142,,6833,-133,,2026-09-02 03:08:28.146460+00:00,-9,,0.5708154506437768,0.5867768595041323,1.5961408860355464,1.5961408860355464,9,moneyline,houston astros,True,True,False,ODDS_API,,"ODDS_API,SGO",4,True
5315049742364f1f962411a129153260,chicago white sox,houston astros,bovada,spreads,Chicago White Sox,,,,,,pregame,2026-09-03 00:11:00+00:00,-180,1.5,2026-09-02 12:03:02.767951+00:00,2026-09-02 12:01:49+00:00,,MLB_ODDS_API_MARKET_HISTORY.csv,-180,1.5,6834,-195,1.5,2026-09-02 03:08:28.146468+00:00,15,0.0,0.6610169491525424,0.6428571428571429,-1.8159806295399483,1.8159806295399483,9,spread,chicago white sox,True,True,False,ODDS_API,1.5,"ODDS_API,SGO",4,True
5315049742364f1f962411a129153260,chicago white sox,houston astros,bovada,spreads,Houston Astros,,,,,,pregame,2026-09-03 00:11:00+00:00,155,-1.5,2026-09-02 12:03:02.767951+00:00,2026-09-02 12:01:49+00:00,,MLB_ODDS_API_MARKET_HISTORY.csv,155,-1.5,6835,165,-1.5,2026-09-02 03:08:28.146476+00:00,-10,0.0,0.3773584905660377,0.392156862745098,1.479837217906027,1.479837217906027,9,spread,houston astros,True,True,False,ODDS_API,-1.5,"ODDS_API,SGO",4,True
PQv1Ggn3XptTaMQvpE7I,chicago white sox,houston astros,bovada,ou,over,,,points,points-away-game-ou-over,game,pregame,2026-09-03 00:10:00+00:00,-145,3.5,2026-09-02 12:03:02.122557+00:00,2026-09-02 12:01:04.858000+00:00,1.0,MLB_SGO_MARKET_HISTORY.csv,-145,3.5,314651,-145,3.5,2026-09-02 11:53:16.109967+00:00,0,0.0,0.5918367346938775,0.5918367346938775,0.0,0.0,4,total,over,True,False,False,SGO,3.5,SGO,2,False
PQv1Ggn3XptTaMQvpE7I,chicago white sox,houston astros,bovada,ou,over,,,points,points-home-game-ou-over,game,pregame,2026-09-03 00:10:00+00:00,100,4.5,2026-09-02 12:03:02.122557+00:00,2026-09-02 12:01:04.858000+00:00,1.0,MLB_SGO_MARKET_HISTORY.csv,100,4.5,314670,100,4.5,2026-09-02 11:53:16.109967+00:00,0,0.0,0.5,0.5,0.0,0.0,4,total,over,True,False,False,SGO,4.5,SGO,2,False
5315049742364f1f962411a129153260,chicago white sox,houston astros,bovada,totals,Over,,,,,,pregame,2026-09-03 00:11:00+00:00,-105,8.5,2026-09-02 12:03:02.767951+00:00,2026-09-02 12:01:49+00:00,,MLB_ODDS_API_MARKET_HISTORY.csv,-105,8.5,6836,-105,8.5,2026-09-02 03:08:28.146485+00:00,0,0.0,0.5121951219512195,0.5121951219512195,0.0,0.0,9,total,over,True,False,False,ODDS_API,8.5,"ODDS_API,SGO",4,True
PQv1Ggn3XptTaMQvpE7I,chicago white sox,houston astros,bovada,ou,under,,,points,points-away-game-ou-under,game,pregame,2026-09-03 00:10:00+00:00,110,3.5,2026-09-02 12:03:02.122557+00:00,2026-09-02 12:01:04.858000+00:00,1.0,MLB_SGO_MARKET_HISTORY.csv,110,3.5,314656,110,3.5,2026-09-02 11:53:16.109967+00:00,0,0.0,0.4761904761904761,0.4761904761904761,0.0,0.0,4,total,under,True,False,False,SGO,3.5,SGO,2,False
PQv1Ggn3XptTaMQvpE7I,chicago white sox,houston astros,bovada,ou,under,,,points,points-home-game-ou-under,game,pregame,2026-09-03 00:10:00+00:00,-130,4.5,2026-09-02 12:03:02.122557+00:00,2026-09-02 12:01:04.858000+00:00,1.0,MLB_SGO_MARKET_HISTORY.csv,-130,4.5,314675,-130,4.5,2026-09-02 11:53:16.109967+00:00,0,0.0,0.5652173913043478,0.5652173913043478,0.0,0.0,4,total,under,True,False,False,SGO,4.5,SGO,2,False
5315049742364f1f962411a129153260,chicago white sox,houston astros,bovada,totals,Under,,,,,,pregame,2026-09-03 00:11:00+00:00,-115,8.5,2026-09-02 12:03:02.767951+00:00,2026-09-02 12:01:49+00:00,,MLB_ODDS_API_MARKET_HISTORY.csv,-115,8.5,6837,-115,8.5,2026-09-02 03:08:28.146493+00:00,0,0.0,0.5348837209302325,0.5348837209302325,0.0,0.0,9,total,under,True,False,False,ODDS_API,8.5,"ODDS_API,SGO",4,True
PQv1Ggn3XptTaMQvpE7I,chicago white sox,houston astros,caesars,ml,away,,,points,points-away-game-ml-away,game,pregame,2026-09-03 00:10:00+00:00,120,,2026-09-02 12:03:02.122557+00:00,2026-09-02 11:58:40.772000+00:00,1.0,MLB_SGO_MARKET_HISTORY.csv,120,,314580,115,,2026-09-02 03:08:27.495630+00:00,5,,0.4651162790697674,0.4545454545454545,-1.0570824524312905,1.0570824524312905,9,moneyline,chicago white sox,True,True,False,SGO,,SGO,2,False
PQv1Ggn3XptTaMQvpE7I,chicago white sox,houston astros,caesars,ml,home,,,points,points-home-game-ml-home,game,pregame,2026-09-03 00:10:00+00:00,-130,,2026-09-02 12:03:02.122557+00:00,2026-09-02 11:58:40.772000+00:00,1.0,MLB_SGO_MARKET_HISTORY.csv,-130,,314589,-125,,2026-09-02 03:08:27.495652+00:00,-5,,0.5555555555555556,0.5652173913043478,0.9661835748792202,0.9661835748792202,9,moneyline,houston astros,True,True,False,SGO,,SGO,2,False
PQv1Ggn3XptTaMQvpE7I,chicago white sox,houston astros,caesars,sp,away,,,points,points-away-game-sp-away,game,pregame,2026-09-03 00:10:00+00:00,-178,1.5,2026-09-02 12:03:02.122557+00:00,2026-09-02 11:58:40.772000+00:00,1.0,MLB_SGO_MARKET_HISTORY.csv,-178,1.5,314614,-195,1.5,2026-09-02 03:08:27.495717+00:00,17,0.0,0.6610169491525424,0.6402877697841727,-2.072917936836971,2.072917936836971,9,spread,chicago white sox,True,True,False,SGO,1.5,SGO,2,False
PQv1Ggn3XptTaMQvpE7I,chicago white sox,houston astros,caesars,sp,home,,,points,points-home-game-sp-home,game,pregame,2026-09-03 00:10:00+00:00,150,-1.5,2026-09-02 12:03:02.122557+00:00,2026-09-02 11:58:40.772000+00:00,1.0,MLB_SGO_MARKET_HISTORY.csv,150,-1.5,314622,162,-1.5,2026-09-02 03:08:27.495738+00:00,-12,0.0,0.3816793893129771,0.4,1.8320610687022896,1.8320610687022896,9,spread,houston astros,True,True,False,SGO,-1.5,SGO,2,False
PQv1Ggn3XptTaMQvpE7I,chicago white sox,houston astros,caesars,ou,over,,,points,points-away-game-ou-over,game,pregame,2026-09-03 00:10:00+00:00,-137,3.5,2026-09-02 12:03:02.122557+00:00,2026-09-02 12:01:28.358000+00:00,1.0,MLB_SGO_MARKET_HISTORY.csv,-137,3.5,314647,-137,3.5,2026-09-02 03:08:27.495760+00:00,0,0.0,0.5780590717299579,0.5780590717299579,0.0,0.0,9,total,over,True,False,False,SGO,3.5,SGO,2,False
PQv1Ggn3XptTaMQvpE7I,chicago white sox,houston astros,caesars,ou,over,,,points,points-home-game-ou-over,game,pregame,2026-09-03 00:10:00+00:00,105,4.5,2026-09-02 12:03:02.122557+00:00,2026-09-02 12:01:28.358000+00:00,1.0,MLB_SGO_MARKET_HISTORY.csv,105,4.5,314666,110,4.5,2026-09-02 03:08:27.495771+00:00,-5,0.0,0.4761904761904761,0.4878048780487805,1.1614401858304313,1.1614401858304313,9,total,over,True,True,False,SGO,4.5,SGO,2,False
PQv1Ggn3XptTaMQvpE7I,chicago white sox,houston astros,caesars,ou,over,,,points,points-all-game-ou-over,game,pregame,2026-09-03 00:10:00+00:00,-115,8.5,2026-09-02 12:03:02.122557+00:00,2026-09-02 11:58:40.772000+00:00,1.0,MLB_SGO_MARKET_HISTORY.csv,-115,8.5,314598,-105,8.5,2026-09-02 03:08:27.495674+00:00,-10,0.0,0.5121951219512195,0.5348837209302325,2.2688598979012986,2.2688598979012986,9,total,over,True,True,False,SGO,8.5,SGO,2,False
PQv1Ggn3XptTaMQvpE7I,chicago white sox,houston astros,caesars,ou,under,,,points,points-away-game-ou-under,game,pregame,2026-09-03 00:10:00+00:00,110,3.5,2026-09-02 12:03:02.122557+00:00,2026-09-02 12:01:28.358000+00:00,1.0,MLB_SGO_MARKET_HISTORY.csv,110,3.5,314652,105,3.5,2026-09-02 03:08:27.495763+00:00,5,0.0,0.4878048780487805,0.4761904761904761,-1.1614401858304313,1.1614401858304313,9,total,under,True,True,False,SGO,3.5,SGO,2,False
PQv1Ggn3XptTaMQvpE7I,chicago white sox,houston astros,caesars,ou,under,,,points,points-home-game-ou-under,game,pregame,2026-09-03 00:10:00+00:00,-133,4.5,2026-09-02 12:03:02.122557+00:00,2026-09-02 12:01:28.358000+00:00,1.0,MLB_SGO_MARKET_HISTORY.csv,-133,4.5,314671,-143,4.5,2026-09-02 03:08:27.495773+00:00,10,0.0,0.588477366255144,0.5708154506437768,-1.7661915611367207,1.7661915611367207,9,total,under,True,True,False,SGO,4.5,SGO,2,False
PQv1Ggn3XptTaMQvpE7I,chicago white sox,houston astros,caesars,ou,under,,,points,points-all-game-ou-under,game,pregame,2026-09-03 00:10:00+00:00,-105,8.5,2026-09-02 12:03:02.122557+00:00,2026-09-02 11:58:40.772000+00:00,1.0,MLB_SGO_MARKET_HISTORY.csv,-105,8.5,314606,-115,8.5,2026-09-02 03:08:27.495695+00:00,10,0.0,0.5348837209302325,0.5121951219512195,-2.2688598979012986,2.2688598979012986,9,total,under,True,True,False,SGO,8.5,SGO,2,False
5315049742364f1f962411a129153260,chicago white sox,houston astros,draftkings,h2h,Chicago White Sox,,,,,,pregame,2026-09-03 00:11:00+00:00,113,,2026-09-02 12:03:02.767951+00:00,2026-09-02 12:02:54+00:00,,MLB_ODDS_API_MARKET_HISTORY.csv,113,,6844,104,,2026-09-02 03:08:28.146549+00:00,9,,0.4901960784313725,0.4694835680751174,-2.071251035625515,2.071251035625515,9,moneyline,chicago white sox,True,True,False,ODDS_API,,"ODDS_API,SGO",4,True
5315049742364f1f962411a129153260,chicago white sox,houston astros,draftkings,h2h,Houston Astros,,,,,,pregame,2026-09-03 00:11:00+00:00,-136,,2026-09-02 12:03:02.767951+00:00,2026-09-02 12:02:54+00:00,,MLB_ODDS_API_MARKET_HISTORY.csv,-136,,6845,-126,,2026-09-02 03:08:28.146557+00:00,-10,,0.5575221238938053,0.576271186440678,1.8749062546872697,1.8749062546872697,9,moneyline,houston astros,True,True,False,ODDS_API,,"ODDS_API,SGO",4,True
5315049742364f1f962411a129153260,chicago white sox,houston astros,draftkings,spreads,Chicago White Sox,,,,,,pregame,2026-09-03 00:11:00+00:00,-182,1.5,2026-09-02 12:03:02.767951+00:00,2026-09-02 12:02:54+00:00,,MLB_ODDS_API_MARKET_HISTORY.csv,-182,1.5,6846,-194,1.5,2026-09-02 03:08:28.146566+00:00,12,0.0,0.6598639455782312,0.6453900709219859,-1.447387465624539,1.447387465624539,9,spread,chicago white sox,True,True,False,ODDS_API,1.5,"ODDS_API,SGO",4,True
5315049742364f1f962411a129153260,chicago white sox,houston astros,draftkings,spreads,Houston Astros,,,,,,pregame,2026-09-03 00:11:00+00:00,150,-1.5,2026-09-02 12:03:02.767951+00:00,2026-09-02 12:02:54+00:00,,MLB_ODDS_API_MARKET_HISTORY.csv,150,-1.5,6847,159,-1.5,2026-09-02 03:08:28.146574+00:00,-9,0.0,0.3861003861003861,0.4,1.3899613899613916,1.3899613899613916,9,spread,houston astros,True,True,False,ODDS_API,-1.5,"ODDS_API,SGO",4,True
PQv1Ggn3XptTaMQvpE7I,chicago white sox,houston astros,draftkings,ou,over,,,points,points-away-game-ou-over,game,pregame,2026-09-03 00:10:00+00:00,-140,3.5,2026-09-02 12:03:02.122557+00:00,2026-09-02 11:59:21.819000+00:00,1.0,MLB_SGO_MARKET_HISTORY.csv,-140,3.5,314648,-140,3.5,2026-09-02 08:15:43.454797+00:00,0,0.0,0.5833333333333334,0.5833333333333334,0.0,0.0,8,total,over,True,False,False,SGO,3.5,SGO,2,False
PQv1Ggn3XptTaMQvpE7I,chicago white sox,houston astros,draftkings,ou,over,,,points,points-home-game-ou-over,game,pregame,2026-09-03 00:10:00+00:00,100,4.5,2026-09-02 12:03:02.122557+00:00,2026-09-02 11:59:21.819000+00:00,1.0,MLB_SGO_MARKET_HISTORY.csv,100,4.5,314667,100,4.5,2026-09-02 08:15:43.454797+00:00,0,0.0,0.5,0.5,0.0,0.0,8,total,over,True,False,False,SGO,4.5,SGO,2,False
5315049742364f1f962411a129153260,chicago white sox,houston astros,draftkings,totals,Over,,,,,,pregame,2026-09-03 00:11:00+00:00,-115,8.5,2026-09-02 12:03:02.767951+00:00,2026-09-02 12:02:54+00:00,,MLB_ODDS_API_MARKET_HISTORY.csv,-115,8.5,6848,-108,8.5,2026-09-02 03:08:28.146582+00:00,-7,0.0,0.5192307692307693,0.5348837209302325,1.5652951699463236,1.5652951699463236,9,total,over,True,True,False,ODDS_API,8.5,"ODDS_API,SGO",4,True
PQv1Ggn3XptTaMQvpE7I,chicago white sox,houston astros,draftkings,ou,under,,,points,points-away-game-ou-under,game,pregame,2026-09-03 00:10:00+00:00,110,3.5,2026-09-02 12:03:02.122557+00:00,2026-09-02 11:59:21.819000+00:00,1.0,MLB_SGO_MARKET_HISTORY.csv,110,3.5,314653,110,3.5,2026-09-02 08:15:43.454797+00:00,0,0.0,0.4761904761904761,0.4761904761904761,0.0,0.0,8,total,under,True,False,False,SGO,3.5,SGO,2,False
PQv1Ggn3XptTaMQvpE7I,chicago white sox,houston astros,draftkings,ou,under,,,points,points-home-game-ou-under,game,pregame,2026-09-03 00:10:00+00:00,-130,4.5,2026-09-02 12:03:02.122557+00:00,2026-09-02 11:59:21.819000+00:00,1.0,MLB_SGO_MARKET_HISTORY.csv,-130,4.5,314672,-130,4.5,2026-09-02 08:15:43.454797+00:00,0,0.0,0.5652173913043478,0.5652173913043478,0.0,0.0,8,total,under,True,False,False,SGO,4.5,SGO,2,False
5315049742364f1f962411a129153260,chicago white sox,houston astros,draftkings,totals,Under,,,,,,pregame,2026-09-03 00:11:00+00:00,-105,8.5,2026-09-02 12:03:02.767951+00:00,2026-09-02 12:02:54+00:00,,MLB_ODDS_API_MARKET_HISTORY.csv,-105,8.5,6849,-112,8.5,2026-09-02 03:08:28.146590+00:00,7,0.0,0.5283018867924528,0.5121951219512195,-1.61067648412333,1.61067648412333,9,total,under,True,True,False,ODDS_API,8.5,"ODDS_API,SGO",4,True
PQv1Ggn3XptTaMQvpE7I,chicago white sox,houston astros,espnbet,ml,away,,,points,points-away-game-ml-away,game,pregame,2026-09-03 00:10:00+00:00,120,,2026-09-02 12:03:02.122557+00:00,2026-09-02 11:59:13.272000+00:00,1.0,MLB_SGO_MARKET_HISTORY.csv,120,,314577,110,,2026-09-02 03:08:27.495622+00:00,10,,0.4761904761904761,0.4545454545454545,-2.164502164502164,2.164502164502164,9,moneyline,chicago white sox,True,True,False,SGO,,SGO,2,False
PQv1Ggn3XptTaMQvpE7I,chicago white sox,houston astros,espnbet,ml,home,,,points,points-home-game-ml-home,game,pregame,2026-09-03 00:10:00+00:00,-140,,2026-09-02 12:03:02.122557+00:00,2026-09-02 11:59:13.272000+00:00,1.0,MLB_SGO_MARKET_HISTORY.csv,-140,,314586,-130,,2026-09-02 03:08:27.495644+00:00,-10,,0.5652173913043478,0.5833333333333334,1.8115942028985588,1.8115942028985588,9,moneyline,houston astros,True,True,False,SGO,,SGO,2,False
PQv1Ggn3XptTaMQvpE7I,chicago white sox,houston astros,espnbet,sp,away,,,points,points-away-game-sp-away,game,pregame,2026-09-03 00:10:00+00:00,-180,1.5,2026-09-02 12:03:02.122557+00:00,2026-09-02 11:59:13.272000+00:00,1.0,MLB_SGO_MARKET_HISTORY.csv,-180,1.5,314610,-200,1.5,2026-09-02 03:08:27.495706+00:00,20,0.0,0.6666666666666666,0.6428571428571429,-2.3809523809523725,2.3809523809523725,9,spread,chicago white sox,True,True,False,SGO,1.5,SGO,2,False
PQv1Ggn3XptTaMQvpE7I,chicago white sox,houston astros,espnbet,sp,home,,,points,points-home-game-sp-home,game,pregame,2026-09-03 00:10:00+00:00,150,-1.5,2026-09-02 12:03:02.122557+00:00,2026-09-02 11:59:13.272000+00:00,1.0,MLB_SGO_MARKET_HISTORY.csv,150,-1.5,314618,165,-1.5,2026-09-02 03:08:27.495727+00:00,-15,0.0,0.3773584905660377,0.4,2.264150943396226,2.264150943396226,9,spread,houston astros,True,True,False,SGO,-1.5,SGO,2,False
PQv1Ggn3XptTaMQvpE7I,chicago white sox,houston astros,espnbet,ou,over,,,points,points-away-game-ou-over,game,pregame,2026-09-03 00:10:00+00:00,-650,1.5,2026-09-02 12:03:02.122557+00:00,2026-09-02 05:32:25.932000+00:00,0.0,MLB_SGO_MARKET_HISTORY.csv,-650,1.5,314650,-650,1.5,2026-09-02 08:15:43.454797+00:00,0,0.0,0.8666666666666667,0.8666666666666667,0.0,0.0,8,total,over,True,False,False,SGO,1.5,SGO,2,False
PQv1Ggn3XptTaMQvpE7I,chicago white sox,houston astros,espnbet,ou,over,,,points,points-home-game-ou-over,game,pregame,2026-09-03 00:10:00+00:00,105,4.5,2026-09-02 12:03:02.122557+00:00,2026-09-02 12:01:19.402000+00:00,1.0,MLB_SGO_MARKET_HISTORY.csv,105,4.5,314669,-175,3.5,2026-09-02 08:15:43.454797+00:00,280,1.0,0.6363636363636364,0.4878048780487805,-14.855875831485587,14.855875831485587,8,total,over,True,True,True,SGO,4.5,SGO,1,False
emg40lyLK9P7y5OtAbGI,chicago white sox,houston astros,espnbet,ou,over,,,points,points-home-game-ou-over,game,pregame,2026-09-03 18:10:00+00:00,425,7.5,2026-09-03 05:14:08.727725+00:00,2026-09-03 05:10:50.490000+00:00,1.0,MLB_SGO_MARKET_HISTORY.csv,425,7.5,343720,425,7.5,2026-09-03 05:13:56.618657+00:00,0,0.0,0.1904761904761904,0.1904761904761904,0.0,0.0,2,total,over,True,False,False,SGO,7.5,SGO,1,False
PQv1Ggn3XptTaMQvpE7I,chicago white sox,houston astros,espnbet,ou,over,,,points,points-all-game-ou-over,game,pregame,2026-09-03 00:10:00+00:00,-110,8.5,2026-09-02 12:03:02.122557+00:00,2026-09-02 11:59:13.272000+00:00,1.0,MLB_SGO_MARKET_HISTORY.csv,-110,8.5,314594,-105,8.5,2026-09-02 03:08:27.495663+00:00,-5,0.0,0.5121951219512195,0.5238095238095238,1.1614401858304313,1.1614401858304313,9,total,over,True,True,False,SGO,8.5,SGO,2,False
PQv1Ggn3XptTaMQvpE7I,chicago white sox,houston astros,espnbet,ou,under,,,points,points-away-game-ou-under,game,pregame,2026-09-03 00:10:00+00:00,400,1.5,2026-09-02 12:03:02.122557+00:00,2026-09-02 05:32:25.932000+00:00,0.0,MLB_SGO_MARKET_HISTORY.csv,400,1.5,314655,400,1.5,2026-09-02 08:15:43.454797+00:00,0,0.0,0.2,0.2,0.0,0.0,8,total,under,True,False,False,SGO,1.5,SGO,2,False
PQv1Ggn3XptTaMQvpE7I,chicago white sox,houston astros,espnbet,ou,under,,,points,points-home-game-ou-under,game,pregame,2026-09-03 00:10:00+00:00,-135,4.5,2026-09-02 12:03:02.122557+00:00,2026-09-02 12:01:19.402000+00:00,1.0,MLB_SGO_MARKET_HISTORY.csv,-135,4.5,314674,135,3.5,2026-09-02 08:15:43.454797+00:00,-270,1.0,0.425531914893617,0.574468085106383,14.8936170212766,14.8936170212766,8,total,under,True,True,True,SGO,4.5,SGO,1,False
emg40lyLK9P7y5OtAbGI,chicago white sox,houston astros,espnbet,ou,under,,,points,points-home-game-ou-under,game,pregame,2026-09-03 18:10:00+00:00,-700,7.5,2026-09-03 05:14:08.727744+00:00,2026-09-03 05:10:50.490000+00:00,1.0,MLB_SGO_MARKET_HISTORY.csv,-700,7.5,343725,-700,7.5,2026-09-03 05:13:56.618657+00:00,0,0.0,0.875,0.875,0.0,0.0,2,total,under,True,False,False,SGO,7.5,SGO,1,False
PQv1Ggn3XptTaMQvpE7I,chicago white sox,houston astros,espnbet,ou,under,,,points,points-all-game-ou-under,game,pregame,2026-09-03 00:10:00+00:00,-110,8.5,2026-09-02 12:03:02.122557+00:00,2026-09-02 11:59:13.272000+00:00,1.0,MLB_SGO_MARKET_HISTORY.csv,-110,8.5,314602,-115,8.5,2026-09-02 03:08:27.495684+00:00,5,0.0,0.5348837209302325,0.5238095238095238,-1.107419712070867,1.107419712070867,9,total,under,True,True,False,SGO,8.5,SGO,2,False
5315049742364f1f962411a129153260,chicago white sox,houston astros,fanduel,h2h,Chicago White Sox,,,,,,pregame,2026-09-03 00:11:00+00:00,120,,2026-09-02 12:03:02.767951+00:00,2026-09-02 12:02:37+00:00,,MLB_ODDS_API_MARKET_HISTORY.csv,120,,6820,112,,2026-09-02 03:08:28.146403+00:00,8,,0.4716981132075472,0.4545454545454545,-1.7152658662092646,1.7152658662092646,9,moneyline,chicago white sox,True,True,False,ODDS_API,,"ODDS_API,SGO",4,True
5315049742364f1f962411a129153260,chicago white sox,houston astros,fanduel,h2h,Houston Astros,,,,,,pregame,2026-09-03 00:11:00+00:00,-142,,2026-09-02 12:03:02.767951+00:00,2026-09-02 12:02:37+00:00,,MLB_ODDS_API_MARKET_HISTORY.csv,-142,,6821,-132,,2026-09-02 03:08:28.146411+00:00,-10,,0.5689655172413793,0.5867768595041323,1.7811342262752938,1.7811342262752938,9,moneyline,houston astros,True,True,False,ODDS_API,,"ODDS_API,SGO",4,True
5315049742364f1f962411a129153260,chicago white sox,houston astros,fanduel,spreads,Chicago White Sox,,,,,,pregame,2026-09-03 00:11:00+00:00,-184,1.5,2026-09-02 12:03:02.767951+00:00,2026-09-02 12:02:37+00:00,,MLB_ODDS_API_MARKET_HISTORY.csv,-184,1.5,6822,-200,1.5,2026-09-02 03:08:28.146420+00:00,16,0.0,0.6666666666666666,0.647887323943662,-1.8779342723004635,1.8779342723004635,9,spread,chicago white sox,True,True,False,ODDS_API,1.5,"ODDS_API,SGO",4,True
5315049742364f1f962411a129153260,chicago white sox,houston astros,fanduel,spreads,Houston Astros,,,,,,pregame,2026-09-03 00:11:00+00:00,152,-1.5,2026-09-02 12:03:02.767951+00:00,2026-09-02 12:02:37+00:00,,MLB_ODDS_API_MARKET_HISTORY.csv,152,-1.5,6823,164,-1.5,2026-09-02 03:08:28.146428+00:00,-12,0.0,0.3787878787878788,0.3968253968253968,1.8037518037518017,1.8037518037518017,9,spread,houston astros,True,True,False,ODDS_API,-1.5,"ODDS_API,SGO",4,True
PQv1Ggn3XptTaMQvpE7I,chicago white sox,houston astros,fanduel,ou,over,,,points,points-away-game-ou-over,game,pregame,2026-09-03 00:10:00+00:00,-128,3.5,2026-09-02 12:03:02.122557+00:00,2026-09-02 11:59:36.693000+00:00,1.0,MLB_SGO_MARKET_HISTORY.csv,-128,3.5,314649,-125,3.5,2026-09-02 08:15:43.454797+00:00,-3,0.0,0.5555555555555556,0.5614035087719298,0.5847953216374213,0.5847953216374213,8,total,over,True,True,False,SGO,3.5,SGO,2,False
PQv1Ggn3XptTaMQvpE7I,chicago white sox,houston astros,fanduel,ou,over,,,points,points-home-game-ou-over,game,pregame,2026-09-03 00:10:00+00:00,116,4.5,2026-09-02 12:03:02.122557+00:00,2026-09-02 11:59:36.693000+00:00,1.0,MLB_SGO_MARKET_HISTORY.csv,116,4.5,314668,114,4.5,2026-09-02 08:15:43.454797+00:00,2,0.0,0.4672897196261682,0.4629629629629629,-0.4326756663205255,0.4326756663205255,8,total,over,True,True,False,SGO,4.5,SGO,2,False
e3f232afa3f72858e94154eb4e526488,chicago white sox,houston astros,fanduel,totals,Over,,,,,,pregame,2026-09-03 18:10:00+00:00,-122,8.0,2026-09-03 05:14:09.061633+00:00,2026-09-03 05:13:36+00:00,,MLB_ODDS_API_MARKET_HISTORY.csv,-122,8.0,7638,-122,8.0,2026-09-03 05:13:57.019887+00:00,0,0.0,0.5495495495495496,0.5495495495495496,0.0,0.0,2,total,over,True,False,False,ODDS_API,8.0,"ODDS_API,SGO",2,True
5315049742364f1f962411a129153260,chicago white sox,houston astros,fanduel,totals,Over,,,,,,pregame,2026-09-03 00:11:00+00:00,-105,8.5,2026-09-02 12:03:02.767951+00:00,2026-09-02 12:02:37+00:00,,MLB_ODDS_API_MARKET_HISTORY.csv,-105,8.5,6824,-105,8.5,2026-09-02 03:08:28.146436+00:00,0,0.0,0.5121951219512195,0.5121951219512195,0.0,0.0,9,total,over,True,False,False,ODDS_API,8.5,"ODDS_API,SGO",2,True
PQv1Ggn3XptTaMQvpE7I,chicago white sox,houston astros,fanduel,ou,under,,,points,points-away-game-ou-under,game,pregame,2026-09-03 00:10:00+00:00,100,3.5,2026-09-02 12:03:02.122557+00:00,2026-09-02 11:59:36.693000+00:00,1.0,MLB_SGO_MARKET_HISTORY.csv,100,3.5,314654,-102,3.5,2026-09-02 08:15:43.454797+00:00,202,0.0,0.504950495049505,0.5,-0.4950495049504955,0.4950495049504955,8,total,under,True,True,False,SGO,3.5,SGO,2,False
PQv1Ggn3XptTaMQvpE7I,chicago white sox,houston astros,fanduel,ou,under,,,points,points-home-game-ou-under,game,pregame,2026-09-03 00:10:00+00:00,-148,4.5,2026-09-02 12:03:02.122557+00:00,2026-09-02 11:59:36.693000+00:00,1.0,MLB_SGO_MARKET_HISTORY.csv,-148,4.5,314673,-146,4.5,2026-09-02 08:15:43.454797+00:00,-2,0.0,0.5934959349593496,0.5967741935483871,0.3278258589037519,0.3278258589037519,8,total,under,True,True,False,SGO,4.5,SGO,2,False
e3f232afa3f72858e94154eb4e526488,chicago white sox,houston astros,fanduel,totals,Under,,,,,,pregame,2026-09-03 18:10:00+00:00,100,8.0,2026-09-03 05:14:09.061637+00:00,2026-09-03 05:13:36+00:00,,MLB_ODDS_API_MARKET_HISTORY.csv,100,8.0,7639,100,8.0,2026-09-03 05:13:57.019887+00:00,0,0.0,0.5,0.5,0.0,0.0,2,total,under,True,False,False,ODDS_API,8.0,"ODDS_API,SGO",2,True
5315049742364f1f962411a129153260,chicago white sox,houston astros,fanduel,totals,Under,,,,,,pregame,2026-09-03 00:11:00+00:00,-115,8.5,2026-09-02 12:03:02.767951+00:00,2026-09-02 12:02:37+00:00,,MLB_ODDS_API_MARKET_HISTORY.csv,-115,8.5,6825,-115,8.5,2026-09-02 03:08:28.146444+00:00,0,0.0,0.5348837209302325,0.5348837209302325,0.0,0.0,9,total,under,True,False,False,ODDS_API,8.5,"ODDS_API,SGO",2,True
5315049742364f1f962411a129153260,chicago white sox,houston astros,lowvig,h2h,Chicago White Sox,,,,,,pregame,2026-09-03 00:11:00+00:00,120,,2026-09-02 12:03:02.767951+00:00,2026-09-02 12:02:13+00:00,,MLB_ODDS_API_MARKET_HISTORY.csv,120,,6868,122,,2026-09-02 08:15:44.143645+00:00,-2,,0.4504504504504504,0.4545454545454545,0.4095004095004073,0.4095004095004073,8,moneyline,chicago white sox,True,True,False,ODDS_API,,ODDS_API,2,False
5315049742364f1f962411a129153260,chicago white sox,houston astros,lowvig,h2h,Houston Astros,,,,,,pregame,2026-09-03 00:11:00+00:00,-132,,2026-09-02 12:03:02.767951+00:00,2026-09-02 12:02:13+00:00,,MLB_ODDS_API_MARKET_HISTORY.csv,-132,,6869,-135,,2026-09-02 08:15:44.143645+00:00,3,,0.574468085106383,0.5689655172413793,-0.5502567865003694,0.5502567865003694,8,moneyline,houston astros,True,True,False,ODDS_API,,ODDS_API,2,False
5315049742364f1f962411a129153260,chicago white sox,houston astros,lowvig,spreads,Chicago White Sox,,,,,,pregame,2026-09-03 00:11:00+00:00,-180,1.5,2026-09-02 12:03:02.767951+00:00,2026-09-02 12:02:13+00:00,,MLB_ODDS_API_MARKET_HISTORY.csv,-180,1.5,6870,-180,1.5,2026-09-02 08:15:44.143645+00:00,0,0.0,0.6428571428571429,0.6428571428571429,0.0,0.0,8,spread,chicago white sox,True,False,False,ODDS_API,1.5,ODDS_API,2,False
5315049742364f1f962411a129153260,chicago white sox,houston astros,lowvig,spreads,Houston Astros,,,,,,pregame,2026-09-03 00:11:00+00:00,158,-1.5,2026-09-02 12:03:02.767951+00:00,2026-09-02 12:02:13+00:00,,MLB_ODDS_API_MARKET_HISTORY.csv,158,-1.5,6871,158,-1.5,2026-09-02 08:15:44.143645+00:00,0,0.0,0.3875968992248062,0.3875968992248062,0.0,0.0,8,spread,houston astros,True,False,False,ODDS_API,-1.5,ODDS_API,2,False
5315049742364f1f962411a129153260,chicago white sox,houston astros,lowvig,totals,Over,,,,,,pregame,2026-09-03 00:11:00+00:00,-113,8.5,2026-09-02 12:03:02.767951+00:00,2026-09-02 12:02:13+00:00,,MLB_ODDS_API_MARKET_HISTORY.csv,-113,8.5,6872,-113,8.5,2026-09-02 08:15:44.143645+00:00,0,0.0,0.5305164319248826,0.5305164319248826,0.0,0.0,8,total,over,True,False,False,ODDS_API,8.5,ODDS_API,2,False
5315049742364f1f962411a129153260,chicago white sox,houston astros,lowvig,totals,Under,,,,,,pregame,2026-09-03 00:11:00+00:00,-102,8.5,2026-09-02 12:03:02.767951+00:00,2026-09-02 12:02:13+00:00,,MLB_ODDS_API_MARKET_HISTORY.csv,-102,8.5,6873,-102,8.5,2026-09-02 08:15:44.143645+00:00,0,0.0,0.504950495049505,0.504950495049505,0.0,0.0,8,total,under,True,False,False,ODDS_API,8.5,ODDS_API,2,False
5315049742364f1f962411a129153260,chicago white sox,houston astros,mybookieag,h2h,Chicago White Sox,,,,,,pregame,2026-09-03 00:11:00+00:00,115,,2026-09-02 12:03:02.767951+00:00,2026-09-02 12:02:37+00:00,,MLB_ODDS_API_MARKET_HISTORY.csv,115,,6826,118,,2026-09-02 08:15:44.143645+00:00,-3,,0.4587155963302752,0.4651162790697674,0.6400682739492181,0.6400682739492181,8,moneyline,chicago white sox,True,True,False,ODDS_API,,ODDS_API,2,False
5315049742364f1f962411a129153260,chicago white sox,houston astros,mybookieag,h2h,Houston Astros,,,,,,pregame,2026-09-03 00:11:00+00:00,-135,,2026-09-02 12:03:02.767951+00:00,2026-09-02 12:02:37+00:00,,MLB_ODDS_API_MARKET_HISTORY.csv,-135,,6827,-139,,2026-09-02 08:15:44.143645+00:00,4,,0.5815899581589958,0.574468085106383,-0.7121873052612804,0.7121873052612804,8,moneyline,houston astros,True,True,False,ODDS_API,,ODDS_API,2,False
5315049742364f1f962411a129153260,chicago white sox,houston astros,mybookieag,spreads,Chicago White Sox,,,,,,pregame,2026-09-03 00:11:00+00:00,-190,1.5,2026-09-02 12:03:02.767951+00:00,2026-09-02 12:02:37+00:00,,MLB_ODDS_API_MARKET_HISTORY.csv,-190,1.5,6828,-180,1.5,2026-09-02 08:15:44.143645+00:00,-10,0.0,0.6428571428571429,0.6551724137931034,1.231527093596052,1.231527093596052,8,spread,chicago white sox,True,True,False,ODDS_API,1.5,ODDS_API,2,False
5315049742364f1f962411a129153260,chicago white sox,houston astros,mybookieag,spreads,Houston Astros,,,,,,pregame,2026-09-03 00:11:00+00:00,159,-1.5,2026-09-02 12:03:02.767951+00:00,2026-09-02 12:02:37+00:00,,MLB_ODDS_API_MARKET_HISTORY.csv,159,-1.5,6829,152,-1.5,2026-09-02 08:15:44.143645+00:00,7,0.0,0.3968253968253968,0.3861003861003861,-1.0725010725010695,1.0725010725010695,8,spread,houston astros,True,True,False,ODDS_API,-1.5,ODDS_API,2,False
5315049742364f1f962411a129153260,chicago white sox,houston astros,mybookieag,totals,Over,,,,,,pregame,2026-09-03 00:11:00+00:00,-113,8.5,2026-09-02 12:03:02.767951+00:00,2026-09-02 12:02:37+00:00,,MLB_ODDS_API_MARKET_HISTORY.csv,-113,8.5,6830,-115,8.5,2026-09-02 08:15:44.143645+00:00,2,0.0,0.5348837209302325,0.5305164319248826,-0.4367289005349883,0.4367289005349883,8,total,over,True,True,False,ODDS_API,8.5,ODDS_API,2,False
5315049742364f1f962411a129153260,chicago white sox,houston astros,mybookieag,totals,Under,,,,,,pregame,2026-09-03 00:11:00+00:00,-108,8.5,2026-09-02 12:03:02.767951+00:00,2026-09-02 12:02:37+00:00,,MLB_ODDS_API_MARKET_HISTORY.csv,-108,8.5,6831,-107,8.5,2026-09-02 08:15:44.143645+00:00,-1,0.0,0.5169082125603864,0.5192307692307693,0.2322556670382836,0.2322556670382836,8,total,under,True,True,False,ODDS_API,8.5,ODDS_API,2,False
PQv1Ggn3XptTaMQvpE7I,chicago white sox,houston astros,pointsbet,ml,away,,,points,points-away-game-ml-away,game,pregame,2026-09-03 00:10:00+00:00,120,,2026-09-02 12:03:02.122557+00:00,2026-09-02 11:59:13.272000+00:00,1.0,MLB_SGO_MARKET_HISTORY.csv,120,,314575,110,,2026-09-02 03:08:27.495617+00:00,10,,0.4761904761904761,0.4545454545454545,-2.164502164502164,2.164502164502164,9,moneyline,chicago white sox,True,True,False,SGO,,SGO,2,False
PQv1Ggn3XptTaMQvpE7I,chicago white sox,houston astros,pointsbet,ml,home,,,points,points-home-game-ml-home,game,pregame,2026-09-03 00:10:00+00:00,-141,,2026-09-02 12:03:02.122557+00:00,2026-09-02 11:59:13.272000+00:00,1.0,MLB_SGO_MARKET_HISTORY.csv,-141,,314584,-130,,2026-09-02 03:08:27.495638+00:00,-11,,0.5652173913043478,0.5850622406639004,1.9844849359552663,1.9844849359552663,9,moneyline,houston astros,True,True,False,SGO,,SGO,2,False
PQv1Ggn3XptTaMQvpE7I,chicago white sox,houston astros,pointsbet,sp,away,,,points,points-away-game-sp-away,game,pregame,2026-09-03 00:10:00+00:00,-179,1.5,2026-09-02 12:03:02.122557+00:00,2026-09-02 11:59:13.272000+00:00,1.0,MLB_SGO_MARKET_HISTORY.csv,-179,1.5,314609,-189,1.5,2026-09-02 03:08:27.495703+00:00,10,0.0,0.6539792387543253,0.6415770609318996,-1.2402177822425695,1.2402177822425695,9,spread,chicago white sox,True,True,False,SGO,1.5,SGO,2,False
PQv1Ggn3XptTaMQvpE7I,chicago white sox,houston astros,pointsbet,sp,home,,,points,points-home-game-sp-home,game,pregame,2026-09-03 00:10:00+00:00,150,-1.5,2026-09-02 12:03:02.122557+00:00,2026-09-02 11:59:13.272000+00:00,1.0,MLB_SGO_MARKET_HISTORY.csv,150,-1.5,314617,160,-1.5,2026-09-02 03:08:27.495725+00:00,-10,0.0,0.3846153846153846,0.4,1.5384615384615383,1.5384615384615383,9,spread,houston astros,True,True,False,SGO,-1.5,SGO,2,False
PQv1Ggn3XptTaMQvpE7I,chicago white sox,houston astros,pointsbet,ou,over,,,points,points-all-game-ou-over,game,pregame,2026-09-03 00:10:00+00:00,-111,8.5,2026-09-02 12:03:02.122557+00:00,2026-09-02 11:59:13.272000+00:00,1.0,MLB_SGO_MARKET_HISTORY.csv,-111,8.5,314593,-105,8.5,2026-09-02 03:08:27.495660+00:00,-6,0.0,0.5121951219512195,0.5260663507109005,1.3871228759680942,1.3871228759680942,9,total,over,True,True,False,SGO,8.5,SGO,2,False
PQv1Ggn3XptTaMQvpE7I,chicago white sox,houston astros,pointsbet,ou,under,,,points,points-all-game-ou-under,game,pregame,2026-09-03 00:10:00+00:00,-111,8.5,2026-09-02 12:03:02.122557+00:00,2026-09-02 11:59:13.272000+00:00,1.0,MLB_SGO_MARKET_HISTORY.csv,-111,8.5,314601,-115,8.5,2026-09-02 03:08:27.495682+00:00,4,0.0,0.5348837209302325,0.5260663507109005,-0.8817370219332044,0.8817370219332044,9,total,under,True,True,False,SGO,8.5,SGO,2,False
PQv1Ggn3XptTaMQvpE7I,chicago white sox,houston astros,unibet,ml,away,,,points,points-away-game-ml-away,game,pregame,2026-09-03 00:10:00+00:00,114,,2026-09-02 12:03:02.122557+00:00,2026-09-02 11:59:34.272000+00:00,1.0,MLB_SGO_MARKET_HISTORY.csv,114,,314576,110,,2026-09-02 03:08:27.495620+00:00,4,,0.4761904761904761,0.4672897196261682,-0.8900756564307943,0.8900756564307943,9,moneyline,chicago white sox,True,True,False,SGO,,SGO,2,False
PQv1Ggn3XptTaMQvpE7I,chicago white sox,houston astros,unibet,ml,home,,,points,points-home-game-ml-home,game,pregame,2026-09-03 00:10:00+00:00,-137,,2026-09-02 12:03:02.122557+00:00,2026-09-02 11:59:34.272000+00:00,1.0,MLB_SGO_MARKET_HISTORY.csv,-137,,314585,-132,,2026-09-02 03:08:27.495641+00:00,-5,,0.5689655172413793,0.5780590717299579,0.9093554488578516,0.9093554488578516,9,moneyline,houston astros,True,True,False,SGO,,SGO,2,False
PQv1Ggn3XptTaMQvpE7I,chicago white sox,houston astros,unibet,sp,away,,,points,points-away-game-sp-away,game,pregame,2026-09-03 00:10:00+00:00,-134,1.0,2026-09-02 12:03:02.122557+00:00,2026-09-02 11:59:13.272000+00:00,1.0,MLB_SGO_MARKET_HISTORY.csv,-134,1.0,314612,-134,1.0,2026-09-02 03:08:27.495711+00:00,0,0.0,0.5726495726495726,0.5726495726495726,0.0,0.0,9,spread,chicago white sox,True,False,False,SGO,1.0,SGO,1,False
emg40lyLK9P7y5OtAbGI,chicago white sox,houston astros,unibet,sp,away,,,points,points-away-game-sp-away,game,pregame,2026-09-03 18:10:00+00:00,-148,1.5,2026-09-03 05:14:08.727461+00:00,2026-09-03 05:09:53.005000+00:00,1.0,MLB_SGO_MARKET_HISTORY.csv,-148,1.5,343653,-148,1.5,2026-09-03 05:13:56.618657+00:00,0,0.0,0.5967741935483871,0.5967741935483871,0.0,0.0,2,spread,chicago white sox,True,False,False,SGO,1.5,SGO,1,False
emg40lyLK9P7y5OtAbGI,chicago white sox,houston astros,unibet,sp,home,,,points,points-home-game-sp-home,game,pregame,2026-09-03 18:10:00+00:00,123,-1.5,2026-09-03 05:14:08.727497+00:00,2026-09-03 05:09:53.005000+00:00,1.0,MLB_SGO_MARKET_HISTORY.csv,123,-1.5,343661,123,-1.5,2026-09-03 05:13:56.618657+00:00,0,0.0,0.4484304932735426,0.4484304932735426,0.0,0.0,2,spread,houston astros,True,False,False,SGO,-1.5,SGO,1,False
PQv1Ggn3XptTaMQvpE7I,chicago white sox,houston astros,unibet,sp,home,,,points,points-home-game-sp-home,game,pregame,2026-09-03 00:10:00+00:00,110,-1.0,2026-09-02 12:03:02.122557+00:00,2026-09-02 11:59:13.272000+00:00,1.0,MLB_SGO_MARKET_HISTORY.csv,110,-1.0,314620,110,-1.0,2026-09-02 03:08:27.495733+00:00,0,0.0,0.4761904761904761,0.4761904761904761,0.0,0.0,9,spread,houston astros,True,False,False,SGO,-1.0,SGO,1,False
PQv1Ggn3XptTaMQvpE7I,chicago white sox,houston astros,unibet,ou,over,,,points,points-all-game-ou-over,game,pregame,2026-09-03 00:10:00+00:00,-110,8.5,2026-09-02 12:03:02.122557+00:00,2026-09-02 11:59:13.272000+00:00,1.0,MLB_SGO_MARKET_HISTORY.csv,-110,8.5,314596,-110,8.5,2026-09-02 03:08:27.495668+00:00,0,0.0,0.5238095238095238,0.5238095238095238,0.0,0.0,9,total,over,True,False,False,SGO,8.5,SGO,2,False
PQv1Ggn3XptTaMQvpE7I,chicago white sox,houston astros,unibet,ou,under,,,points,points-all-game-ou-under,game,pregame,2026-09-03 00:10:00+00:00,-110,8.5,2026-09-02 12:03:02.122557+00:00,2026-09-02 11:59:13.272000+00:00,1.0,MLB_SGO_MARKET_HISTORY.csv,-110,8.5,314604,-110,8.5,2026-09-02 03:08:27.495690+00:00,0,0.0,0.5238095238095238,0.5238095238095238,0.0,0.0,9,total,under,True,False,False,SGO,8.5,SGO,2,False
PQv1Ggn3XptTaMQvpE7I,chicago white sox,houston astros,williamhill,ml,away,,,points,points-away-game-ml-away,game,pregame,2026-09-03 00:10:00+00:00,110,,2026-09-02 12:03:02.122557+00:00,2026-09-02 11:59:33.272000+00:00,1.0,MLB_SGO_MARKET_HISTORY.csv,110,,314582,110,,2026-09-02 08:15:43.454797+00:00,0,,0.4761904761904761,0.4761904761904761,0.0,0.0,8,moneyline,chicago white sox,True,False,False,SGO,,SGO,2,False
PQv1Ggn3XptTaMQvpE7I,chicago white sox,houston astros,williamhill,ml,home,,,points,points-home-game-ml-home,game,pregame,2026-09-03 00:10:00+00:00,-138,,2026-09-02 12:03:02.122557+00:00,2026-09-02 11:59:33.272000+00:00,1.0,MLB_SGO_MARKET_HISTORY.csv,-138,,314591,-138,,2026-09-02 08:15:43.454797+00:00,0,,0.5798319327731093,0.5798319327731093,0.0,0.0,8,moneyline,houston astros,True,False,False,SGO,,SGO,2,False
af7b25a4d0428e7f04b74c6c3a75c59d,detroit tigers,minnesota twins,betmgm,h2h,Detroit Tigers,,,,,,pregame,2026-09-02 23:41:00+00:00,-102,,2026-09-02 12:03:02.767951+00:00,2026-09-02 12:02:55+00:00,,MLB_ODDS_API_MARKET_HISTORY.csv,-102,,6744,-102,,2026-09-02 03:08:28.145768+00:00,0,,0.504950495049505,0.504950495049505,0.0,0.0,9,moneyline,detroit tigers,True,False,False,ODDS_API,,"ODDS_API,SGO",2,True
af7b25a4d0428e7f04b74c6c3a75c59d,detroit tigers,minnesota twins,betmgm,h2h,Minnesota Twins,,,,,,pregame,2026-09-02 23:41:00+00:00,-118,,2026-09-02 12:03:02.767951+00:00,2026-09-02 12:02:55+00:00,,MLB_ODDS_API_MARKET_HISTORY.csv,-118,,6745,-118,,2026-09-02 03:08:28.145777+00:00,0,,0.5412844036697247,0.5412844036697247,0.0,0.0,9,moneyline,minnesota twins,True,False,False,ODDS_API,,"ODDS_API,SGO",2,True
E5nZn79Oip5jkYeyxB4l,detroit tigers,minnesota twins,betmgm,sp,away,,,points,points-away-game-sp-away,game,pregame,2026-09-02 23:40:00+00:00,155,-1.5,2026-09-02 12:03:02.122557+00:00,2026-09-02 12:01:36.175000+00:00,1.0,MLB_SGO_MARKET_HISTORY.csv,155,-1.5,305326,155,-1.5,2026-09-02 03:08:27.488914+00:00,0,0.0,0.392156862745098,0.392156862745098,0.0,0.0,9,spread,detroit tigers,True,False,False,SGO,-1.5,SGO,1,False
E5nZn79Oip5jkYeyxB4l,detroit tigers,minnesota twins,betmgm,sp,home,,,points,points-home-game-sp-home,game,pregame,2026-09-02 23:40:00+00:00,-190,1.5,2026-09-02 12:03:02.122557+00:00,2026-09-02 12:01:36.175000+00:00,1.0,MLB_SGO_MARKET_HISTORY.csv,-190,1.5,305334,-190,1.5,2026-09-02 03:08:27.488936+00:00,0,0.0,0.6551724137931034,0.6551724137931034,0.0,0.0,9,spread,minnesota twins,True,False,False,SGO,1.5,SGO,1,False
E5nZn79Oip5jkYeyxB4l,detroit tigers,minnesota twins,betmgm,ou,over,,,points,points-all-game-ou-over,game,pregame,2026-09-02 23:40:00+00:00,-125,8.5,2026-09-02 12:03:02.122557+00:00,2026-09-02 03:45:24.977000+00:00,0.0,MLB_SGO_MARKET_HISTORY.csv,-125,8.5,305312,-125,8.5,2026-09-02 03:08:27.488876+00:00,0,0.0,0.5555555555555556,0.5555555555555556,0.0,0.0,9,total,over,True,False,False,SGO,8.5,SGO,1,False
af7b25a4d0428e7f04b74c6c3a75c59d,detroit tigers,minnesota twins,betmgm,totals,Over,,,,,,pregame,2026-09-02 23:41:00+00:00,100,9.0,2026-09-02 12:03:02.767951+00:00,2026-09-02 12:02:55+00:00,,MLB_ODDS_API_MARKET_HISTORY.csv,100,9.0,6746,-125,8.5,2026-09-02 03:08:28.145785+00:00,225,0.5,0.5555555555555556,0.5,-5.555555555555558,5.555555555555558,9,total,over,True,True,True,ODDS_API,9.0,ODDS_API,1,False
E5nZn79Oip5jkYeyxB4l,detroit tigers,minnesota twins,betmgm,ou,under,,,points,points-all-game-ou-under,game,pregame,2026-09-02 23:40:00+00:00,105,8.5,2026-09-02 12:03:02.122557+00:00,2026-09-02 03:45:24.977000+00:00,0.0,MLB_SGO_MARKET_HISTORY.csv,105,8.5,305320,105,8.5,2026-09-02 03:08:27.488898+00:00,0,0.0,0.4878048780487805,0.4878048780487805,0.0,0.0,9,total,under,True,False,False,SGO,8.5,SGO,1,False
af7b25a4d0428e7f04b74c6c3a75c59d,detroit tigers,minnesota twins,betmgm,totals,Under,,,,,,pregame,2026-09-02 23:41:00+00:00,-120,9.0,2026-09-02 12:03:02.767951+00:00,2026-09-02 12:02:55+00:00,,MLB_ODDS_API_MARKET_HISTORY.csv,-120,9.0,6747,105,8.5,2026-09-02 03:08:28.145793+00:00,-225,0.5,0.4878048780487805,0.5454545454545454,5.764966740576494,5.764966740576494,9,total,under,True,True,True,ODDS_API,9.0,ODDS_API,1,False
af7b25a4d0428e7f04b74c6c3a75c59d,detroit tigers,minnesota twins,betonlineag,h2h,Detroit Tigers,,,,,,pregame,2026-09-02 23:41:00+00:00,104,,2026-09-02 12:03:02.767951+00:00,2026-09-02 12:02:12+00:00,,MLB_ODDS_API_MARKET_HISTORY.csv,104,,6732,104,,2026-09-02 03:08:28.145671+00:00,0,,0.4901960784313725,0.4901960784313725,0.0,0.0,9,moneyline,detroit tigers,True,False,False,ODDS_API,,ODDS_API,1,False
af7b25a4d0428e7f04b74c6c3a75c59d,detroit tigers,minnesota twins,betonlineag,h2h,Minnesota Twins,,,,,,pregame,2026-09-02 23:41:00+00:00,-115,,2026-09-02 12:03:02.767951+00:00,2026-09-02 12:02:12+00:00,,MLB_ODDS_API_MARKET_HISTORY.csv,-115,,6733,-115,,2026-09-02 03:08:28.145679+00:00,0,,0.5348837209302325,0.5348837209302325,0.0,0.0,9,moneyline,minnesota twins,True,False,False,ODDS_API,,ODDS_API,1,False
af7b25a4d0428e7f04b74c6c3a75c59d,detroit tigers,minnesota twins,betonlineag,spreads,Detroit Tigers,,,,,,pregame,2026-09-02 23:41:00+00:00,-200,1.5,2026-09-02 12:03:02.767951+00:00,2026-09-02 12:02:12+00:00,,MLB_ODDS_API_MARKET_HISTORY.csv,-200,1.5,6734,-195,1.5,2026-09-02 03:08:28.145687+00:00,-5,0.0,0.6610169491525424,0.6666666666666666,0.5649717514124242,0.5649717514124242,9,spread,detroit tigers,True,True,False,ODDS_API,1.5,ODDS_API,1,False
af7b25a4d0428e7f04b74c6c3a75c59d,detroit tigers,minnesota twins,betonlineag,spreads,Minnesota Twins,,,,,,pregame,2026-09-02 23:41:00+00:00,174,-1.5,2026-09-02 12:03:02.767951+00:00,2026-09-02 12:02:12+00:00,,MLB_ODDS_API_MARKET_HISTORY.csv,174,-1.5,6735,170,-1.5,2026-09-02 03:08:28.145695+00:00,4,0.0,0.3703703703703703,0.364963503649635,-0.5406866720735315,0.5406866720735315,9,spread,minnesota twins,True,True,False,ODDS_API,-1.5,ODDS_API,1,False
af7b25a4d0428e7f04b74c6c3a75c59d,detroit tigers,minnesota twins,betonlineag,totals,Over,,,,,,pregame,2026-09-02 23:41:00+00:00,100,9.0,2026-09-02 12:03:02.767951+00:00,2026-09-02 12:02:12+00:00,,MLB_ODDS_API_MARKET_HISTORY.csv,100,9.0,6736,-106,9.0,2026-09-02 03:08:28.145703+00:00,206,0.0,0.5145631067961165,0.5,-1.4563106796116498,1.4563106796116498,9,total,over,True,True,False,ODDS_API,9.0,ODDS_API,1,False
af7b25a4d0428e7f04b74c6c3a75c59d,detroit tigers,minnesota twins,betonlineag,totals,Under,,,,,,pregame,2026-09-02 23:41:00+00:00,-120,9.0,2026-09-02 12:03:02.767951+00:00,2026-09-02 12:02:12+00:00,,MLB_ODDS_API_MARKET_HISTORY.csv,-120,9.0,6737,-114,9.0,2026-09-02 03:08:28.145712+00:00,-6,0.0,0.5327102803738317,0.5454545454545454,1.274426508071369,1.274426508071369,9,total,under,True,True,False,ODDS_API,9.0,ODDS_API,1,False
af7b25a4d0428e7f04b74c6c3a75c59d,detroit tigers,minnesota twins,betrivers,h2h,Detroit Tigers,,,,,,pregame,2026-09-02 23:41:00+00:00,-106,,2026-09-02 12:03:02.767951+00:00,2026-09-02 12:01:46+00:00,,MLB_ODDS_API_MARKET_HISTORY.csv,-106,,6754,-106,,2026-09-02 03:08:28.145850+00:00,0,,0.5145631067961165,0.5145631067961165,0.0,0.0,9,moneyline,detroit tigers,True,False,False,ODDS_API,,ODDS_API,1,False
af7b25a4d0428e7f04b74c6c3a75c59d,detroit tigers,minnesota twins,betrivers,h2h,Minnesota Twins,,,,,,pregame,2026-09-02 23:41:00+00:00,-113,,2026-09-02 12:03:02.767951+00:00,2026-09-02 12:01:46+00:00,,MLB_ODDS_API_MARKET_HISTORY.csv,-113,,6755,-113,,2026-09-02 03:08:28.145858+00:00,0,,0.5305164319248826,0.5305164319248826,0.0,0.0,9,moneyline,minnesota twins,True,False,False,ODDS_API,,ODDS_API,1,False
af7b25a4d0428e7f04b74c6c3a75c59d,detroit tigers,minnesota twins,betrivers,spreads,Detroit Tigers,,,,,,pregame,2026-09-02 23:41:00+00:00,150,-1.5,2026-09-02 12:03:02.767951+00:00,2026-09-02 12:01:46+00:00,,MLB_ODDS_API_MARKET_HISTORY.csv,150,-1.5,6756,155,-1.5,2026-09-02 03:08:28.145866+00:00,-5,0.0,0.392156862745098,0.4,0.7843137254901988,0.7843137254901988,9,spread,detroit tigers,True,True,False,ODDS_API,-1.5,ODDS_API,1,False
af7b25a4d0428e7f04b74c6c3a75c59d,detroit tigers,minnesota twins,betrivers,spreads,Minnesota Twins,,,,,,pregame,2026-09-02 23:41:00+00:00,-186,1.5,2026-09-02 12:03:02.767951+00:00,2026-09-02 12:01:46+00:00,,MLB_ODDS_API_MARKET_HISTORY.csv,-186,1.5,6757,-190,1.5,2026-09-02 03:08:28.145874+00:00,4,0.0,0.6551724137931034,0.6503496503496503,-0.4822763443453115,0.4822763443453115,9,spread,minnesota twins,True,True,False,ODDS_API,1.5,ODDS_API,1,False
af7b25a4d0428e7f04b74c6c3a75c59d,detroit tigers,minnesota twins,betrivers,totals,Over,,,,,,pregame,2026-09-02 23:41:00+00:00,-115,8.5,2026-09-02 12:03:02.767951+00:00,2026-09-02 12:01:46+00:00,,MLB_ODDS_API_MARKET_HISTORY.csv,-115,8.5,6758,-118,8.5,2026-09-02 03:08:28.145882+00:00,3,0.0,0.5412844036697247,0.5348837209302325,-0.6400682739492236,0.6400682739492236,9,total,over,True,True,False,ODDS_API,8.5,ODDS_API,1,False
af7b25a4d0428e7f04b74c6c3a75c59d,detroit tigers,minnesota twins,betrivers,totals,Under,,,,,,pregame,2026-09-02 23:41:00+00:00,-107,8.5,2026-09-02 12:03:02.767951+00:00,2026-09-02 12:01:46+00:00,,MLB_ODDS_API_MARKET_HISTORY.csv,-107,8.5,6759,-104,8.5,2026-09-02 03:08:28.145890+00:00,-3,0.0,0.5098039215686274,0.5169082125603864,0.7104290991759021,0.7104290991759021,9,total,under,True,True,False,ODDS_API,8.5,ODDS_API,1,False
af7b25a4d0428e7f04b74c6c3a75c59d,detroit tigers,minnesota twins,betus,h2h,Detroit Tigers,,,,,,pregame,2026-09-02 23:41:00+00:00,105,,2026-09-02 12:03:02.767951+00:00,2026-09-02 12:02:54+00:00,,MLB_ODDS_API_MARKET_HISTORY.csv,105,,6760,105,,2026-09-02 03:08:28.145899+00:00,0,,0.4878048780487805,0.4878048780487805,0.0,0.0,9,moneyline,detroit tigers,True,False,False,ODDS_API,,ODDS_API,1,False
af7b25a4d0428e7f04b74c6c3a75c59d,detroit tigers,minnesota twins,betus,h2h,Minnesota Twins,,,,,,pregame,2026-09-02 23:41:00+00:00,-115,,2026-09-02 12:03:02.767951+00:00,2026-09-02 12:02:54+00:00,,MLB_ODDS_API_MARKET_HISTORY.csv,-115,,6761,-115,,2026-09-02 03:08:28.145907+00:00,0,,0.5348837209302325,0.5348837209302325,0.0,0.0,9,moneyline,minnesota twins,True,False,False,ODDS_API,,ODDS_API,1,False
af7b25a4d0428e7f04b74c6c3a75c59d,detroit tigers,minnesota twins,betus,spreads,Detroit Tigers,,,,,,pregame,2026-09-02 23:41:00+00:00,-200,1.5,2026-09-02 12:03:02.767951+00:00,2026-09-02 12:02:54+00:00,,MLB_ODDS_API_MARKET_HISTORY.csv,-200,1.5,6762,-195,1.5,2026-09-02 03:08:28.145915+00:00,-5,0.0,0.6610169491525424,0.6666666666666666,0.5649717514124242,0.5649717514124242,9,spread,detroit tigers,True,True,False,ODDS_API,1.5,ODDS_API,1,False
af7b25a4d0428e7f04b74c6c3a75c59d,detroit tigers,minnesota twins,betus,spreads,Minnesota Twins,,,,,,pregame,2026-09-02 23:41:00+00:00,172,-1.5,2026-09-02 12:03:02.767951+00:00,2026-09-02 12:02:54+00:00,,MLB_ODDS_API_MARKET_HISTORY.csv,172,-1.5,6763,168,-1.5,2026-09-02 03:08:28.145923+00:00,4,0.0,0.373134328358209,0.3676470588235294,-0.548726953467954,0.548726953467954,9,spread,minnesota twins,True,True,False,ODDS_API,-1.5,ODDS_API,1,False
af7b25a4d0428e7f04b74c6c3a75c59d,detroit tigers,minnesota twins,betus,totals,Over,,,,,,pregame,2026-09-02 23:41:00+00:00,100,9.0,2026-09-02 12:03:02.767951+00:00,2026-09-02 12:02:54+00:00,,MLB_ODDS_API_MARKET_HISTORY.csv,100,9.0,6764,-105,9.0,2026-09-02 03:08:28.145931+00:00,205,0.0,0.5121951219512195,0.5,-1.2195121951219523,1.2195121951219523,9,total,over,True,True,False,ODDS_API,9.0,ODDS_API,1,False
af7b25a4d0428e7f04b74c6c3a75c59d,detroit tigers,minnesota twins,betus,totals,Under,,,,,,pregame,2026-09-02 23:41:00+00:00,-120,9.0,2026-09-02 12:03:02.767951+00:00,2026-09-02 12:02:54+00:00,,MLB_ODDS_API_MARKET_HISTORY.csv,-120,9.0,6765,-115,9.0,2026-09-02 03:08:28.145939+00:00,-5,0.0,0.5348837209302325,0.5454545454545454,1.0570824524312905,1.0570824524312905,9,total,under,True,True,False,ODDS_API,9.0,ODDS_API,1,False
af7b25a4d0428e7f04b74c6c3a75c59d,detroit tigers,minnesota twins,bovada,h2h,Detroit Tigers,,,,,,pregame,2026-09-02 23:41:00+00:00,-102,,2026-09-02 12:03:02.767951+00:00,2026-09-02 12:01:49+00:00,,MLB_ODDS_API_MARKET_HISTORY.csv,-102,,6748,-106,,2026-09-02 03:08:28.145801+00:00,4,,0.5145631067961165,0.504950495049505,-0.9612611746611543,0.9612611746611543,9,moneyline,detroit tigers,True,True,False,ODDS_API,,"ODDS_API,SGO",2,True
af7b25a4d0428e7f04b74c6c3a75c59d,detroit tigers,minnesota twins,bovada,h2h,Minnesota Twins,,,,,,pregame,2026-09-02 23:41:00+00:00,-118,,2026-09-02 12:03:02.767951+00:00,2026-09-02 12:01:49+00:00,,MLB_ODDS_API_MARKET_HISTORY.csv,-118,,6749,-114,,2026-09-02 03:08:28.145809+00:00,-4,,0.5327102803738317,0.5412844036697247,0.8574123295893021,0.8574123295893021,9,moneyline,minnesota twins,True,True,False,ODDS_API,,"ODDS_API,SGO",2,True
af7b25a4d0428e7f04b74c6c3a75c59d,detroit tigers,minnesota twins,bovada,spreads,Detroit Tigers,,,,,,pregame,2026-09-02 23:41:00+00:00,-200,1.5,2026-09-02 12:03:02.767951+00:00,2026-09-02 12:01:49+00:00,,MLB_ODDS_API_MARKET_HISTORY.csv,-200,1.5,6750,160,-1.5,2026-09-02 03:08:28.145817+00:00,-360,3.0,0.3846153846153846,0.6666666666666666,28.2051282051282,28.2051282051282,9,spread,detroit tigers,True,True,True,ODDS_API,1.5,"ODDS_API,SGO",2,True
af7b25a4d0428e7f04b74c6c3a75c59d,detroit tigers,minnesota twins,bovada,spreads,Minnesota Twins,,,,,,pregame,2026-09-02 23:41:00+00:00,170,-1.5,2026-09-02 12:03:02.767951+00:00,2026-09-02 12:01:49+00:00,,MLB_ODDS_API_MARKET_HISTORY.csv,170,-1.5,6751,-185,1.5,2026-09-02 03:08:28.145826+00:00,355,-3.0,0.6491228070175439,0.3703703703703703,-27.875243664717352,27.875243664717352,9,spread,minnesota twins,True,True,True,ODDS_API,-1.5,"ODDS_API,SGO",2,True
E5nZn79Oip5jkYeyxB4l,detroit tigers,minnesota twins,bovada,ou,over,,,points,points-away-game-ou-over,game,pregame,2026-09-02 23:40:00+00:00,100,4.5,2026-09-02 12:03:02.122557+00:00,2026-09-02 12:01:29.675000+00:00,1.0,MLB_SGO_MARKET_HISTORY.csv,100,4.5,305342,100,4.5,2026-09-02 03:08:27.488957+00:00,0,0.0,0.5,0.5,0.0,0.0,9,total,over,True,False,False,SGO,4.5,SGO,2,False
af7b25a4d0428e7f04b74c6c3a75c59d,detroit tigers,minnesota twins,bovada,totals,Over,,,,,,pregame,2026-09-02 23:41:00+00:00,100,9.0,2026-09-02 12:03:02.767951+00:00,2026-09-02 12:01:49+00:00,,MLB_ODDS_API_MARKET_HISTORY.csv,100,9.0,6752,-120,8.5,2026-09-02 03:08:28.145834+00:00,220,0.5,0.5454545454545454,0.5,-4.545454545454541,4.545454545454541,9,total,over,True,True,True,ODDS_API,9.0,"ODDS_API,SGO",2,True
E5nZn79Oip5jkYeyxB4l,detroit tigers,minnesota twins,bovada,ou,under,,,points,points-away-game-ou-under,game,pregame,2026-09-02 23:40:00+00:00,-130,4.5,2026-09-02 12:03:02.122557+00:00,2026-09-02 12:01:29.675000+00:00,1.0,MLB_SGO_MARKET_HISTORY.csv,-130,4.5,305347,-130,4.5,2026-09-02 03:08:27.488968+00:00,0,0.0,0.5652173913043478,0.5652173913043478,0.0,0.0,9,total,under,True,False,False,SGO,4.5,SGO,2,False
af7b25a4d0428e7f04b74c6c3a75c59d,detroit tigers,minnesota twins,bovada,totals,Under,,,,,,pregame,2026-09-02 23:41:00+00:00,-120,9.0,2026-09-02 12:03:02.767951+00:00,2026-09-02 12:01:49+00:00,,MLB_ODDS_API_MARKET_HISTORY.csv,-120,9.0,6753,100,8.5,2026-09-02 03:08:28.145842+00:00,-220,0.5,0.5,0.5454545454545454,4.545454545454541,4.545454545454541,9,total,under,True,True,True,ODDS_API,9.0,"ODDS_API,SGO",2,True
E5nZn79Oip5jkYeyxB4l,detroit tigers,minnesota twins,caesars,ml,away,,,points,points-away-game-ml-away,game,pregame,2026-09-02 23:40:00+00:00,105,,2026-09-02 12:03:02.122557+00:00,2026-09-02 11:58:40.772000+00:00,1.0,MLB_SGO_MARKET_HISTORY.csv,105,,305293,105,,2026-09-02 03:08:27.488830+00:00,0,,0.4878048780487805,0.4878048780487805,0.0,0.0,9,moneyline,detroit tigers,True,False,False,SGO,,SGO,1,False
E5nZn79Oip5jkYeyxB4l,detroit tigers,minnesota twins,caesars,ml,home,,,points,points-home-game-ml-home,game,pregame,2026-09-02 23:40:00+00:00,-115,,2026-09-02 12:03:02.122557+00:00,2026-09-02 11:58:40.772000+00:00,1.0,MLB_SGO_MARKET_HISTORY.csv,-115,,305302,-115,,2026-09-02 03:08:27.488852+00:00,0,,0.5348837209302325,0.5348837209302325,0.0,0.0,9,moneyline,minnesota twins,True,False,False,SGO,,SGO,1,False
E5nZn79Oip5jkYeyxB4l,detroit tigers,minnesota twins,caesars,sp,away,,,points,points-away-game-sp-away,game,pregame,2026-09-02 23:40:00+00:00,-205,1.5,2026-09-02 12:03:02.122557+00:00,2026-09-02 11:58:40.772000+00:00,1.0,MLB_SGO_MARKET_HISTORY.csv,-205,1.5,305329,-205,1.5,2026-09-02 03:08:27.488922+00:00,0,0.0,0.6721311475409836,0.6721311475409836,0.0,0.0,9,spread,detroit tigers,True,False,False,SGO,1.5,SGO,1,False
E5nZn79Oip5jkYeyxB4l,detroit tigers,minnesota twins,caesars,sp,home,,,points,points-home-game-sp-home,game,pregame,2026-09-02 23:40:00+00:00,170,-1.5,2026-09-02 12:03:02.122557+00:00,2026-09-02 11:58:40.772000+00:00,1.0,MLB_SGO_MARKET_HISTORY.csv,170,-1.5,305337,170,-1.5,2026-09-02 03:08:27.488944+00:00,0,0.0,0.3703703703703703,0.3703703703703703,0.0,0.0,9,spread,minnesota twins,True,False,False,SGO,-1.5,SGO,1,False
E5nZn79Oip5jkYeyxB4l,detroit tigers,minnesota twins,caesars,ou,over,,,points,points-away-game-ou-over,game,pregame,2026-09-02 23:40:00+00:00,105,4.5,2026-09-02 12:03:02.122557+00:00,2026-09-02 12:01:27.675000+00:00,1.0,MLB_SGO_MARKET_HISTORY.csv,105,4.5,305341,100,4.5,2026-09-02 03:08:27.488955+00:00,5,0.0,0.5,0.4878048780487805,-1.2195121951219523,1.2195121951219523,9,total,over,True,True,False,SGO,4.5,SGO,2,False
E5nZn79Oip5jkYeyxB4l,detroit tigers,minnesota twins,caesars,ou,over,,,points,points-all-game-ou-over,game,pregame,2026-09-02 23:40:00+00:00,100,9.0,2026-09-02 12:03:02.122557+00:00,2026-09-02 11:58:40.772000+00:00,1.0,MLB_SGO_MARKET_HISTORY.csv,100,9.0,305310,-105,9.0,2026-09-02 03:08:27.488871+00:00,205,0.0,0.5121951219512195,0.5,-1.2195121951219523,1.2195121951219523,9,total,over,True,True,False,SGO,9.0,SGO,1,False
E5nZn79Oip5jkYeyxB4l,detroit tigers,minnesota twins,caesars,ou,under,,,points,points-away-game-ou-under,game,pregame,2026-09-02 23:40:00+00:00,-133,4.5,2026-09-02 12:03:02.122557+00:00,2026-09-02 12:01:27.675000+00:00,1.0,MLB_SGO_MARKET_HISTORY.csv,-133,4.5,305346,-133,4.5,2026-09-02 03:08:27.488966+00:00,0,0.0,0.5708154506437768,0.5708154506437768,0.0,0.0,9,total,under,True,False,False,SGO,4.5,SGO,2,False
E5nZn79Oip5jkYeyxB4l,detroit tigers,minnesota twins,caesars,ou,under,,,points,points-all-game-ou-under,game,pregame,2026-09-02 23:40:00+00:00,-120,9.0,2026-09-02 12:03:02.122557+00:00,2026-09-02 11:58:40.772000+00:00,1.0,MLB_SGO_MARKET_HISTORY.csv,-120,9.0,305318,-115,9.0,2026-09-02 03:08:27.488892+00:00,-5,0.0,0.5348837209302325,0.5454545454545454,1.0570824524312905,1.0570824524312905,9,total,under,True,True,False,SGO,9.0,SGO,1,False
af7b25a4d0428e7f04b74c6c3a75c59d,detroit tigers,minnesota twins,draftkings,h2h,Detroit Tigers,,,,,,pregame,2026-09-02 23:41:00+00:00,-102,,2026-09-02 12:03:02.767951+00:00,2026-09-02 12:02:54+00:00,,MLB_ODDS_API_MARKET_HISTORY.csv,-102,,6738,-102,,2026-09-02 03:08:28.145720+00:00,0,,0.504950495049505,0.504950495049505,0.0,0.0,9,moneyline,detroit tigers,True,False,False,ODDS_API,,"ODDS_API,SGO",2,True
af7b25a4d0428e7f04b74c6c3a75c59d,detroit tigers,minnesota twins,draftkings,h2h,Minnesota Twins,,,,,,pregame,2026-09-02 23:41:00+00:00,-118,,2026-09-02 12:03:02.767951+00:00,2026-09-02 12:02:54+00:00,,MLB_ODDS_API_MARKET_HISTORY.csv,-118,,6739,-118,,2026-09-02 03:08:28.145728+00:00,0,,0.5412844036697247,0.5412844036697247,0.0,0.0,9,moneyline,minnesota twins,True,False,False,ODDS_API,,"ODDS_API,SGO",2,True
af7b25a4d0428e7f04b74c6c3a75c59d,detroit tigers,minnesota twins,draftkings,spreads,Detroit Tigers,,,,,,pregame,2026-09-02 23:41:00+00:00,158,-1.5,2026-09-02 12:03:02.767951+00:00,2026-09-02 12:02:54+00:00,,MLB_ODDS_API_MARKET_HISTORY.csv,158,-1.5,6740,157,-1.5,2026-09-02 03:08:28.145736+00:00,1,0.0,0.3891050583657587,0.3875968992248062,-0.1508159140952536,0.1508159140952536,9,spread,detroit tigers,True,True,False,ODDS_API,-1.5,"ODDS_API,SGO",2,True
af7b25a4d0428e7f04b74c6c3a75c59d,detroit tigers,minnesota twins,draftkings,spreads,Minnesota Twins,,,,,,pregame,2026-09-02 23:41:00+00:00,-193,1.5,2026-09-02 12:03:02.767951+00:00,2026-09-02 12:02:54+00:00,,MLB_ODDS_API_MARKET_HISTORY.csv,-193,1.5,6741,-192,1.5,2026-09-02 03:08:28.145744+00:00,-1,0.0,0.6575342465753424,0.658703071672355,0.1168825097012549,0.1168825097012549,9,spread,minnesota twins,True,True,False,ODDS_API,1.5,"ODDS_API,SGO",2,True
E5nZn79Oip5jkYeyxB4l,detroit tigers,minnesota twins,draftkings,ou,over,,,points,points-away-game-ou-over,game,pregame,2026-09-02 23:40:00+00:00,100,4.5,2026-09-02 12:03:02.122557+00:00,2026-09-02 11:59:21.819000+00:00,1.0,MLB_SGO_MARKET_HISTORY.csv,100,4.5,305343,100,4.5,2026-09-02 08:15:43.454797+00:00,0,0.0,0.5,0.5,0.0,0.0,8,total,over,True,False,False,SGO,4.5,SGO,2,False
af7b25a4d0428e7f04b74c6c3a75c59d,detroit tigers,minnesota twins,draftkings,totals,Over,,,,,,pregame,2026-09-02 23:41:00+00:00,100,9.0,2026-09-02 12:03:02.767951+00:00,2026-09-02 12:02:54+00:00,,MLB_ODDS_API_MARKET_HISTORY.csv,100,9.0,6742,-103,9.0,2026-09-02 03:08:28.145752+00:00,203,0.0,0.5073891625615764,0.5,-0.7389162561576401,0.7389162561576401,9,total,over,True,True,False,ODDS_API,9.0,"ODDS_API,SGO",2,True
E5nZn79Oip5jkYeyxB4l,detroit tigers,minnesota twins,draftkings,ou,under,,,points,points-away-game-ou-under,game,pregame,2026-09-02 23:40:00+00:00,-130,4.5,2026-09-02 12:03:02.122557+00:00,2026-09-02 11:59:21.819000+00:00,1.0,MLB_SGO_MARKET_HISTORY.csv,-130,4.5,305348,-130,4.5,2026-09-02 08:15:43.454797+00:00,0,0.0,0.5652173913043478,0.5652173913043478,0.0,0.0,8,total,under,True,False,False,SGO,4.5,SGO,2,False
af7b25a4d0428e7f04b74c6c3a75c59d,detroit tigers,minnesota twins,draftkings,totals,Under,,,,,,pregame,2026-09-02 23:41:00+00:00,-120,9.0,2026-09-02 12:03:02.767951+00:00,2026-09-02 12:02:54+00:00,,MLB_ODDS_API_MARKET_HISTORY.csv,-120,9.0,6743,-117,9.0,2026-09-02 03:08:28.145760+00:00,-3,0.0,0.5391705069124424,0.5454545454545454,0.6284038542103021,0.6284038542103021,9,total,under,True,True,False,ODDS_API,9.0,"ODDS_API,SGO",2,True
E5nZn79Oip5jkYeyxB4l,detroit tigers,minnesota twins,espnbet,ml,away,,,points,points-away-game-ml-away,game,pregame,2026-09-02 23:40:00+00:00,100,,2026-09-02 12:03:02.122557+00:00,2026-09-02 11:59:13.272000+00:00,1.0,MLB_SGO_MARKET_HISTORY.csv,100,,305294,-105,,2026-09-02 03:08:27.488833+00:00,205,,0.5121951219512195,0.5,-1.2195121951219523,1.2195121951219523,9,moneyline,detroit tigers,True,True,False,SGO,,SGO,1,False
E5nZn79Oip5jkYeyxB4l,detroit tigers,minnesota twins,espnbet,ml,home,,,points,points-home-game-ml-home,game,pregame,2026-09-02 23:40:00+00:00,-120,,2026-09-02 12:03:02.122557+00:00,2026-09-02 11:59:13.272000+00:00,1.0,MLB_SGO_MARKET_HISTORY.csv,-120,,305303,-115,,2026-09-02 03:08:27.488854+00:00,-5,,0.5348837209302325,0.5454545454545454,1.0570824524312905,1.0570824524312905,9,moneyline,minnesota twins,True,True,False,SGO,,SGO,1,False
E5nZn79Oip5jkYeyxB4l,detroit tigers,minnesota twins,espnbet,sp,away,,,points,points-away-game-sp-away,game,pregame,2026-09-02 23:40:00+00:00,160,-1.5,2026-09-02 12:03:02.122557+00:00,2026-09-02 11:59:13.272000+00:00,1.0,MLB_SGO_MARKET_HISTORY.csv,160,-1.5,305325,165,-1.5,2026-09-02 03:08:27.488911+00:00,-5,0.0,0.3773584905660377,0.3846153846153846,0.7256894049346874,0.7256894049346874,9,spread,detroit tigers,True,True,False,SGO,-1.5,SGO,1,False
E5nZn79Oip5jkYeyxB4l,detroit tigers,minnesota twins,espnbet,sp,home,,,points,points-home-game-sp-home,game,pregame,2026-09-02 23:40:00+00:00,-190,1.5,2026-09-02 12:03:02.122557+00:00,2026-09-02 11:59:13.272000+00:00,1.0,MLB_SGO_MARKET_HISTORY.csv,-190,1.5,305333,-200,1.5,2026-09-02 03:08:27.488933+00:00,10,0.0,0.6666666666666666,0.6551724137931034,-1.1494252873563204,1.1494252873563204,9,spread,minnesota twins,True,True,False,SGO,1.5,SGO,1,False
E5nZn79Oip5jkYeyxB4l,detroit tigers,minnesota twins,espnbet,ou,over,,,points,points-home-game-ou-over,game,pregame,2026-09-02 23:40:00+00:00,-350,2.5,2026-09-02 12:03:02.122557+00:00,2026-09-02 07:15:30.951000+00:00,0.0,MLB_SGO_MARKET_HISTORY.csv,-350,2.5,305350,-350,2.5,2026-09-02 03:08:27.488974+00:00,0,0.0,0.7777777777777778,0.7777777777777778,0.0,0.0,9,total,over,True,False,False,SGO,2.5,SGO,1,False
E5nZn79Oip5jkYeyxB4l,detroit tigers,minnesota twins,espnbet,ou,over,,,points,points-away-game-ou-over,game,pregame,2026-09-02 23:40:00+00:00,100,4.5,2026-09-02 12:03:02.122557+00:00,2026-09-02 12:01:32.703000+00:00,1.0,MLB_SGO_MARKET_HISTORY.csv,100,4.5,305340,105,4.5,2026-09-02 03:08:27.488952+00:00,-5,0.0,0.4878048780487805,0.5,1.2195121951219523,1.2195121951219523,9,total,over,True,True,False,SGO,4.5,SGO,1,False
E5nZn79Oip5jkYeyxB4l,detroit tigers,minnesota twins,espnbet,ou,over,,,points,points-all-game-ou-over,game,pregame,2026-09-02 23:40:00+00:00,-125,8.5,2026-09-02 12:03:02.122557+00:00,2026-09-02 11:59:13.272000+00:00,1.0,MLB_SGO_MARKET_HISTORY.csv,-125,8.5,305311,-125,8.5,2026-09-02 03:08:27.488873+00:00,0,0.0,0.5555555555555556,0.5555555555555556,0.0,0.0,9,total,over,True,False,False,SGO,8.5,SGO,1,False
E5nZn79Oip5jkYeyxB4l,detroit tigers,minnesota twins,espnbet,ou,under,,,points,points-home-game-ou-under,game,pregame,2026-09-02 23:40:00+00:00,250,2.5,2026-09-02 12:03:02.122557+00:00,2026-09-02 07:15:30.951000+00:00,0.0,MLB_SGO_MARKET_HISTORY.csv,250,2.5,305355,250,2.5,2026-09-02 03:08:27.488985+00:00,0,0.0,0.2857142857142857,0.2857142857142857,0.0,0.0,9,total,under,True,False,False,SGO,2.5,SGO,1,False
E5nZn79Oip5jkYeyxB4l,detroit tigers,minnesota twins,espnbet,ou,under,,,points,points-away-game-ou-under,game,pregame,2026-09-02 23:40:00+00:00,-130,4.5,2026-09-02 12:03:02.122557+00:00,2026-09-02 12:01:32.703000+00:00,1.0,MLB_SGO_MARKET_HISTORY.csv,-130,4.5,305345,-135,4.5,2026-09-02 03:08:27.488963+00:00,5,0.0,0.574468085106383,0.5652173913043478,-0.9250693802035248,0.9250693802035248,9,total,under,True,True,False,SGO,4.5,SGO,1,False
E5nZn79Oip5jkYeyxB4l,detroit tigers,minnesota twins,espnbet,ou,under,,,points,points-all-game-ou-under,game,pregame,2026-09-02 23:40:00+00:00,105,8.5,2026-09-02 12:03:02.122557+00:00,2026-09-02 11:59:13.272000+00:00,1.0,MLB_SGO_MARKET_HISTORY.csv,105,8.5,305319,105,8.5,2026-09-02 03:08:27.488895+00:00,0,0.0,0.4878048780487805,0.4878048780487805,0.0,0.0,9,total,under,True,False,False,SGO,8.5,SGO,1,False
af7b25a4d0428e7f04b74c6c3a75c59d,detroit tigers,minnesota twins,fanduel,h2h,Detroit Tigers,,,,,,pregame,2026-09-02 23:41:00+00:00,-104,,2026-09-02 12:03:02.767951+00:00,2026-09-02 12:02:37+00:00,,MLB_ODDS_API_MARKET_HISTORY.csv,-104,,6714,-104,,2026-09-02 03:08:28.145524+00:00,0,,0.5098039215686274,0.5098039215686274,0.0,0.0,9,moneyline,detroit tigers,True,False,False,ODDS_API,,"ODDS_API,SGO",2,True
af7b25a4d0428e7f04b74c6c3a75c59d,detroit tigers,minnesota twins,fanduel,h2h,Minnesota Twins,,,,,,pregame,2026-09-02 23:41:00+00:00,-112,,2026-09-02 12:03:02.767951+00:00,2026-09-02 12:02:37+00:00,,MLB_ODDS_API_MARKET_HISTORY.csv,-112,,6715,-112,,2026-09-02 03:08:28.145532+00:00,0,,0.5283018867924528,0.5283018867924528,0.0,0.0,9,moneyline,minnesota twins,True,False,False,ODDS_API,,"ODDS_API,SGO",2,True
af7b25a4d0428e7f04b74c6c3a75c59d,detroit tigers,minnesota twins,fanduel,spreads,Detroit Tigers,,,,,,pregame,2026-09-02 23:41:00+00:00,152,-1.5,2026-09-02 12:03:02.767951+00:00,2026-09-02 12:02:37+00:00,,MLB_ODDS_API_MARKET_HISTORY.csv,152,-1.5,6716,155,-1.5,2026-09-02 03:08:28.145540+00:00,-3,0.0,0.392156862745098,0.3968253968253968,0.4668534080298769,0.4668534080298769,9,spread,detroit tigers,True,True,False,ODDS_API,-1.5,"ODDS_API,SGO",2,True
af7b25a4d0428e7f04b74c6c3a75c59d,detroit tigers,minnesota twins,fanduel,spreads,Minnesota Twins,,,,,,pregame,2026-09-02 23:41:00+00:00,-184,1.5,2026-09-02 12:03:02.767951+00:00,2026-09-02 12:02:37+00:00,,MLB_ODDS_API_MARKET_HISTORY.csv,-184,1.5,6717,-188,1.5,2026-09-02 03:08:28.145549+00:00,4,0.0,0.6527777777777778,0.647887323943662,-0.4890453834115793,0.4890453834115793,9,spread,minnesota twins,True,True,False,ODDS_API,1.5,"ODDS_API,SGO",2,True
E5nZn79Oip5jkYeyxB4l,detroit tigers,minnesota twins,fanduel,ou,over,,,points,points-away-game-ou-over,game,pregame,2026-09-02 23:40:00+00:00,102,4.5,2026-09-02 12:03:02.122557+00:00,2026-09-02 11:59:36.693000+00:00,1.0,MLB_SGO_MARKET_HISTORY.csv,102,4.5,305339,108,4.5,2026-09-02 03:08:27.488950+00:00,-6,0.0,0.4807692307692308,0.495049504950495,1.4280274181264263,1.4280274181264263,9,total,over,True,True,False,SGO,4.5,SGO,2,False
af7b25a4d0428e7f04b74c6c3a75c59d,detroit tigers,minnesota twins,fanduel,totals,Over,,,,,,pregame,2026-09-02 23:41:00+00:00,-102,9.0,2026-09-02 12:03:02.767951+00:00,2026-09-02 12:02:37+00:00,,MLB_ODDS_API_MARKET_HISTORY.csv,-102,9.0,6718,-122,8.5,2026-09-02 03:08:28.145557+00:00,20,0.5,0.5495495495495496,0.504950495049505,-4.459905450004465,4.459905450004465,9,total,over,True,True,True,ODDS_API,9.0,"ODDS_API,SGO",2,True
E5nZn79Oip5jkYeyxB4l,detroit tigers,minnesota twins,fanduel,ou,under,,,points,points-away-game-ou-under,game,pregame,2026-09-02 23:40:00+00:00,-130,4.5,2026-09-02 12:03:02.122557+00:00,2026-09-02 11:59:36.693000+00:00,1.0,MLB_SGO_MARKET_HISTORY.csv,-130,4.5,305344,-136,4.5,2026-09-02 03:08:27.488960+00:00,6,0.0,0.576271186440678,0.5652173913043478,-1.1053795136330202,1.1053795136330202,9,total,under,True,True,False,SGO,4.5,SGO,2,False
af7b25a4d0428e7f04b74c6c3a75c59d,detroit tigers,minnesota twins,fanduel,totals,Under,,,,,,pregame,2026-09-02 23:41:00+00:00,-120,9.0,2026-09-02 12:03:02.767951+00:00,2026-09-02 12:02:37+00:00,,MLB_ODDS_API_MARKET_HISTORY.csv,-120,9.0,6719,100,8.5,2026-09-02 03:08:28.145565+00:00,-220,0.5,0.5,0.5454545454545454,4.545454545454541,4.545454545454541,9,total,under,True,True,True,ODDS_API,9.0,"ODDS_API,SGO",2,True
af7b25a4d0428e7f04b74c6c3a75c59d,detroit tigers,minnesota twins,lowvig,h2h,Detroit Tigers,,,,,,pregame,2026-09-02 23:41:00+00:00,104,,2026-09-02 12:03:02.767951+00:00,2026-09-02 12:02:13+00:00,,MLB_ODDS_API_MARKET_HISTORY.csv,104,,6720,104,,2026-09-02 03:08:28.145573+00:00,0,,0.4901960784313725,0.4901960784313725,0.0,0.0,9,moneyline,detroit tigers,True,False,False,ODDS_API,,ODDS_API,1,False
af7b25a4d0428e7f04b74c6c3a75c59d,detroit tigers,minnesota twins,lowvig,h2h,Minnesota Twins,,,,,,pregame,2026-09-02 23:41:00+00:00,-115,,2026-09-02 12:03:02.767951+00:00,2026-09-02 12:02:13+00:00,,MLB_ODDS_API_MARKET_HISTORY.csv,-115,,6721,-115,,2026-09-02 03:08:28.145581+00:00,0,,0.5348837209302325,0.5348837209302325,0.0,0.0,9,moneyline,minnesota twins,True,False,False,ODDS_API,,ODDS_API,1,False
af7b25a4d0428e7f04b74c6c3a75c59d,detroit tigers,minnesota twins,lowvig,spreads,Detroit Tigers,,,,,,pregame,2026-09-02 23:41:00+00:00,-200,1.5,2026-09-02 12:03:02.767951+00:00,2026-09-02 12:02:13+00:00,,MLB_ODDS_API_MARKET_HISTORY.csv,-200,1.5,6722,-195,1.5,2026-09-02 03:08:28.145589+00:00,-5,0.0,0.6610169491525424,0.6666666666666666,0.5649717514124242,0.5649717514124242,9,spread,detroit tigers,True,True,False,ODDS_API,1.5,ODDS_API,1,False
af7b25a4d0428e7f04b74c6c3a75c59d,detroit tigers,minnesota twins,lowvig,spreads,Minnesota Twins,,,,,,pregame,2026-09-02 23:41:00+00:00,175,-1.5,2026-09-02 12:03:02.767951+00:00,2026-09-02 12:02:13+00:00,,MLB_ODDS_API_MARKET_HISTORY.csv,175,-1.5,6723,171,-1.5,2026-09-02 03:08:28.145598+00:00,4,0.0,0.3690036900369003,0.3636363636363636,-0.536732640053672,0.536732640053672,9,spread,minnesota twins,True,True,False,ODDS_API,-1.5,ODDS_API,1,False
af7b25a4d0428e7f04b74c6c3a75c59d,detroit tigers,minnesota twins,lowvig,totals,Over,,,,,,pregame,2026-09-02 23:41:00+00:00,103,9.0,2026-09-02 12:03:02.767951+00:00,2026-09-02 12:02:13+00:00,,MLB_ODDS_API_MARKET_HISTORY.csv,103,9.0,6724,-103,9.0,2026-09-02 03:08:28.145606+00:00,206,0.0,0.5073891625615764,0.4926108374384236,-1.477832512315275,1.477832512315275,9,total,over,True,True,False,ODDS_API,9.0,ODDS_API,1,False
af7b25a4d0428e7f04b74c6c3a75c59d,detroit tigers,minnesota twins,lowvig,totals,Under,,,,,,pregame,2026-09-02 23:41:00+00:00,-118,9.0,2026-09-02 12:03:02.767951+00:00,2026-09-02 12:02:13+00:00,,MLB_ODDS_API_MARKET_HISTORY.csv,-118,9.0,6725,-112,9.0,2026-09-02 03:08:28.145614+00:00,-6,0.0,0.5283018867924528,0.5412844036697247,1.298251687727192,1.298251687727192,9,total,under,True,True,False,ODDS_API,9.0,ODDS_API,1,False
af7b25a4d0428e7f04b74c6c3a75c59d,detroit tigers,minnesota twins,mybookieag,h2h,Detroit Tigers,,,,,,pregame,2026-09-02 23:41:00+00:00,-102,,2026-09-02 12:03:02.767951+00:00,2026-09-02 12:02:37+00:00,,MLB_ODDS_API_MARKET_HISTORY.csv,-102,,6726,-102,,2026-09-02 03:08:28.145622+00:00,0,,0.504950495049505,0.504950495049505,0.0,0.0,9,moneyline,detroit tigers,True,False,False,ODDS_API,,ODDS_API,1,False
af7b25a4d0428e7f04b74c6c3a75c59d,detroit tigers,minnesota twins,mybookieag,h2h,Minnesota Twins,,,,,,pregame,2026-09-02 23:41:00+00:00,-115,,2026-09-02 12:03:02.767951+00:00,2026-09-02 12:02:37+00:00,,MLB_ODDS_API_MARKET_HISTORY.csv,-115,,6727,-115,,2026-09-02 03:08:28.145630+00:00,0,,0.5348837209302325,0.5348837209302325,0.0,0.0,9,moneyline,minnesota twins,True,False,False,ODDS_API,,ODDS_API,1,False
af7b25a4d0428e7f04b74c6c3a75c59d,detroit tigers,minnesota twins,mybookieag,spreads,Detroit Tigers,,,,,,pregame,2026-09-02 23:41:00+00:00,159,-1.5,2026-09-02 12:03:02.767951+00:00,2026-09-02 12:02:37+00:00,,MLB_ODDS_API_MARKET_HISTORY.csv,159,-1.5,6728,156,-1.5,2026-09-02 03:08:28.145638+00:00,3,0.0,0.390625,0.3861003861003861,-0.4524613899613894,0.4524613899613894,9,spread,detroit tigers,True,True,False,ODDS_API,-1.5,ODDS_API,1,False
af7b25a4d0428e7f04b74c6c3a75c59d,detroit tigers,minnesota twins,mybookieag,spreads,Minnesota Twins,,,,,,pregame,2026-09-02 23:41:00+00:00,-190,1.5,2026-09-02 12:03:02.767951+00:00,2026-09-02 12:02:37+00:00,,MLB_ODDS_API_MARKET_HISTORY.csv,-190,1.5,6729,-185,1.5,2026-09-02 03:08:28.145646+00:00,-5,0.0,0.6491228070175439,0.6551724137931034,0.6049606775559546,0.6049606775559546,9,spread,minnesota twins,True,True,False,ODDS_API,1.5,ODDS_API,1,False
af7b25a4d0428e7f04b74c6c3a75c59d,detroit tigers,minnesota twins,mybookieag,totals,Over,,,,,,pregame,2026-09-02 23:41:00+00:00,-101,9.0,2026-09-02 12:03:02.767951+00:00,2026-09-02 12:02:37+00:00,,MLB_ODDS_API_MARKET_HISTORY.csv,-101,9.0,6730,-102,9.0,2026-09-02 03:08:28.145655+00:00,1,0.0,0.504950495049505,0.5024875621890548,-0.2462932860450184,0.2462932860450184,9,total,over,True,True,False,ODDS_API,9.0,ODDS_API,1,False
af7b25a4d0428e7f04b74c6c3a75c59d,detroit tigers,minnesota twins,mybookieag,totals,Under,,,,,,pregame,2026-09-02 23:41:00+00:00,-121,9.0,2026-09-02 12:03:02.767951+00:00,2026-09-02 12:02:37+00:00,,MLB_ODDS_API_MARKET_HISTORY.csv,-121,9.0,6731,-120,9.0,2026-09-02 03:08:28.145663+00:00,-1,0.0,0.5454545454545454,0.5475113122171946,0.2056766762649209,0.2056766762649209,9,total,under,True,True,False,ODDS_API,9.0,ODDS_API,1,False
E5nZn79Oip5jkYeyxB4l,detroit tigers,minnesota twins,pointsbet,ml,away,,,points,points-away-game-ml-away,game,pregame,2026-09-02 23:40:00+00:00,100,,2026-09-02 12:03:02.122557+00:00,2026-09-02 11:59:13.272000+00:00,1.0,MLB_SGO_MARKET_HISTORY.csv,100,,305290,100,,2026-09-02 03:08:27.488822+00:00,0,,0.5,0.5,0.0,0.0,9,moneyline,detroit tigers,True,False,False,SGO,,SGO,1,False
E5nZn79Oip5jkYeyxB4l,detroit tigers,minnesota twins,pointsbet,ml,home,,,points,points-home-game-ml-home,game,pregame,2026-09-02 23:40:00+00:00,-120,,2026-09-02 12:03:02.122557+00:00,2026-09-02 11:59:13.272000+00:00,1.0,MLB_SGO_MARKET_HISTORY.csv,-120,,305299,-120,,2026-09-02 03:08:27.488843+00:00,0,,0.5454545454545454,0.5454545454545454,0.0,0.0,9,moneyline,minnesota twins,True,False,False,SGO,,SGO,1,False
E5nZn79Oip5jkYeyxB4l,detroit tigers,minnesota twins,pointsbet,sp,away,,,points,points-away-game-sp-away,game,pregame,2026-09-02 23:40:00+00:00,160,-1.5,2026-09-02 12:03:02.122557+00:00,2026-09-02 11:59:13.272000+00:00,1.0,MLB_SGO_MARKET_HISTORY.csv,160,-1.5,305324,160,-1.5,2026-09-02 03:08:27.488909+00:00,0,0.0,0.3846153846153846,0.3846153846153846,0.0,0.0,9,spread,detroit tigers,True,False,False,SGO,-1.5,SGO,1,False
E5nZn79Oip5jkYeyxB4l,detroit tigers,minnesota twins,pointsbet,sp,home,,,points,points-home-game-sp-home,game,pregame,2026-09-02 23:40:00+00:00,-189,1.5,2026-09-02 12:03:02.122557+00:00,2026-09-02 11:59:13.272000+00:00,1.0,MLB_SGO_MARKET_HISTORY.csv,-189,1.5,305332,-189,1.5,2026-09-02 03:08:27.488931+00:00,0,0.0,0.6539792387543253,0.6539792387543253,0.0,0.0,9,spread,minnesota twins,True,False,False,SGO,1.5,SGO,1,False
E5nZn79Oip5jkYeyxB4l,detroit tigers,minnesota twins,pointsbet,ou,over,,,points,points-all-game-ou-over,game,pregame,2026-09-02 23:40:00+00:00,100,9.0,2026-09-02 12:03:02.122557+00:00,2026-09-02 11:59:13.272000+00:00,1.0,MLB_SGO_MARKET_HISTORY.csv,100,9.0,305308,-111,9.0,2026-09-02 03:08:27.488865+00:00,211,0.0,0.5260663507109005,0.5,-2.6066350710900466,2.6066350710900466,9,total,over,True,True,False,SGO,9.0,SGO,1,False
E5nZn79Oip5jkYeyxB4l,detroit tigers,minnesota twins,pointsbet,ou,under,,,points,points-all-game-ou-under,game,pregame,2026-09-02 23:40:00+00:00,-120,9.0,2026-09-02 12:03:02.122557+00:00,2026-09-02 11:59:13.272000+00:00,1.0,MLB_SGO_MARKET_HISTORY.csv,-120,9.0,305316,-111,9.0,2026-09-02 03:08:27.488887+00:00,-9,0.0,0.5260663507109005,0.5454545454545454,1.9388194743644949,1.9388194743644949,9,total,under,True,True,False,SGO,9.0,SGO,1,False
E5nZn79Oip5jkYeyxB4l,detroit tigers,minnesota twins,unibet,ml,away,,,points,points-away-game-ml-away,game,pregame,2026-09-02 23:40:00+00:00,-103,,2026-09-02 12:03:02.122557+00:00,2026-09-02 11:59:34.272000+00:00,1.0,MLB_SGO_MARKET_HISTORY.csv,-103,,305291,-107,,2026-09-02 03:08:27.488824+00:00,4,,0.5169082125603864,0.5073891625615764,-0.9519049998810036,0.9519049998810036,9,moneyline,detroit tigers,True,True,False,SGO,,SGO,1,False
E5nZn79Oip5jkYeyxB4l,detroit tigers,minnesota twins,unibet,ml,home,,,points,points-home-game-ml-home,game,pregame,2026-09-02 23:40:00+00:00,-118,,2026-09-02 12:03:02.122557+00:00,2026-09-02 11:59:34.272000+00:00,1.0,MLB_SGO_MARKET_HISTORY.csv,-118,,305300,-114,,2026-09-02 03:08:27.488846+00:00,-4,,0.5327102803738317,0.5412844036697247,0.8574123295893021,0.8574123295893021,9,moneyline,minnesota twins,True,True,False,SGO,,SGO,1,False
E5nZn79Oip5jkYeyxB4l,detroit tigers,minnesota twins,unibet,sp,away,,,points,points-away-game-sp-away,game,pregame,2026-09-02 23:40:00+00:00,150,-1.5,2026-09-02 12:03:02.122557+00:00,2026-09-02 11:59:13.272000+00:00,1.0,MLB_SGO_MARKET_HISTORY.csv,150,-1.5,305330,155,-1.5,2026-09-02 03:08:27.488925+00:00,-5,0.0,0.392156862745098,0.4,0.7843137254901988,0.7843137254901988,9,spread,detroit tigers,True,True,False,SGO,-1.5,SGO,1,False
E5nZn79Oip5jkYeyxB4l,detroit tigers,minnesota twins,unibet,sp,home,,,points,points-home-game-sp-home,game,pregame,2026-09-02 23:40:00+00:00,-190,1.5,2026-09-02 12:03:02.122557+00:00,2026-09-02 11:59:13.272000+00:00,1.0,MLB_SGO_MARKET_HISTORY.csv,-190,1.5,305338,-190,1.5,2026-09-02 03:08:27.488947+00:00,0,0.0,0.6551724137931034,0.6551724137931034,0.0,0.0,9,spread,minnesota twins,True,False,False,SGO,1.5,SGO,1,False
E5nZn79Oip5jkYeyxB4l,detroit tigers,minnesota twins,unibet,ou,over,,,points,points-all-game-ou-over,game,pregame,2026-09-02 23:40:00+00:00,-117,8.5,2026-09-02 12:03:02.122557+00:00,2026-09-02 11:59:13.272000+00:00,1.0,MLB_SGO_MARKET_HISTORY.csv,-117,8.5,305314,-118,8.5,2026-09-02 03:08:27.488882+00:00,1,0.0,0.5412844036697247,0.5391705069124424,-0.2113896757282352,0.2113896757282352,9,total,over,True,True,False,SGO,8.5,SGO,1,False
E5nZn79Oip5jkYeyxB4l,detroit tigers,minnesota twins,unibet,ou,under,,,points,points-all-game-ou-under,game,pregame,2026-09-02 23:40:00+00:00,-105,8.5,2026-09-02 12:03:02.122557+00:00,2026-09-02 11:59:13.272000+00:00,1.0,MLB_SGO_MARKET_HISTORY.csv,-105,8.5,305322,-104,8.5,2026-09-02 03:08:27.488903+00:00,-1,0.0,0.5098039215686274,0.5121951219512195,0.2391200382592107,0.2391200382592107,9,total,under,True,True,False,SGO,8.5,SGO,1,False
E5nZn79Oip5jkYeyxB4l,detroit tigers,minnesota twins,williamhill,ml,away,,,points,points-away-game-ml-away,game,pregame,2026-09-02 23:40:00+00:00,100,,2026-09-02 12:03:02.122557+00:00,2026-09-02 11:59:33.272000+00:00,1.0,MLB_SGO_MARKET_HISTORY.csv,100,,305297,100,,2026-09-02 08:15:43.454797+00:00,0,,0.5,0.5,0.0,0.0,8,moneyline,detroit tigers,True,False,False,SGO,,SGO,1,False
E5nZn79Oip5jkYeyxB4l,detroit tigers,minnesota twins,williamhill,ml,home,,,points,points-home-game-ml-home,game,pregame,2026-09-02 23:40:00+00:00,-125,,2026-09-02 12:03:02.122557+00:00,2026-09-02 11:59:33.272000+00:00,1.0,MLB_SGO_MARKET_HISTORY.csv,-125,,305306,-125,,2026-09-02 08:15:43.454797+00:00,0,,0.5555555555555556,0.5555555555555556,0.0,0.0,8,moneyline,minnesota twins,True,False,False,SGO,,SGO,1,False
865b5161840c3b0f959eaa526c8ac629,miami marlins,kansas city royals,betmgm,h2h,Kansas City Royals,,,,,,pregame,2026-09-02 23:41:00+00:00,-118,,2026-09-02 12:03:02.767951+00:00,2026-09-02 12:02:55+00:00,,MLB_ODDS_API_MARKET_HISTORY.csv,-118,,6796,-110,,2026-09-02 03:08:28.146207+00:00,-8,,0.5238095238095238,0.5412844036697247,1.747487986020091,1.747487986020091,9,moneyline,kansas city royals,True,True,False,ODDS_API,,"ODDS_API,SGO",4,True
865b5161840c3b0f959eaa526c8ac629,miami marlins,kansas city royals,betmgm,h2h,Miami Marlins,,,,,,pregame,2026-09-02 23:41:00+00:00,-102,,2026-09-02 12:03:02.767951+00:00,2026-09-02 12:02:55+00:00,,MLB_ODDS_API_MARKET_HISTORY.csv,-102,,6797,-110,,2026-09-02 03:08:28.146215+00:00,8,,0.5238095238095238,0.504950495049505,-1.885902876001888,1.885902876001888,9,moneyline,miami marlins,True,True,False,ODDS_API,,"ODDS_API,SGO",4,True
865b5161840c3b0f959eaa526c8ac629,miami marlins,kansas city royals,betmgm,spreads,Kansas City Royals,,,,,,pregame,2026-09-02 23:41:00+00:00,-185,1.5,2026-09-02 12:03:02.767951+00:00,2026-09-02 12:02:55+00:00,,MLB_ODDS_API_MARKET_HISTORY.csv,-185,1.5,6798,-185,1.5,2026-09-02 03:08:28.146223+00:00,0,0.0,0.6491228070175439,0.6491228070175439,0.0,0.0,9,spread,kansas city royals,True,False,False,ODDS_API,1.5,"ODDS_API,SGO",4,True
865b5161840c3b0f959eaa526c8ac629,miami marlins,kansas city royals,betmgm,spreads,Miami Marlins,,,,,,pregame,2026-09-02 23:41:00+00:00,150,-1.5,2026-09-02 12:03:02.767951+00:00,2026-09-02 12:02:55+00:00,,MLB_ODDS_API_MARKET_HISTORY.csv,150,-1.5,6799,150,-1.5,2026-09-02 03:08:28.146232+00:00,0,0.0,0.4,0.4,0.0,0.0,9,spread,miami marlins,True,False,False,ODDS_API,-1.5,"ODDS_API,SGO",4,True
865b5161840c3b0f959eaa526c8ac629,miami marlins,kansas city royals,betmgm,totals,Over,,,,,,pregame,2026-09-02 23:41:00+00:00,-118,8.5,2026-09-02 12:03:02.767951+00:00,2026-09-02 12:02:55+00:00,,MLB_ODDS_API_MARKET_HISTORY.csv,-118,8.5,6800,-120,8.5,2026-09-02 03:08:28.146240+00:00,2,0.0,0.5454545454545454,0.5412844036697247,-0.4170141784820669,0.4170141784820669,9,total,over,True,True,False,ODDS_API,8.5,"ODDS_API,SGO",2,True
d64025a75ea543bf8f87ab2a697704d8,miami marlins,kansas city royals,betmgm,totals,Over,,,,,,pregame,2026-09-03 23:40:00+00:00,-115,9.0,2026-09-03 05:14:09.062231+00:00,2026-09-03 05:13:16+00:00,,MLB_ODDS_API_MARKET_HISTORY.csv,-115,9.0,7800,-115,9.0,2026-09-03 05:13:57.019887+00:00,0,0.0,0.5348837209302325,0.5348837209302325,0.0,0.0,2,total,over,True,False,False,ODDS_API,9.0,"ODDS_API,SGO",2,True
865b5161840c3b0f959eaa526c8ac629,miami marlins,kansas city royals,betmgm,totals,Under,,,,,,pregame,2026-09-02 23:41:00+00:00,-102,8.5,2026-09-02 12:03:02.767951+00:00,2026-09-02 12:02:55+00:00,,MLB_ODDS_API_MARKET_HISTORY.csv,-102,8.5,6801,100,8.5,2026-09-02 03:08:28.146248+00:00,-202,0.0,0.5,0.504950495049505,0.4950495049504955,0.4950495049504955,9,total,under,True,True,False,ODDS_API,8.5,"ODDS_API,SGO",2,True
d64025a75ea543bf8f87ab2a697704d8,miami marlins,kansas city royals,betmgm,totals,Under,,,,,,pregame,2026-09-03 23:40:00+00:00,-105,9.0,2026-09-03 05:14:09.062234+00:00,2026-09-03 05:13:16+00:00,,MLB_ODDS_API_MARKET_HISTORY.csv,-105,9.0,7801,-105,9.0,2026-09-03 05:13:57.019887+00:00,0,0.0,0.5121951219512195,0.5121951219512195,0.0,0.0,2,total,under,True,False,False,ODDS_API,9.0,"ODDS_API,SGO",2,True
865b5161840c3b0f959eaa526c8ac629,miami marlins,kansas city royals,betonlineag,h2h,Kansas City Royals,,,,,,pregame,2026-09-02 23:41:00+00:00,-107,,2026-09-02 12:03:02.767951+00:00,2026-09-02 12:02:12+00:00,,MLB_ODDS_API_MARKET_HISTORY.csv,-107,,6784,-105,,2026-09-02 03:08:28.146094+00:00,-2,,0.5121951219512195,0.5169082125603864,0.4713090609166914,0.4713090609166914,9,moneyline,kansas city royals,True,True,False,ODDS_API,,ODDS_API,2,False
865b5161840c3b0f959eaa526c8ac629,miami marlins,kansas city royals,betonlineag,h2h,Miami Marlins,,,,,,pregame,2026-09-02 23:41:00+00:00,-103,,2026-09-02 12:03:02.767951+00:00,2026-09-02 12:02:12+00:00,,MLB_ODDS_API_MARKET_HISTORY.csv,-103,,6785,-105,,2026-09-02 03:08:28.146102+00:00,2,,0.5121951219512195,0.5073891625615764,-0.4805959389643122,0.4805959389643122,9,moneyline,miami marlins,True,True,False,ODDS_API,,ODDS_API,2,False
865b5161840c3b0f959eaa526c8ac629,miami marlins,kansas city royals,betonlineag,spreads,Kansas City Royals,,,,,,pregame,2026-09-02 23:41:00+00:00,180,-1.5,2026-09-02 12:03:02.767951+00:00,2026-09-02 12:02:12+00:00,,MLB_ODDS_API_MARKET_HISTORY.csv,180,-1.5,6786,-172,1.5,2026-09-02 03:08:28.146111+00:00,352,-3.0,0.6323529411764706,0.3571428571428571,-27.521008403361343,27.521008403361343,9,spread,kansas city royals,True,True,True,ODDS_API,-1.5,ODDS_API,1,False
d64025a75ea543bf8f87ab2a697704d8,miami marlins,kansas city royals,betonlineag,spreads,Kansas City Royals,,,,,,pregame,2026-09-03 23:40:00+00:00,-154,1.5,2026-09-03 05:14:09.062135+00:00,2026-09-03 05:13:35+00:00,,MLB_ODDS_API_MARKET_HISTORY.csv,-154,1.5,7774,-154,1.5,2026-09-03 05:13:57.019887+00:00,0,0.0,0.6062992125984252,0.6062992125984252,0.0,0.0,2,spread,kansas city royals,True,False,False,ODDS_API,1.5,ODDS_API,1,False
d64025a75ea543bf8f87ab2a697704d8,miami marlins,kansas city royals,betonlineag,spreads,Miami Marlins,,,,,,pregame,2026-09-03 23:40:00+00:00,134,-1.5,2026-09-03 05:14:09.062139+00:00,2026-09-03 05:13:35+00:00,,MLB_ODDS_API_MARKET_HISTORY.csv,134,-1.5,7775,134,-1.5,2026-09-03 05:13:57.019887+00:00,0,0.0,0.4273504273504273,0.4273504273504273,0.0,0.0,2,spread,miami marlins,True,False,False,ODDS_API,-1.5,ODDS_API,1,False
865b5161840c3b0f959eaa526c8ac629,miami marlins,kansas city royals,betonlineag,spreads,Miami Marlins,,,,,,pregame,2026-09-02 23:41:00+00:00,-210,1.5,2026-09-02 12:03:02.767951+00:00,2026-09-02 12:02:12+00:00,,MLB_ODDS_API_MARKET_HISTORY.csv,-210,1.5,6787,151,-1.5,2026-09-02 03:08:28.146119+00:00,-361,3.0,0.398406374501992,0.6774193548387096,27.90129803367176,27.90129803367176,9,spread,miami marlins,True,True,True,ODDS_API,1.5,ODDS_API,1,False
865b5161840c3b0f959eaa526c8ac629,miami marlins,kansas city royals,betonlineag,totals,Over,,,,,,pregame,2026-09-02 23:41:00+00:00,-115,8.5,2026-09-02 12:03:02.767951+00:00,2026-09-02 12:02:12+00:00,,MLB_ODDS_API_MARKET_HISTORY.csv,-115,8.5,6788,-117,8.5,2026-09-02 03:08:28.146127+00:00,2,0.0,0.5391705069124424,0.5348837209302325,-0.4286785982209884,0.4286785982209884,9,total,over,True,True,False,ODDS_API,8.5,ODDS_API,1,False
d64025a75ea543bf8f87ab2a697704d8,miami marlins,kansas city royals,betonlineag,totals,Over,,,,,,pregame,2026-09-03 23:40:00+00:00,-110,9.0,2026-09-03 05:14:09.062143+00:00,2026-09-03 05:13:35+00:00,,MLB_ODDS_API_MARKET_HISTORY.csv,-110,9.0,7776,-110,9.0,2026-09-03 05:13:57.019887+00:00,0,0.0,0.5238095238095238,0.5238095238095238,0.0,0.0,2,total,over,True,False,False,ODDS_API,9.0,ODDS_API,1,False
865b5161840c3b0f959eaa526c8ac629,miami marlins,kansas city royals,betonlineag,totals,Under,,,,,,pregame,2026-09-02 23:41:00+00:00,-105,8.5,2026-09-02 12:03:02.767951+00:00,2026-09-02 12:02:12+00:00,,MLB_ODDS_API_MARKET_HISTORY.csv,-105,8.5,6789,-103,8.5,2026-09-02 03:08:28.146135+00:00,-2,0.0,0.5073891625615764,0.5121951219512195,0.4805959389643122,0.4805959389643122,9,total,under,True,True,False,ODDS_API,8.5,ODDS_API,1,False
d64025a75ea543bf8f87ab2a697704d8,miami marlins,kansas city royals,betonlineag,totals,Under,,,,,,pregame,2026-09-03 23:40:00+00:00,-110,9.0,2026-09-03 05:14:09.062146+00:00,2026-09-03 05:13:35+00:00,,MLB_ODDS_API_MARKET_HISTORY.csv,-110,9.0,7777,-110,9.0,2026-09-03 05:13:57.019887+00:00,0,0.0,0.5238095238095238,0.5238095238095238,0.0,0.0,2,total,under,True,False,False,ODDS_API,9.0,ODDS_API,1,False
865b5161840c3b0f959eaa526c8ac629,miami marlins,kansas city royals,betrivers,h2h,Kansas City Royals,,,,,,pregame,2026-09-02 23:41:00+00:00,-112,,2026-09-02 12:03:02.767951+00:00,2026-09-02 12:02:55+00:00,,MLB_ODDS_API_MARKET_HISTORY.csv,-112,,6808,-110,,2026-09-02 03:08:28.146305+00:00,-2,,0.5238095238095238,0.5283018867924528,0.4492362982928988,0.4492362982928988,9,moneyline,kansas city royals,True,True,False,ODDS_API,,ODDS_API,2,False
865b5161840c3b0f959eaa526c8ac629,miami marlins,kansas city royals,betrivers,h2h,Miami Marlins,,,,,,pregame,2026-09-02 23:41:00+00:00,-105,,2026-09-02 12:03:02.767951+00:00,2026-09-02 12:02:55+00:00,,MLB_ODDS_API_MARKET_HISTORY.csv,-105,,6809,-108,,2026-09-02 03:08:28.146314+00:00,3,,0.5192307692307693,0.5121951219512195,-0.703564727954975,0.703564727954975,9,moneyline,miami marlins,True,True,False,ODDS_API,,ODDS_API,2,False
865b5161840c3b0f959eaa526c8ac629,miami marlins,kansas city royals,betrivers,spreads,Kansas City Royals,,,,,,pregame,2026-09-02 23:41:00+00:00,-190,1.5,2026-09-02 12:03:02.767951+00:00,2026-09-02 12:02:55+00:00,,MLB_ODDS_API_MARKET_HISTORY.csv,-190,1.5,6810,-186,1.5,2026-09-02 03:08:28.146322+00:00,-4,0.0,0.6503496503496503,0.6551724137931034,0.4822763443453115,0.4822763443453115,9,spread,kansas city royals,True,True,False,ODDS_API,1.5,ODDS_API,2,False
865b5161840c3b0f959eaa526c8ac629,miami marlins,kansas city royals,betrivers,spreads,Miami Marlins,,,,,,pregame,2026-09-02 23:41:00+00:00,155,-1.5,2026-09-02 12:03:02.767951+00:00,2026-09-02 12:02:55+00:00,,MLB_ODDS_API_MARKET_HISTORY.csv,155,-1.5,6811,148,-1.5,2026-09-02 03:08:28.146330+00:00,7,0.0,0.4032258064516129,0.392156862745098,-1.1068943706514844,1.1068943706514844,9,spread,miami marlins,True,True,False,ODDS_API,-1.5,ODDS_API,2,False
865b5161840c3b0f959eaa526c8ac629,miami marlins,kansas city royals,betrivers,totals,Over,,,,,,pregame,2026-09-02 23:41:00+00:00,-120,8.5,2026-09-02 12:03:02.767951+00:00,2026-09-02 12:02:55+00:00,,MLB_ODDS_API_MARKET_HISTORY.csv,-120,8.5,6812,-118,8.5,2026-09-02 03:08:28.146338+00:00,-2,0.0,0.5412844036697247,0.5454545454545454,0.4170141784820669,0.4170141784820669,9,total,over,True,True,False,ODDS_API,8.5,ODDS_API,1,False
d64025a75ea543bf8f87ab2a697704d8,miami marlins,kansas city royals,betrivers,totals,Over,,,,,,pregame,2026-09-03 23:40:00+00:00,-114,9.0,2026-09-03 05:14:09.062297+00:00,2026-09-03 05:13:36+00:00,,MLB_ODDS_API_MARKET_HISTORY.csv,-114,9.0,7818,-114,9.0,2026-09-03 05:13:57.019887+00:00,0,0.0,0.5327102803738317,0.5327102803738317,0.0,0.0,2,total,over,True,False,False,ODDS_API,9.0,ODDS_API,1,False
865b5161840c3b0f959eaa526c8ac629,miami marlins,kansas city royals,betrivers,totals,Under,,,,,,pregame,2026-09-02 23:41:00+00:00,102,8.5,2026-09-02 12:03:02.767951+00:00,2026-09-02 12:02:55+00:00,,MLB_ODDS_API_MARKET_HISTORY.csv,102,8.5,6813,-106,8.5,2026-09-02 03:08:28.146346+00:00,208,0.0,0.5145631067961165,0.495049504950495,-1.951360184562145,1.951360184562145,9,total,under,True,True,False,ODDS_API,8.5,ODDS_API,1,False
d64025a75ea543bf8f87ab2a697704d8,miami marlins,kansas city royals,betrivers,totals,Under,,,,,,pregame,2026-09-03 23:40:00+00:00,-125,9.0,2026-09-03 05:14:09.062301+00:00,2026-09-03 05:13:36+00:00,,MLB_ODDS_API_MARKET_HISTORY.csv,-125,9.0,7819,-125,9.0,2026-09-03 05:13:57.019887+00:00,0,0.0,0.5555555555555556,0.5555555555555556,0.0,0.0,2,total,under,True,False,False,ODDS_API,9.0,ODDS_API,1,False
865b5161840c3b0f959eaa526c8ac629,miami marlins,kansas city royals,betus,h2h,Kansas City Royals,,,,,,pregame,2026-09-02 23:41:00+00:00,-107,,2026-09-02 12:03:02.767951+00:00,2026-09-02 12:02:54+00:00,,MLB_ODDS_API_MARKET_HISTORY.csv,-107,,6814,-105,,2026-09-02 03:08:28.146354+00:00,-2,,0.5121951219512195,0.5169082125603864,0.4713090609166914,0.4713090609166914,9,moneyline,kansas city royals,True,True,False,ODDS_API,,ODDS_API,2,False
865b5161840c3b0f959eaa526c8ac629,miami marlins,kansas city royals,betus,h2h,Miami Marlins,,,,,,pregame,2026-09-02 23:41:00+00:00,-103,,2026-09-02 12:03:02.767951+00:00,2026-09-02 12:02:54+00:00,,MLB_ODDS_API_MARKET_HISTORY.csv,-103,,6815,-105,,2026-09-02 03:08:28.146363+00:00,2,,0.5121951219512195,0.5073891625615764,-0.4805959389643122,0.4805959389643122,9,moneyline,miami marlins,True,True,False,ODDS_API,,ODDS_API,2,False
865b5161840c3b0f959eaa526c8ac629,miami marlins,kansas city royals,betus,spreads,Kansas City Royals,,,,,,pregame,2026-09-02 23:41:00+00:00,180,-1.5,2026-09-02 12:03:02.767951+00:00,2026-09-02 12:02:54+00:00,,MLB_ODDS_API_MARKET_HISTORY.csv,180,-1.5,6816,-170,1.5,2026-09-02 03:08:28.146371+00:00,350,-3.0,0.6296296296296297,0.3571428571428571,-27.24867724867725,27.24867724867725,9,spread,kansas city royals,True,True,True,ODDS_API,-1.5,ODDS_API,1,False
d64025a75ea543bf8f87ab2a697704d8,miami marlins,kansas city royals,betus,spreads,Kansas City Royals,,,,,,pregame,2026-09-03 23:40:00+00:00,-155,1.5,2026-09-03 05:14:09.062267+00:00,2026-09-03 05:13:17+00:00,,MLB_ODDS_API_MARKET_HISTORY.csv,-155,1.5,7810,-155,1.5,2026-09-03 05:13:57.019887+00:00,0,0.0,0.6078431372549019,0.6078431372549019,0.0,0.0,2,spread,kansas city royals,True,False,False,ODDS_API,1.5,ODDS_API,1,False
d64025a75ea543bf8f87ab2a697704d8,miami marlins,kansas city royals,betus,spreads,Miami Marlins,,,,,,pregame,2026-09-03 23:40:00+00:00,135,-1.5,2026-09-03 05:14:09.062271+00:00,2026-09-03 05:13:17+00:00,,MLB_ODDS_API_MARKET_HISTORY.csv,135,-1.5,7811,135,-1.5,2026-09-03 05:13:57.019887+00:00,0,0.0,0.425531914893617,0.425531914893617,0.0,0.0,2,spread,miami marlins,True,False,False,ODDS_API,-1.5,ODDS_API,1,False
865b5161840c3b0f959eaa526c8ac629,miami marlins,kansas city royals,betus,spreads,Miami Marlins,,,,,,pregame,2026-09-02 23:41:00+00:00,-210,1.5,2026-09-02 12:03:02.767951+00:00,2026-09-02 12:02:54+00:00,,MLB_ODDS_API_MARKET_HISTORY.csv,-210,1.5,6817,148,-1.5,2026-09-02 03:08:28.146379+00:00,-358,3.0,0.4032258064516129,0.6774193548387096,27.41935483870968,27.41935483870968,9,spread,miami marlins,True,True,True,ODDS_API,1.5,ODDS_API,1,False
865b5161840c3b0f959eaa526c8ac629,miami marlins,kansas city royals,betus,totals,Over,,,,,,pregame,2026-09-02 23:41:00+00:00,-115,8.5,2026-09-02 12:03:02.767951+00:00,2026-09-02 12:02:54+00:00,,MLB_ODDS_API_MARKET_HISTORY.csv,-115,8.5,6818,-115,8.5,2026-09-02 03:08:28.146387+00:00,0,0.0,0.5348837209302325,0.5348837209302325,0.0,0.0,9,total,over,True,False,False,ODDS_API,8.5,ODDS_API,1,False
d64025a75ea543bf8f87ab2a697704d8,miami marlins,kansas city royals,betus,totals,Over,,,,,,pregame,2026-09-03 23:40:00+00:00,-110,9.0,2026-09-03 05:14:09.062275+00:00,2026-09-03 05:13:17+00:00,,MLB_ODDS_API_MARKET_HISTORY.csv,-110,9.0,7812,-110,9.0,2026-09-03 05:13:57.019887+00:00,0,0.0,0.5238095238095238,0.5238095238095238,0.0,0.0,2,total,over,True,False,False,ODDS_API,9.0,ODDS_API,1,False
865b5161840c3b0f959eaa526c8ac629,miami marlins,kansas city royals,betus,totals,Under,,,,,,pregame,2026-09-02 23:41:00+00:00,-105,8.5,2026-09-02 12:03:02.767951+00:00,2026-09-02 12:02:54+00:00,,MLB_ODDS_API_MARKET_HISTORY.csv,-105,8.5,6819,-105,8.5,2026-09-02 03:08:28.146395+00:00,0,0.0,0.5121951219512195,0.5121951219512195,0.0,0.0,9,total,under,True,False,False,ODDS_API,8.5,ODDS_API,1,False
d64025a75ea543bf8f87ab2a697704d8,miami marlins,kansas city royals,betus,totals,Under,,,,,,pregame,2026-09-03 23:40:00+00:00,-110,9.0,2026-09-03 05:14:09.062279+00:00,2026-09-03 05:13:17+00:00,,MLB_ODDS_API_MARKET_HISTORY.csv,-110,9.0,7813,-110,9.0,2026-09-03 05:13:57.019887+00:00,0,0.0,0.5238095238095238,0.5238095238095238,0.0,0.0,2,total,under,True,False,False,ODDS_API,9.0,ODDS_API,1,False
865b5161840c3b0f959eaa526c8ac629,miami marlins,kansas city royals,bovada,h2h,Kansas City Royals,,,,,,pregame,2026-09-02 23:41:00+00:00,-113,,2026-09-02 12:03:02.767951+00:00,2026-09-02 12:01:49+00:00,,MLB_ODDS_API_MARKET_HISTORY.csv,-113,,6802,-114,,2026-09-02 03:08:28.146256+00:00,1,,0.5327102803738317,0.5305164319248826,-0.2193848448949098,0.2193848448949098,9,moneyline,kansas city royals,True,True,False,ODDS_API,,"ODDS_API,SGO",4,True
865b5161840c3b0f959eaa526c8ac629,miami marlins,kansas city royals,bovada,h2h,Miami Marlins,,,,,,pregame,2026-09-02 23:41:00+00:00,-107,,2026-09-02 12:03:02.767951+00:00,2026-09-02 12:01:49+00:00,,MLB_ODDS_API_MARKET_HISTORY.csv,-107,,6803,-106,,2026-09-02 03:08:28.146264+00:00,-1,,0.5145631067961165,0.5169082125603864,0.2345105764269939,0.2345105764269939,9,moneyline,miami marlins,True,True,False,ODDS_API,,"ODDS_API,SGO",4,True
865b5161840c3b0f959eaa526c8ac629,miami marlins,kansas city royals,bovada,spreads,Kansas City Royals,,,,,,pregame,2026-09-02 23:41:00+00:00,180,-1.5,2026-09-02 12:03:02.767951+00:00,2026-09-02 12:01:49+00:00,,MLB_ODDS_API_MARKET_HISTORY.csv,180,-1.5,6804,-185,1.5,2026-09-02 03:08:28.146273+00:00,365,-3.0,0.6491228070175439,0.3571428571428571,-29.19799498746867,29.19799498746867,9,spread,kansas city royals,True,True,True,ODDS_API,-1.5,"ODDS_API,SGO",2,True
d64025a75ea543bf8f87ab2a697704d8,miami marlins,kansas city royals,bovada,spreads,Kansas City Royals,,,,,,pregame,2026-09-03 23:40:00+00:00,-160,1.5,2026-09-03 05:14:09.062245+00:00,2026-09-03 05:12:40+00:00,,MLB_ODDS_API_MARKET_HISTORY.csv,-160,1.5,7804,-160,1.5,2026-09-03 05:13:57.019887+00:00,0,0.0,0.6153846153846154,0.6153846153846154,0.0,0.0,2,spread,kansas city royals,True,False,False,ODDS_API,1.5,"ODDS_API,SGO",2,True
d64025a75ea543bf8f87ab2a697704d8,miami marlins,kansas city royals,bovada,spreads,Miami Marlins,,,,,,pregame,2026-09-03 23:40:00+00:00,135,-1.5,2026-09-03 05:14:09.062249+00:00,2026-09-03 05:12:40+00:00,,MLB_ODDS_API_MARKET_HISTORY.csv,135,-1.5,7805,135,-1.5,2026-09-03 05:13:57.019887+00:00,0,0.0,0.425531914893617,0.425531914893617,0.0,0.0,2,spread,miami marlins,True,False,False,ODDS_API,-1.5,"ODDS_API,SGO",2,True
865b5161840c3b0f959eaa526c8ac629,miami marlins,kansas city royals,bovada,spreads,Miami Marlins,,,,,,pregame,2026-09-02 23:41:00+00:00,-220,1.5,2026-09-02 12:03:02.767951+00:00,2026-09-02 12:01:49+00:00,,MLB_ODDS_API_MARKET_HISTORY.csv,-220,1.5,6805,160,-1.5,2026-09-02 03:08:28.146281+00:00,-380,3.0,0.3846153846153846,0.6875,30.288461538461537,30.288461538461537,9,spread,miami marlins,True,True,True,ODDS_API,1.5,"ODDS_API,SGO",2,True
GHxiOFpG3fRHlQL2TvN5,miami marlins,kansas city royals,bovada,ou,over,,,points,points-away-game-ou-over,game,pregame,2026-09-02 23:40:00+00:00,105,4.5,2026-09-02 12:03:02.122557+00:00,2026-09-02 12:00:45.759000+00:00,1.0,MLB_SGO_MARKET_HISTORY.csv,105,4.5,308094,105,4.5,2026-09-02 03:08:27.491204+00:00,0,0.0,0.4878048780487805,0.4878048780487805,0.0,0.0,9,total,over,True,False,False,SGO,4.5,SGO,4,False
865b5161840c3b0f959eaa526c8ac629,miami marlins,kansas city royals,bovada,totals,Over,,,,,,pregame,2026-09-02 23:41:00+00:00,-115,8.5,2026-09-02 12:03:02.767951+00:00,2026-09-02 12:01:49+00:00,,MLB_ODDS_API_MARKET_HISTORY.csv,-115,8.5,6806,-120,8.5,2026-09-02 03:08:28.146289+00:00,5,0.0,0.5454545454545454,0.5348837209302325,-1.0570824524312905,1.0570824524312905,9,total,over,True,True,False,ODDS_API,8.5,"ODDS_API,SGO",2,True
d64025a75ea543bf8f87ab2a697704d8,miami marlins,kansas city royals,bovada,totals,Over,,,,,,pregame,2026-09-03 23:40:00+00:00,-110,9.0,2026-09-03 05:14:09.062253+00:00,2026-09-03 05:12:40+00:00,,MLB_ODDS_API_MARKET_HISTORY.csv,-110,9.0,7806,-110,9.0,2026-09-03 05:13:57.019887+00:00,0,0.0,0.5238095238095238,0.5238095238095238,0.0,0.0,2,total,over,True,False,False,ODDS_API,9.0,"ODDS_API,SGO",2,True
GHxiOFpG3fRHlQL2TvN5,miami marlins,kansas city royals,bovada,ou,under,,,points,points-away-game-ou-under,game,pregame,2026-09-02 23:40:00+00:00,-135,4.5,2026-09-02 12:03:02.122557+00:00,2026-09-02 12:00:45.759000+00:00,1.0,MLB_SGO_MARKET_HISTORY.csv,-135,4.5,308099,-135,4.5,2026-09-02 03:08:27.491215+00:00,0,0.0,0.574468085106383,0.574468085106383,0.0,0.0,9,total,under,True,False,False,SGO,4.5,SGO,4,False
865b5161840c3b0f959eaa526c8ac629,miami marlins,kansas city royals,bovada,totals,Under,,,,,,pregame,2026-09-02 23:41:00+00:00,-105,8.5,2026-09-02 12:03:02.767951+00:00,2026-09-02 12:01:49+00:00,,MLB_ODDS_API_MARKET_HISTORY.csv,-105,8.5,6807,100,8.5,2026-09-02 03:08:28.146297+00:00,-205,0.0,0.5,0.5121951219512195,1.2195121951219523,1.2195121951219523,9,total,under,True,True,False,ODDS_API,8.5,"ODDS_API,SGO",2,True
d64025a75ea543bf8f87ab2a697704d8,miami marlins,kansas city royals,bovada,totals,Under,,,,,,pregame,2026-09-03 23:40:00+00:00,-110,9.0,2026-09-03 05:14:09.062256+00:00,2026-09-03 05:12:40+00:00,,MLB_ODDS_API_MARKET_HISTORY.csv,-110,9.0,7807,-110,9.0,2026-09-03 05:13:57.019887+00:00,0,0.0,0.5238095238095238,0.5238095238095238,0.0,0.0,2,total,under,True,False,False,ODDS_API,9.0,"ODDS_API,SGO",2,True
GHxiOFpG3fRHlQL2TvN5,miami marlins,kansas city royals,caesars,ml,home,,,points,points-home-game-ml-home,game,pregame,2026-09-02 23:40:00+00:00,-105,,2026-09-02 12:03:02.122557+00:00,2026-09-02 11:58:40.772000+00:00,1.0,MLB_SGO_MARKET_HISTORY.csv,-105,,308028,-105,,2026-09-02 03:08:27.491053+00:00,0,,0.5121951219512195,0.5121951219512195,0.0,0.0,9,moneyline,kansas city royals,True,False,False,SGO,,SGO,2,False
GHxiOFpG3fRHlQL2TvN5,miami marlins,kansas city royals,caesars,ml,away,,,points,points-away-game-ml-away,game,pregame,2026-09-02 23:40:00+00:00,-105,,2026-09-02 12:03:02.122557+00:00,2026-09-02 11:58:40.772000+00:00,1.0,MLB_SGO_MARKET_HISTORY.csv,-105,,308019,-105,,2026-09-02 03:08:27.491031+00:00,0,,0.5121951219512195,0.5121951219512195,0.0,0.0,9,moneyline,miami marlins,True,False,False,SGO,,SGO,2,False
GHxiOFpG3fRHlQL2TvN5,miami marlins,kansas city royals,caesars,sp,home,,,points,points-home-game-sp-home,game,pregame,2026-09-02 23:40:00+00:00,180,-1.5,2026-09-02 12:03:02.122557+00:00,2026-09-02 11:58:40.772000+00:00,1.0,MLB_SGO_MARKET_HISTORY.csv,180,-1.5,308064,-178,1.5,2026-09-02 03:08:27.491147+00:00,358,-3.0,0.6402877697841727,0.3571428571428571,-28.314491264131554,28.314491264131554,9,spread,kansas city royals,True,True,True,SGO,-1.5,SGO,1,False
pMqpjUUshzQqo4qtESUh,miami marlins,kansas city royals,caesars,sp,home,,,points,points-home-game-sp-home,game,pregame,2026-09-03 23:40:00+00:00,-160,1.5,2026-09-03 05:14:08.745104+00:00,2026-09-03 05:09:37.505000+00:00,1.0,MLB_SGO_MARKET_HISTORY.csv,-160,1.5,347996,-160,1.5,2026-09-03 05:13:56.618657+00:00,0,0.0,0.6153846153846154,0.6153846153846154,0.0,0.0,2,spread,kansas city royals,True,False,False,SGO,1.5,SGO,1,False
pMqpjUUshzQqo4qtESUh,miami marlins,kansas city royals,caesars,sp,away,,,points,points-away-game-sp-away,game,pregame,2026-09-03 23:40:00+00:00,135,-1.5,2026-09-03 05:14:08.745014+00:00,2026-09-03 05:09:37.505000+00:00,1.0,MLB_SGO_MARKET_HISTORY.csv,135,-1.5,347973,135,-1.5,2026-09-03 05:13:56.618657+00:00,0,0.0,0.425531914893617,0.425531914893617,0.0,0.0,2,spread,miami marlins,True,False,False,SGO,-1.5,SGO,1,False
GHxiOFpG3fRHlQL2TvN5,miami marlins,kansas city royals,caesars,sp,away,,,points,points-away-game-sp-away,game,pregame,2026-09-02 23:40:00+00:00,-220,1.5,2026-09-02 12:03:02.122557+00:00,2026-09-02 11:58:40.772000+00:00,1.0,MLB_SGO_MARKET_HISTORY.csv,-220,1.5,308056,150,-1.5,2026-09-02 03:08:27.491126+00:00,-370,3.0,0.4,0.6875,28.75,28.75,9,spread,miami marlins,True,True,True,SGO,1.5,SGO,1,False
GHxiOFpG3fRHlQL2TvN5,miami marlins,kansas city royals,caesars,ou,over,,,points,points-away-game-ou-over,game,pregame,2026-09-02 23:40:00+00:00,105,4.5,2026-09-02 12:03:02.122557+00:00,2026-09-02 12:01:14.759000+00:00,1.0,MLB_SGO_MARKET_HISTORY.csv,105,4.5,308095,100,4.5,2026-09-02 03:08:27.491207+00:00,5,0.0,0.5,0.4878048780487805,-1.2195121951219523,1.2195121951219523,9,total,over,True,True,False,SGO,4.5,SGO,4,False
GHxiOFpG3fRHlQL2TvN5,miami marlins,kansas city royals,caesars,ou,over,,,points,points-all-game-ou-over,game,pregame,2026-09-02 23:40:00+00:00,-115,8.5,2026-09-02 12:03:02.122557+00:00,2026-09-02 11:58:40.772000+00:00,1.0,MLB_SGO_MARKET_HISTORY.csv,-115,8.5,308036,-120,8.5,2026-09-02 03:08:27.491072+00:00,5,0.0,0.5454545454545454,0.5348837209302325,-1.0570824524312905,1.0570824524312905,9,total,over,True,True,False,SGO,8.5,SGO,1,False
pMqpjUUshzQqo4qtESUh,miami marlins,kansas city royals,caesars,ou,over,,,points,points-all-game-ou-over,game,pregame,2026-09-03 23:40:00+00:00,-110,9.0,2026-09-03 05:14:08.744781+00:00,2026-09-03 05:09:37.505000+00:00,1.0,MLB_SGO_MARKET_HISTORY.csv,-110,9.0,347919,-110,9.0,2026-09-03 05:13:56.618657+00:00,0,0.0,0.5238095238095238,0.5238095238095238,0.0,0.0,2,total,over,True,False,False,SGO,9.0,SGO,1,False
GHxiOFpG3fRHlQL2TvN5,miami marlins,kansas city royals,caesars,ou,under,,,points,points-away-game-ou-under,game,pregame,2026-09-02 23:40:00+00:00,-133,4.5,2026-09-02 12:03:02.122557+00:00,2026-09-02 12:01:14.759000+00:00,1.0,MLB_SGO_MARKET_HISTORY.csv,-133,4.5,308100,-133,4.5,2026-09-02 03:08:27.491218+00:00,0,0.0,0.5708154506437768,0.5708154506437768,0.0,0.0,9,total,under,True,False,False,SGO,4.5,SGO,4,False
GHxiOFpG3fRHlQL2TvN5,miami marlins,kansas city royals,caesars,ou,under,,,points,points-all-game-ou-under,game,pregame,2026-09-02 23:40:00+00:00,-105,8.5,2026-09-02 12:03:02.122557+00:00,2026-09-02 11:58:40.772000+00:00,1.0,MLB_SGO_MARKET_HISTORY.csv,-105,8.5,308044,100,8.5,2026-09-02 03:08:27.491093+00:00,-205,0.0,0.5,0.5121951219512195,1.2195121951219523,1.2195121951219523,9,total,under,True,True,False,SGO,8.5,SGO,1,False
pMqpjUUshzQqo4qtESUh,miami marlins,kansas city royals,caesars,ou,under,,,points,points-all-game-ou-under,game,pregame,2026-09-03 23:40:00+00:00,-110,9.0,2026-09-03 05:14:08.744813+00:00,2026-09-03 05:09:37.505000+00:00,1.0,MLB_SGO_MARKET_HISTORY.csv,-110,9.0,347927,-110,9.0,2026-09-03 05:13:56.618657+00:00,0,0.0,0.5238095238095238,0.5238095238095238,0.0,0.0,2,total,under,True,False,False,SGO,9.0,SGO,1,False
865b5161840c3b0f959eaa526c8ac629,miami marlins,kansas city royals,draftkings,h2h,Kansas City Royals,,,,,,pregame,2026-09-02 23:41:00+00:00,-112,,2026-09-02 12:03:02.767951+00:00,2026-09-02 12:02:54+00:00,,MLB_ODDS_API_MARKET_HISTORY.csv,-112,,6790,-112,,2026-09-02 03:08:28.146144+00:00,0,,0.5283018867924528,0.5283018867924528,0.0,0.0,9,moneyline,kansas city royals,True,False,False,ODDS_API,,"ODDS_API,SGO",4,True
865b5161840c3b0f959eaa526c8ac629,miami marlins,kansas city royals,draftkings,h2h,Miami Marlins,,,,,,pregame,2026-09-02 23:41:00+00:00,-107,,2026-09-02 12:03:02.767951+00:00,2026-09-02 12:02:54+00:00,,MLB_ODDS_API_MARKET_HISTORY.csv,-107,,6791,-108,,2026-09-02 03:08:28.146166+00:00,1,,0.5192307692307693,0.5169082125603864,-0.2322556670382836,0.2322556670382836,9,moneyline,miami marlins,True,True,False,ODDS_API,,"ODDS_API,SGO",4,True
865b5161840c3b0f959eaa526c8ac629,miami marlins,kansas city royals,draftkings,spreads,Kansas City Royals,,,,,,pregame,2026-09-02 23:41:00+00:00,-184,1.5,2026-09-02 12:03:02.767951+00:00,2026-09-02 12:02:54+00:00,,MLB_ODDS_API_MARKET_HISTORY.csv,-184,1.5,6792,-180,1.5,2026-09-02 03:08:28.146174+00:00,-4,0.0,0.6428571428571429,0.647887323943662,0.5030181086519092,0.5030181086519092,9,spread,kansas city royals,True,True,False,ODDS_API,1.5,"ODDS_API,SGO",4,True
865b5161840c3b0f959eaa526c8ac629,miami marlins,kansas city royals,draftkings,spreads,Miami Marlins,,,,,,pregame,2026-09-02 23:41:00+00:00,152,-1.5,2026-09-02 12:03:02.767951+00:00,2026-09-02 12:02:54+00:00,,MLB_ODDS_API_MARKET_HISTORY.csv,152,-1.5,6793,148,-1.5,2026-09-02 03:08:28.146182+00:00,4,0.0,0.4032258064516129,0.3968253968253968,-0.6400409626216075,0.6400409626216075,9,spread,miami marlins,True,True,False,ODDS_API,-1.5,"ODDS_API,SGO",4,True
GHxiOFpG3fRHlQL2TvN5,miami marlins,kansas city royals,draftkings,ou,over,,,points,points-away-game-ou-over,game,pregame,2026-09-02 23:40:00+00:00,100,4.5,2026-09-02 12:03:02.122557+00:00,2026-09-02 11:59:21.819000+00:00,1.0,MLB_SGO_MARKET_HISTORY.csv,100,4.5,308097,100,4.5,2026-09-02 08:15:43.454797+00:00,0,0.0,0.5,0.5,0.0,0.0,8,total,over,True,False,False,SGO,4.5,SGO,4,False
865b5161840c3b0f959eaa526c8ac629,miami marlins,kansas city royals,draftkings,totals,Over,,,,,,pregame,2026-09-02 23:41:00+00:00,-117,8.5,2026-09-02 12:03:02.767951+00:00,2026-09-02 12:02:54+00:00,,MLB_ODDS_API_MARKET_HISTORY.csv,-117,8.5,6794,-118,8.5,2026-09-02 03:08:28.146191+00:00,1,0.0,0.5412844036697247,0.5391705069124424,-0.2113896757282352,0.2113896757282352,9,total,over,True,True,False,ODDS_API,8.5,"ODDS_API,SGO",2,True
d64025a75ea543bf8f87ab2a697704d8,miami marlins,kansas city royals,draftkings,totals,Over,,,,,,pregame,2026-09-03 23:40:00+00:00,-112,9.0,2026-09-03 05:14:09.062121+00:00,2026-09-03 05:13:36+00:00,,MLB_ODDS_API_MARKET_HISTORY.csv,-112,9.0,7770,-112,9.0,2026-09-03 05:13:57.019887+00:00,0,0.0,0.5283018867924528,0.5283018867924528,0.0,0.0,2,total,over,True,False,False,ODDS_API,9.0,"ODDS_API,SGO",2,True
GHxiOFpG3fRHlQL2TvN5,miami marlins,kansas city royals,draftkings,ou,under,,,points,points-away-game-ou-under,game,pregame,2026-09-02 23:40:00+00:00,-130,4.5,2026-09-02 12:03:02.122557+00:00,2026-09-02 11:59:21.819000+00:00,1.0,MLB_SGO_MARKET_HISTORY.csv,-130,4.5,308102,-130,4.5,2026-09-02 08:15:43.454797+00:00,0,0.0,0.5652173913043478,0.5652173913043478,0.0,0.0,8,total,under,True,False,False,SGO,4.5,SGO,4,False
865b5161840c3b0f959eaa526c8ac629,miami marlins,kansas city royals,draftkings,totals,Under,,,,,,pregame,2026-09-02 23:41:00+00:00,-103,8.5,2026-09-02 12:03:02.767951+00:00,2026-09-02 12:02:54+00:00,,MLB_ODDS_API_MARKET_HISTORY.csv,-103,8.5,6795,-102,8.5,2026-09-02 03:08:28.146199+00:00,-1,0.0,0.504950495049505,0.5073891625615764,0.2438667512071446,0.2438667512071446,9,total,under,True,True,False,ODDS_API,8.5,"ODDS_API,SGO",2,True
d64025a75ea543bf8f87ab2a697704d8,miami marlins,kansas city royals,draftkings,totals,Under,,,,,,pregame,2026-09-03 23:40:00+00:00,-108,9.0,2026-09-03 05:14:09.062124+00:00,2026-09-03 05:13:36+00:00,,MLB_ODDS_API_MARKET_HISTORY.csv,-108,9.0,7771,-108,9.0,2026-09-03 05:13:57.019887+00:00,0,0.0,0.5192307692307693,0.5192307692307693,0.0,0.0,2,total,under,True,False,False,ODDS_API,9.0,"ODDS_API,SGO",2,True
GHxiOFpG3fRHlQL2TvN5,miami marlins,kansas city royals,espnbet,ml,home,,,points,points-home-game-ml-home,game,pregame,2026-09-02 23:40:00+00:00,-115,,2026-09-02 12:03:02.122557+00:00,2026-09-02 11:59:13.272000+00:00,1.0,MLB_SGO_MARKET_HISTORY.csv,-115,,308030,-110,,2026-09-02 03:08:27.491058+00:00,-5,,0.5238095238095238,0.5348837209302325,1.107419712070867,1.107419712070867,9,moneyline,kansas city royals,True,True,False,SGO,,SGO,2,False
GHxiOFpG3fRHlQL2TvN5,miami marlins,kansas city royals,espnbet,ml,away,,,points,points-away-game-ml-away,game,pregame,2026-09-02 23:40:00+00:00,-105,,2026-09-02 12:03:02.122557+00:00,2026-09-02 11:59:13.272000+00:00,1.0,MLB_SGO_MARKET_HISTORY.csv,-105,,308021,-110,,2026-09-02 03:08:27.491036+00:00,5,,0.5238095238095238,0.5121951219512195,-1.1614401858304313,1.1614401858304313,9,moneyline,miami marlins,True,True,False,SGO,,SGO,2,False
GHxiOFpG3fRHlQL2TvN5,miami marlins,kansas city royals,espnbet,sp,home,,,points,points-home-game-sp-home,game,pregame,2026-09-02 23:40:00+00:00,-190,1.5,2026-09-02 12:03:02.122557+00:00,2026-09-02 11:59:13.272000+00:00,1.0,MLB_SGO_MARKET_HISTORY.csv,-190,1.5,308060,-190,1.5,2026-09-02 03:08:27.491136+00:00,0,0.0,0.6551724137931034,0.6551724137931034,0.0,0.0,9,spread,kansas city royals,True,False,False,SGO,1.5,SGO,2,False
GHxiOFpG3fRHlQL2TvN5,miami marlins,kansas city royals,espnbet,sp,away,,,points,points-away-game-sp-away,game,pregame,2026-09-02 23:40:00+00:00,160,-1.5,2026-09-02 12:03:02.122557+00:00,2026-09-02 11:59:13.272000+00:00,1.0,MLB_SGO_MARKET_HISTORY.csv,160,-1.5,308052,160,-1.5,2026-09-02 03:08:27.491115+00:00,0,0.0,0.3846153846153846,0.3846153846153846,0.0,0.0,9,spread,miami marlins,True,False,False,SGO,-1.5,SGO,2,False
GHxiOFpG3fRHlQL2TvN5,miami marlins,kansas city royals,espnbet,ou,over,,,points,points-home-game-ou-over,game,pregame,2026-09-02 23:40:00+00:00,-800,1.5,2026-09-02 12:03:02.122557+00:00,2026-09-02 03:22:22.649000+00:00,0.0,MLB_SGO_MARKET_HISTORY.csv,-800,1.5,308117,-800,1.5,2026-09-02 03:08:27.491251+00:00,0,0.0,0.8888888888888888,0.8888888888888888,0.0,0.0,9,total,over,True,False,False,SGO,1.5,SGO,1,False
GHxiOFpG3fRHlQL2TvN5,miami marlins,kansas city royals,espnbet,ou,over,,,points,points-away-game-ou-over,game,pregame,2026-09-02 23:40:00+00:00,400,7.5,2026-09-02 12:03:02.122557+00:00,2026-09-02 07:38:12.203000+00:00,0.0,MLB_SGO_MARKET_HISTORY.csv,400,7.5,308096,400,7.5,2026-09-02 03:08:27.491210+00:00,0,0.0,0.2,0.2,0.0,0.0,9,total,over,True,False,False,SGO,7.5,SGO,1,False
GHxiOFpG3fRHlQL2TvN5,miami marlins,kansas city royals,espnbet,ou,over,,,points,points-all-game-ou-over,game,pregame,2026-09-02 23:40:00+00:00,-120,8.5,2026-09-02 12:03:02.122557+00:00,2026-09-02 11:59:13.272000+00:00,1.0,MLB_SGO_MARKET_HISTORY.csv,-120,8.5,308038,-115,8.5,2026-09-02 03:08:27.491077+00:00,-5,0.0,0.5348837209302325,0.5454545454545454,1.0570824524312905,1.0570824524312905,9,total,over,True,True,False,SGO,8.5,SGO,2,False
pMqpjUUshzQqo4qtESUh,miami marlins,kansas city royals,espnbet,ou,over,,,points,points-all-game-ou-over,game,pregame,2026-09-03 23:40:00+00:00,110,9.5,2026-09-03 05:14:08.744792+00:00,2026-09-03 05:09:43.505000+00:00,1.0,MLB_SGO_MARKET_HISTORY.csv,110,9.5,347922,110,9.5,2026-09-03 05:13:56.618657+00:00,0,0.0,0.4761904761904761,0.4761904761904761,0.0,0.0,2,total,over,True,False,False,SGO,9.5,SGO,2,False
GHxiOFpG3fRHlQL2TvN5,miami marlins,kansas city royals,espnbet,ou,under,,,points,points-home-game-ou-under,game,pregame,2026-09-02 23:40:00+00:00,475,1.5,2026-09-02 12:03:02.122557+00:00,2026-09-02 03:22:22.649000+00:00,0.0,MLB_SGO_MARKET_HISTORY.csv,475,1.5,308122,475,1.5,2026-09-02 03:08:27.491262+00:00,0,0.0,0.1739130434782608,0.1739130434782608,0.0,0.0,9,total,under,True,False,False,SGO,1.5,SGO,1,False
GHxiOFpG3fRHlQL2TvN5,miami marlins,kansas city royals,espnbet,ou,under,,,points,points-away-game-ou-under,game,pregame,2026-09-02 23:40:00+00:00,-650,7.5,2026-09-02 12:03:02.122557+00:00,2026-09-02 07:38:12.203000+00:00,0.0,MLB_SGO_MARKET_HISTORY.csv,-650,7.5,308101,-650,7.5,2026-09-02 03:08:27.491221+00:00,0,0.0,0.8666666666666667,0.8666666666666667,0.0,0.0,9,total,under,True,False,False,SGO,7.5,SGO,1,False
GHxiOFpG3fRHlQL2TvN5,miami marlins,kansas city royals,espnbet,ou,under,,,points,points-all-game-ou-under,game,pregame,2026-09-02 23:40:00+00:00,100,8.5,2026-09-02 12:03:02.122557+00:00,2026-09-02 11:59:13.272000+00:00,1.0,MLB_SGO_MARKET_HISTORY.csv,100,8.5,308046,-105,8.5,2026-09-02 03:08:27.491098+00:00,205,0.0,0.5121951219512195,0.5,-1.2195121951219523,1.2195121951219523,9,total,under,True,True,False,SGO,8.5,SGO,2,False
pMqpjUUshzQqo4qtESUh,miami marlins,kansas city royals,espnbet,ou,under,,,points,points-all-game-ou-under,game,pregame,2026-09-03 23:40:00+00:00,-135,9.5,2026-09-03 05:14:08.744825+00:00,2026-09-03 05:09:43.505000+00:00,1.0,MLB_SGO_MARKET_HISTORY.csv,-135,9.5,347930,-135,9.5,2026-09-03 05:13:56.618657+00:00,0,0.0,0.574468085106383,0.574468085106383,0.0,0.0,2,total,under,True,False,False,SGO,9.5,SGO,2,False
865b5161840c3b0f959eaa526c8ac629,miami marlins,kansas city royals,fanduel,h2h,Kansas City Royals,,,,,,pregame,2026-09-02 23:41:00+00:00,-112,,2026-09-02 12:03:02.767951+00:00,2026-09-02 12:02:37+00:00,,MLB_ODDS_API_MARKET_HISTORY.csv,-112,,6766,-112,,2026-09-02 03:08:28.145947+00:00,0,,0.5283018867924528,0.5283018867924528,0.0,0.0,9,moneyline,kansas city royals,True,False,False,ODDS_API,,"ODDS_API,SGO",4,True
865b5161840c3b0f959eaa526c8ac629,miami marlins,kansas city royals,fanduel,h2h,Miami Marlins,,,,,,pregame,2026-09-02 23:41:00+00:00,-104,,2026-09-02 12:03:02.767951+00:00,2026-09-02 12:02:37+00:00,,MLB_ODDS_API_MARKET_HISTORY.csv,-104,,6767,-104,,2026-09-02 03:08:28.145956+00:00,0,,0.5098039215686274,0.5098039215686274,0.0,0.0,9,moneyline,miami marlins,True,False,False,ODDS_API,,"ODDS_API,SGO",4,True
865b5161840c3b0f959eaa526c8ac629,miami marlins,kansas city royals,fanduel,spreads,Kansas City Royals,,,,,,pregame,2026-09-02 23:41:00+00:00,-184,1.5,2026-09-02 12:03:02.767951+00:00,2026-09-02 12:02:37+00:00,,MLB_ODDS_API_MARKET_HISTORY.csv,-184,1.5,6768,-192,1.5,2026-09-02 03:08:28.145964+00:00,8,0.0,0.6575342465753424,0.647887323943662,-0.9646922631680432,0.9646922631680432,9,spread,kansas city royals,True,True,False,ODDS_API,1.5,"ODDS_API,SGO",4,True
865b5161840c3b0f959eaa526c8ac629,miami marlins,kansas city royals,fanduel,spreads,Miami Marlins,,,,,,pregame,2026-09-02 23:41:00+00:00,152,-1.5,2026-09-02 12:03:02.767951+00:00,2026-09-02 12:02:37+00:00,,MLB_ODDS_API_MARKET_HISTORY.csv,152,-1.5,6769,158,-1.5,2026-09-02 03:08:28.145972+00:00,-6,0.0,0.3875968992248062,0.3968253968253968,0.922849760059058,0.922849760059058,9,spread,miami marlins,True,True,False,ODDS_API,-1.5,"ODDS_API,SGO",4,True
GHxiOFpG3fRHlQL2TvN5,miami marlins,kansas city royals,fanduel,ou,over,,,points,points-away-game-ou-over,game,pregame,2026-09-02 23:40:00+00:00,112,4.5,2026-09-02 12:03:02.122557+00:00,2026-09-02 11:59:36.693000+00:00,1.0,MLB_SGO_MARKET_HISTORY.csv,112,4.5,308093,110,4.5,2026-09-02 03:08:27.491202+00:00,2,0.0,0.4761904761904761,0.4716981132075472,-0.4492362982928988,0.4492362982928988,9,total,over,True,True,False,SGO,4.5,SGO,4,False
865b5161840c3b0f959eaa526c8ac629,miami marlins,kansas city royals,fanduel,totals,Over,,,,,,pregame,2026-09-02 23:41:00+00:00,-118,8.5,2026-09-02 12:03:02.767951+00:00,2026-09-02 12:02:37+00:00,,MLB_ODDS_API_MARKET_HISTORY.csv,-118,8.5,6770,-118,8.5,2026-09-02 03:08:28.145980+00:00,0,0.0,0.5412844036697247,0.5412844036697247,0.0,0.0,9,total,over,True,False,False,ODDS_API,8.5,"ODDS_API,SGO",2,True
d64025a75ea543bf8f87ab2a697704d8,miami marlins,kansas city royals,fanduel,totals,Over,,,,,,pregame,2026-09-03 23:40:00+00:00,-115,9.0,2026-09-03 05:14:09.062209+00:00,2026-09-03 05:13:36+00:00,,MLB_ODDS_API_MARKET_HISTORY.csv,-115,9.0,7794,-115,9.0,2026-09-03 05:13:57.019887+00:00,0,0.0,0.5348837209302325,0.5348837209302325,0.0,0.0,2,total,over,True,False,False,ODDS_API,9.0,"ODDS_API,SGO",2,True
GHxiOFpG3fRHlQL2TvN5,miami marlins,kansas city royals,fanduel,ou,under,,,points,points-away-game-ou-under,game,pregame,2026-09-02 23:40:00+00:00,-142,4.5,2026-09-02 12:03:02.122557+00:00,2026-09-02 11:59:36.693000+00:00,1.0,MLB_SGO_MARKET_HISTORY.csv,-142,4.5,308098,-140,4.5,2026-09-02 03:08:27.491213+00:00,-2,0.0,0.5833333333333334,0.5867768595041323,0.3443526170798905,0.3443526170798905,9,total,under,True,True,False,SGO,4.5,SGO,4,False
865b5161840c3b0f959eaa526c8ac629,miami marlins,kansas city royals,fanduel,totals,Under,,,,,,pregame,2026-09-02 23:41:00+00:00,-104,8.5,2026-09-02 12:03:02.767951+00:00,2026-09-02 12:02:37+00:00,,MLB_ODDS_API_MARKET_HISTORY.csv,-104,8.5,6771,-104,8.5,2026-09-02 03:08:28.145988+00:00,0,0.0,0.5098039215686274,0.5098039215686274,0.0,0.0,9,total,under,True,False,False,ODDS_API,8.5,"ODDS_API,SGO",2,True
d64025a75ea543bf8f87ab2a697704d8,miami marlins,kansas city royals,fanduel,totals,Under,,,,,,pregame,2026-09-03 23:40:00+00:00,-105,9.0,2026-09-03 05:14:09.062212+00:00,2026-09-03 05:13:36+00:00,,MLB_ODDS_API_MARKET_HISTORY.csv,-105,9.0,7795,-105,9.0,2026-09-03 05:13:57.019887+00:00,0,0.0,0.5121951219512195,0.5121951219512195,0.0,0.0,2,total,under,True,False,False,ODDS_API,9.0,"ODDS_API,SGO",2,True
865b5161840c3b0f959eaa526c8ac629,miami marlins,kansas city royals,lowvig,h2h,Kansas City Royals,,,,,,pregame,2026-09-02 23:41:00+00:00,-107,,2026-09-02 12:03:02.767951+00:00,2026-09-02 12:02:13+00:00,,MLB_ODDS_API_MARKET_HISTORY.csv,-107,,6778,-105,,2026-09-02 03:08:28.146045+00:00,-2,,0.5121951219512195,0.5169082125603864,0.4713090609166914,0.4713090609166914,9,moneyline,kansas city royals,True,True,False,ODDS_API,,ODDS_API,2,False
865b5161840c3b0f959eaa526c8ac629,miami marlins,kansas city royals,lowvig,h2h,Miami Marlins,,,,,,pregame,2026-09-02 23:41:00+00:00,-103,,2026-09-02 12:03:02.767951+00:00,2026-09-02 12:02:13+00:00,,MLB_ODDS_API_MARKET_HISTORY.csv,-103,,6779,-105,,2026-09-02 03:08:28.146054+00:00,2,,0.5121951219512195,0.5073891625615764,-0.4805959389643122,0.4805959389643122,9,moneyline,miami marlins,True,True,False,ODDS_API,,ODDS_API,2,False
865b5161840c3b0f959eaa526c8ac629,miami marlins,kansas city royals,lowvig,spreads,Kansas City Royals,,,,,,pregame,2026-09-02 23:41:00+00:00,182,-1.5,2026-09-02 12:03:02.767951+00:00,2026-09-02 12:02:13+00:00,,MLB_ODDS_API_MARKET_HISTORY.csv,182,-1.5,6780,-172,1.5,2026-09-02 03:08:28.146062+00:00,354,-3.0,0.6323529411764706,0.3546099290780142,-27.774301209845635,27.774301209845635,9,spread,kansas city royals,True,True,True,ODDS_API,-1.5,ODDS_API,1,False
d64025a75ea543bf8f87ab2a697704d8,miami marlins,kansas city royals,lowvig,spreads,Kansas City Royals,,,,,,pregame,2026-09-03 23:40:00+00:00,-153,1.5,2026-09-03 05:14:09.062157+00:00,2026-09-03 05:13:38+00:00,,MLB_ODDS_API_MARKET_HISTORY.csv,-153,1.5,7780,-153,1.5,2026-09-03 05:13:57.019887+00:00,0,0.0,0.6047430830039525,0.6047430830039525,0.0,0.0,2,spread,kansas city royals,True,False,False,ODDS_API,1.5,ODDS_API,1,False
d64025a75ea543bf8f87ab2a697704d8,miami marlins,kansas city royals,lowvig,spreads,Miami Marlins,,,,,,pregame,2026-09-03 23:40:00+00:00,135,-1.5,2026-09-03 05:14:09.062161+00:00,2026-09-03 05:13:38+00:00,,MLB_ODDS_API_MARKET_HISTORY.csv,135,-1.5,7781,135,-1.5,2026-09-03 05:13:57.019887+00:00,0,0.0,0.425531914893617,0.425531914893617,0.0,0.0,2,spread,miami marlins,True,False,False,ODDS_API,-1.5,ODDS_API,1,False
865b5161840c3b0f959eaa526c8ac629,miami marlins,kansas city royals,lowvig,spreads,Miami Marlins,,,,,,pregame,2026-09-02 23:41:00+00:00,-209,1.5,2026-09-02 12:03:02.767951+00:00,2026-09-02 12:02:13+00:00,,MLB_ODDS_API_MARKET_HISTORY.csv,-209,1.5,6781,152,-1.5,2026-09-02 03:08:28.146070+00:00,-361,3.0,0.3968253968253968,0.6763754045307443,27.95500077053475,27.95500077053475,9,spread,miami marlins,True,True,True,ODDS_API,1.5,ODDS_API,1,False
865b5161840c3b0f959eaa526c8ac629,miami marlins,kansas city royals,lowvig,totals,Over,,,,,,pregame,2026-09-02 23:41:00+00:00,-113,8.5,2026-09-02 12:03:02.767951+00:00,2026-09-02 12:02:13+00:00,,MLB_ODDS_API_MARKET_HISTORY.csv,-113,8.5,6782,-115,8.5,2026-09-02 03:08:28.146078+00:00,2,0.0,0.5348837209302325,0.5305164319248826,-0.4367289005349883,0.4367289005349883,9,total,over,True,True,False,ODDS_API,8.5,ODDS_API,1,False
d64025a75ea543bf8f87ab2a697704d8,miami marlins,kansas city royals,lowvig,totals,Over,,,,,,pregame,2026-09-03 23:40:00+00:00,-107,9.0,2026-09-03 05:14:09.062165+00:00,2026-09-03 05:13:38+00:00,,MLB_ODDS_API_MARKET_HISTORY.csv,-107,9.0,7782,-107,9.0,2026-09-03 05:13:57.019887+00:00,0,0.0,0.5169082125603864,0.5169082125603864,0.0,0.0,2,total,over,True,False,False,ODDS_API,9.0,ODDS_API,1,False
865b5161840c3b0f959eaa526c8ac629,miami marlins,kansas city royals,lowvig,totals,Under,,,,,,pregame,2026-09-02 23:41:00+00:00,-102,8.5,2026-09-02 12:03:02.767951+00:00,2026-09-02 12:02:13+00:00,,MLB_ODDS_API_MARKET_HISTORY.csv,-102,8.5,6783,100,8.5,2026-09-02 03:08:28.146086+00:00,-202,0.0,0.5,0.504950495049505,0.4950495049504955,0.4950495049504955,9,total,under,True,True,False,ODDS_API,8.5,ODDS_API,1,False
d64025a75ea543bf8f87ab2a697704d8,miami marlins,kansas city royals,lowvig,totals,Under,,,,,,pregame,2026-09-03 23:40:00+00:00,-107,9.0,2026-09-03 05:14:09.062168+00:00,2026-09-03 05:13:38+00:00,,MLB_ODDS_API_MARKET_HISTORY.csv,-107,9.0,7783,-107,9.0,2026-09-03 05:13:57.019887+00:00,0,0.0,0.5169082125603864,0.5169082125603864,0.0,0.0,2,total,under,True,False,False,ODDS_API,9.0,ODDS_API,1,False
865b5161840c3b0f959eaa526c8ac629,miami marlins,kansas city royals,mybookieag,h2h,Kansas City Royals,,,,,,pregame,2026-09-02 23:41:00+00:00,-111,,2026-09-02 12:03:02.767951+00:00,2026-09-02 12:02:37+00:00,,MLB_ODDS_API_MARKET_HISTORY.csv,-111,,6772,-111,,2026-09-02 03:08:28.145996+00:00,0,,0.5260663507109005,0.5260663507109005,0.0,0.0,9,moneyline,kansas city royals,True,False,False,ODDS_API,,ODDS_API,2,False
865b5161840c3b0f959eaa526c8ac629,miami marlins,kansas city royals,mybookieag,h2h,Miami Marlins,,,,,,pregame,2026-09-02 23:41:00+00:00,-106,,2026-09-02 12:03:02.767951+00:00,2026-09-02 12:02:37+00:00,,MLB_ODDS_API_MARKET_HISTORY.csv,-106,,6773,-106,,2026-09-02 03:08:28.146005+00:00,0,,0.5145631067961165,0.5145631067961165,0.0,0.0,9,moneyline,miami marlins,True,False,False,ODDS_API,,ODDS_API,2,False
865b5161840c3b0f959eaa526c8ac629,miami marlins,kansas city royals,mybookieag,spreads,Kansas City Royals,,,,,,pregame,2026-09-02 23:41:00+00:00,-179,1.5,2026-09-02 12:03:02.767951+00:00,2026-09-02 12:02:37+00:00,,MLB_ODDS_API_MARKET_HISTORY.csv,-179,1.5,6774,-183,1.5,2026-09-02 03:08:28.146013+00:00,4,0.0,0.6466431095406361,0.6415770609318996,-0.5066048608736495,0.5066048608736495,9,spread,kansas city royals,True,True,False,ODDS_API,1.5,ODDS_API,2,False
865b5161840c3b0f959eaa526c8ac629,miami marlins,kansas city royals,mybookieag,spreads,Miami Marlins,,,,,,pregame,2026-09-02 23:41:00+00:00,151,-1.5,2026-09-02 12:03:02.767951+00:00,2026-09-02 12:02:37+00:00,,MLB_ODDS_API_MARKET_HISTORY.csv,151,-1.5,6775,154,-1.5,2026-09-02 03:08:28.146021+00:00,-3,0.0,0.3937007874015748,0.398406374501992,0.4705587100417185,0.4705587100417185,9,spread,miami marlins,True,True,False,ODDS_API,-1.5,ODDS_API,2,False
865b5161840c3b0f959eaa526c8ac629,miami marlins,kansas city royals,mybookieag,totals,Over,,,,,,pregame,2026-09-02 23:41:00+00:00,-113,8.5,2026-09-02 12:03:02.767951+00:00,2026-09-02 12:02:37+00:00,,MLB_ODDS_API_MARKET_HISTORY.csv,-113,8.5,6776,-118,8.5,2026-09-02 03:08:28.146029+00:00,5,0.0,0.5412844036697247,0.5305164319248826,-1.076797174484212,1.076797174484212,9,total,over,True,True,False,ODDS_API,8.5,ODDS_API,1,False
d64025a75ea543bf8f87ab2a697704d8,miami marlins,kansas city royals,mybookieag,totals,Over,,,,,,pregame,2026-09-03 23:40:00+00:00,-113,9.0,2026-09-03 05:14:09.062187+00:00,2026-09-03 05:12:15+00:00,,MLB_ODDS_API_MARKET_HISTORY.csv,-113,9.0,7788,-113,9.0,2026-09-03 05:13:57.019887+00:00,0,0.0,0.5305164319248826,0.5305164319248826,0.0,0.0,2,total,over,True,False,False,ODDS_API,9.0,ODDS_API,1,False
865b5161840c3b0f959eaa526c8ac629,miami marlins,kansas city royals,mybookieag,totals,Under,,,,,,pregame,2026-09-02 23:41:00+00:00,-108,8.5,2026-09-02 12:03:02.767951+00:00,2026-09-02 12:02:37+00:00,,MLB_ODDS_API_MARKET_HISTORY.csv,-108,8.5,6777,-104,8.5,2026-09-02 03:08:28.146037+00:00,-4,0.0,0.5098039215686274,0.5192307692307693,0.9426847662141856,0.9426847662141856,9,total,under,True,True,False,ODDS_API,8.5,ODDS_API,1,False
d64025a75ea543bf8f87ab2a697704d8,miami marlins,kansas city royals,mybookieag,totals,Under,,,,,,pregame,2026-09-03 23:40:00+00:00,-108,9.0,2026-09-03 05:14:09.062190+00:00,2026-09-03 05:12:15+00:00,,MLB_ODDS_API_MARKET_HISTORY.csv,-108,9.0,7789,-108,9.0,2026-09-03 05:13:57.019887+00:00,0,0.0,0.5192307692307693,0.5192307692307693,0.0,0.0,2,total,under,True,False,False,ODDS_API,9.0,ODDS_API,1,False
GHxiOFpG3fRHlQL2TvN5,miami marlins,kansas city royals,pointsbet,ml,home,,,points,points-home-game-ml-home,game,pregame,2026-09-02 23:40:00+00:00,-111,,2026-09-02 12:03:02.122557+00:00,2026-09-02 11:59:13.272000+00:00,1.0,MLB_SGO_MARKET_HISTORY.csv,-111,,308029,-111,,2026-09-02 03:08:27.491055+00:00,0,,0.5260663507109005,0.5260663507109005,0.0,0.0,9,moneyline,kansas city royals,True,False,False,SGO,,SGO,2,False
GHxiOFpG3fRHlQL2TvN5,miami marlins,kansas city royals,pointsbet,ml,away,,,points,points-away-game-ml-away,game,pregame,2026-09-02 23:40:00+00:00,-111,,2026-09-02 12:03:02.122557+00:00,2026-09-02 11:59:13.272000+00:00,1.0,MLB_SGO_MARKET_HISTORY.csv,-111,,308020,-111,,2026-09-02 03:08:27.491034+00:00,0,,0.5260663507109005,0.5260663507109005,0.0,0.0,9,moneyline,miami marlins,True,False,False,SGO,,SGO,2,False
GHxiOFpG3fRHlQL2TvN5,miami marlins,kansas city royals,pointsbet,sp,home,,,points,points-home-game-sp-home,game,pregame,2026-09-02 23:40:00+00:00,-175,1.5,2026-09-02 12:03:02.122557+00:00,2026-09-02 11:59:13.272000+00:00,1.0,MLB_SGO_MARKET_HISTORY.csv,-175,1.5,308059,-175,1.5,2026-09-02 03:08:27.491134+00:00,0,0.0,0.6363636363636364,0.6363636363636364,0.0,0.0,9,spread,kansas city royals,True,False,False,SGO,1.5,SGO,2,False
GHxiOFpG3fRHlQL2TvN5,miami marlins,kansas city royals,pointsbet,sp,away,,,points,points-away-game-sp-away,game,pregame,2026-09-02 23:40:00+00:00,145,-1.5,2026-09-02 12:03:02.122557+00:00,2026-09-02 11:59:13.272000+00:00,1.0,MLB_SGO_MARKET_HISTORY.csv,145,-1.5,308051,145,-1.5,2026-09-02 03:08:27.491112+00:00,0,0.0,0.4081632653061224,0.4081632653061224,0.0,0.0,9,spread,miami marlins,True,False,False,SGO,-1.5,SGO,2,False
GHxiOFpG3fRHlQL2TvN5,miami marlins,kansas city royals,pointsbet,ou,over,,,points,points-all-game-ou-over,game,pregame,2026-09-02 23:40:00+00:00,-115,8.5,2026-09-02 12:03:02.122557+00:00,2026-09-02 11:59:13.272000+00:00,1.0,MLB_SGO_MARKET_HISTORY.csv,-115,8.5,308037,-115,8.5,2026-09-02 03:08:27.491074+00:00,0,0.0,0.5348837209302325,0.5348837209302325,0.0,0.0,9,total,over,True,False,False,SGO,8.5,SGO,1,False
pMqpjUUshzQqo4qtESUh,miami marlins,kansas city royals,pointsbet,ou,over,,,points,points-all-game-ou-over,game,pregame,2026-09-03 23:40:00+00:00,-111,9.0,2026-09-03 05:14:08.744800+00:00,2026-09-03 05:09:53.505000+00:00,1.0,MLB_SGO_MARKET_HISTORY.csv,-111,9.0,347924,-111,9.0,2026-09-03 05:13:56.618657+00:00,0,0.0,0.5260663507109005,0.5260663507109005,0.0,0.0,2,total,over,True,False,False,SGO,9.0,SGO,1,False
GHxiOFpG3fRHlQL2TvN5,miami marlins,kansas city royals,pointsbet,ou,under,,,points,points-all-game-ou-under,game,pregame,2026-09-02 23:40:00+00:00,-105,8.5,2026-09-02 12:03:02.122557+00:00,2026-09-02 11:59:13.272000+00:00,1.0,MLB_SGO_MARKET_HISTORY.csv,-105,8.5,308045,-105,8.5,2026-09-02 03:08:27.491096+00:00,0,0.0,0.5121951219512195,0.5121951219512195,0.0,0.0,9,total,under,True,False,False,SGO,8.5,SGO,1,False
pMqpjUUshzQqo4qtESUh,miami marlins,kansas city royals,pointsbet,ou,under,,,points,points-all-game-ou-under,game,pregame,2026-09-03 23:40:00+00:00,-111,9.0,2026-09-03 05:14:08.744832+00:00,2026-09-03 05:09:53.505000+00:00,1.0,MLB_SGO_MARKET_HISTORY.csv,-111,9.0,347932,-111,9.0,2026-09-03 05:13:56.618657+00:00,0,0.0,0.5260663507109005,0.5260663507109005,0.0,0.0,2,total,under,True,False,False,SGO,9.0,SGO,1,False
GHxiOFpG3fRHlQL2TvN5,miami marlins,kansas city royals,unibet,ml,home,,,points,points-home-game-ml-home,game,pregame,2026-09-02 23:40:00+00:00,-114,,2026-09-02 12:03:02.122557+00:00,2026-09-02 11:59:34.272000+00:00,1.0,MLB_SGO_MARKET_HISTORY.csv,-114,,308026,-110,,2026-09-02 03:08:27.491047+00:00,-4,,0.5238095238095238,0.5327102803738317,0.8900756564307888,0.8900756564307888,9,moneyline,kansas city royals,True,True,False,SGO,,SGO,2,False
GHxiOFpG3fRHlQL2TvN5,miami marlins,kansas city royals,unibet,ml,away,,,points,points-away-game-ml-away,game,pregame,2026-09-02 23:40:00+00:00,-109,,2026-09-02 12:03:02.122557+00:00,2026-09-02 11:59:34.272000+00:00,1.0,MLB_SGO_MARKET_HISTORY.csv,-109,,308017,-109,,2026-09-02 03:08:27.491026+00:00,0,,0.5215311004784688,0.5215311004784688,0.0,0.0,9,moneyline,miami marlins,True,False,False,SGO,,SGO,2,False
GHxiOFpG3fRHlQL2TvN5,miami marlins,kansas city royals,unibet,sp,home,,,points,points-home-game-sp-home,game,pregame,2026-09-02 23:40:00+00:00,-186,1.5,2026-09-02 12:03:02.122557+00:00,2026-09-02 03:16:40.528000+00:00,0.0,MLB_SGO_MARKET_HISTORY.csv,-186,1.5,308065,-186,1.5,2026-09-02 03:08:27.491150+00:00,0,0.0,0.6503496503496503,0.6503496503496503,0.0,0.0,9,spread,kansas city royals,True,False,False,SGO,1.5,SGO,2,False
GHxiOFpG3fRHlQL2TvN5,miami marlins,kansas city royals,unibet,sp,away,,,points,points-away-game-sp-away,game,pregame,2026-09-02 23:40:00+00:00,148,-1.5,2026-09-02 12:03:02.122557+00:00,2026-09-02 03:16:40.528000+00:00,0.0,MLB_SGO_MARKET_HISTORY.csv,148,-1.5,308057,148,-1.5,2026-09-02 03:08:27.491128+00:00,0,0.0,0.4032258064516129,0.4032258064516129,0.0,0.0,9,spread,miami marlins,True,False,False,SGO,-1.5,SGO,2,False
GHxiOFpG3fRHlQL2TvN5,miami marlins,kansas city royals,unibet,ou,over,,,points,points-all-game-ou-over,game,pregame,2026-09-02 23:40:00+00:00,-121,8.5,2026-09-02 12:03:02.122557+00:00,2026-09-02 11:59:13.272000+00:00,1.0,MLB_SGO_MARKET_HISTORY.csv,-121,8.5,308041,-118,8.5,2026-09-02 03:08:27.491085+00:00,-3,0.0,0.5412844036697247,0.5475113122171946,0.6226908547469878,0.6226908547469878,9,total,over,True,True,False,SGO,8.5,SGO,1,False
pMqpjUUshzQqo4qtESUh,miami marlins,kansas city royals,unibet,ou,over,,,points,points-all-game-ou-over,game,pregame,2026-09-03 23:40:00+00:00,-114,9.0,2026-09-03 05:14:08.744808+00:00,2026-09-03 05:09:53.005000+00:00,1.0,MLB_SGO_MARKET_HISTORY.csv,-114,9.0,347926,-114,9.0,2026-09-03 05:13:56.618657+00:00,0,0.0,0.5327102803738317,0.5327102803738317,0.0,0.0,2,total,over,True,False,False,SGO,9.0,SGO,1,False
GHxiOFpG3fRHlQL2TvN5,miami marlins,kansas city royals,unibet,ou,under,,,points,points-all-game-ou-under,game,pregame,2026-09-02 23:40:00+00:00,100,8.5,2026-09-02 12:03:02.122557+00:00,2026-09-02 11:59:13.272000+00:00,1.0,MLB_SGO_MARKET_HISTORY.csv,100,8.5,308049,-106,8.5,2026-09-02 03:08:27.491107+00:00,206,0.0,0.5145631067961165,0.5,-1.4563106796116498,1.4563106796116498,9,total,under,True,True,False,SGO,8.5,SGO,1,False
pMqpjUUshzQqo4qtESUh,miami marlins,kansas city royals,unibet,ou,under,,,points,points-all-game-ou-under,game,pregame,2026-09-03 23:40:00+00:00,-125,9.0,2026-09-03 05:14:08.744840+00:00,2026-09-03 05:09:53.005000+00:00,1.0,MLB_SGO_MARKET_HISTORY.csv,-125,9.0,347934,-125,9.0,2026-09-03 05:13:56.618657+00:00,0,0.0,0.5555555555555556,0.5555555555555556,0.0,0.0,2,total,under,True,False,False,SGO,9.0,SGO,1,False
GHxiOFpG3fRHlQL2TvN5,miami marlins,kansas city royals,williamhill,ml,home,,,points,points-home-game-ml-home,game,pregame,2026-09-02 23:40:00+00:00,-110,,2026-09-02 12:03:02.122557+00:00,2026-09-02 11:59:33.272000+00:00,1.0,MLB_SGO_MARKET_HISTORY.csv,-110,,308033,-110,,2026-09-02 08:15:43.454797+00:00,0,,0.5238095238095238,0.5238095238095238,0.0,0.0,8,moneyline,kansas city royals,True,False,False,SGO,,SGO,2,False
GHxiOFpG3fRHlQL2TvN5,miami marlins,kansas city royals,williamhill,ml,away,,,points,points-away-game-ml-away,game,pregame,2026-09-02 23:40:00+00:00,-110,,2026-09-02 12:03:02.122557+00:00,2026-09-02 11:59:33.272000+00:00,1.0,MLB_SGO_MARKET_HISTORY.csv,-110,,308024,-110,,2026-09-02 08:15:43.454797+00:00,0,,0.5238095238095238,0.5238095238095238,0.0,0.0,8,moneyline,miami marlins,True,False,False,SGO,,SGO,2,False
e5573b0492ef2f689b729412d3bde508,milwaukee brewers,chicago cubs,betmgm,h2h,Chicago Cubs,,,,,,pregame,2026-09-02 23:41:00+00:00,135,,2026-09-02 12:03:02.767951+00:00,2026-09-02 12:02:55+00:00,,MLB_ODDS_API_MARKET_HISTORY.csv,135,,6690,135,,2026-09-02 03:08:28.145377+00:00,0,,0.425531914893617,0.425531914893617,0.0,0.0,9,moneyline,chicago cubs,True,False,False,ODDS_API,,"ODDS_API,SGO",4,True
e5573b0492ef2f689b729412d3bde508,milwaukee brewers,chicago cubs,betmgm,h2h,Milwaukee Brewers,,,,,,pregame,2026-09-02 23:41:00+00:00,-165,,2026-09-02 12:03:02.767951+00:00,2026-09-02 12:02:55+00:00,,MLB_ODDS_API_MARKET_HISTORY.csv,-165,,6691,-160,,2026-09-02 03:08:28.145385+00:00,-5,,0.6153846153846154,0.6226415094339622,0.7256894049346818,0.7256894049346818,9,moneyline,milwaukee brewers,True,True,False,ODDS_API,,"ODDS_API,SGO",4,True
e5573b0492ef2f689b729412d3bde508,milwaukee brewers,chicago cubs,betmgm,spreads,Chicago Cubs,,,,,,pregame,2026-09-02 23:41:00+00:00,-125,1.5,2026-09-02 12:03:02.767951+00:00,2026-09-02 12:02:55+00:00,,MLB_ODDS_API_MARKET_HISTORY.csv,-125,1.5,6692,-125,1.5,2026-09-02 03:08:28.145394+00:00,0,0.0,0.5555555555555556,0.5555555555555556,0.0,0.0,9,spread,chicago cubs,True,False,False,ODDS_API,1.5,"ODDS_API,SGO",4,True
e5573b0492ef2f689b729412d3bde508,milwaukee brewers,chicago cubs,betmgm,spreads,Milwaukee Brewers,,,,,,pregame,2026-09-02 23:41:00+00:00,105,-1.5,2026-09-02 12:03:02.767951+00:00,2026-09-02 12:02:55+00:00,,MLB_ODDS_API_MARKET_HISTORY.csv,105,-1.5,6693,105,-1.5,2026-09-02 03:08:28.145402+00:00,0,0.0,0.4878048780487805,0.4878048780487805,0.0,0.0,9,spread,milwaukee brewers,True,False,False,ODDS_API,-1.5,"ODDS_API,SGO",4,True
e5573b0492ef2f689b729412d3bde508,milwaukee brewers,chicago cubs,betmgm,totals,Over,,,,,,pregame,2026-09-02 23:41:00+00:00,-102,8.5,2026-09-02 12:03:02.767951+00:00,2026-09-02 12:02:55+00:00,,MLB_ODDS_API_MARKET_HISTORY.csv,-102,8.5,6694,-120,8.0,2026-09-02 03:08:28.145410+00:00,18,0.5,0.5454545454545454,0.504950495049505,-4.050405040504046,4.050405040504046,9,total,over,True,True,True,ODDS_API,8.5,"ODDS_API,SGO",4,True
e5573b0492ef2f689b729412d3bde508,milwaukee brewers,chicago cubs,betmgm,totals,Under,,,,,,pregame,2026-09-02 23:41:00+00:00,-118,8.5,2026-09-02 12:03:02.767951+00:00,2026-09-02 12:02:55+00:00,,MLB_ODDS_API_MARKET_HISTORY.csv,-118,8.5,6695,100,8.0,2026-09-02 03:08:28.145418+00:00,-218,0.5,0.5,0.5412844036697247,4.128440366972475,4.128440366972475,9,total,under,True,True,True,ODDS_API,8.5,"ODDS_API,SGO",4,True
e5573b0492ef2f689b729412d3bde508,milwaukee brewers,chicago cubs,betonlineag,h2h,Chicago Cubs,,,,,,pregame,2026-09-02 23:41:00+00:00,137,,2026-09-02 12:03:02.767951+00:00,2026-09-02 12:02:12+00:00,,MLB_ODDS_API_MARKET_HISTORY.csv,137,,6672,139,,2026-09-02 03:08:28.145230+00:00,-2,,0.4184100418410041,0.4219409282700422,0.3530886429038038,0.3530886429038038,9,moneyline,chicago cubs,True,True,False,ODDS_API,,ODDS_API,2,False
e5573b0492ef2f689b729412d3bde508,milwaukee brewers,chicago cubs,betonlineag,h2h,Milwaukee Brewers,,,,,,pregame,2026-09-02 23:41:00+00:00,-151,,2026-09-02 12:03:02.767951+00:00,2026-09-02 12:02:12+00:00,,MLB_ODDS_API_MARKET_HISTORY.csv,-151,,6673,-154,,2026-09-02 03:08:28.145238+00:00,3,,0.6062992125984252,0.601593625498008,-0.4705587100417241,0.4705587100417241,9,moneyline,milwaukee brewers,True,True,False,ODDS_API,,ODDS_API,2,False
e5573b0492ef2f689b729412d3bde508,milwaukee brewers,chicago cubs,betonlineag,spreads,Chicago Cubs,,,,,,pregame,2026-09-02 23:41:00+00:00,-125,1.5,2026-09-02 12:03:02.767951+00:00,2026-09-02 12:02:12+00:00,,MLB_ODDS_API_MARKET_HISTORY.csv,-125,1.5,6674,-125,1.5,2026-09-02 03:08:28.145247+00:00,0,0.0,0.5555555555555556,0.5555555555555556,0.0,0.0,9,spread,chicago cubs,True,False,False,ODDS_API,1.5,ODDS_API,2,False
e5573b0492ef2f689b729412d3bde508,milwaukee brewers,chicago cubs,betonlineag,spreads,Milwaukee Brewers,,,,,,pregame,2026-09-02 23:41:00+00:00,105,-1.5,2026-09-02 12:03:02.767951+00:00,2026-09-02 12:02:12+00:00,,MLB_ODDS_API_MARKET_HISTORY.csv,105,-1.5,6675,105,-1.5,2026-09-02 03:08:28.145255+00:00,0,0.0,0.4878048780487805,0.4878048780487805,0.0,0.0,9,spread,milwaukee brewers,True,False,False,ODDS_API,-1.5,ODDS_API,2,False
c3d5e91757e67f6c08706b0970a77f89,milwaukee brewers,chicago cubs,betonlineag,totals,Over,,,,,,pregame,2026-09-03 23:15:00+00:00,-115,8.0,2026-09-03 05:14:09.061944+00:00,2026-09-03 05:13:35+00:00,,MLB_ODDS_API_MARKET_HISTORY.csv,-115,8.0,7722,-115,8.0,2026-09-03 05:13:57.019887+00:00,0,0.0,0.5348837209302325,0.5348837209302325,0.0,0.0,2,total,over,True,False,False,ODDS_API,8.0,ODDS_API,1,False
e5573b0492ef2f689b729412d3bde508,milwaukee brewers,chicago cubs,betonlineag,totals,Over,,,,,,pregame,2026-09-02 23:41:00+00:00,-103,8.5,2026-09-02 12:03:02.767951+00:00,2026-09-02 12:02:12+00:00,,MLB_ODDS_API_MARKET_HISTORY.csv,-103,8.5,6676,100,8.5,2026-09-02 03:08:28.145263+00:00,-203,0.0,0.5,0.5073891625615764,0.7389162561576401,0.7389162561576401,9,total,over,True,True,False,ODDS_API,8.5,ODDS_API,1,False
c3d5e91757e67f6c08706b0970a77f89,milwaukee brewers,chicago cubs,betonlineag,totals,Under,,,,,,pregame,2026-09-03 23:15:00+00:00,-105,8.0,2026-09-03 05:14:09.061947+00:00,2026-09-03 05:13:35+00:00,,MLB_ODDS_API_MARKET_HISTORY.csv,-105,8.0,7723,-105,8.0,2026-09-03 05:13:57.019887+00:00,0,0.0,0.5121951219512195,0.5121951219512195,0.0,0.0,2,total,under,True,False,False,ODDS_API,8.0,ODDS_API,1,False
e5573b0492ef2f689b729412d3bde508,milwaukee brewers,chicago cubs,betonlineag,totals,Under,,,,,,pregame,2026-09-02 23:41:00+00:00,-117,8.5,2026-09-02 12:03:02.767951+00:00,2026-09-02 12:02:12+00:00,,MLB_ODDS_API_MARKET_HISTORY.csv,-117,8.5,6677,-120,8.5,2026-09-02 03:08:28.145271+00:00,3,0.0,0.5454545454545454,0.5391705069124424,-0.6284038542103021,0.6284038542103021,9,total,under,True,True,False,ODDS_API,8.5,ODDS_API,1,False
e5573b0492ef2f689b729412d3bde508,milwaukee brewers,chicago cubs,betrivers,h2h,Chicago Cubs,,,,,,pregame,2026-09-02 23:41:00+00:00,140,,2026-09-02 12:03:02.767951+00:00,2026-09-02 12:02:55+00:00,,MLB_ODDS_API_MARKET_HISTORY.csv,140,,6702,138,,2026-09-02 03:08:28.145475+00:00,2,,0.4201680672268907,0.4166666666666667,-0.3501400560224077,0.3501400560224077,9,moneyline,chicago cubs,True,True,False,ODDS_API,,ODDS_API,2,False
e5573b0492ef2f689b729412d3bde508,milwaukee brewers,chicago cubs,betrivers,h2h,Milwaukee Brewers,,,,,,pregame,2026-09-02 23:41:00+00:00,-165,,2026-09-02 12:03:02.767951+00:00,2026-09-02 12:02:55+00:00,,MLB_ODDS_API_MARKET_HISTORY.csv,-165,,6703,-162,,2026-09-02 03:08:28.145483+00:00,-3,,0.6183206106870229,0.6226415094339622,0.4320898746939305,0.4320898746939305,9,moneyline,milwaukee brewers,True,True,False,ODDS_API,,ODDS_API,2,False
e5573b0492ef2f689b729412d3bde508,milwaukee brewers,chicago cubs,betrivers,spreads,Chicago Cubs,,,,,,pregame,2026-09-02 23:41:00+00:00,-122,1.5,2026-09-02 12:03:02.767951+00:00,2026-09-02 12:02:55+00:00,,MLB_ODDS_API_MARKET_HISTORY.csv,-122,1.5,6704,-127,1.5,2026-09-02 03:08:28.145492+00:00,5,0.0,0.5594713656387665,0.5495495495495496,-0.992181608921694,0.992181608921694,9,spread,chicago cubs,True,True,False,ODDS_API,1.5,ODDS_API,2,False
e5573b0492ef2f689b729412d3bde508,milwaukee brewers,chicago cubs,betrivers,spreads,Milwaukee Brewers,,,,,,pregame,2026-09-02 23:41:00+00:00,102,-1.5,2026-09-02 12:03:02.767951+00:00,2026-09-02 12:02:55+00:00,,MLB_ODDS_API_MARKET_HISTORY.csv,102,-1.5,6705,105,-1.5,2026-09-02 03:08:28.145500+00:00,-3,0.0,0.4878048780487805,0.495049504950495,0.7244626901714568,0.7244626901714568,9,spread,milwaukee brewers,True,True,False,ODDS_API,-1.5,ODDS_API,2,False
e5573b0492ef2f689b729412d3bde508,milwaukee brewers,chicago cubs,betrivers,totals,Over,,,,,,pregame,2026-09-02 23:41:00+00:00,-118,8.0,2026-09-02 12:03:02.767951+00:00,2026-09-02 12:02:55+00:00,,MLB_ODDS_API_MARKET_HISTORY.csv,-118,8.0,6706,-105,8.5,2026-09-02 03:08:28.145508+00:00,-13,-0.5,0.5121951219512195,0.5412844036697247,2.908928171850522,2.908928171850522,9,total,over,True,True,True,ODDS_API,8.0,ODDS_API,1,False
c3d5e91757e67f6c08706b0970a77f89,milwaukee brewers,chicago cubs,betrivers,totals,Over,,,,,,pregame,2026-09-03 23:15:00+00:00,-108,8.5,2026-09-03 05:14:09.062098+00:00,2026-09-03 05:13:36+00:00,,MLB_ODDS_API_MARKET_HISTORY.csv,-108,8.5,7764,-108,8.5,2026-09-03 05:13:57.019887+00:00,0,0.0,0.5192307692307693,0.5192307692307693,0.0,0.0,2,total,over,True,False,False,ODDS_API,8.5,ODDS_API,1,False
e5573b0492ef2f689b729412d3bde508,milwaukee brewers,chicago cubs,betrivers,totals,Under,,,,,,pregame,2026-09-02 23:41:00+00:00,100,8.0,2026-09-02 12:03:02.767951+00:00,2026-09-02 12:02:55+00:00,,MLB_ODDS_API_MARKET_HISTORY.csv,100,8.0,6707,-115,8.5,2026-09-02 03:08:28.145516+00:00,215,-0.5,0.5348837209302325,0.5,-3.488372093023251,3.488372093023251,9,total,under,True,True,True,ODDS_API,8.0,ODDS_API,1,False
c3d5e91757e67f6c08706b0970a77f89,milwaukee brewers,chicago cubs,betrivers,totals,Under,,,,,,pregame,2026-09-03 23:15:00+00:00,-113,8.5,2026-09-03 05:14:09.062102+00:00,2026-09-03 05:13:36+00:00,,MLB_ODDS_API_MARKET_HISTORY.csv,-113,8.5,7765,-113,8.5,2026-09-03 05:13:57.019887+00:00,0,0.0,0.5305164319248826,0.5305164319248826,0.0,0.0,2,total,under,True,False,False,ODDS_API,8.5,ODDS_API,1,False
e5573b0492ef2f689b729412d3bde508,milwaukee brewers,chicago cubs,betus,h2h,Chicago Cubs,,,,,,pregame,2026-09-02 23:41:00+00:00,135,,2026-09-02 12:03:02.767951+00:00,2026-09-02 12:02:54+00:00,,MLB_ODDS_API_MARKET_HISTORY.csv,135,,6708,134,,2026-09-02 08:15:44.143645+00:00,1,,0.4273504273504273,0.425531914893617,-0.1818512456810306,0.1818512456810306,8,moneyline,chicago cubs,True,True,False,ODDS_API,,ODDS_API,2,False
e5573b0492ef2f689b729412d3bde508,milwaukee brewers,chicago cubs,betus,h2h,Milwaukee Brewers,,,,,,pregame,2026-09-02 23:41:00+00:00,-151,,2026-09-02 12:03:02.767951+00:00,2026-09-02 12:02:54+00:00,,MLB_ODDS_API_MARKET_HISTORY.csv,-151,,6709,-150,,2026-09-02 08:15:44.143645+00:00,-1,,0.6,0.601593625498008,0.1593625498008011,0.1593625498008011,8,moneyline,milwaukee brewers,True,True,False,ODDS_API,,ODDS_API,2,False
e5573b0492ef2f689b729412d3bde508,milwaukee brewers,chicago cubs,betus,spreads,Chicago Cubs,,,,,,pregame,2026-09-02 23:41:00+00:00,-125,1.5,2026-09-02 12:03:02.767951+00:00,2026-09-02 12:02:54+00:00,,MLB_ODDS_API_MARKET_HISTORY.csv,-125,1.5,6710,-128,1.5,2026-09-02 08:15:44.143645+00:00,3,0.0,0.5614035087719298,0.5555555555555556,-0.5847953216374213,0.5847953216374213,8,spread,chicago cubs,True,True,False,ODDS_API,1.5,ODDS_API,2,False
e5573b0492ef2f689b729412d3bde508,milwaukee brewers,chicago cubs,betus,spreads,Milwaukee Brewers,,,,,,pregame,2026-09-02 23:41:00+00:00,105,-1.5,2026-09-02 12:03:02.767951+00:00,2026-09-02 12:02:54+00:00,,MLB_ODDS_API_MARKET_HISTORY.csv,105,-1.5,6711,108,-1.5,2026-09-02 08:15:44.143645+00:00,-3,0.0,0.4807692307692308,0.4878048780487805,0.7035647279549695,0.7035647279549695,8,spread,milwaukee brewers,True,True,False,ODDS_API,-1.5,ODDS_API,2,False
c3d5e91757e67f6c08706b0970a77f89,milwaukee brewers,chicago cubs,betus,totals,Over,,,,,,pregame,2026-09-03 23:15:00+00:00,-115,8.0,2026-09-03 05:14:09.062076+00:00,2026-09-03 05:13:17+00:00,,MLB_ODDS_API_MARKET_HISTORY.csv,-115,8.0,7758,-115,8.0,2026-09-03 05:13:57.019887+00:00,0,0.0,0.5348837209302325,0.5348837209302325,0.0,0.0,2,total,over,True,False,False,ODDS_API,8.0,ODDS_API,1,False
e5573b0492ef2f689b729412d3bde508,milwaukee brewers,chicago cubs,betus,totals,Over,,,,,,pregame,2026-09-02 23:41:00+00:00,-103,8.5,2026-09-02 12:03:02.767951+00:00,2026-09-02 12:02:54+00:00,,MLB_ODDS_API_MARKET_HISTORY.csv,-103,8.5,6712,-105,8.5,2026-09-02 08:15:44.143645+00:00,2,0.0,0.5121951219512195,0.5073891625615764,-0.4805959389643122,0.4805959389643122,8,total,over,True,True,False,ODDS_API,8.5,ODDS_API,1,False
c3d5e91757e67f6c08706b0970a77f89,milwaukee brewers,chicago cubs,betus,totals,Under,,,,,,pregame,2026-09-03 23:15:00+00:00,-105,8.0,2026-09-03 05:14:09.062080+00:00,2026-09-03 05:13:17+00:00,,MLB_ODDS_API_MARKET_HISTORY.csv,-105,8.0,7759,-105,8.0,2026-09-03 05:13:57.019887+00:00,0,0.0,0.5121951219512195,0.5121951219512195,0.0,0.0,2,total,under,True,False,False,ODDS_API,8.0,ODDS_API,1,False
e5573b0492ef2f689b729412d3bde508,milwaukee brewers,chicago cubs,betus,totals,Under,,,,,,pregame,2026-09-02 23:41:00+00:00,-117,8.5,2026-09-02 12:03:02.767951+00:00,2026-09-02 12:02:54+00:00,,MLB_ODDS_API_MARKET_HISTORY.csv,-117,8.5,6713,-115,8.5,2026-09-02 08:15:44.143645+00:00,-2,0.0,0.5348837209302325,0.5391705069124424,0.4286785982209884,0.4286785982209884,8,total,under,True,True,False,ODDS_API,8.5,ODDS_API,1,False
e5573b0492ef2f689b729412d3bde508,milwaukee brewers,chicago cubs,bovada,h2h,Chicago Cubs,,,,,,pregame,2026-09-02 23:41:00+00:00,133,,2026-09-02 12:03:02.767951+00:00,2026-09-02 12:01:49+00:00,,MLB_ODDS_API_MARKET_HISTORY.csv,133,,6696,136,,2026-09-02 03:08:28.145426+00:00,-3,,0.423728813559322,0.4291845493562232,0.5455735796901173,0.5455735796901173,9,moneyline,chicago cubs,True,True,False,ODDS_API,,"ODDS_API,SGO",4,True
e5573b0492ef2f689b729412d3bde508,milwaukee brewers,chicago cubs,bovada,h2h,Milwaukee Brewers,,,,,,pregame,2026-09-02 23:41:00+00:00,-159,,2026-09-02 12:03:02.767951+00:00,2026-09-02 12:01:49+00:00,,MLB_ODDS_API_MARKET_HISTORY.csv,-159,,6697,-162,,2026-09-02 03:08:28.145434+00:00,3,,0.6183206106870229,0.6138996138996139,-0.4420996787409037,0.4420996787409037,9,moneyline,milwaukee brewers,True,True,False,ODDS_API,,"ODDS_API,SGO",4,True
e5573b0492ef2f689b729412d3bde508,milwaukee brewers,chicago cubs,bovada,spreads,Chicago Cubs,,,,,,pregame,2026-09-02 23:41:00+00:00,-125,1.5,2026-09-02 12:03:02.767951+00:00,2026-09-02 12:01:49+00:00,,MLB_ODDS_API_MARKET_HISTORY.csv,-125,1.5,6698,-125,1.5,2026-09-02 03:08:28.145443+00:00,0,0.0,0.5555555555555556,0.5555555555555556,0.0,0.0,9,spread,chicago cubs,True,False,False,ODDS_API,1.5,"ODDS_API,SGO",4,True
e5573b0492ef2f689b729412d3bde508,milwaukee brewers,chicago cubs,bovada,spreads,Milwaukee Brewers,,,,,,pregame,2026-09-02 23:41:00+00:00,105,-1.5,2026-09-02 12:03:02.767951+00:00,2026-09-02 12:01:49+00:00,,MLB_ODDS_API_MARKET_HISTORY.csv,105,-1.5,6699,105,-1.5,2026-09-02 03:08:28.145451+00:00,0,0.0,0.4878048780487805,0.4878048780487805,0.0,0.0,9,spread,milwaukee brewers,True,False,False,ODDS_API,-1.5,"ODDS_API,SGO",4,True
7G2qtfzVfFDiYxGPD2HY,milwaukee brewers,chicago cubs,bovada,ou,over,,,points,points-away-game-ou-over,game,pregame,2026-09-03 23:15:00+00:00,-150,3.5,2026-09-03 05:14:08.733758+00:00,2026-09-03 03:51:53.538000+00:00,0.0,MLB_SGO_MARKET_HISTORY.csv,-150,3.5,345266,-150,3.5,2026-09-03 05:13:56.618657+00:00,0,0.0,0.6,0.6,0.0,0.0,2,total,over,True,False,False,SGO,3.5,SGO,2,False
c3d5e91757e67f6c08706b0970a77f89,milwaukee brewers,chicago cubs,bovada,totals,Over,,,,,,pregame,2026-09-03 23:15:00+00:00,-120,8.0,2026-09-03 05:14:09.062054+00:00,2026-09-03 05:12:40+00:00,,MLB_ODDS_API_MARKET_HISTORY.csv,-120,8.0,7752,-120,8.0,2026-09-03 05:13:57.019887+00:00,0,0.0,0.5454545454545454,0.5454545454545454,0.0,0.0,2,total,over,True,False,False,ODDS_API,8.0,"ODDS_API,SGO",2,True
e5573b0492ef2f689b729412d3bde508,milwaukee brewers,chicago cubs,bovada,totals,Over,,,,,,pregame,2026-09-02 23:41:00+00:00,-105,8.5,2026-09-02 12:03:02.767951+00:00,2026-09-02 12:01:49+00:00,,MLB_ODDS_API_MARKET_HISTORY.csv,-105,8.5,6700,100,8.5,2026-09-02 03:08:28.145459+00:00,-205,0.0,0.5,0.5121951219512195,1.2195121951219523,1.2195121951219523,9,total,over,True,True,False,ODDS_API,8.5,"ODDS_API,SGO",2,True
7G2qtfzVfFDiYxGPD2HY,milwaukee brewers,chicago cubs,bovada,ou,under,,,points,points-away-game-ou-under,game,pregame,2026-09-03 23:15:00+00:00,115,3.5,2026-09-03 05:14:08.733777+00:00,2026-09-03 03:51:53.538000+00:00,0.0,MLB_SGO_MARKET_HISTORY.csv,115,3.5,345271,115,3.5,2026-09-03 05:13:56.618657+00:00,0,0.0,0.4651162790697674,0.4651162790697674,0.0,0.0,2,total,under,True,False,False,SGO,3.5,SGO,2,False
c3d5e91757e67f6c08706b0970a77f89,milwaukee brewers,chicago cubs,bovada,totals,Under,,,,,,pregame,2026-09-03 23:15:00+00:00,100,8.0,2026-09-03 05:14:09.062058+00:00,2026-09-03 05:12:40+00:00,,MLB_ODDS_API_MARKET_HISTORY.csv,100,8.0,7753,100,8.0,2026-09-03 05:13:57.019887+00:00,0,0.0,0.5,0.5,0.0,0.0,2,total,under,True,False,False,ODDS_API,8.0,"ODDS_API,SGO",2,True
e5573b0492ef2f689b729412d3bde508,milwaukee brewers,chicago cubs,bovada,totals,Under,,,,,,pregame,2026-09-02 23:41:00+00:00,-115,8.5,2026-09-02 12:03:02.767951+00:00,2026-09-02 12:01:49+00:00,,MLB_ODDS_API_MARKET_HISTORY.csv,-115,8.5,6701,-120,8.5,2026-09-02 03:08:28.145467+00:00,5,0.0,0.5454545454545454,0.5348837209302325,-1.0570824524312905,1.0570824524312905,9,total,under,True,True,False,ODDS_API,8.5,"ODDS_API,SGO",2,True
nuugLQLhKvil7wBGgcm0,milwaukee brewers,chicago cubs,caesars,ml,home,,,points,points-home-game-ml-home,game,pregame,2026-09-02 23:40:00+00:00,143,,2026-09-02 12:03:02.122557+00:00,2026-09-02 11:58:40.772000+00:00,1.0,MLB_SGO_MARKET_HISTORY.csv,143,,311261,143,,2026-09-02 03:08:27.491701+00:00,0,,0.411522633744856,0.411522633744856,0.0,0.0,9,moneyline,chicago cubs,True,False,False,SGO,,SGO,2,False
nuugLQLhKvil7wBGgcm0,milwaukee brewers,chicago cubs,caesars,ml,away,,,points,points-away-game-ml-away,game,pregame,2026-09-02 23:40:00+00:00,-153,,2026-09-02 12:03:02.122557+00:00,2026-09-02 11:58:40.772000+00:00,1.0,MLB_SGO_MARKET_HISTORY.csv,-153,,311252,-153,,2026-09-02 03:08:27.491679+00:00,0,,0.6047430830039525,0.6047430830039525,0.0,0.0,9,moneyline,milwaukee brewers,True,False,False,SGO,,SGO,2,False
nuugLQLhKvil7wBGgcm0,milwaukee brewers,chicago cubs,caesars,sp,home,,,points,points-home-game-sp-home,game,pregame,2026-09-02 23:40:00+00:00,-125,1.5,2026-09-02 12:03:02.122557+00:00,2026-09-02 11:58:40.772000+00:00,1.0,MLB_SGO_MARKET_HISTORY.csv,-125,1.5,311297,-125,1.5,2026-09-02 03:08:27.491796+00:00,0,0.0,0.5555555555555556,0.5555555555555556,0.0,0.0,9,spread,chicago cubs,True,False,False,SGO,1.5,SGO,2,False
nuugLQLhKvil7wBGgcm0,milwaukee brewers,chicago cubs,caesars,sp,away,,,points,points-away-game-sp-away,game,pregame,2026-09-02 23:40:00+00:00,105,-1.5,2026-09-02 12:03:02.122557+00:00,2026-09-02 11:58:40.772000+00:00,1.0,MLB_SGO_MARKET_HISTORY.csv,105,-1.5,311289,105,-1.5,2026-09-02 03:08:27.491775+00:00,0,0.0,0.4878048780487805,0.4878048780487805,0.0,0.0,9,spread,milwaukee brewers,True,False,False,SGO,-1.5,SGO,2,False
nuugLQLhKvil7wBGgcm0,milwaukee brewers,chicago cubs,caesars,ou,over,,,points,points-home-game-ou-over,game,pregame,2026-09-02 23:40:00+00:00,-105,3.5,2026-09-02 12:03:02.122557+00:00,2026-09-02 12:01:27.572000+00:00,1.0,MLB_SGO_MARKET_HISTORY.csv,-105,3.5,311307,100,3.5,2026-09-02 03:08:27.491818+00:00,-205,0.0,0.5,0.5121951219512195,1.2195121951219523,1.2195121951219523,9,total,over,True,True,False,SGO,3.5,SGO,2,False
nuugLQLhKvil7wBGgcm0,milwaukee brewers,chicago cubs,caesars,ou,over,,,points,points-away-game-ou-over,game,pregame,2026-09-02 23:40:00+00:00,-118,4.5,2026-09-02 12:03:02.122557+00:00,2026-09-02 12:01:27.572000+00:00,1.0,MLB_SGO_MARKET_HISTORY.csv,-118,4.5,311299,-105,4.5,2026-09-02 03:08:27.491802+00:00,-13,0.0,0.5121951219512195,0.5412844036697247,2.908928171850522,2.908928171850522,9,total,over,True,True,False,SGO,4.5,SGO,2,False
nuugLQLhKvil7wBGgcm0,milwaukee brewers,chicago cubs,caesars,ou,over,,,points,points-all-game-ou-over,game,pregame,2026-09-02 23:40:00+00:00,-105,8.5,2026-09-02 12:03:02.122557+00:00,2026-09-02 11:58:40.772000+00:00,1.0,MLB_SGO_MARKET_HISTORY.csv,-105,8.5,311272,100,8.5,2026-09-02 03:08:27.491728+00:00,-205,0.0,0.5,0.5121951219512195,1.2195121951219523,1.2195121951219523,9,total,over,True,True,False,SGO,8.5,SGO,2,False
nuugLQLhKvil7wBGgcm0,milwaukee brewers,chicago cubs,caesars,ou,under,,,points,points-home-game-ou-under,game,pregame,2026-09-02 23:40:00+00:00,-120,3.5,2026-09-02 12:03:02.122557+00:00,2026-09-02 12:01:27.572000+00:00,1.0,MLB_SGO_MARKET_HISTORY.csv,-120,3.5,311311,-125,3.5,2026-09-02 03:08:27.491826+00:00,5,0.0,0.5555555555555556,0.5454545454545454,-1.0101010101010166,1.0101010101010166,9,total,under,True,True,False,SGO,3.5,SGO,2,False
nuugLQLhKvil7wBGgcm0,milwaukee brewers,chicago cubs,caesars,ou,under,,,points,points-away-game-ou-under,game,pregame,2026-09-02 23:40:00+00:00,-110,4.5,2026-09-02 12:03:02.122557+00:00,2026-09-02 12:01:27.572000+00:00,1.0,MLB_SGO_MARKET_HISTORY.csv,-110,4.5,311303,-125,4.5,2026-09-02 03:08:27.491810+00:00,15,0.0,0.5555555555555556,0.5238095238095238,-3.1746031746031744,3.1746031746031744,9,total,under,True,True,False,SGO,4.5,SGO,2,False
nuugLQLhKvil7wBGgcm0,milwaukee brewers,chicago cubs,caesars,ou,under,,,points,points-all-game-ou-under,game,pregame,2026-09-02 23:40:00+00:00,-115,8.5,2026-09-02 12:03:02.122557+00:00,2026-09-02 11:58:40.772000+00:00,1.0,MLB_SGO_MARKET_HISTORY.csv,-115,8.5,311280,-120,8.5,2026-09-02 03:08:27.491750+00:00,5,0.0,0.5454545454545454,0.5348837209302325,-1.0570824524312905,1.0570824524312905,9,total,under,True,True,False,SGO,8.5,SGO,2,False
e5573b0492ef2f689b729412d3bde508,milwaukee brewers,chicago cubs,draftkings,h2h,Chicago Cubs,,,,,,pregame,2026-09-02 23:41:00+00:00,134,,2026-09-02 12:03:02.767951+00:00,2026-09-02 12:02:54+00:00,,MLB_ODDS_API_MARKET_HISTORY.csv,134,,6684,135,,2026-09-02 03:08:28.145328+00:00,-1,,0.425531914893617,0.4273504273504273,0.1818512456810306,0.1818512456810306,9,moneyline,chicago cubs,True,True,False,ODDS_API,,"ODDS_API,SGO",4,True
e5573b0492ef2f689b729412d3bde508,milwaukee brewers,chicago cubs,draftkings,h2h,Milwaukee Brewers,,,,,,pregame,2026-09-02 23:41:00+00:00,-162,,2026-09-02 12:03:02.767951+00:00,2026-09-02 12:02:54+00:00,,MLB_ODDS_API_MARKET_HISTORY.csv,-162,,6685,-163,,2026-09-02 03:08:28.145337+00:00,1,,0.6197718631178707,0.6183206106870229,-0.145125243084776,0.145125243084776,9,moneyline,milwaukee brewers,True,True,False,ODDS_API,,"ODDS_API,SGO",4,True
e5573b0492ef2f689b729412d3bde508,milwaukee brewers,chicago cubs,draftkings,spreads,Chicago Cubs,,,,,,pregame,2026-09-02 23:41:00+00:00,-126,1.5,2026-09-02 12:03:02.767951+00:00,2026-09-02 12:02:54+00:00,,MLB_ODDS_API_MARKET_HISTORY.csv,-126,1.5,6686,-126,1.5,2026-09-02 03:08:28.145345+00:00,0,0.0,0.5575221238938053,0.5575221238938053,0.0,0.0,9,spread,chicago cubs,True,False,False,ODDS_API,1.5,"ODDS_API,SGO",4,True
e5573b0492ef2f689b729412d3bde508,milwaukee brewers,chicago cubs,draftkings,spreads,Milwaukee Brewers,,,,,,pregame,2026-09-02 23:41:00+00:00,105,-1.5,2026-09-02 12:03:02.767951+00:00,2026-09-02 12:02:54+00:00,,MLB_ODDS_API_MARKET_HISTORY.csv,105,-1.5,6687,105,-1.5,2026-09-02 03:08:28.145353+00:00,0,0.0,0.4878048780487805,0.4878048780487805,0.0,0.0,9,spread,milwaukee brewers,True,False,False,ODDS_API,-1.5,"ODDS_API,SGO",4,True
nuugLQLhKvil7wBGgcm0,milwaukee brewers,chicago cubs,draftkings,ou,over,,,points,points-home-game-ou-over,game,pregame,2026-09-02 23:40:00+00:00,-105,3.5,2026-09-02 12:03:02.122557+00:00,2026-09-02 11:59:21.819000+00:00,1.0,MLB_SGO_MARKET_HISTORY.csv,-105,3.5,311309,-105,3.5,2026-09-02 08:15:43.454797+00:00,0,0.0,0.5121951219512195,0.5121951219512195,0.0,0.0,8,total,over,True,False,False,SGO,3.5,SGO,2,False
nuugLQLhKvil7wBGgcm0,milwaukee brewers,chicago cubs,draftkings,ou,over,,,points,points-away-game-ou-over,game,pregame,2026-09-02 23:40:00+00:00,-120,4.5,2026-09-02 12:03:02.122557+00:00,2026-09-02 11:59:21.819000+00:00,1.0,MLB_SGO_MARKET_HISTORY.csv,-120,4.5,311301,-120,4.5,2026-09-02 08:15:43.454797+00:00,0,0.0,0.5454545454545454,0.5454545454545454,0.0,0.0,8,total,over,True,False,False,SGO,4.5,SGO,2,False
c3d5e91757e67f6c08706b0970a77f89,milwaukee brewers,chicago cubs,draftkings,totals,Over,,,,,,pregame,2026-09-03 23:15:00+00:00,-117,8.0,2026-09-03 05:14:09.061921+00:00,2026-09-03 05:13:36+00:00,,MLB_ODDS_API_MARKET_HISTORY.csv,-117,8.0,7716,-117,8.0,2026-09-03 05:13:57.019887+00:00,0,0.0,0.5391705069124424,0.5391705069124424,0.0,0.0,2,total,over,True,False,False,ODDS_API,8.0,"ODDS_API,SGO",2,True
e5573b0492ef2f689b729412d3bde508,milwaukee brewers,chicago cubs,draftkings,totals,Over,,,,,,pregame,2026-09-02 23:41:00+00:00,-103,8.5,2026-09-02 12:03:02.767951+00:00,2026-09-02 12:02:54+00:00,,MLB_ODDS_API_MARKET_HISTORY.csv,-103,8.5,6688,-118,8.0,2026-09-02 03:08:28.145361+00:00,15,0.5,0.5412844036697247,0.5073891625615764,-3.3895241108148344,3.3895241108148344,9,total,over,True,True,True,ODDS_API,8.5,"ODDS_API,SGO",2,True
nuugLQLhKvil7wBGgcm0,milwaukee brewers,chicago cubs,draftkings,ou,under,,,points,points-home-game-ou-under,game,pregame,2026-09-02 23:40:00+00:00,-125,3.5,2026-09-02 12:03:02.122557+00:00,2026-09-02 11:59:21.819000+00:00,1.0,MLB_SGO_MARKET_HISTORY.csv,-125,3.5,311313,-125,3.5,2026-09-02 08:15:43.454797+00:00,0,0.0,0.5555555555555556,0.5555555555555556,0.0,0.0,8,total,under,True,False,False,SGO,3.5,SGO,2,False
nuugLQLhKvil7wBGgcm0,milwaukee brewers,chicago cubs,draftkings,ou,under,,,points,points-away-game-ou-under,game,pregame,2026-09-02 23:40:00+00:00,-110,4.5,2026-09-02 12:03:02.122557+00:00,2026-09-02 11:59:21.819000+00:00,1.0,MLB_SGO_MARKET_HISTORY.csv,-110,4.5,311305,-110,4.5,2026-09-02 08:15:43.454797+00:00,0,0.0,0.5238095238095238,0.5238095238095238,0.0,0.0,8,total,under,True,False,False,SGO,4.5,SGO,2,False
c3d5e91757e67f6c08706b0970a77f89,milwaukee brewers,chicago cubs,draftkings,totals,Under,,,,,,pregame,2026-09-03 23:15:00+00:00,-103,8.0,2026-09-03 05:14:09.061925+00:00,2026-09-03 05:13:36+00:00,,MLB_ODDS_API_MARKET_HISTORY.csv,-103,8.0,7717,-103,8.0,2026-09-03 05:13:57.019887+00:00,0,0.0,0.5073891625615764,0.5073891625615764,0.0,0.0,2,total,under,True,False,False,ODDS_API,8.0,"ODDS_API,SGO",2,True
e5573b0492ef2f689b729412d3bde508,milwaukee brewers,chicago cubs,draftkings,totals,Under,,,,,,pregame,2026-09-02 23:41:00+00:00,-117,8.5,2026-09-02 12:03:02.767951+00:00,2026-09-02 12:02:54+00:00,,MLB_ODDS_API_MARKET_HISTORY.csv,-117,8.5,6689,-102,8.0,2026-09-02 03:08:28.145369+00:00,-15,0.5,0.504950495049505,0.5391705069124424,3.422001186293744,3.422001186293744,9,total,under,True,True,True,ODDS_API,8.5,"ODDS_API,SGO",2,True
nuugLQLhKvil7wBGgcm0,milwaukee brewers,chicago cubs,espnbet,ml,home,,,points,points-home-game-ml-home,game,pregame,2026-09-02 23:40:00+00:00,140,,2026-09-02 12:03:02.122557+00:00,2026-09-02 11:59:13.272000+00:00,1.0,MLB_SGO_MARKET_HISTORY.csv,140,,311262,135,,2026-09-02 03:08:27.491703+00:00,5,,0.425531914893617,0.4166666666666667,-0.886524822695034,0.886524822695034,9,moneyline,chicago cubs,True,True,False,SGO,,SGO,2,False
nuugLQLhKvil7wBGgcm0,milwaukee brewers,chicago cubs,espnbet,ml,away,,,points,points-away-game-ml-away,game,pregame,2026-09-02 23:40:00+00:00,-165,,2026-09-02 12:03:02.122557+00:00,2026-09-02 11:59:13.272000+00:00,1.0,MLB_SGO_MARKET_HISTORY.csv,-165,,311253,-155,,2026-09-02 03:08:27.491681+00:00,-10,,0.6078431372549019,0.6226415094339622,1.4798372179060326,1.4798372179060326,9,moneyline,milwaukee brewers,True,True,False,SGO,,SGO,2,False
nuugLQLhKvil7wBGgcm0,milwaukee brewers,chicago cubs,espnbet,sp,home,,,points,points-home-game-sp-home,game,pregame,2026-09-02 23:40:00+00:00,-125,1.5,2026-09-02 12:03:02.122557+00:00,2026-09-02 11:59:13.272000+00:00,1.0,MLB_SGO_MARKET_HISTORY.csv,-125,1.5,311292,-125,1.5,2026-09-02 03:08:27.491783+00:00,0,0.0,0.5555555555555556,0.5555555555555556,0.0,0.0,9,spread,chicago cubs,True,False,False,SGO,1.5,SGO,2,False
nuugLQLhKvil7wBGgcm0,milwaukee brewers,chicago cubs,espnbet,sp,away,,,points,points-away-game-sp-away,game,pregame,2026-09-02 23:40:00+00:00,105,-1.5,2026-09-02 12:03:02.122557+00:00,2026-09-02 11:59:13.272000+00:00,1.0,MLB_SGO_MARKET_HISTORY.csv,105,-1.5,311284,105,-1.5,2026-09-02 03:08:27.491761+00:00,0,0.0,0.4878048780487805,0.4878048780487805,0.0,0.0,9,spread,milwaukee brewers,True,False,False,SGO,-1.5,SGO,2,False
7G2qtfzVfFDiYxGPD2HY,milwaukee brewers,chicago cubs,espnbet,ou,over,,,points,points-away-game-ou-over,game,pregame,2026-09-03 23:15:00+00:00,115,4.5,2026-09-03 05:14:08.733750+00:00,2026-09-03 05:11:19.233000+00:00,1.0,MLB_SGO_MARKET_HISTORY.csv,115,4.5,345264,115,4.5,2026-09-03 05:13:56.618657+00:00,0,0.0,0.4651162790697674,0.4651162790697674,0.0,0.0,2,total,over,True,False,False,SGO,4.5,SGO,1,False
nuugLQLhKvil7wBGgcm0,milwaukee brewers,chicago cubs,espnbet,ou,over,,,points,points-home-game-ou-over,game,pregame,2026-09-02 23:40:00+00:00,450,6.5,2026-09-02 12:03:02.122557+00:00,2026-09-02 04:07:57.689000+00:00,0.0,MLB_SGO_MARKET_HISTORY.csv,450,6.5,311308,450,6.5,2026-09-02 03:08:27.491821+00:00,0,0.0,0.1818181818181818,0.1818181818181818,0.0,0.0,9,total,over,True,False,False,SGO,6.5,SGO,2,False
nuugLQLhKvil7wBGgcm0,milwaukee brewers,chicago cubs,espnbet,ou,over,,,points,points-away-game-ou-over,game,pregame,2026-09-02 23:40:00+00:00,340,7.5,2026-09-02 12:03:02.122557+00:00,2026-09-02 01:12:56.040000+00:00,0.0,MLB_SGO_MARKET_HISTORY.csv,340,7.5,311300,340,7.5,2026-09-02 03:08:27.491804+00:00,0,0.0,0.2272727272727272,0.2272727272727272,0.0,0.0,9,total,over,True,False,False,SGO,7.5,SGO,1,False
nuugLQLhKvil7wBGgcm0,milwaukee brewers,chicago cubs,espnbet,ou,over,,,points,points-all-game-ou-over,game,pregame,2026-09-02 23:40:00+00:00,100,8.5,2026-09-02 12:03:02.122557+00:00,2026-09-02 11:59:13.272000+00:00,1.0,MLB_SGO_MARKET_HISTORY.csv,100,8.5,311268,100,8.5,2026-09-02 03:08:27.491717+00:00,0,0.0,0.5,0.5,0.0,0.0,9,total,over,True,False,False,SGO,8.5,SGO,2,False
7G2qtfzVfFDiYxGPD2HY,milwaukee brewers,chicago cubs,espnbet,ou,under,,,points,points-away-game-ou-under,game,pregame,2026-09-03 23:15:00+00:00,-145,4.5,2026-09-03 05:14:08.733770+00:00,2026-09-03 05:11:19.233000+00:00,1.0,MLB_SGO_MARKET_HISTORY.csv,-145,4.5,345269,-145,4.5,2026-09-03 05:13:56.618657+00:00,0,0.0,0.5918367346938775,0.5918367346938775,0.0,0.0,2,total,under,True,False,False,SGO,4.5,SGO,1,False
nuugLQLhKvil7wBGgcm0,milwaukee brewers,chicago cubs,espnbet,ou,under,,,points,points-home-game-ou-under,game,pregame,2026-09-02 23:40:00+00:00,-750,6.5,2026-09-02 12:03:02.122557+00:00,2026-09-02 04:07:57.689000+00:00,0.0,MLB_SGO_MARKET_HISTORY.csv,-750,6.5,311312,-750,6.5,2026-09-02 03:08:27.491829+00:00,0,0.0,0.8823529411764706,0.8823529411764706,0.0,0.0,9,total,under,True,False,False,SGO,6.5,SGO,2,False
nuugLQLhKvil7wBGgcm0,milwaukee brewers,chicago cubs,espnbet,ou,under,,,points,points-away-game-ou-under,game,pregame,2026-09-02 23:40:00+00:00,-500,7.5,2026-09-02 12:03:02.122557+00:00,2026-09-02 01:12:56.040000+00:00,0.0,MLB_SGO_MARKET_HISTORY.csv,-500,7.5,311304,-500,7.5,2026-09-02 03:08:27.491813+00:00,0,0.0,0.8333333333333334,0.8333333333333334,0.0,0.0,9,total,under,True,False,False,SGO,7.5,SGO,1,False
nuugLQLhKvil7wBGgcm0,milwaukee brewers,chicago cubs,espnbet,ou,under,,,points,points-all-game-ou-under,game,pregame,2026-09-02 23:40:00+00:00,-120,8.5,2026-09-02 12:03:02.122557+00:00,2026-09-02 11:59:13.272000+00:00,1.0,MLB_SGO_MARKET_HISTORY.csv,-120,8.5,311276,-120,8.5,2026-09-02 03:08:27.491739+00:00,0,0.0,0.5454545454545454,0.5454545454545454,0.0,0.0,9,total,under,True,False,False,SGO,8.5,SGO,2,False
e5573b0492ef2f689b729412d3bde508,milwaukee brewers,chicago cubs,fanduel,h2h,Chicago Cubs,,,,,,pregame,2026-09-02 23:41:00+00:00,136,,2026-09-02 12:03:02.767951+00:00,2026-09-02 12:02:37+00:00,,MLB_ODDS_API_MARKET_HISTORY.csv,136,,6660,136,,2026-09-02 03:08:28.145133+00:00,0,,0.423728813559322,0.423728813559322,0.0,0.0,9,moneyline,chicago cubs,True,False,False,ODDS_API,,"ODDS_API,SGO",4,True
e5573b0492ef2f689b729412d3bde508,milwaukee brewers,chicago cubs,fanduel,h2h,Milwaukee Brewers,,,,,,pregame,2026-09-02 23:41:00+00:00,-162,,2026-09-02 12:03:02.767951+00:00,2026-09-02 12:02:37+00:00,,MLB_ODDS_API_MARKET_HISTORY.csv,-162,,6661,-162,,2026-09-02 03:08:28.145141+00:00,0,,0.6183206106870229,0.6183206106870229,0.0,0.0,9,moneyline,milwaukee brewers,True,False,False,ODDS_API,,"ODDS_API,SGO",4,True
e5573b0492ef2f689b729412d3bde508,milwaukee brewers,chicago cubs,fanduel,spreads,Chicago Cubs,,,,,,pregame,2026-09-02 23:41:00+00:00,-126,1.5,2026-09-02 12:03:02.767951+00:00,2026-09-02 12:02:37+00:00,,MLB_ODDS_API_MARKET_HISTORY.csv,-126,1.5,6662,-125,1.5,2026-09-02 03:08:28.145149+00:00,-1,0.0,0.5555555555555556,0.5575221238938053,0.1966568338249708,0.1966568338249708,9,spread,chicago cubs,True,True,False,ODDS_API,1.5,"ODDS_API,SGO",4,True
e5573b0492ef2f689b729412d3bde508,milwaukee brewers,chicago cubs,fanduel,spreads,Milwaukee Brewers,,,,,,pregame,2026-09-02 23:41:00+00:00,105,-1.5,2026-09-02 12:03:02.767951+00:00,2026-09-02 12:02:37+00:00,,MLB_ODDS_API_MARKET_HISTORY.csv,105,-1.5,6663,104,-1.5,2026-09-02 03:08:28.145157+00:00,1,0.0,0.4901960784313725,0.4878048780487805,-0.2391200382592051,0.2391200382592051,9,spread,milwaukee brewers,True,True,False,ODDS_API,-1.5,"ODDS_API,SGO",4,True
nuugLQLhKvil7wBGgcm0,milwaukee brewers,chicago cubs,fanduel,ou,over,,,points,points-home-game-ou-over,game,pregame,2026-09-02 23:40:00+00:00,-102,3.5,2026-09-02 12:03:02.122557+00:00,2026-09-02 11:59:36.693000+00:00,1.0,MLB_SGO_MARKET_HISTORY.csv,-102,3.5,311306,102,3.5,2026-09-02 03:08:27.491815+00:00,-204,0.0,0.495049504950495,0.504950495049505,0.990099009900991,0.990099009900991,9,total,over,True,True,False,SGO,3.5,SGO,2,False
nuugLQLhKvil7wBGgcm0,milwaukee brewers,chicago cubs,fanduel,ou,over,,,points,points-away-game-ou-over,game,pregame,2026-09-02 23:40:00+00:00,-111,4.5,2026-09-02 12:03:02.122557+00:00,2026-09-02 11:59:36.693000+00:00,1.0,MLB_SGO_MARKET_HISTORY.csv,-111,4.5,311298,-111,4.5,2026-09-02 03:08:27.491799+00:00,0,0.0,0.5260663507109005,0.5260663507109005,0.0,0.0,9,total,over,True,False,False,SGO,4.5,SGO,2,False
e5573b0492ef2f689b729412d3bde508,milwaukee brewers,chicago cubs,fanduel,totals,Over,,,,,,pregame,2026-09-02 23:41:00+00:00,-104,8.5,2026-09-02 12:03:02.767951+00:00,2026-09-02 12:02:37+00:00,,MLB_ODDS_API_MARKET_HISTORY.csv,-104,8.5,6664,-102,8.5,2026-09-02 03:08:28.145165+00:00,-2,0.0,0.504950495049505,0.5098039215686274,0.4853426519122461,0.4853426519122461,9,total,over,True,True,False,ODDS_API,8.5,"ODDS_API,SGO",4,True
nuugLQLhKvil7wBGgcm0,milwaukee brewers,chicago cubs,fanduel,ou,under,,,points,points-home-game-ou-under,game,pregame,2026-09-02 23:40:00+00:00,-125,3.5,2026-09-02 12:03:02.122557+00:00,2026-09-02 11:59:36.693000+00:00,1.0,MLB_SGO_MARKET_HISTORY.csv,-125,3.5,311310,-130,3.5,2026-09-02 03:08:27.491824+00:00,5,0.0,0.5652173913043478,0.5555555555555556,-0.9661835748792202,0.9661835748792202,9,total,under,True,True,False,SGO,3.5,SGO,2,False
nuugLQLhKvil7wBGgcm0,milwaukee brewers,chicago cubs,fanduel,ou,under,,,points,points-away-game-ou-under,game,pregame,2026-09-02 23:40:00+00:00,-115,4.5,2026-09-02 12:03:02.122557+00:00,2026-09-02 11:59:36.693000+00:00,1.0,MLB_SGO_MARKET_HISTORY.csv,-115,4.5,311302,-115,4.5,2026-09-02 03:08:27.491807+00:00,0,0.0,0.5348837209302325,0.5348837209302325,0.0,0.0,9,total,under,True,False,False,SGO,4.5,SGO,2,False
e5573b0492ef2f689b729412d3bde508,milwaukee brewers,chicago cubs,fanduel,totals,Under,,,,,,pregame,2026-09-02 23:41:00+00:00,-118,8.5,2026-09-02 12:03:02.767951+00:00,2026-09-02 12:02:37+00:00,,MLB_ODDS_API_MARKET_HISTORY.csv,-118,8.5,6665,-120,8.5,2026-09-02 03:08:28.145173+00:00,2,0.0,0.5454545454545454,0.5412844036697247,-0.4170141784820669,0.4170141784820669,9,total,under,True,True,False,ODDS_API,8.5,"ODDS_API,SGO",4,True
e5573b0492ef2f689b729412d3bde508,milwaukee brewers,chicago cubs,lowvig,h2h,Chicago Cubs,,,,,,pregame,2026-09-02 23:41:00+00:00,137,,2026-09-02 12:03:02.767951+00:00,2026-09-02 12:02:13+00:00,,MLB_ODDS_API_MARKET_HISTORY.csv,137,,6666,139,,2026-09-02 03:08:28.145182+00:00,-2,,0.4184100418410041,0.4219409282700422,0.3530886429038038,0.3530886429038038,9,moneyline,chicago cubs,True,True,False,ODDS_API,,ODDS_API,2,False
e5573b0492ef2f689b729412d3bde508,milwaukee brewers,chicago cubs,lowvig,h2h,Milwaukee Brewers,,,,,,pregame,2026-09-02 23:41:00+00:00,-151,,2026-09-02 12:03:02.767951+00:00,2026-09-02 12:02:13+00:00,,MLB_ODDS_API_MARKET_HISTORY.csv,-151,,6667,-154,,2026-09-02 03:08:28.145190+00:00,3,,0.6062992125984252,0.601593625498008,-0.4705587100417241,0.4705587100417241,9,moneyline,milwaukee brewers,True,True,False,ODDS_API,,ODDS_API,2,False
e5573b0492ef2f689b729412d3bde508,milwaukee brewers,chicago cubs,lowvig,spreads,Chicago Cubs,,,,,,pregame,2026-09-02 23:41:00+00:00,-122,1.5,2026-09-02 12:03:02.767951+00:00,2026-09-02 12:02:13+00:00,,MLB_ODDS_API_MARKET_HISTORY.csv,-122,1.5,6668,-122,1.5,2026-09-02 03:08:28.145198+00:00,0,0.0,0.5495495495495496,0.5495495495495496,0.0,0.0,9,spread,chicago cubs,True,False,False,ODDS_API,1.5,ODDS_API,2,False
e5573b0492ef2f689b729412d3bde508,milwaukee brewers,chicago cubs,lowvig,spreads,Milwaukee Brewers,,,,,,pregame,2026-09-02 23:41:00+00:00,108,-1.5,2026-09-02 12:03:02.767951+00:00,2026-09-02 12:02:13+00:00,,MLB_ODDS_API_MARKET_HISTORY.csv,108,-1.5,6669,108,-1.5,2026-09-02 03:08:28.145206+00:00,0,0.0,0.4807692307692308,0.4807692307692308,0.0,0.0,9,spread,milwaukee brewers,True,False,False,ODDS_API,-1.5,ODDS_API,2,False
c3d5e91757e67f6c08706b0970a77f89,milwaukee brewers,chicago cubs,lowvig,totals,Over,,,,,,pregame,2026-09-03 23:15:00+00:00,-113,8.0,2026-09-03 05:14:09.061966+00:00,2026-09-03 05:13:38+00:00,,MLB_ODDS_API_MARKET_HISTORY.csv,-113,8.0,7728,-113,8.0,2026-09-03 05:13:57.019887+00:00,0,0.0,0.5305164319248826,0.5305164319248826,0.0,0.0,2,total,over,True,False,False,ODDS_API,8.0,ODDS_API,1,False
e5573b0492ef2f689b729412d3bde508,milwaukee brewers,chicago cubs,lowvig,totals,Over,,,,,,pregame,2026-09-02 23:41:00+00:00,100,8.5,2026-09-02 12:03:02.767951+00:00,2026-09-02 12:02:13+00:00,,MLB_ODDS_API_MARKET_HISTORY.csv,100,8.5,6670,103,8.5,2026-09-02 03:08:28.145214+00:00,-3,0.0,0.4926108374384236,0.5,0.7389162561576346,0.7389162561576346,9,total,over,True,True,False,ODDS_API,8.5,ODDS_API,1,False
c3d5e91757e67f6c08706b0970a77f89,milwaukee brewers,chicago cubs,lowvig,totals,Under,,,,,,pregame,2026-09-03 23:15:00+00:00,-102,8.0,2026-09-03 05:14:09.061969+00:00,2026-09-03 05:13:38+00:00,,MLB_ODDS_API_MARKET_HISTORY.csv,-102,8.0,7729,-102,8.0,2026-09-03 05:13:57.019887+00:00,0,0.0,0.504950495049505,0.504950495049505,0.0,0.0,2,total,under,True,False,False,ODDS_API,8.0,ODDS_API,1,False
e5573b0492ef2f689b729412d3bde508,milwaukee brewers,chicago cubs,lowvig,totals,Under,,,,,,pregame,2026-09-02 23:41:00+00:00,-115,8.5,2026-09-02 12:03:02.767951+00:00,2026-09-02 12:02:13+00:00,,MLB_ODDS_API_MARKET_HISTORY.csv,-115,8.5,6671,-118,8.5,2026-09-02 03:08:28.145222+00:00,3,0.0,0.5412844036697247,0.5348837209302325,-0.6400682739492236,0.6400682739492236,9,total,under,True,True,False,ODDS_API,8.5,ODDS_API,1,False
e5573b0492ef2f689b729412d3bde508,milwaukee brewers,chicago cubs,mybookieag,h2h,Chicago Cubs,,,,,,pregame,2026-09-02 23:41:00+00:00,134,,2026-09-02 12:03:02.767951+00:00,2026-09-02 12:02:37+00:00,,MLB_ODDS_API_MARKET_HISTORY.csv,134,,6678,135,,2026-09-02 03:08:28.145279+00:00,-1,,0.425531914893617,0.4273504273504273,0.1818512456810306,0.1818512456810306,9,moneyline,chicago cubs,True,True,False,ODDS_API,,ODDS_API,2,False
e5573b0492ef2f689b729412d3bde508,milwaukee brewers,chicago cubs,mybookieag,h2h,Milwaukee Brewers,,,,,,pregame,2026-09-02 23:41:00+00:00,-158,,2026-09-02 12:03:02.767951+00:00,2026-09-02 12:02:37+00:00,,MLB_ODDS_API_MARKET_HISTORY.csv,-158,,6679,-160,,2026-09-02 03:08:28.145287+00:00,2,,0.6153846153846154,0.6124031007751938,-0.2981514609421642,0.2981514609421642,9,moneyline,milwaukee brewers,True,True,False,ODDS_API,,ODDS_API,2,False
e5573b0492ef2f689b729412d3bde508,milwaukee brewers,chicago cubs,mybookieag,spreads,Chicago Cubs,,,,,,pregame,2026-09-02 23:41:00+00:00,-126,1.5,2026-09-02 12:03:02.767951+00:00,2026-09-02 12:02:37+00:00,,MLB_ODDS_API_MARKET_HISTORY.csv,-126,1.5,6680,-123,1.5,2026-09-02 03:08:28.145296+00:00,-3,0.0,0.5515695067264574,0.5575221238938053,0.5952617167347851,0.5952617167347851,9,spread,chicago cubs,True,True,False,ODDS_API,1.5,ODDS_API,2,False
e5573b0492ef2f689b729412d3bde508,milwaukee brewers,chicago cubs,mybookieag,spreads,Milwaukee Brewers,,,,,,pregame,2026-09-02 23:41:00+00:00,107,-1.5,2026-09-02 12:03:02.767951+00:00,2026-09-02 12:02:37+00:00,,MLB_ODDS_API_MARKET_HISTORY.csv,107,-1.5,6681,105,-1.5,2026-09-02 03:08:28.145304+00:00,2,0.0,0.4878048780487805,0.4830917874396135,-0.471309060916697,0.471309060916697,9,spread,milwaukee brewers,True,True,False,ODDS_API,-1.5,ODDS_API,2,False
e5573b0492ef2f689b729412d3bde508,milwaukee brewers,chicago cubs,mybookieag,totals,Over,,,,,,pregame,2026-09-02 23:41:00+00:00,-119,8.0,2026-09-02 12:03:02.767951+00:00,2026-09-02 12:02:37+00:00,,MLB_ODDS_API_MARKET_HISTORY.csv,-119,8.0,6682,-119,8.0,2026-09-02 03:08:28.145312+00:00,0,0.0,0.54337899543379,0.54337899543379,0.0,0.0,9,total,over,True,False,False,ODDS_API,8.0,ODDS_API,2,False
e5573b0492ef2f689b729412d3bde508,milwaukee brewers,chicago cubs,mybookieag,totals,Under,,,,,,pregame,2026-09-02 23:41:00+00:00,-103,8.0,2026-09-02 12:03:02.767951+00:00,2026-09-02 12:02:37+00:00,,MLB_ODDS_API_MARKET_HISTORY.csv,-103,8.0,6683,-102,8.0,2026-09-02 03:08:28.145320+00:00,-1,0.0,0.504950495049505,0.5073891625615764,0.2438667512071446,0.2438667512071446,9,total,under,True,True,False,ODDS_API,8.0,ODDS_API,2,False
nuugLQLhKvil7wBGgcm0,milwaukee brewers,chicago cubs,pointsbet,ml,home,,,points,points-home-game-ml-home,game,pregame,2026-09-02 23:40:00+00:00,135,,2026-09-02 12:03:02.122557+00:00,2026-09-02 11:59:13.272000+00:00,1.0,MLB_SGO_MARKET_HISTORY.csv,135,,311258,135,,2026-09-02 03:08:27.491692+00:00,0,,0.425531914893617,0.425531914893617,0.0,0.0,9,moneyline,chicago cubs,True,False,False,SGO,,SGO,2,False
nuugLQLhKvil7wBGgcm0,milwaukee brewers,chicago cubs,pointsbet,ml,away,,,points,points-away-game-ml-away,game,pregame,2026-09-02 23:40:00+00:00,-159,,2026-09-02 12:03:02.122557+00:00,2026-09-02 11:59:13.272000+00:00,1.0,MLB_SGO_MARKET_HISTORY.csv,-159,,311249,-159,,2026-09-02 03:08:27.491671+00:00,0,,0.6138996138996139,0.6138996138996139,0.0,0.0,9,moneyline,milwaukee brewers,True,False,False,SGO,,SGO,2,False
nuugLQLhKvil7wBGgcm0,milwaukee brewers,chicago cubs,pointsbet,sp,home,,,points,points-home-game-sp-home,game,pregame,2026-09-02 23:40:00+00:00,-120,1.5,2026-09-02 12:03:02.122557+00:00,2026-09-02 11:59:13.272000+00:00,1.0,MLB_SGO_MARKET_HISTORY.csv,-120,1.5,311291,-120,1.5,2026-09-02 03:08:27.491780+00:00,0,0.0,0.5454545454545454,0.5454545454545454,0.0,0.0,9,spread,chicago cubs,True,False,False,SGO,1.5,SGO,2,False
nuugLQLhKvil7wBGgcm0,milwaukee brewers,chicago cubs,pointsbet,sp,away,,,points,points-away-game-sp-away,game,pregame,2026-09-02 23:40:00+00:00,100,-1.5,2026-09-02 12:03:02.122557+00:00,2026-09-02 11:59:13.272000+00:00,1.0,MLB_SGO_MARKET_HISTORY.csv,100,-1.5,311283,100,-1.5,2026-09-02 03:08:27.491758+00:00,0,0.0,0.5,0.5,0.0,0.0,9,spread,milwaukee brewers,True,False,False,SGO,-1.5,SGO,2,False
nuugLQLhKvil7wBGgcm0,milwaukee brewers,chicago cubs,pointsbet,ou,over,,,points,points-all-game-ou-over,game,pregame,2026-09-02 23:40:00+00:00,100,8.5,2026-09-02 12:03:02.122557+00:00,2026-09-02 11:40:12.150000+00:00,0.0,MLB_SGO_MARKET_HISTORY.csv,100,8.5,311267,-120,8.0,2026-09-02 03:08:27.491715+00:00,220,0.5,0.5454545454545454,0.5,-4.545454545454541,4.545454545454541,9,total,over,True,True,True,SGO,8.5,SGO,2,False
nuugLQLhKvil7wBGgcm0,milwaukee brewers,chicago cubs,pointsbet,ou,under,,,points,points-all-game-ou-under,game,pregame,2026-09-02 23:40:00+00:00,-120,8.5,2026-09-02 12:03:02.122557+00:00,2026-09-02 11:40:12.150000+00:00,0.0,MLB_SGO_MARKET_HISTORY.csv,-120,8.5,311275,100,8.0,2026-09-02 03:08:27.491736+00:00,-220,0.5,0.5,0.5454545454545454,4.545454545454541,4.545454545454541,9,total,under,True,True,True,SGO,8.5,SGO,2,False
nuugLQLhKvil7wBGgcm0,milwaukee brewers,chicago cubs,unibet,ml,home,,,points,points-home-game-ml-home,game,pregame,2026-09-02 23:40:00+00:00,130,,2026-09-02 12:03:02.122557+00:00,2026-09-02 11:59:34.272000+00:00,1.0,MLB_SGO_MARKET_HISTORY.csv,130,,311259,132,,2026-09-02 03:08:27.491695+00:00,-2,,0.4310344827586206,0.4347826086956521,0.3748125937031499,0.3748125937031499,9,moneyline,chicago cubs,True,True,False,SGO,,SGO,2,False
nuugLQLhKvil7wBGgcm0,milwaukee brewers,chicago cubs,unibet,ml,away,,,points,points-away-game-ml-away,game,pregame,2026-09-02 23:40:00+00:00,-161,,2026-09-02 12:03:02.122557+00:00,2026-09-02 11:59:34.272000+00:00,1.0,MLB_SGO_MARKET_HISTORY.csv,-161,,311250,-162,,2026-09-02 03:08:27.491673+00:00,1,,0.6183206106870229,0.6168582375478927,-0.1462373139130224,0.1462373139130224,9,moneyline,milwaukee brewers,True,True,False,SGO,,SGO,2,False
nuugLQLhKvil7wBGgcm0,milwaukee brewers,chicago cubs,unibet,sp,home,,,points,points-home-game-sp-home,game,pregame,2026-09-02 23:40:00+00:00,-122,1.5,2026-09-02 12:03:02.122557+00:00,2026-09-02 11:59:13.272000+00:00,1.0,MLB_SGO_MARKET_HISTORY.csv,-122,1.5,311296,-129,1.5,2026-09-02 03:08:27.491794+00:00,7,0.0,0.5633187772925764,0.5495495495495496,-1.3769227743026802,1.3769227743026802,9,spread,chicago cubs,True,True,False,SGO,1.5,SGO,2,False
nuugLQLhKvil7wBGgcm0,milwaukee brewers,chicago cubs,unibet,sp,away,,,points,points-away-game-sp-away,game,pregame,2026-09-02 23:40:00+00:00,102,-1.5,2026-09-02 12:03:02.122557+00:00,2026-09-02 11:59:13.272000+00:00,1.0,MLB_SGO_MARKET_HISTORY.csv,102,-1.5,311288,104,-1.5,2026-09-02 03:08:27.491772+00:00,-2,0.0,0.4901960784313725,0.495049504950495,0.4853426519122517,0.4853426519122517,9,spread,milwaukee brewers,True,True,False,SGO,-1.5,SGO,2,False
nuugLQLhKvil7wBGgcm0,milwaukee brewers,chicago cubs,unibet,ou,over,,,points,points-all-game-ou-over,game,pregame,2026-09-02 23:40:00+00:00,100,8.5,2026-09-02 12:03:02.122557+00:00,2026-09-02 10:24:19.480000+00:00,0.0,MLB_SGO_MARKET_HISTORY.csv,100,8.5,311270,-105,8.5,2026-09-02 03:08:27.491723+00:00,205,0.0,0.5121951219512195,0.5,-1.2195121951219523,1.2195121951219523,9,total,over,True,True,False,SGO,8.5,SGO,2,False
nuugLQLhKvil7wBGgcm0,milwaukee brewers,chicago cubs,unibet,ou,under,,,points,points-all-game-ou-under,game,pregame,2026-09-02 23:40:00+00:00,-120,8.5,2026-09-02 12:03:02.122557+00:00,2026-09-02 10:24:19.480000+00:00,0.0,MLB_SGO_MARKET_HISTORY.csv,-120,8.5,311278,-120,8.5,2026-09-02 03:08:27.491745+00:00,0,0.0,0.5454545454545454,0.5454545454545454,0.0,0.0,9,total,under,True,False,False,SGO,8.5,SGO,2,False
nuugLQLhKvil7wBGgcm0,milwaukee brewers,chicago cubs,williamhill,ml,home,,,points,points-home-game-ml-home,game,pregame,2026-09-02 23:40:00+00:00,130,,2026-09-02 12:03:02.122557+00:00,2026-09-02 11:59:33.272000+00:00,1.0,MLB_SGO_MARKET_HISTORY.csv,130,,311265,130,,2026-09-02 08:15:43.454797+00:00,0,,0.4347826086956521,0.4347826086956521,0.0,0.0,8,moneyline,chicago cubs,True,False,False,SGO,,SGO,2,False
nuugLQLhKvil7wBGgcm0,milwaukee brewers,chicago cubs,williamhill,ml,away,,,points,points-away-game-ml-away,game,pregame,2026-09-02 23:40:00+00:00,-162,,2026-09-02 12:03:02.122557+00:00,2026-09-02 11:59:33.272000+00:00,1.0,MLB_SGO_MARKET_HISTORY.csv,-162,,311256,-162,,2026-09-02 08:15:43.454797+00:00,0,,0.6183206106870229,0.6183206106870229,0.0,0.0,8,moneyline,milwaukee brewers,True,False,False,SGO,,SGO,2,False
0f008463e07ac89253cf7559eae28606,new york mets,tampa bay rays,betmgm,h2h,New York Mets,,,,,,pregame,2026-09-02 22:41:00+00:00,140,,2026-09-02 12:03:02.767951+00:00,2026-09-02 12:02:55+00:00,,MLB_ODDS_API_MARKET_HISTORY.csv,140,,6582,140,,2026-09-02 03:08:28.144645+00:00,0,,0.4166666666666667,0.4166666666666667,0.0,0.0,9,moneyline,new york mets,True,False,False,ODDS_API,,"ODDS_API,SGO",2,True
0f008463e07ac89253cf7559eae28606,new york mets,tampa bay rays,betmgm,h2h,Tampa Bay Rays,,,,,,pregame,2026-09-02 22:41:00+00:00,-170,,2026-09-02 12:03:02.767951+00:00,2026-09-02 12:02:55+00:00,,MLB_ODDS_API_MARKET_HISTORY.csv,-170,,6583,-170,,2026-09-02 03:08:28.144653+00:00,0,,0.6296296296296297,0.6296296296296297,0.0,0.0,9,moneyline,tampa bay rays,True,False,False,ODDS_API,,"ODDS_API,SGO",2,True
0f008463e07ac89253cf7559eae28606,new york mets,tampa bay rays,betmgm,spreads,New York Mets,,,,,,pregame,2026-09-02 22:41:00+00:00,-160,1.5,2026-09-02 12:03:02.767951+00:00,2026-09-02 12:02:55+00:00,,MLB_ODDS_API_MARKET_HISTORY.csv,-160,1.5,6584,-165,1.5,2026-09-02 03:08:28.144662+00:00,5,0.0,0.6226415094339622,0.6153846153846154,-0.7256894049346818,0.7256894049346818,9,spread,new york mets,True,True,False,ODDS_API,1.5,"ODDS_API,SGO",2,True
0f008463e07ac89253cf7559eae28606,new york mets,tampa bay rays,betmgm,spreads,Tampa Bay Rays,,,,,,pregame,2026-09-02 22:41:00+00:00,135,-1.5,2026-09-02 12:03:02.767951+00:00,2026-09-02 12:02:55+00:00,,MLB_ODDS_API_MARKET_HISTORY.csv,135,-1.5,6585,135,-1.5,2026-09-02 03:08:28.144670+00:00,0,0.0,0.425531914893617,0.425531914893617,0.0,0.0,9,spread,tampa bay rays,True,False,False,ODDS_API,-1.5,"ODDS_API,SGO",2,True
0f008463e07ac89253cf7559eae28606,new york mets,tampa bay rays,betmgm,totals,Over,,,,,,pregame,2026-09-02 22:41:00+00:00,-110,8.0,2026-09-02 12:03:02.767951+00:00,2026-09-02 12:02:55+00:00,,MLB_ODDS_API_MARKET_HISTORY.csv,-110,8.0,6586,-110,8.0,2026-09-02 03:08:28.144678+00:00,0,0.0,0.5238095238095238,0.5238095238095238,0.0,0.0,9,total,over,True,False,False,ODDS_API,8.0,"ODDS_API,SGO",2,True
0f008463e07ac89253cf7559eae28606,new york mets,tampa bay rays,betmgm,totals,Under,,,,,,pregame,2026-09-02 22:41:00+00:00,-110,8.0,2026-09-02 12:03:02.767951+00:00,2026-09-02 12:02:55+00:00,,MLB_ODDS_API_MARKET_HISTORY.csv,-110,8.0,6587,-110,8.0,2026-09-02 03:08:28.144686+00:00,0,0.0,0.5238095238095238,0.5238095238095238,0.0,0.0,9,total,under,True,False,False,ODDS_API,8.0,"ODDS_API,SGO",2,True
0f008463e07ac89253cf7559eae28606,new york mets,tampa bay rays,betonlineag,h2h,New York Mets,,,,,,pregame,2026-09-02 22:41:00+00:00,140,,2026-09-02 12:03:02.767951+00:00,2026-09-02 12:02:12+00:00,,MLB_ODDS_API_MARKET_HISTORY.csv,140,,6594,145,,2026-09-02 03:08:28.144743+00:00,-5,,0.4081632653061224,0.4166666666666667,0.8503401360544227,0.8503401360544227,9,moneyline,new york mets,True,True,False,ODDS_API,,ODDS_API,1,False
0f008463e07ac89253cf7559eae28606,new york mets,tampa bay rays,betonlineag,h2h,Tampa Bay Rays,,,,,,pregame,2026-09-02 22:41:00+00:00,-155,,2026-09-02 12:03:02.767951+00:00,2026-09-02 12:02:12+00:00,,MLB_ODDS_API_MARKET_HISTORY.csv,-155,,6595,-160,,2026-09-02 03:08:28.144751+00:00,5,,0.6153846153846154,0.6078431372549019,-0.7541478129713508,0.7541478129713508,9,moneyline,tampa bay rays,True,True,False,ODDS_API,,ODDS_API,1,False
0f008463e07ac89253cf7559eae28606,new york mets,tampa bay rays,betonlineag,spreads,New York Mets,,,,,,pregame,2026-09-02 22:41:00+00:00,-156,1.5,2026-09-02 12:03:02.767951+00:00,2026-09-02 12:02:12+00:00,,MLB_ODDS_API_MARKET_HISTORY.csv,-156,1.5,6596,-155,1.5,2026-09-02 03:08:28.144759+00:00,-1,0.0,0.6078431372549019,0.609375,0.1531862745098089,0.1531862745098089,9,spread,new york mets,True,True,False,ODDS_API,1.5,ODDS_API,1,False
0f008463e07ac89253cf7559eae28606,new york mets,tampa bay rays,betonlineag,spreads,Tampa Bay Rays,,,,,,pregame,2026-09-02 22:41:00+00:00,136,-1.5,2026-09-02 12:03:02.767951+00:00,2026-09-02 12:02:12+00:00,,MLB_ODDS_API_MARKET_HISTORY.csv,136,-1.5,6597,135,-1.5,2026-09-02 03:08:28.144767+00:00,1,0.0,0.425531914893617,0.423728813559322,-0.1803101334295009,0.1803101334295009,9,spread,tampa bay rays,True,True,False,ODDS_API,-1.5,ODDS_API,1,False
0f008463e07ac89253cf7559eae28606,new york mets,tampa bay rays,betonlineag,totals,Over,,,,,,pregame,2026-09-02 22:41:00+00:00,-114,8.0,2026-09-02 12:03:02.767951+00:00,2026-09-02 12:02:12+00:00,,MLB_ODDS_API_MARKET_HISTORY.csv,-114,8.0,6598,-117,8.0,2026-09-02 03:08:28.144775+00:00,3,0.0,0.5391705069124424,0.5327102803738317,-0.6460226538610669,0.6460226538610669,9,total,over,True,True,False,ODDS_API,8.0,ODDS_API,1,False
0f008463e07ac89253cf7559eae28606,new york mets,tampa bay rays,betonlineag,totals,Under,,,,,,pregame,2026-09-02 22:41:00+00:00,-106,8.0,2026-09-02 12:03:02.767951+00:00,2026-09-02 12:02:12+00:00,,MLB_ODDS_API_MARKET_HISTORY.csv,-106,8.0,6599,-103,8.0,2026-09-02 03:08:28.144784+00:00,-3,0.0,0.5073891625615764,0.5145631067961165,0.7173944234540097,0.7173944234540097,9,total,under,True,True,False,ODDS_API,8.0,ODDS_API,1,False
0f008463e07ac89253cf7559eae28606,new york mets,tampa bay rays,betrivers,h2h,New York Mets,,,,,,pregame,2026-09-02 22:41:00+00:00,135,,2026-09-02 12:03:02.767951+00:00,2026-09-02 12:02:55+00:00,,MLB_ODDS_API_MARKET_HISTORY.csv,135,,6570,138,,2026-09-02 03:08:28.144547+00:00,-3,,0.4201680672268907,0.425531914893617,0.5363847666726262,0.5363847666726262,9,moneyline,new york mets,True,True,False,ODDS_API,,ODDS_API,1,False
0f008463e07ac89253cf7559eae28606,new york mets,tampa bay rays,betrivers,h2h,Tampa Bay Rays,,,,,,pregame,2026-09-02 22:41:00+00:00,-162,,2026-09-02 12:03:02.767951+00:00,2026-09-02 12:02:55+00:00,,MLB_ODDS_API_MARKET_HISTORY.csv,-162,,6571,-167,,2026-09-02 03:08:28.144555+00:00,5,,0.6254681647940075,0.6183206106870229,-0.7147554106984533,0.7147554106984533,9,moneyline,tampa bay rays,True,True,False,ODDS_API,,ODDS_API,1,False
0f008463e07ac89253cf7559eae28606,new york mets,tampa bay rays,betrivers,spreads,New York Mets,,,,,,pregame,2026-09-02 22:41:00+00:00,-108,1.0,2026-09-02 12:03:02.767951+00:00,2026-09-02 12:02:55+00:00,,MLB_ODDS_API_MARKET_HISTORY.csv,-108,1.0,6572,-157,1.5,2026-09-02 03:08:28.144563+00:00,49,-0.5,0.6108949416342413,0.5192307692307693,-9.166417240347204,9.166417240347204,9,spread,new york mets,True,True,True,ODDS_API,1.0,ODDS_API,1,False
0f008463e07ac89253cf7559eae28606,new york mets,tampa bay rays,betrivers,spreads,Tampa Bay Rays,,,,,,pregame,2026-09-02 22:41:00+00:00,-113,-1.0,2026-09-02 12:03:02.767951+00:00,2026-09-02 12:02:55+00:00,,MLB_ODDS_API_MARKET_HISTORY.csv,-113,-1.0,6573,128,-1.5,2026-09-02 03:08:28.144571+00:00,-241,0.5,0.4385964912280701,0.5305164319248826,9.191994069681249,9.191994069681249,9,spread,tampa bay rays,True,True,True,ODDS_API,-1.0,ODDS_API,1,False
0f008463e07ac89253cf7559eae28606,new york mets,tampa bay rays,betrivers,totals,Over,,,,,,pregame,2026-09-02 22:41:00+00:00,104,8.5,2026-09-02 12:03:02.767951+00:00,2026-09-02 12:02:55+00:00,,MLB_ODDS_API_MARKET_HISTORY.csv,104,8.5,6574,-118,8.0,2026-09-02 03:08:28.144580+00:00,222,0.5,0.5412844036697247,0.4901960784313725,-5.108832523835222,5.108832523835222,9,total,over,True,True,True,ODDS_API,8.5,ODDS_API,1,False
0f008463e07ac89253cf7559eae28606,new york mets,tampa bay rays,betrivers,totals,Under,,,,,,pregame,2026-09-02 22:41:00+00:00,-127,8.5,2026-09-02 12:03:02.767951+00:00,2026-09-02 12:02:55+00:00,,MLB_ODDS_API_MARKET_HISTORY.csv,-127,8.5,6575,-121,8.0,2026-09-02 03:08:28.144588+00:00,-6,0.5,0.5475113122171946,0.5594713656387665,1.1960053421571917,1.1960053421571917,9,total,under,True,True,True,ODDS_API,8.5,ODDS_API,1,False
0f008463e07ac89253cf7559eae28606,new york mets,tampa bay rays,betus,h2h,New York Mets,,,,,,pregame,2026-09-02 22:41:00+00:00,138,,2026-09-02 12:03:02.767951+00:00,2026-09-02 12:02:54+00:00,,MLB_ODDS_API_MARKET_HISTORY.csv,138,,6600,142,,2026-09-02 08:15:44.143645+00:00,-4,,0.4132231404958678,0.4201680672268907,0.6944926731022982,0.6944926731022982,8,moneyline,new york mets,True,True,False,ODDS_API,,ODDS_API,1,False
0f008463e07ac89253cf7559eae28606,new york mets,tampa bay rays,betus,h2h,Tampa Bay Rays,,,,,,pregame,2026-09-02 22:41:00+00:00,-155,,2026-09-02 12:03:02.767951+00:00,2026-09-02 12:02:54+00:00,,MLB_ODDS_API_MARKET_HISTORY.csv,-155,,6601,-160,,2026-09-02 08:15:44.143645+00:00,5,,0.6153846153846154,0.6078431372549019,-0.7541478129713508,0.7541478129713508,8,moneyline,tampa bay rays,True,True,False,ODDS_API,,ODDS_API,1,False
0f008463e07ac89253cf7559eae28606,new york mets,tampa bay rays,betus,spreads,New York Mets,,,,,,pregame,2026-09-02 22:41:00+00:00,-155,1.5,2026-09-02 12:03:02.767951+00:00,2026-09-02 12:02:54+00:00,,MLB_ODDS_API_MARKET_HISTORY.csv,-155,1.5,6602,-155,1.5,2026-09-02 08:15:44.143645+00:00,0,0.0,0.6078431372549019,0.6078431372549019,0.0,0.0,8,spread,new york mets,True,False,False,ODDS_API,1.5,ODDS_API,1,False
0f008463e07ac89253cf7559eae28606,new york mets,tampa bay rays,betus,spreads,Tampa Bay Rays,,,,,,pregame,2026-09-02 22:41:00+00:00,135,-1.5,2026-09-02 12:03:02.767951+00:00,2026-09-02 12:02:54+00:00,,MLB_ODDS_API_MARKET_HISTORY.csv,135,-1.5,6603,135,-1.5,2026-09-02 08:15:44.143645+00:00,0,0.0,0.425531914893617,0.425531914893617,0.0,0.0,8,spread,tampa bay rays,True,False,False,ODDS_API,-1.5,ODDS_API,1,False
0f008463e07ac89253cf7559eae28606,new york mets,tampa bay rays,betus,totals,Over,,,,,,pregame,2026-09-02 22:41:00+00:00,-115,8.0,2026-09-02 12:03:02.767951+00:00,2026-09-02 12:02:54+00:00,,MLB_ODDS_API_MARKET_HISTORY.csv,-115,8.0,6604,-115,8.0,2026-09-02 08:15:44.143645+00:00,0,0.0,0.5348837209302325,0.5348837209302325,0.0,0.0,8,total,over,True,False,False,ODDS_API,8.0,ODDS_API,1,False
0f008463e07ac89253cf7559eae28606,new york mets,tampa bay rays,betus,totals,Under,,,,,,pregame,2026-09-02 22:41:00+00:00,-105,8.0,2026-09-02 12:03:02.767951+00:00,2026-09-02 12:02:54+00:00,,MLB_ODDS_API_MARKET_HISTORY.csv,-105,8.0,6605,-105,8.0,2026-09-02 08:15:44.143645+00:00,0,0.0,0.5121951219512195,0.5121951219512195,0.0,0.0,8,total,under,True,False,False,ODDS_API,8.0,ODDS_API,1,False
0f008463e07ac89253cf7559eae28606,new york mets,tampa bay rays,bovada,h2h,New York Mets,,,,,,pregame,2026-09-02 22:41:00+00:00,136,,2026-09-02 12:03:02.767951+00:00,2026-09-02 12:01:49+00:00,,MLB_ODDS_API_MARKET_HISTORY.csv,136,,6558,136,,2026-09-02 03:08:28.144446+00:00,0,,0.423728813559322,0.423728813559322,0.0,0.0,9,moneyline,new york mets,True,False,False,ODDS_API,,"ODDS_API,SGO",2,True
0f008463e07ac89253cf7559eae28606,new york mets,tampa bay rays,bovada,h2h,Tampa Bay Rays,,,,,,pregame,2026-09-02 22:41:00+00:00,-162,,2026-09-02 12:03:02.767951+00:00,2026-09-02 12:01:49+00:00,,MLB_ODDS_API_MARKET_HISTORY.csv,-162,,6559,-162,,2026-09-02 03:08:28.144454+00:00,0,,0.6183206106870229,0.6183206106870229,0.0,0.0,9,moneyline,tampa bay rays,True,False,False,ODDS_API,,"ODDS_API,SGO",2,True
0f008463e07ac89253cf7559eae28606,new york mets,tampa bay rays,bovada,spreads,New York Mets,,,,,,pregame,2026-09-02 22:41:00+00:00,-160,1.5,2026-09-02 12:03:02.767951+00:00,2026-09-02 12:01:49+00:00,,MLB_ODDS_API_MARKET_HISTORY.csv,-160,1.5,6560,-170,1.5,2026-09-02 03:08:28.144462+00:00,10,0.0,0.6296296296296297,0.6153846153846154,-1.4245014245014231,1.4245014245014231,9,spread,new york mets,True,True,False,ODDS_API,1.5,"ODDS_API,SGO",2,True
0f008463e07ac89253cf7559eae28606,new york mets,tampa bay rays,bovada,spreads,Tampa Bay Rays,,,,,,pregame,2026-09-02 22:41:00+00:00,135,-1.5,2026-09-02 12:03:02.767951+00:00,2026-09-02 12:01:49+00:00,,MLB_ODDS_API_MARKET_HISTORY.csv,135,-1.5,6561,145,-1.5,2026-09-02 03:08:28.144470+00:00,-10,0.0,0.4081632653061224,0.425531914893617,1.736864958749457,1.736864958749457,9,spread,tampa bay rays,True,True,False,ODDS_API,-1.5,"ODDS_API,SGO",2,True
6Hnii8ATTbBIpI9px7Bj,new york mets,tampa bay rays,bovada,ou,over,,,points,points-away-game-ou-over,game,pregame,2026-09-02 22:40:00+00:00,-105,3.5,2026-09-02 12:03:02.122557+00:00,2026-09-02 12:00:54.377000+00:00,1.0,MLB_SGO_MARKET_HISTORY.csv,-105,3.5,297057,-105,3.5,2026-09-02 03:08:27.481877+00:00,0,0.0,0.5121951219512195,0.5121951219512195,0.0,0.0,9,total,over,True,False,False,SGO,3.5,SGO,1,False
6Hnii8ATTbBIpI9px7Bj,new york mets,tampa bay rays,bovada,ou,over,,,points,points-home-game-ou-over,game,pregame,2026-09-02 22:40:00+00:00,105,4.5,2026-09-02 12:03:02.122557+00:00,2026-09-02 12:00:54.377000+00:00,1.0,MLB_SGO_MARKET_HISTORY.csv,105,4.5,297078,105,4.5,2026-09-02 03:08:27.481917+00:00,0,0.0,0.4878048780487805,0.4878048780487805,0.0,0.0,9,total,over,True,False,False,SGO,4.5,SGO,1,False
0f008463e07ac89253cf7559eae28606,new york mets,tampa bay rays,bovada,totals,Over,,,,,,pregame,2026-09-02 22:41:00+00:00,-110,8.0,2026-09-02 12:03:02.767951+00:00,2026-09-02 12:01:49+00:00,,MLB_ODDS_API_MARKET_HISTORY.csv,-110,8.0,6562,-110,8.0,2026-09-02 03:08:28.144478+00:00,0,0.0,0.5238095238095238,0.5238095238095238,0.0,0.0,9,total,over,True,False,False,ODDS_API,8.0,"ODDS_API,SGO",2,True
6Hnii8ATTbBIpI9px7Bj,new york mets,tampa bay rays,bovada,ou,under,,,points,points-away-game-ou-under,game,pregame,2026-09-02 22:40:00+00:00,-125,3.5,2026-09-02 12:03:02.122557+00:00,2026-09-02 12:00:54.377000+00:00,1.0,MLB_SGO_MARKET_HISTORY.csv,-125,3.5,297062,-125,3.5,2026-09-02 03:08:27.481887+00:00,0,0.0,0.5555555555555556,0.5555555555555556,0.0,0.0,9,total,under,True,False,False,SGO,3.5,SGO,1,False
6Hnii8ATTbBIpI9px7Bj,new york mets,tampa bay rays,bovada,ou,under,,,points,points-home-game-ou-under,game,pregame,2026-09-02 22:40:00+00:00,-135,4.5,2026-09-02 12:03:02.122557+00:00,2026-09-02 12:00:54.377000+00:00,1.0,MLB_SGO_MARKET_HISTORY.csv,-135,4.5,297083,-135,4.5,2026-09-02 03:08:27.481927+00:00,0,0.0,0.574468085106383,0.574468085106383,0.0,0.0,9,total,under,True,False,False,SGO,4.5,SGO,1,False
0f008463e07ac89253cf7559eae28606,new york mets,tampa bay rays,bovada,totals,Under,,,,,,pregame,2026-09-02 22:41:00+00:00,-110,8.0,2026-09-02 12:03:02.767951+00:00,2026-09-02 12:01:49+00:00,,MLB_ODDS_API_MARKET_HISTORY.csv,-110,8.0,6563,-110,8.0,2026-09-02 03:08:28.144489+00:00,0,0.0,0.5238095238095238,0.5238095238095238,0.0,0.0,9,total,under,True,False,False,ODDS_API,8.0,"ODDS_API,SGO",2,True
6Hnii8ATTbBIpI9px7Bj,new york mets,tampa bay rays,caesars,ml,away,,,points,points-away-game-ml-away,game,pregame,2026-09-02 22:40:00+00:00,147,,2026-09-02 12:03:02.122557+00:00,2026-09-02 11:58:40.772000+00:00,1.0,MLB_SGO_MARKET_HISTORY.csv,147,,296983,147,,2026-09-02 03:08:27.481706+00:00,0,,0.4048582995951417,0.4048582995951417,0.0,0.0,9,moneyline,new york mets,True,False,False,SGO,,SGO,1,False
6Hnii8ATTbBIpI9px7Bj,new york mets,tampa bay rays,caesars,ml,home,,,points,points-home-game-ml-home,game,pregame,2026-09-02 22:40:00+00:00,-157,,2026-09-02 12:03:02.122557+00:00,2026-09-02 11:58:40.772000+00:00,1.0,MLB_SGO_MARKET_HISTORY.csv,-157,,296992,-157,,2026-09-02 03:08:27.481728+00:00,0,,0.6108949416342413,0.6108949416342413,0.0,0.0,9,moneyline,tampa bay rays,True,False,False,SGO,,SGO,1,False
6Hnii8ATTbBIpI9px7Bj,new york mets,tampa bay rays,caesars,sp,away,,,points,points-away-game-sp-away,game,pregame,2026-09-02 22:40:00+00:00,-160,1.5,2026-09-02 12:03:02.122557+00:00,2026-09-02 11:58:40.772000+00:00,1.0,MLB_SGO_MARKET_HISTORY.csv,-160,1.5,297016,-160,1.5,2026-09-02 03:08:27.481790+00:00,0,0.0,0.6153846153846154,0.6153846153846154,0.0,0.0,9,spread,new york mets,True,False,False,SGO,1.5,SGO,1,False
6Hnii8ATTbBIpI9px7Bj,new york mets,tampa bay rays,caesars,sp,home,,,points,points-home-game-sp-home,game,pregame,2026-09-02 22:40:00+00:00,135,-1.5,2026-09-02 12:03:02.122557+00:00,2026-09-02 11:58:40.772000+00:00,1.0,MLB_SGO_MARKET_HISTORY.csv,135,-1.5,297024,135,-1.5,2026-09-02 03:08:27.481812+00:00,0,0.0,0.425531914893617,0.425531914893617,0.0,0.0,9,spread,tampa bay rays,True,False,False,SGO,-1.5,SGO,1,False
6Hnii8ATTbBIpI9px7Bj,new york mets,tampa bay rays,caesars,ou,over,,,points,points-away-game-ou-over,game,pregame,2026-09-02 22:40:00+00:00,-105,3.5,2026-09-02 12:03:02.122557+00:00,2026-09-02 12:01:27.377000+00:00,1.0,MLB_SGO_MARKET_HISTORY.csv,-105,3.5,297056,-105,3.5,2026-09-02 03:08:27.481874+00:00,0,0.0,0.5121951219512195,0.5121951219512195,0.0,0.0,9,total,over,True,False,False,SGO,3.5,SGO,1,False
6Hnii8ATTbBIpI9px7Bj,new york mets,tampa bay rays,caesars,ou,over,,,points,points-home-game-ou-over,game,pregame,2026-09-02 22:40:00+00:00,105,4.5,2026-09-02 12:03:02.122557+00:00,2026-09-02 12:01:27.377000+00:00,1.0,MLB_SGO_MARKET_HISTORY.csv,105,4.5,297077,105,4.5,2026-09-02 03:08:27.481914+00:00,0,0.0,0.4878048780487805,0.4878048780487805,0.0,0.0,9,total,over,True,False,False,SGO,4.5,SGO,1,False
6Hnii8ATTbBIpI9px7Bj,new york mets,tampa bay rays,caesars,ou,over,,,points,points-all-game-ou-over,game,pregame,2026-09-02 22:40:00+00:00,-110,8.0,2026-09-02 12:03:02.122557+00:00,2026-09-02 11:58:40.772000+00:00,1.0,MLB_SGO_MARKET_HISTORY.csv,-110,8.0,297001,-110,8.0,2026-09-02 03:08:27.481750+00:00,0,0.0,0.5238095238095238,0.5238095238095238,0.0,0.0,9,total,over,True,False,False,SGO,8.0,SGO,1,False
6Hnii8ATTbBIpI9px7Bj,new york mets,tampa bay rays,caesars,ou,under,,,points,points-away-game-ou-under,game,pregame,2026-09-02 22:40:00+00:00,-120,3.5,2026-09-02 12:03:02.122557+00:00,2026-09-02 12:01:27.377000+00:00,1.0,MLB_SGO_MARKET_HISTORY.csv,-120,3.5,297061,-120,3.5,2026-09-02 03:08:27.481885+00:00,0,0.0,0.5454545454545454,0.5454545454545454,0.0,0.0,9,total,under,True,False,False,SGO,3.5,SGO,1,False
6Hnii8ATTbBIpI9px7Bj,new york mets,tampa bay rays,caesars,ou,under,,,points,points-home-game-ou-under,game,pregame,2026-09-02 22:40:00+00:00,-137,4.5,2026-09-02 12:03:02.122557+00:00,2026-09-02 12:01:27.377000+00:00,1.0,MLB_SGO_MARKET_HISTORY.csv,-137,4.5,297082,-137,4.5,2026-09-02 03:08:27.481925+00:00,0,0.0,0.5780590717299579,0.5780590717299579,0.0,0.0,9,total,under,True,False,False,SGO,4.5,SGO,1,False
6Hnii8ATTbBIpI9px7Bj,new york mets,tampa bay rays,caesars,ou,under,,,points,points-all-game-ou-under,game,pregame,2026-09-02 22:40:00+00:00,-110,8.0,2026-09-02 12:03:02.122557+00:00,2026-09-02 11:58:40.772000+00:00,1.0,MLB_SGO_MARKET_HISTORY.csv,-110,8.0,297009,-110,8.0,2026-09-02 03:08:27.481771+00:00,0,0.0,0.5238095238095238,0.5238095238095238,0.0,0.0,9,total,under,True,False,False,SGO,8.0,SGO,1,False
0f008463e07ac89253cf7559eae28606,new york mets,tampa bay rays,draftkings,h2h,New York Mets,,,,,,pregame,2026-09-02 22:41:00+00:00,138,,2026-09-02 12:03:02.767951+00:00,2026-09-02 12:02:54+00:00,,MLB_ODDS_API_MARKET_HISTORY.csv,138,,6576,141,,2026-09-02 03:08:28.144596+00:00,-3,,0.4149377593360996,0.4201680672268907,0.5230307890791153,0.5230307890791153,9,moneyline,new york mets,True,True,False,ODDS_API,,"ODDS_API,SGO",2,True
0f008463e07ac89253cf7559eae28606,new york mets,tampa bay rays,draftkings,h2h,Tampa Bay Rays,,,,,,pregame,2026-09-02 22:41:00+00:00,-167,,2026-09-02 12:03:02.767951+00:00,2026-09-02 12:02:54+00:00,,MLB_ODDS_API_MARKET_HISTORY.csv,-167,,6577,-171,,2026-09-02 03:08:28.144604+00:00,4,,0.6309963099630996,0.6254681647940075,-0.5528145169092169,0.5528145169092169,9,moneyline,tampa bay rays,True,True,False,ODDS_API,,"ODDS_API,SGO",2,True
0f008463e07ac89253cf7559eae28606,new york mets,tampa bay rays,draftkings,spreads,New York Mets,,,,,,pregame,2026-09-02 22:41:00+00:00,-158,1.5,2026-09-02 12:03:02.767951+00:00,2026-09-02 12:02:54+00:00,,MLB_ODDS_API_MARKET_HISTORY.csv,-158,1.5,6578,-163,1.5,2026-09-02 03:08:28.144612+00:00,5,0.0,0.6197718631178707,0.6124031007751938,-0.7368762342676916,0.7368762342676916,9,spread,new york mets,True,True,False,ODDS_API,1.5,"ODDS_API,SGO",2,True
0f008463e07ac89253cf7559eae28606,new york mets,tampa bay rays,draftkings,spreads,Tampa Bay Rays,,,,,,pregame,2026-09-02 22:41:00+00:00,131,-1.5,2026-09-02 12:03:02.767951+00:00,2026-09-02 12:02:54+00:00,,MLB_ODDS_API_MARKET_HISTORY.csv,131,-1.5,6579,135,-1.5,2026-09-02 03:08:28.144620+00:00,-4,0.0,0.425531914893617,0.4329004329004329,0.7368518006815872,0.7368518006815872,9,spread,tampa bay rays,True,True,False,ODDS_API,-1.5,"ODDS_API,SGO",2,True
6Hnii8ATTbBIpI9px7Bj,new york mets,tampa bay rays,draftkings,ou,over,,,points,points-away-game-ou-over,game,pregame,2026-09-02 22:40:00+00:00,-110,3.5,2026-09-02 12:03:02.122557+00:00,2026-09-02 11:59:21.819000+00:00,1.0,MLB_SGO_MARKET_HISTORY.csv,-110,3.5,297058,-110,3.5,2026-09-02 08:15:43.454797+00:00,0,0.0,0.5238095238095238,0.5238095238095238,0.0,0.0,8,total,over,True,False,False,SGO,3.5,SGO,1,False
6Hnii8ATTbBIpI9px7Bj,new york mets,tampa bay rays,draftkings,ou,over,,,points,points-home-game-ou-over,game,pregame,2026-09-02 22:40:00+00:00,100,4.5,2026-09-02 12:03:02.122557+00:00,2026-09-02 11:59:21.819000+00:00,1.0,MLB_SGO_MARKET_HISTORY.csv,100,4.5,297079,100,4.5,2026-09-02 08:15:43.454797+00:00,0,0.0,0.5,0.5,0.0,0.0,8,total,over,True,False,False,SGO,4.5,SGO,1,False
0f008463e07ac89253cf7559eae28606,new york mets,tampa bay rays,draftkings,totals,Over,,,,,,pregame,2026-09-02 22:41:00+00:00,-113,8.0,2026-09-02 12:03:02.767951+00:00,2026-09-02 12:02:54+00:00,,MLB_ODDS_API_MARKET_HISTORY.csv,-113,8.0,6580,-112,8.0,2026-09-02 03:08:28.144629+00:00,-1,0.0,0.5283018867924528,0.5305164319248826,0.2214545132429801,0.2214545132429801,9,total,over,True,True,False,ODDS_API,8.0,"ODDS_API,SGO",2,True
6Hnii8ATTbBIpI9px7Bj,new york mets,tampa bay rays,draftkings,ou,under,,,points,points-away-game-ou-under,game,pregame,2026-09-02 22:40:00+00:00,-120,3.5,2026-09-02 12:03:02.122557+00:00,2026-09-02 11:59:21.819000+00:00,1.0,MLB_SGO_MARKET_HISTORY.csv,-120,3.5,297063,-120,3.5,2026-09-02 08:15:43.454797+00:00,0,0.0,0.5454545454545454,0.5454545454545454,0.0,0.0,8,total,under,True,False,False,SGO,3.5,SGO,1,False
6Hnii8ATTbBIpI9px7Bj,new york mets,tampa bay rays,draftkings,ou,under,,,points,points-home-game-ou-under,game,pregame,2026-09-02 22:40:00+00:00,-130,4.5,2026-09-02 12:03:02.122557+00:00,2026-09-02 11:59:21.819000+00:00,1.0,MLB_SGO_MARKET_HISTORY.csv,-130,4.5,297084,-130,4.5,2026-09-02 08:15:43.454797+00:00,0,0.0,0.5652173913043478,0.5652173913043478,0.0,0.0,8,total,under,True,False,False,SGO,4.5,SGO,1,False
0f008463e07ac89253cf7559eae28606,new york mets,tampa bay rays,draftkings,totals,Under,,,,,,pregame,2026-09-02 22:41:00+00:00,-107,8.0,2026-09-02 12:03:02.767951+00:00,2026-09-02 12:02:54+00:00,,MLB_ODDS_API_MARKET_HISTORY.csv,-107,8.0,6581,-108,8.0,2026-09-02 03:08:28.144637+00:00,1,0.0,0.5192307692307693,0.5169082125603864,-0.2322556670382836,0.2322556670382836,9,total,under,True,True,False,ODDS_API,8.0,"ODDS_API,SGO",2,True
6Hnii8ATTbBIpI9px7Bj,new york mets,tampa bay rays,espnbet,ml,away,,,points,points-away-game-ml-away,game,pregame,2026-09-02 22:40:00+00:00,140,,2026-09-02 12:03:02.122557+00:00,2026-09-02 11:59:13.272000+00:00,1.0,MLB_SGO_MARKET_HISTORY.csv,140,,296981,145,,2026-09-02 03:08:27.481701+00:00,-5,,0.4081632653061224,0.4166666666666667,0.8503401360544227,0.8503401360544227,9,moneyline,new york mets,True,True,False,SGO,,SGO,1,False
6Hnii8ATTbBIpI9px7Bj,new york mets,tampa bay rays,espnbet,ml,home,,,points,points-home-game-ml-home,game,pregame,2026-09-02 22:40:00+00:00,-165,,2026-09-02 12:03:02.122557+00:00,2026-09-02 11:59:13.272000+00:00,1.0,MLB_SGO_MARKET_HISTORY.csv,-165,,296990,-170,,2026-09-02 03:08:27.481723+00:00,5,,0.6296296296296297,0.6226415094339622,-0.6988120195667413,0.6988120195667413,9,moneyline,tampa bay rays,True,True,False,SGO,,SGO,1,False
6Hnii8ATTbBIpI9px7Bj,new york mets,tampa bay rays,espnbet,sp,away,,,points,points-away-game-sp-away,game,pregame,2026-09-02 22:40:00+00:00,-160,1.5,2026-09-02 12:03:02.122557+00:00,2026-09-02 11:59:13.272000+00:00,1.0,MLB_SGO_MARKET_HISTORY.csv,-160,1.5,297014,-165,1.5,2026-09-02 03:08:27.481785+00:00,5,0.0,0.6226415094339622,0.6153846153846154,-0.7256894049346818,0.7256894049346818,9,spread,new york mets,True,True,False,SGO,1.5,SGO,1,False
6Hnii8ATTbBIpI9px7Bj,new york mets,tampa bay rays,espnbet,sp,home,,,points,points-home-game-sp-home,game,pregame,2026-09-02 22:40:00+00:00,135,-1.5,2026-09-02 12:03:02.122557+00:00,2026-09-02 11:59:13.272000+00:00,1.0,MLB_SGO_MARKET_HISTORY.csv,135,-1.5,297022,140,-1.5,2026-09-02 03:08:27.481806+00:00,-5,0.0,0.4166666666666667,0.425531914893617,0.886524822695034,0.886524822695034,9,spread,tampa bay rays,True,True,False,SGO,-1.5,SGO,1,False
6Hnii8ATTbBIpI9px7Bj,new york mets,tampa bay rays,espnbet,ou,over,,,points,points-away-game-ou-over,game,pregame,2026-09-02 22:40:00+00:00,400,6.5,2026-09-02 12:03:02.122557+00:00,2026-09-02 00:29:58.320000+00:00,0.0,MLB_SGO_MARKET_HISTORY.csv,400,6.5,297055,400,6.5,2026-09-02 03:08:27.481871+00:00,0,0.0,0.2,0.2,0.0,0.0,9,total,over,True,False,False,SGO,6.5,SGO,1,False
6Hnii8ATTbBIpI9px7Bj,new york mets,tampa bay rays,espnbet,ou,over,,,points,points-home-game-ou-over,game,pregame,2026-09-02 22:40:00+00:00,475,7.5,2026-09-02 12:03:02.122557+00:00,2026-09-02 00:35:35.224000+00:00,0.0,MLB_SGO_MARKET_HISTORY.csv,475,7.5,297076,475,7.5,2026-09-02 03:08:27.481911+00:00,0,0.0,0.1739130434782608,0.1739130434782608,0.0,0.0,9,total,over,True,False,False,SGO,7.5,SGO,1,False
6Hnii8ATTbBIpI9px7Bj,new york mets,tampa bay rays,espnbet,ou,over,,,points,points-all-game-ou-over,game,pregame,2026-09-02 22:40:00+00:00,110,8.5,2026-09-02 12:03:02.122557+00:00,2026-09-02 11:59:13.272000+00:00,1.0,MLB_SGO_MARKET_HISTORY.csv,110,8.5,296998,110,8.5,2026-09-02 03:08:27.481742+00:00,0,0.0,0.4761904761904761,0.4761904761904761,0.0,0.0,9,total,over,True,False,False,SGO,8.5,SGO,1,False
6Hnii8ATTbBIpI9px7Bj,new york mets,tampa bay rays,espnbet,ou,under,,,points,points-away-game-ou-under,game,pregame,2026-09-02 22:40:00+00:00,-650,6.5,2026-09-02 12:03:02.122557+00:00,2026-09-02 00:29:58.320000+00:00,0.0,MLB_SGO_MARKET_HISTORY.csv,-650,6.5,297060,-650,6.5,2026-09-02 03:08:27.481882+00:00,0,0.0,0.8666666666666667,0.8666666666666667,0.0,0.0,9,total,under,True,False,False,SGO,6.5,SGO,1,False
6Hnii8ATTbBIpI9px7Bj,new york mets,tampa bay rays,espnbet,ou,under,,,points,points-home-game-ou-under,game,pregame,2026-09-02 22:40:00+00:00,-800,7.5,2026-09-02 12:03:02.122557+00:00,2026-09-02 00:35:35.224000+00:00,0.0,MLB_SGO_MARKET_HISTORY.csv,-800,7.5,297081,-800,7.5,2026-09-02 03:08:27.481922+00:00,0,0.0,0.8888888888888888,0.8888888888888888,0.0,0.0,9,total,under,True,False,False,SGO,7.5,SGO,1,False
6Hnii8ATTbBIpI9px7Bj,new york mets,tampa bay rays,espnbet,ou,under,,,points,points-all-game-ou-under,game,pregame,2026-09-02 22:40:00+00:00,-130,8.5,2026-09-02 12:03:02.122557+00:00,2026-09-02 11:59:13.272000+00:00,1.0,MLB_SGO_MARKET_HISTORY.csv,-130,8.5,297006,-130,8.5,2026-09-02 03:08:27.481763+00:00,0,0.0,0.5652173913043478,0.5652173913043478,0.0,0.0,9,total,under,True,False,False,SGO,8.5,SGO,1,False
0f008463e07ac89253cf7559eae28606,new york mets,tampa bay rays,fanduel,h2h,New York Mets,,,,,,pregame,2026-09-02 22:41:00+00:00,138,,2026-09-02 12:03:02.767951+00:00,2026-09-02 12:02:37+00:00,,MLB_ODDS_API_MARKET_HISTORY.csv,138,,6552,136,,2026-09-02 03:08:28.144397+00:00,2,,0.423728813559322,0.4201680672268907,-0.3560746332431252,0.3560746332431252,9,moneyline,new york mets,True,True,False,ODDS_API,,"ODDS_API,SGO",2,True
0f008463e07ac89253cf7559eae28606,new york mets,tampa bay rays,fanduel,h2h,Tampa Bay Rays,,,,,,pregame,2026-09-02 22:41:00+00:00,-164,,2026-09-02 12:03:02.767951+00:00,2026-09-02 12:02:37+00:00,,MLB_ODDS_API_MARKET_HISTORY.csv,-164,,6553,-162,,2026-09-02 03:08:28.144405+00:00,-2,,0.6183206106870229,0.6212121212121212,0.2891510525098284,0.2891510525098284,9,moneyline,tampa bay rays,True,True,False,ODDS_API,,"ODDS_API,SGO",2,True
0f008463e07ac89253cf7559eae28606,new york mets,tampa bay rays,fanduel,spreads,New York Mets,,,,,,pregame,2026-09-02 22:41:00+00:00,-156,1.5,2026-09-02 12:03:02.767951+00:00,2026-09-02 12:02:37+00:00,,MLB_ODDS_API_MARKET_HISTORY.csv,-156,1.5,6554,-172,1.5,2026-09-02 03:08:28.144413+00:00,16,0.0,0.6323529411764706,0.609375,-2.297794117647056,2.297794117647056,9,spread,new york mets,True,True,False,ODDS_API,1.5,"ODDS_API,SGO",2,True
0f008463e07ac89253cf7559eae28606,new york mets,tampa bay rays,fanduel,spreads,Tampa Bay Rays,,,,,,pregame,2026-09-02 22:41:00+00:00,130,-1.5,2026-09-02 12:03:02.767951+00:00,2026-09-02 12:02:37+00:00,,MLB_ODDS_API_MARKET_HISTORY.csv,130,-1.5,6555,142,-1.5,2026-09-02 03:08:28.144421+00:00,-12,0.0,0.4132231404958678,0.4347826086956521,2.155946819978438,2.155946819978438,9,spread,tampa bay rays,True,True,False,ODDS_API,-1.5,"ODDS_API,SGO",2,True
6Hnii8ATTbBIpI9px7Bj,new york mets,tampa bay rays,fanduel,ou,over,,,points,points-away-game-ou-over,game,pregame,2026-09-02 22:40:00+00:00,-106,3.5,2026-09-02 12:03:02.122557+00:00,2026-09-02 11:59:36.693000+00:00,1.0,MLB_SGO_MARKET_HISTORY.csv,-106,3.5,297054,-108,3.5,2026-09-02 03:08:27.481868+00:00,2,0.0,0.5192307692307693,0.5145631067961165,-0.4667662434652775,0.4667662434652775,9,total,over,True,True,False,SGO,3.5,SGO,1,False
6Hnii8ATTbBIpI9px7Bj,new york mets,tampa bay rays,fanduel,ou,over,,,points,points-home-game-ou-over,game,pregame,2026-09-02 22:40:00+00:00,110,4.5,2026-09-02 12:03:02.122557+00:00,2026-09-02 11:59:36.693000+00:00,1.0,MLB_SGO_MARKET_HISTORY.csv,110,4.5,297075,108,4.5,2026-09-02 03:08:27.481909+00:00,2,0.0,0.4807692307692308,0.4761904761904761,-0.4578754578754618,0.4578754578754618,9,total,over,True,True,False,SGO,4.5,SGO,1,False
0f008463e07ac89253cf7559eae28606,new york mets,tampa bay rays,fanduel,totals,Over,,,,,,pregame,2026-09-02 22:41:00+00:00,-110,8.0,2026-09-02 12:03:02.767951+00:00,2026-09-02 12:02:37+00:00,,MLB_ODDS_API_MARKET_HISTORY.csv,-110,8.0,6556,-110,8.0,2026-09-02 03:08:28.144429+00:00,0,0.0,0.5238095238095238,0.5238095238095238,0.0,0.0,9,total,over,True,False,False,ODDS_API,8.0,"ODDS_API,SGO",2,True
6Hnii8ATTbBIpI9px7Bj,new york mets,tampa bay rays,fanduel,ou,under,,,points,points-away-game-ou-under,game,pregame,2026-09-02 22:40:00+00:00,-120,3.5,2026-09-02 12:03:02.122557+00:00,2026-09-02 11:59:36.693000+00:00,1.0,MLB_SGO_MARKET_HISTORY.csv,-120,3.5,297059,-118,3.5,2026-09-02 03:08:27.481879+00:00,-2,0.0,0.5412844036697247,0.5454545454545454,0.4170141784820669,0.4170141784820669,9,total,under,True,True,False,SGO,3.5,SGO,1,False
6Hnii8ATTbBIpI9px7Bj,new york mets,tampa bay rays,fanduel,ou,under,,,points,points-home-game-ou-under,game,pregame,2026-09-02 22:40:00+00:00,-140,4.5,2026-09-02 12:03:02.122557+00:00,2026-09-02 11:59:36.693000+00:00,1.0,MLB_SGO_MARKET_HISTORY.csv,-140,4.5,297080,-138,4.5,2026-09-02 03:08:27.481919+00:00,-2,0.0,0.5798319327731093,0.5833333333333334,0.3501400560224077,0.3501400560224077,9,total,under,True,True,False,SGO,4.5,SGO,1,False
0f008463e07ac89253cf7559eae28606,new york mets,tampa bay rays,fanduel,totals,Under,,,,,,pregame,2026-09-02 22:41:00+00:00,-110,8.0,2026-09-02 12:03:02.767951+00:00,2026-09-02 12:02:37+00:00,,MLB_ODDS_API_MARKET_HISTORY.csv,-110,8.0,6557,-110,8.0,2026-09-02 03:08:28.144437+00:00,0,0.0,0.5238095238095238,0.5238095238095238,0.0,0.0,9,total,under,True,False,False,ODDS_API,8.0,"ODDS_API,SGO",2,True
0f008463e07ac89253cf7559eae28606,new york mets,tampa bay rays,lowvig,h2h,New York Mets,,,,,,pregame,2026-09-02 22:41:00+00:00,140,,2026-09-02 12:03:02.767951+00:00,2026-09-02 12:02:13+00:00,,MLB_ODDS_API_MARKET_HISTORY.csv,140,,6588,145,,2026-09-02 03:08:28.144694+00:00,-5,,0.4081632653061224,0.4166666666666667,0.8503401360544227,0.8503401360544227,9,moneyline,new york mets,True,True,False,ODDS_API,,ODDS_API,1,False
0f008463e07ac89253cf7559eae28606,new york mets,tampa bay rays,lowvig,h2h,Tampa Bay Rays,,,,,,pregame,2026-09-02 22:41:00+00:00,-155,,2026-09-02 12:03:02.767951+00:00,2026-09-02 12:02:13+00:00,,MLB_ODDS_API_MARKET_HISTORY.csv,-155,,6589,-160,,2026-09-02 03:08:28.144702+00:00,5,,0.6153846153846154,0.6078431372549019,-0.7541478129713508,0.7541478129713508,9,moneyline,tampa bay rays,True,True,False,ODDS_API,,ODDS_API,1,False
0f008463e07ac89253cf7559eae28606,new york mets,tampa bay rays,lowvig,spreads,New York Mets,,,,,,pregame,2026-09-02 22:41:00+00:00,-155,1.5,2026-09-02 12:03:02.767951+00:00,2026-09-02 12:02:13+00:00,,MLB_ODDS_API_MARKET_HISTORY.csv,-155,1.5,6590,-154,1.5,2026-09-02 03:08:28.144710+00:00,-1,0.0,0.6062992125984252,0.6078431372549019,0.154392465647668,0.154392465647668,9,spread,new york mets,True,True,False,ODDS_API,1.5,ODDS_API,1,False
0f008463e07ac89253cf7559eae28606,new york mets,tampa bay rays,lowvig,spreads,Tampa Bay Rays,,,,,,pregame,2026-09-02 22:41:00+00:00,137,-1.5,2026-09-02 12:03:02.767951+00:00,2026-09-02 12:02:13+00:00,,MLB_ODDS_API_MARKET_HISTORY.csv,137,-1.5,6591,136,-1.5,2026-09-02 03:08:28.144718+00:00,1,0.0,0.423728813559322,0.4219409282700422,-0.1787885289279811,0.1787885289279811,9,spread,tampa bay rays,True,True,False,ODDS_API,-1.5,ODDS_API,1,False
0f008463e07ac89253cf7559eae28606,new york mets,tampa bay rays,lowvig,totals,Over,,,,,,pregame,2026-09-02 22:41:00+00:00,-112,8.0,2026-09-02 12:03:02.767951+00:00,2026-09-02 12:02:13+00:00,,MLB_ODDS_API_MARKET_HISTORY.csv,-112,8.0,6592,-115,8.0,2026-09-02 03:08:28.144726+00:00,3,0.0,0.5348837209302325,0.5283018867924528,-0.6581834137779685,0.6581834137779685,9,total,over,True,True,False,ODDS_API,8.0,ODDS_API,1,False
0f008463e07ac89253cf7559eae28606,new york mets,tampa bay rays,lowvig,totals,Under,,,,,,pregame,2026-09-02 22:41:00+00:00,-103,8.0,2026-09-02 12:03:02.767951+00:00,2026-09-02 12:02:13+00:00,,MLB_ODDS_API_MARKET_HISTORY.csv,-103,8.0,6593,100,8.0,2026-09-02 03:08:28.144734+00:00,-203,0.0,0.5,0.5073891625615764,0.7389162561576401,0.7389162561576401,9,total,under,True,True,False,ODDS_API,8.0,ODDS_API,1,False
0f008463e07ac89253cf7559eae28606,new york mets,tampa bay rays,mybookieag,h2h,New York Mets,,,,,,pregame,2026-09-02 22:41:00+00:00,138,,2026-09-02 12:03:02.767951+00:00,2026-09-02 12:02:37+00:00,,MLB_ODDS_API_MARKET_HISTORY.csv,138,,6564,140,,2026-09-02 03:08:28.144497+00:00,-2,,0.4166666666666667,0.4201680672268907,0.3501400560224077,0.3501400560224077,9,moneyline,new york mets,True,True,False,ODDS_API,,ODDS_API,1,False
0f008463e07ac89253cf7559eae28606,new york mets,tampa bay rays,mybookieag,h2h,Tampa Bay Rays,,,,,,pregame,2026-09-02 22:41:00+00:00,-163,,2026-09-02 12:03:02.767951+00:00,2026-09-02 12:02:37+00:00,,MLB_ODDS_API_MARKET_HISTORY.csv,-163,,6565,-166,,2026-09-02 03:08:28.144506+00:00,3,,0.6240601503759399,0.6197718631178707,-0.4288287258069179,0.4288287258069179,9,moneyline,tampa bay rays,True,True,False,ODDS_API,,ODDS_API,1,False
0f008463e07ac89253cf7559eae28606,new york mets,tampa bay rays,mybookieag,spreads,New York Mets,,,,,,pregame,2026-09-02 22:41:00+00:00,-153,1.5,2026-09-02 12:03:02.767951+00:00,2026-09-02 12:02:37+00:00,,MLB_ODDS_API_MARKET_HISTORY.csv,-153,1.5,6566,-144,1.5,2026-09-02 03:08:28.144514+00:00,-9,0.0,0.5901639344262295,0.6047430830039525,1.4579148577723022,1.4579148577723022,9,spread,new york mets,True,True,False,ODDS_API,1.5,ODDS_API,1,False
0f008463e07ac89253cf7559eae28606,new york mets,tampa bay rays,mybookieag,spreads,Tampa Bay Rays,,,,,,pregame,2026-09-02 22:41:00+00:00,129,-1.5,2026-09-02 12:03:02.767951+00:00,2026-09-02 12:02:37+00:00,,MLB_ODDS_API_MARKET_HISTORY.csv,129,-1.5,6567,123,-1.5,2026-09-02 03:08:28.144522+00:00,6,0.0,0.4484304932735426,0.4366812227074236,-1.174927056611902,1.174927056611902,9,spread,tampa bay rays,True,True,False,ODDS_API,-1.5,ODDS_API,1,False
0f008463e07ac89253cf7559eae28606,new york mets,tampa bay rays,mybookieag,totals,Over,,,,,,pregame,2026-09-02 22:41:00+00:00,-114,8.0,2026-09-02 12:03:02.767951+00:00,2026-09-02 12:02:37+00:00,,MLB_ODDS_API_MARKET_HISTORY.csv,-114,8.0,6568,-111,8.0,2026-09-02 03:08:28.144530+00:00,-3,0.0,0.5260663507109005,0.5327102803738317,0.6643929662931258,0.6643929662931258,9,total,over,True,True,False,ODDS_API,8.0,ODDS_API,1,False
0f008463e07ac89253cf7559eae28606,new york mets,tampa bay rays,mybookieag,totals,Under,,,,,,pregame,2026-09-02 22:41:00+00:00,-107,8.0,2026-09-02 12:03:02.767951+00:00,2026-09-02 12:02:37+00:00,,MLB_ODDS_API_MARKET_HISTORY.csv,-107,8.0,6569,-110,8.0,2026-09-02 03:08:28.144538+00:00,3,0.0,0.5238095238095238,0.5169082125603864,-0.6901311249137398,0.6901311249137398,9,total,under,True,True,False,ODDS_API,8.0,ODDS_API,1,False
6Hnii8ATTbBIpI9px7Bj,new york mets,tampa bay rays,pointsbet,ml,away,,,points,points-away-game-ml-away,game,pregame,2026-09-02 22:40:00+00:00,135,,2026-09-02 12:03:02.122557+00:00,2026-09-02 11:59:13.272000+00:00,1.0,MLB_SGO_MARKET_HISTORY.csv,135,,296978,135,,2026-09-02 03:08:27.481693+00:00,0,,0.425531914893617,0.425531914893617,0.0,0.0,9,moneyline,new york mets,True,False,False,SGO,,SGO,1,False
6Hnii8ATTbBIpI9px7Bj,new york mets,tampa bay rays,pointsbet,ml,home,,,points,points-home-game-ml-home,game,pregame,2026-09-02 22:40:00+00:00,-159,,2026-09-02 12:03:02.122557+00:00,2026-09-02 11:59:13.272000+00:00,1.0,MLB_SGO_MARKET_HISTORY.csv,-159,,296987,-159,,2026-09-02 03:08:27.481714+00:00,0,,0.6138996138996139,0.6138996138996139,0.0,0.0,9,moneyline,tampa bay rays,True,False,False,SGO,,SGO,1,False
6Hnii8ATTbBIpI9px7Bj,new york mets,tampa bay rays,pointsbet,sp,away,,,points,points-away-game-sp-away,game,pregame,2026-09-02 22:40:00+00:00,-159,1.5,2026-09-02 12:03:02.122557+00:00,2026-09-02 11:59:13.272000+00:00,1.0,MLB_SGO_MARKET_HISTORY.csv,-159,1.5,297012,-159,1.5,2026-09-02 03:08:27.481779+00:00,0,0.0,0.6138996138996139,0.6138996138996139,0.0,0.0,9,spread,new york mets,True,False,False,SGO,1.5,SGO,1,False
6Hnii8ATTbBIpI9px7Bj,new york mets,tampa bay rays,pointsbet,sp,home,,,points,points-home-game-sp-home,game,pregame,2026-09-02 22:40:00+00:00,135,-1.5,2026-09-02 12:03:02.122557+00:00,2026-09-02 11:59:13.272000+00:00,1.0,MLB_SGO_MARKET_HISTORY.csv,135,-1.5,297020,135,-1.5,2026-09-02 03:08:27.481801+00:00,0,0.0,0.425531914893617,0.425531914893617,0.0,0.0,9,spread,tampa bay rays,True,False,False,SGO,-1.5,SGO,1,False
6Hnii8ATTbBIpI9px7Bj,new york mets,tampa bay rays,pointsbet,ou,over,,,points,points-all-game-ou-over,game,pregame,2026-09-02 22:40:00+00:00,-111,8.0,2026-09-02 12:03:02.122557+00:00,2026-09-02 11:59:13.272000+00:00,1.0,MLB_SGO_MARKET_HISTORY.csv,-111,8.0,296996,-111,8.0,2026-09-02 03:08:27.481736+00:00,0,0.0,0.5260663507109005,0.5260663507109005,0.0,0.0,9,total,over,True,False,False,SGO,8.0,SGO,1,False
6Hnii8ATTbBIpI9px7Bj,new york mets,tampa bay rays,pointsbet,ou,under,,,points,points-all-game-ou-under,game,pregame,2026-09-02 22:40:00+00:00,-111,8.0,2026-09-02 12:03:02.122557+00:00,2026-09-02 11:59:13.272000+00:00,1.0,MLB_SGO_MARKET_HISTORY.csv,-111,8.0,297004,-111,8.0,2026-09-02 03:08:27.481758+00:00,0,0.0,0.5260663507109005,0.5260663507109005,0.0,0.0,9,total,under,True,False,False,SGO,8.0,SGO,1,False
6Hnii8ATTbBIpI9px7Bj,new york mets,tampa bay rays,unibet,ml,away,,,points,points-away-game-ml-away,game,pregame,2026-09-02 22:40:00+00:00,135,,2026-09-02 12:03:02.122557+00:00,2026-09-02 11:59:34.272000+00:00,1.0,MLB_SGO_MARKET_HISTORY.csv,135,,296980,138,,2026-09-02 03:08:27.481698+00:00,-3,,0.4201680672268907,0.425531914893617,0.5363847666726262,0.5363847666726262,9,moneyline,new york mets,True,True,False,SGO,,SGO,1,False
6Hnii8ATTbBIpI9px7Bj,new york mets,tampa bay rays,unibet,ml,home,,,points,points-home-game-ml-home,game,pregame,2026-09-02 22:40:00+00:00,-167,,2026-09-02 12:03:02.122557+00:00,2026-09-02 11:59:34.272000+00:00,1.0,MLB_SGO_MARKET_HISTORY.csv,-167,,296989,-167,,2026-09-02 03:08:27.481720+00:00,0,,0.6254681647940075,0.6254681647940075,0.0,0.0,9,moneyline,tampa bay rays,True,False,False,SGO,,SGO,1,False
6Hnii8ATTbBIpI9px7Bj,new york mets,tampa bay rays,unibet,sp,away,,,points,points-away-game-sp-away,game,pregame,2026-09-02 22:40:00+00:00,-159,1.5,2026-09-02 12:03:02.122557+00:00,2026-09-02 09:30:48.948000+00:00,0.0,MLB_SGO_MARKET_HISTORY.csv,-159,1.5,297018,-157,1.5,2026-09-02 03:08:27.481795+00:00,-2,0.0,0.6108949416342413,0.6138996138996139,0.3004672265372599,0.3004672265372599,9,spread,new york mets,True,True,False,SGO,1.5,SGO,1,False
6Hnii8ATTbBIpI9px7Bj,new york mets,tampa bay rays,unibet,sp,home,,,points,points-home-game-sp-home,game,pregame,2026-09-02 22:40:00+00:00,130,-1.5,2026-09-02 12:03:02.122557+00:00,2026-09-02 09:30:48.948000+00:00,0.0,MLB_SGO_MARKET_HISTORY.csv,130,-1.5,297026,128,-1.5,2026-09-02 03:08:27.481817+00:00,2,0.0,0.4385964912280701,0.4347826086956521,-0.3813882532417989,0.3813882532417989,9,spread,tampa bay rays,True,True,False,SGO,-1.5,SGO,1,False
6Hnii8ATTbBIpI9px7Bj,new york mets,tampa bay rays,unibet,ou,over,,,points,points-all-game-ou-over,game,pregame,2026-09-02 22:40:00+00:00,-107,8.0,2026-09-02 12:03:02.122557+00:00,2026-09-02 11:17:49.310000+00:00,0.0,MLB_SGO_MARKET_HISTORY.csv,-107,8.0,296999,-118,8.0,2026-09-02 03:08:27.481744+00:00,11,0.0,0.5412844036697247,0.5169082125603864,-2.4376191109338308,2.4376191109338308,9,total,over,True,True,False,SGO,8.0,SGO,1,False
6Hnii8ATTbBIpI9px7Bj,new york mets,tampa bay rays,unibet,ou,under,,,points,points-all-game-ou-under,game,pregame,2026-09-02 22:40:00+00:00,-114,8.0,2026-09-02 12:03:02.122557+00:00,2026-09-02 11:17:49.310000+00:00,0.0,MLB_SGO_MARKET_HISTORY.csv,-114,8.0,297007,-121,8.0,2026-09-02 03:08:27.481766+00:00,7,0.0,0.5475113122171946,0.5327102803738317,-1.48010318433629,1.48010318433629,9,total,under,True,True,False,SGO,8.0,SGO,1,False
6Hnii8ATTbBIpI9px7Bj,new york mets,tampa bay rays,williamhill,ml,away,,,points,points-away-game-ml-away,game,pregame,2026-09-02 22:40:00+00:00,130,,2026-09-02 12:03:02.122557+00:00,2026-09-02 11:59:33.272000+00:00,1.0,MLB_SGO_MARKET_HISTORY.csv,130,,296985,130,,2026-09-02 08:15:43.454797+00:00,0,,0.4347826086956521,0.4347826086956521,0.0,0.0,8,moneyline,new york mets,True,False,False,SGO,,SGO,1,False
6Hnii8ATTbBIpI9px7Bj,new york mets,tampa bay rays,williamhill,ml,home,,,points,points-home-game-ml-home,game,pregame,2026-09-02 22:40:00+00:00,-162,,2026-09-02 12:03:02.122557+00:00,2026-09-02 11:59:33.272000+00:00,1.0,MLB_SGO_MARKET_HISTORY.csv,-162,,296994,-162,,2026-09-02 08:15:43.454797+00:00,0,,0.6183206106870229,0.6183206106870229,0.0,0.0,8,moneyline,tampa bay rays,True,False,False,SGO,,SGO,1,False
6467c41d2b7da8c9e8efcda4c5d5f7b8,new york yankees,los angeles angels,betmgm,h2h,Los Angeles Angels,,,,,,pregame,2026-09-03 01:39:00+00:00,140,,2026-09-02 12:03:02.767951+00:00,2026-09-02 12:02:55+00:00,,MLB_ODDS_API_MARKET_HISTORY.csv,140,,6904,140,,2026-09-02 03:08:28.146893+00:00,0,,0.4166666666666667,0.4166666666666667,0.0,0.0,9,moneyline,los angeles angels,True,False,False,ODDS_API,,"ODDS_API,SGO",2,True
6467c41d2b7da8c9e8efcda4c5d5f7b8,new york yankees,los angeles angels,betmgm,h2h,New York Yankees,,,,,,pregame,2026-09-03 01:39:00+00:00,-170,,2026-09-02 12:03:02.767951+00:00,2026-09-02 12:02:55+00:00,,MLB_ODDS_API_MARKET_HISTORY.csv,-170,,6905,-170,,2026-09-02 03:08:28.146901+00:00,0,,0.6296296296296297,0.6296296296296297,0.0,0.0,9,moneyline,new york yankees,True,False,False,ODDS_API,,"ODDS_API,SGO",2,True
6467c41d2b7da8c9e8efcda4c5d5f7b8,new york yankees,los angeles angels,betmgm,spreads,Los Angeles Angels,,,,,,pregame,2026-09-03 01:39:00+00:00,-130,1.5,2026-09-02 12:03:02.767951+00:00,2026-09-02 12:02:55+00:00,,MLB_ODDS_API_MARKET_HISTORY.csv,-130,1.5,6906,-135,1.5,2026-09-02 03:08:28.146909+00:00,5,0.0,0.574468085106383,0.5652173913043478,-0.9250693802035248,0.9250693802035248,9,spread,los angeles angels,True,True,False,ODDS_API,1.5,"ODDS_API,SGO",2,True
6467c41d2b7da8c9e8efcda4c5d5f7b8,new york yankees,los angeles angels,betmgm,spreads,New York Yankees,,,,,,pregame,2026-09-03 01:39:00+00:00,105,-1.5,2026-09-02 12:03:02.767951+00:00,2026-09-02 12:02:55+00:00,,MLB_ODDS_API_MARKET_HISTORY.csv,105,-1.5,6907,110,-1.5,2026-09-02 03:08:28.146917+00:00,-5,0.0,0.4761904761904761,0.4878048780487805,1.1614401858304313,1.1614401858304313,9,spread,new york yankees,True,True,False,ODDS_API,-1.5,"ODDS_API,SGO",2,True
6467c41d2b7da8c9e8efcda4c5d5f7b8,new york yankees,los angeles angels,betmgm,totals,Over,,,,,,pregame,2026-09-03 01:39:00+00:00,-102,7.0,2026-09-02 12:03:02.767951+00:00,2026-09-02 12:02:55+00:00,,MLB_ODDS_API_MARKET_HISTORY.csv,-102,7.0,6908,100,7.0,2026-09-02 03:08:28.146926+00:00,-202,0.0,0.5,0.504950495049505,0.4950495049504955,0.4950495049504955,9,total,over,True,True,False,ODDS_API,7.0,"ODDS_API,SGO",2,True
6467c41d2b7da8c9e8efcda4c5d5f7b8,new york yankees,los angeles angels,betmgm,totals,Under,,,,,,pregame,2026-09-03 01:39:00+00:00,-118,7.0,2026-09-02 12:03:02.767951+00:00,2026-09-02 12:02:55+00:00,,MLB_ODDS_API_MARKET_HISTORY.csv,-118,7.0,6909,-120,7.0,2026-09-02 03:08:28.146934+00:00,2,0.0,0.5454545454545454,0.5412844036697247,-0.4170141784820669,0.4170141784820669,9,total,under,True,True,False,ODDS_API,7.0,"ODDS_API,SGO",2,True
6467c41d2b7da8c9e8efcda4c5d5f7b8,new york yankees,los angeles angels,betonlineag,h2h,Los Angeles Angels,,,,,,pregame,2026-09-03 01:39:00+00:00,146,,2026-09-02 12:03:02.767951+00:00,2026-09-02 12:02:12+00:00,,MLB_ODDS_API_MARKET_HISTORY.csv,146,,6886,149,,2026-09-02 03:08:28.146746+00:00,-3,,0.4016064257028112,0.4065040650406504,0.4897639337839155,0.4897639337839155,9,moneyline,los angeles angels,True,True,False,ODDS_API,,ODDS_API,1,False
6467c41d2b7da8c9e8efcda4c5d5f7b8,new york yankees,los angeles angels,betonlineag,h2h,New York Yankees,,,,,,pregame,2026-09-03 01:39:00+00:00,-161,,2026-09-02 12:03:02.767951+00:00,2026-09-02 12:02:12+00:00,,MLB_ODDS_API_MARKET_HISTORY.csv,-161,,6887,-165,,2026-09-02 03:08:28.146755+00:00,4,,0.6226415094339622,0.6168582375478927,-0.578327188606953,0.578327188606953,9,moneyline,new york yankees,True,True,False,ODDS_API,,ODDS_API,1,False
6467c41d2b7da8c9e8efcda4c5d5f7b8,new york yankees,los angeles angels,betonlineag,spreads,Los Angeles Angels,,,,,,pregame,2026-09-03 01:39:00+00:00,-130,1.5,2026-09-02 12:03:02.767951+00:00,2026-09-02 12:02:12+00:00,,MLB_ODDS_API_MARKET_HISTORY.csv,-130,1.5,6888,-130,1.5,2026-09-02 03:08:28.146763+00:00,0,0.0,0.5652173913043478,0.5652173913043478,0.0,0.0,9,spread,los angeles angels,True,False,False,ODDS_API,1.5,ODDS_API,1,False
6467c41d2b7da8c9e8efcda4c5d5f7b8,new york yankees,los angeles angels,betonlineag,spreads,New York Yankees,,,,,,pregame,2026-09-03 01:39:00+00:00,110,-1.5,2026-09-02 12:03:02.767951+00:00,2026-09-02 12:02:12+00:00,,MLB_ODDS_API_MARKET_HISTORY.csv,110,-1.5,6889,110,-1.5,2026-09-02 03:08:28.146771+00:00,0,0.0,0.4761904761904761,0.4761904761904761,0.0,0.0,9,spread,new york yankees,True,False,False,ODDS_API,-1.5,ODDS_API,1,False
6467c41d2b7da8c9e8efcda4c5d5f7b8,new york yankees,los angeles angels,betonlineag,totals,Over,,,,,,pregame,2026-09-03 01:39:00+00:00,100,7.0,2026-09-02 12:03:02.767951+00:00,2026-09-02 12:02:12+00:00,,MLB_ODDS_API_MARKET_HISTORY.csv,100,7.0,6890,-102,7.0,2026-09-02 03:08:28.146779+00:00,202,0.0,0.504950495049505,0.5,-0.4950495049504955,0.4950495049504955,9,total,over,True,True,False,ODDS_API,7.0,ODDS_API,1,False
6467c41d2b7da8c9e8efcda4c5d5f7b8,new york yankees,los angeles angels,betonlineag,totals,Under,,,,,,pregame,2026-09-03 01:39:00+00:00,-120,7.0,2026-09-02 12:03:02.767951+00:00,2026-09-02 12:02:12+00:00,,MLB_ODDS_API_MARKET_HISTORY.csv,-120,7.0,6891,-118,7.0,2026-09-02 03:08:28.146788+00:00,-2,0.0,0.5412844036697247,0.5454545454545454,0.4170141784820669,0.4170141784820669,9,total,under,True,True,False,ODDS_API,7.0,ODDS_API,1,False
6467c41d2b7da8c9e8efcda4c5d5f7b8,new york yankees,los angeles angels,betrivers,h2h,Los Angeles Angels,,,,,,pregame,2026-09-03 01:39:00+00:00,135,,2026-09-02 12:03:02.767951+00:00,2026-09-02 12:02:55+00:00,,MLB_ODDS_API_MARKET_HISTORY.csv,135,,6916,145,,2026-09-02 03:08:28.146990+00:00,-10,,0.4081632653061224,0.425531914893617,1.736864958749457,1.736864958749457,9,moneyline,los angeles angels,True,True,False,ODDS_API,,ODDS_API,1,False
6467c41d2b7da8c9e8efcda4c5d5f7b8,new york yankees,los angeles angels,betrivers,h2h,New York Yankees,,,,,,pregame,2026-09-03 01:39:00+00:00,-159,,2026-09-02 12:03:02.767951+00:00,2026-09-02 12:02:55+00:00,,MLB_ODDS_API_MARKET_HISTORY.csv,-159,,6917,-175,,2026-09-02 03:08:28.146999+00:00,16,,0.6363636363636364,0.6138996138996139,-2.246402246402246,2.246402246402246,9,moneyline,new york yankees,True,True,False,ODDS_API,,ODDS_API,1,False
6467c41d2b7da8c9e8efcda4c5d5f7b8,new york yankees,los angeles angels,betrivers,spreads,Los Angeles Angels,,,,,,pregame,2026-09-03 01:39:00+00:00,-136,1.5,2026-09-02 12:03:02.767951+00:00,2026-09-02 12:02:55+00:00,,MLB_ODDS_API_MARKET_HISTORY.csv,-136,1.5,6918,-134,1.5,2026-09-02 03:08:28.147007+00:00,-2,0.0,0.5726495726495726,0.576271186440678,0.3621613791105371,0.3621613791105371,9,spread,los angeles angels,True,True,False,ODDS_API,1.5,ODDS_API,1,False
6467c41d2b7da8c9e8efcda4c5d5f7b8,new york yankees,los angeles angels,betrivers,spreads,New York Yankees,,,,,,pregame,2026-09-03 01:39:00+00:00,112,-1.5,2026-09-02 12:03:02.767951+00:00,2026-09-02 12:02:55+00:00,,MLB_ODDS_API_MARKET_HISTORY.csv,112,-1.5,6919,108,-1.5,2026-09-02 03:08:28.147015+00:00,4,0.0,0.4807692307692308,0.4716981132075472,-0.9071117561683606,0.9071117561683606,9,spread,new york yankees,True,True,False,ODDS_API,-1.5,ODDS_API,1,False
6467c41d2b7da8c9e8efcda4c5d5f7b8,new york yankees,los angeles angels,betrivers,totals,Over,,,,,,pregame,2026-09-03 01:39:00+00:00,102,7.0,2026-09-02 12:03:02.767951+00:00,2026-09-02 12:02:55+00:00,,MLB_ODDS_API_MARKET_HISTORY.csv,102,7.0,6920,100,7.0,2026-09-02 03:08:28.147023+00:00,2,0.0,0.5,0.495049504950495,-0.4950495049504955,0.4950495049504955,9,total,over,True,True,False,ODDS_API,7.0,ODDS_API,1,False
6467c41d2b7da8c9e8efcda4c5d5f7b8,new york yankees,los angeles angels,betrivers,totals,Under,,,,,,pregame,2026-09-03 01:39:00+00:00,-121,7.0,2026-09-02 12:03:02.767951+00:00,2026-09-02 12:02:55+00:00,,MLB_ODDS_API_MARKET_HISTORY.csv,-121,7.0,6921,-124,7.0,2026-09-02 03:08:28.147031+00:00,3,0.0,0.5535714285714286,0.5475113122171946,-0.606011635423398,0.606011635423398,9,total,under,True,True,False,ODDS_API,7.0,ODDS_API,1,False
6467c41d2b7da8c9e8efcda4c5d5f7b8,new york yankees,los angeles angels,betus,h2h,Los Angeles Angels,,,,,,pregame,2026-09-03 01:39:00+00:00,143,,2026-09-02 12:03:02.767951+00:00,2026-09-02 12:02:54+00:00,,MLB_ODDS_API_MARKET_HISTORY.csv,143,,6922,146,,2026-09-02 03:08:28.147039+00:00,-3,,0.4065040650406504,0.411522633744856,0.5018568704205584,0.5018568704205584,9,moneyline,los angeles angels,True,True,False,ODDS_API,,ODDS_API,1,False
6467c41d2b7da8c9e8efcda4c5d5f7b8,new york yankees,los angeles angels,betus,h2h,New York Yankees,,,,,,pregame,2026-09-03 01:39:00+00:00,-161,,2026-09-02 12:03:02.767951+00:00,2026-09-02 12:02:54+00:00,,MLB_ODDS_API_MARKET_HISTORY.csv,-161,,6923,-165,,2026-09-02 03:08:28.147048+00:00,4,,0.6226415094339622,0.6168582375478927,-0.578327188606953,0.578327188606953,9,moneyline,new york yankees,True,True,False,ODDS_API,,ODDS_API,1,False
6467c41d2b7da8c9e8efcda4c5d5f7b8,new york yankees,los angeles angels,betus,spreads,Los Angeles Angels,,,,,,pregame,2026-09-03 01:39:00+00:00,-130,1.5,2026-09-02 12:03:02.767951+00:00,2026-09-02 12:02:54+00:00,,MLB_ODDS_API_MARKET_HISTORY.csv,-130,1.5,6924,-130,1.5,2026-09-02 03:08:28.147056+00:00,0,0.0,0.5652173913043478,0.5652173913043478,0.0,0.0,9,spread,los angeles angels,True,False,False,ODDS_API,1.5,ODDS_API,1,False
6467c41d2b7da8c9e8efcda4c5d5f7b8,new york yankees,los angeles angels,betus,spreads,New York Yankees,,,,,,pregame,2026-09-03 01:39:00+00:00,110,-1.5,2026-09-02 12:03:02.767951+00:00,2026-09-02 12:02:54+00:00,,MLB_ODDS_API_MARKET_HISTORY.csv,110,-1.5,6925,110,-1.5,2026-09-02 03:08:28.147064+00:00,0,0.0,0.4761904761904761,0.4761904761904761,0.0,0.0,9,spread,new york yankees,True,False,False,ODDS_API,-1.5,ODDS_API,1,False
6467c41d2b7da8c9e8efcda4c5d5f7b8,new york yankees,los angeles angels,betus,totals,Over,,,,,,pregame,2026-09-03 01:39:00+00:00,100,7.0,2026-09-02 12:03:02.767951+00:00,2026-09-02 12:02:54+00:00,,MLB_ODDS_API_MARKET_HISTORY.csv,100,7.0,6926,100,7.0,2026-09-02 03:08:28.147072+00:00,0,0.0,0.5,0.5,0.0,0.0,9,total,over,True,False,False,ODDS_API,7.0,ODDS_API,1,False
6467c41d2b7da8c9e8efcda4c5d5f7b8,new york yankees,los angeles angels,betus,totals,Under,,,,,,pregame,2026-09-03 01:39:00+00:00,-120,7.0,2026-09-02 12:03:02.767951+00:00,2026-09-02 12:02:54+00:00,,MLB_ODDS_API_MARKET_HISTORY.csv,-120,7.0,6927,-120,7.0,2026-09-02 03:08:28.147080+00:00,0,0.0,0.5454545454545454,0.5454545454545454,0.0,0.0,9,total,under,True,False,False,ODDS_API,7.0,ODDS_API,1,False
6467c41d2b7da8c9e8efcda4c5d5f7b8,new york yankees,los angeles angels,bovada,h2h,Los Angeles Angels,,,,,,pregame,2026-09-03 01:39:00+00:00,141,,2026-09-02 12:03:02.767951+00:00,2026-09-02 12:01:49+00:00,,MLB_ODDS_API_MARKET_HISTORY.csv,141,,6910,136,,2026-09-02 03:08:28.146942+00:00,5,,0.423728813559322,0.4149377593360996,-0.8791054223222405,0.8791054223222405,9,moneyline,los angeles angels,True,True,False,ODDS_API,,"ODDS_API,SGO",2,True
6467c41d2b7da8c9e8efcda4c5d5f7b8,new york yankees,los angeles angels,bovada,h2h,New York Yankees,,,,,,pregame,2026-09-03 01:39:00+00:00,-170,,2026-09-02 12:03:02.767951+00:00,2026-09-02 12:01:49+00:00,,MLB_ODDS_API_MARKET_HISTORY.csv,-170,,6911,-162,,2026-09-02 03:08:28.146950+00:00,-8,,0.6183206106870229,0.6296296296296297,1.130901894260672,1.130901894260672,9,moneyline,new york yankees,True,True,False,ODDS_API,,"ODDS_API,SGO",2,True
6467c41d2b7da8c9e8efcda4c5d5f7b8,new york yankees,los angeles angels,bovada,spreads,Los Angeles Angels,,,,,,pregame,2026-09-03 01:39:00+00:00,-130,1.5,2026-09-02 12:03:02.767951+00:00,2026-09-02 12:01:49+00:00,,MLB_ODDS_API_MARKET_HISTORY.csv,-130,1.5,6912,-135,1.5,2026-09-02 03:08:28.146958+00:00,5,0.0,0.574468085106383,0.5652173913043478,-0.9250693802035248,0.9250693802035248,9,spread,los angeles angels,True,True,False,ODDS_API,1.5,"ODDS_API,SGO",2,True
6467c41d2b7da8c9e8efcda4c5d5f7b8,new york yankees,los angeles angels,bovada,spreads,New York Yankees,,,,,,pregame,2026-09-03 01:39:00+00:00,110,-1.5,2026-09-02 12:03:02.767951+00:00,2026-09-02 12:01:49+00:00,,MLB_ODDS_API_MARKET_HISTORY.csv,110,-1.5,6913,115,-1.5,2026-09-02 03:08:28.146966+00:00,-5,0.0,0.4651162790697674,0.4761904761904761,1.1074197120708729,1.1074197120708729,9,spread,new york yankees,True,True,False,ODDS_API,-1.5,"ODDS_API,SGO",2,True
urTvGDtLmvWha8jNyl8w,new york yankees,los angeles angels,bovada,ou,over,,,points,points-home-game-ou-over,game,pregame,2026-09-03 01:38:00+00:00,-130,2.5,2026-09-02 12:03:02.122557+00:00,2026-09-02 12:01:30.460000+00:00,1.0,MLB_SGO_MARKET_HISTORY.csv,-130,2.5,317553,-130,2.5,2026-09-02 03:08:27.495936+00:00,0,0.0,0.5652173913043478,0.5652173913043478,0.0,0.0,9,total,over,True,False,False,SGO,2.5,SGO,1,False
urTvGDtLmvWha8jNyl8w,new york yankees,los angeles angels,bovada,ou,over,,,points,points-away-game-ou-over,game,pregame,2026-09-03 01:38:00+00:00,-135,3.5,2026-09-02 12:03:02.122557+00:00,2026-09-02 12:01:30.460000+00:00,1.0,MLB_SGO_MARKET_HISTORY.csv,-135,3.5,317545,-135,3.5,2026-09-02 03:08:27.495926+00:00,0,0.0,0.574468085106383,0.574468085106383,0.0,0.0,9,total,over,True,False,False,SGO,3.5,SGO,1,False
6467c41d2b7da8c9e8efcda4c5d5f7b8,new york yankees,los angeles angels,bovada,totals,Over,,,,,,pregame,2026-09-03 01:39:00+00:00,100,7.0,2026-09-02 12:03:02.767951+00:00,2026-09-02 12:01:49+00:00,,MLB_ODDS_API_MARKET_HISTORY.csv,100,7.0,6914,-105,7.0,2026-09-02 03:08:28.146974+00:00,205,0.0,0.5121951219512195,0.5,-1.2195121951219523,1.2195121951219523,9,total,over,True,True,False,ODDS_API,7.0,"ODDS_API,SGO",2,True
urTvGDtLmvWha8jNyl8w,new york yankees,los angeles angels,bovada,ou,under,,,points,points-home-game-ou-under,game,pregame,2026-09-03 01:38:00+00:00,100,2.5,2026-09-02 12:03:02.122557+00:00,2026-09-02 12:01:30.460000+00:00,1.0,MLB_SGO_MARKET_HISTORY.csv,100,2.5,317557,100,2.5,2026-09-02 03:08:27.495942+00:00,0,0.0,0.5,0.5,0.0,0.0,9,total,under,True,False,False,SGO,2.5,SGO,1,False
urTvGDtLmvWha8jNyl8w,new york yankees,los angeles angels,bovada,ou,under,,,points,points-away-game-ou-under,game,pregame,2026-09-03 01:38:00+00:00,105,3.5,2026-09-02 12:03:02.122557+00:00,2026-09-02 12:01:30.460000+00:00,1.0,MLB_SGO_MARKET_HISTORY.csv,105,3.5,317549,105,3.5,2026-09-02 03:08:27.495931+00:00,0,0.0,0.4878048780487805,0.4878048780487805,0.0,0.0,9,total,under,True,False,False,SGO,3.5,SGO,1,False
6467c41d2b7da8c9e8efcda4c5d5f7b8,new york yankees,los angeles angels,bovada,totals,Under,,,,,,pregame,2026-09-03 01:39:00+00:00,-120,7.0,2026-09-02 12:03:02.767951+00:00,2026-09-02 12:01:49+00:00,,MLB_ODDS_API_MARKET_HISTORY.csv,-120,7.0,6915,-115,7.0,2026-09-02 03:08:28.146982+00:00,-5,0.0,0.5348837209302325,0.5454545454545454,1.0570824524312905,1.0570824524312905,9,total,under,True,True,False,ODDS_API,7.0,"ODDS_API,SGO",2,True
urTvGDtLmvWha8jNyl8w,new york yankees,los angeles angels,caesars,ml,home,,,points,points-home-game-ml-home,game,pregame,2026-09-03 01:38:00+00:00,147,,2026-09-02 12:03:02.122557+00:00,2026-09-02 11:58:40.772000+00:00,1.0,MLB_SGO_MARKET_HISTORY.csv,147,,317507,150,,2026-09-02 03:08:27.495826+00:00,-3,,0.4,0.4048582995951417,0.4858299595141668,0.4858299595141668,9,moneyline,los angeles angels,True,True,False,SGO,,SGO,1,False
urTvGDtLmvWha8jNyl8w,new york yankees,los angeles angels,caesars,ml,away,,,points,points-away-game-ml-away,game,pregame,2026-09-03 01:38:00+00:00,-157,,2026-09-02 12:03:02.122557+00:00,2026-09-02 11:58:40.772000+00:00,1.0,MLB_SGO_MARKET_HISTORY.csv,-157,,317498,-160,,2026-09-02 03:08:27.495803+00:00,3,,0.6153846153846154,0.6108949416342413,-0.4489673750374123,0.4489673750374123,9,moneyline,new york yankees,True,True,False,SGO,,SGO,1,False
urTvGDtLmvWha8jNyl8w,new york yankees,los angeles angels,caesars,sp,home,,,points,points-home-game-sp-home,game,pregame,2026-09-03 01:38:00+00:00,-130,1.5,2026-09-02 12:03:02.122557+00:00,2026-09-02 11:58:40.772000+00:00,1.0,MLB_SGO_MARKET_HISTORY.csv,-130,1.5,317542,-130,1.5,2026-09-02 03:08:27.495918+00:00,0,0.0,0.5652173913043478,0.5652173913043478,0.0,0.0,9,spread,los angeles angels,True,False,False,SGO,1.5,SGO,1,False
urTvGDtLmvWha8jNyl8w,new york yankees,los angeles angels,caesars,sp,away,,,points,points-away-game-sp-away,game,pregame,2026-09-03 01:38:00+00:00,110,-1.5,2026-09-02 12:03:02.122557+00:00,2026-09-02 11:58:40.772000+00:00,1.0,MLB_SGO_MARKET_HISTORY.csv,110,-1.5,317534,110,-1.5,2026-09-02 03:08:27.495896+00:00,0,0.0,0.4761904761904761,0.4761904761904761,0.0,0.0,9,spread,new york yankees,True,False,False,SGO,-1.5,SGO,1,False
urTvGDtLmvWha8jNyl8w,new york yankees,los angeles angels,caesars,ou,over,,,points,points-all-game-ou-over,game,pregame,2026-09-03 01:38:00+00:00,100,7.0,2026-09-02 12:03:02.122557+00:00,2026-09-02 11:58:40.772000+00:00,1.0,MLB_SGO_MARKET_HISTORY.csv,100,7.0,317515,100,7.0,2026-09-02 03:08:27.495845+00:00,0,0.0,0.5,0.5,0.0,0.0,9,total,over,True,False,False,SGO,7.0,SGO,1,False
urTvGDtLmvWha8jNyl8w,new york yankees,los angeles angels,caesars,ou,under,,,points,points-all-game-ou-under,game,pregame,2026-09-03 01:38:00+00:00,-120,7.0,2026-09-02 12:03:02.122557+00:00,2026-09-02 11:58:40.772000+00:00,1.0,MLB_SGO_MARKET_HISTORY.csv,-120,7.0,317523,-120,7.0,2026-09-02 03:08:27.495866+00:00,0,0.0,0.5454545454545454,0.5454545454545454,0.0,0.0,9,total,under,True,False,False,SGO,7.0,SGO,1,False
6467c41d2b7da8c9e8efcda4c5d5f7b8,new york yankees,los angeles angels,draftkings,h2h,Los Angeles Angels,,,,,,pregame,2026-09-03 01:39:00+00:00,141,,2026-09-02 12:03:02.767951+00:00,2026-09-02 12:02:54+00:00,,MLB_ODDS_API_MARKET_HISTORY.csv,141,,6898,144,,2026-09-02 03:08:28.146845+00:00,-3,,0.4098360655737705,0.4149377593360996,0.5101693762329107,0.5101693762329107,9,moneyline,los angeles angels,True,True,False,ODDS_API,,"ODDS_API,SGO",2,True
6467c41d2b7da8c9e8efcda4c5d5f7b8,new york yankees,los angeles angels,draftkings,h2h,New York Yankees,,,,,,pregame,2026-09-03 01:39:00+00:00,-171,,2026-09-02 12:03:02.767951+00:00,2026-09-02 12:02:54+00:00,,MLB_ODDS_API_MARKET_HISTORY.csv,-171,,6899,-175,,2026-09-02 03:08:28.146853+00:00,4,,0.6363636363636364,0.6309963099630996,-0.536732640053672,0.536732640053672,9,moneyline,new york yankees,True,True,False,ODDS_API,,"ODDS_API,SGO",2,True
6467c41d2b7da8c9e8efcda4c5d5f7b8,new york yankees,los angeles angels,draftkings,spreads,Los Angeles Angels,,,,,,pregame,2026-09-03 01:39:00+00:00,-131,1.5,2026-09-02 12:03:02.767951+00:00,2026-09-02 12:02:54+00:00,,MLB_ODDS_API_MARKET_HISTORY.csv,-131,1.5,6900,-131,1.5,2026-09-02 03:08:28.146861+00:00,0,0.0,0.5670995670995671,0.5670995670995671,0.0,0.0,9,spread,los angeles angels,True,False,False,ODDS_API,1.5,"ODDS_API,SGO",2,True
6467c41d2b7da8c9e8efcda4c5d5f7b8,new york yankees,los angeles angels,draftkings,spreads,New York Yankees,,,,,,pregame,2026-09-03 01:39:00+00:00,109,-1.5,2026-09-02 12:03:02.767951+00:00,2026-09-02 12:02:54+00:00,,MLB_ODDS_API_MARKET_HISTORY.csv,109,-1.5,6901,109,-1.5,2026-09-02 03:08:28.146869+00:00,0,0.0,0.4784688995215311,0.4784688995215311,0.0,0.0,9,spread,new york yankees,True,False,False,ODDS_API,-1.5,"ODDS_API,SGO",2,True
urTvGDtLmvWha8jNyl8w,new york yankees,los angeles angels,draftkings,ou,over,,,points,points-home-game-ou-over,game,pregame,2026-09-03 01:38:00+00:00,-130,2.5,2026-09-02 12:03:02.122557+00:00,2026-09-02 11:59:21.819000+00:00,1.0,MLB_SGO_MARKET_HISTORY.csv,-130,2.5,317554,-130,2.5,2026-09-02 08:15:43.454797+00:00,0,0.0,0.5652173913043478,0.5652173913043478,0.0,0.0,8,total,over,True,False,False,SGO,2.5,SGO,1,False
urTvGDtLmvWha8jNyl8w,new york yankees,los angeles angels,draftkings,ou,over,,,points,points-away-game-ou-over,game,pregame,2026-09-03 01:38:00+00:00,-135,3.5,2026-09-02 12:03:02.122557+00:00,2026-09-02 11:59:21.819000+00:00,1.0,MLB_SGO_MARKET_HISTORY.csv,-135,3.5,317546,-135,3.5,2026-09-02 08:15:43.454797+00:00,0,0.0,0.574468085106383,0.574468085106383,0.0,0.0,8,total,over,True,False,False,SGO,3.5,SGO,1,False
6467c41d2b7da8c9e8efcda4c5d5f7b8,new york yankees,los angeles angels,draftkings,totals,Over,,,,,,pregame,2026-09-03 01:39:00+00:00,-102,7.0,2026-09-02 12:03:02.767951+00:00,2026-09-02 12:02:54+00:00,,MLB_ODDS_API_MARKET_HISTORY.csv,-102,7.0,6902,-102,7.0,2026-09-02 03:08:28.146877+00:00,0,0.0,0.504950495049505,0.504950495049505,0.0,0.0,9,total,over,True,False,False,ODDS_API,7.0,"ODDS_API,SGO",2,True
urTvGDtLmvWha8jNyl8w,new york yankees,los angeles angels,draftkings,ou,under,,,points,points-home-game-ou-under,game,pregame,2026-09-03 01:38:00+00:00,100,2.5,2026-09-02 12:03:02.122557+00:00,2026-09-02 11:59:21.819000+00:00,1.0,MLB_SGO_MARKET_HISTORY.csv,100,2.5,317558,100,2.5,2026-09-02 08:15:43.454797+00:00,0,0.0,0.5,0.5,0.0,0.0,8,total,under,True,False,False,SGO,2.5,SGO,1,False
urTvGDtLmvWha8jNyl8w,new york yankees,los angeles angels,draftkings,ou,under,,,points,points-away-game-ou-under,game,pregame,2026-09-03 01:38:00+00:00,105,3.5,2026-09-02 12:03:02.122557+00:00,2026-09-02 11:59:21.819000+00:00,1.0,MLB_SGO_MARKET_HISTORY.csv,105,3.5,317550,105,3.5,2026-09-02 08:15:43.454797+00:00,0,0.0,0.4878048780487805,0.4878048780487805,0.0,0.0,8,total,under,True,False,False,SGO,3.5,SGO,1,False
6467c41d2b7da8c9e8efcda4c5d5f7b8,new york yankees,los angeles angels,draftkings,totals,Under,,,,,,pregame,2026-09-03 01:39:00+00:00,-119,7.0,2026-09-02 12:03:02.767951+00:00,2026-09-02 12:02:54+00:00,,MLB_ODDS_API_MARKET_HISTORY.csv,-119,7.0,6903,-118,7.0,2026-09-02 03:08:28.146885+00:00,-1,0.0,0.5412844036697247,0.54337899543379,0.2094591764065234,0.2094591764065234,9,total,under,True,True,False,ODDS_API,7.0,"ODDS_API,SGO",2,True
urTvGDtLmvWha8jNyl8w,new york yankees,los angeles angels,espnbet,ml,home,,,points,points-home-game-ml-home,game,pregame,2026-09-03 01:38:00+00:00,140,,2026-09-02 12:03:02.122557+00:00,2026-09-02 11:59:13.272000+00:00,1.0,MLB_SGO_MARKET_HISTORY.csv,140,,317508,140,,2026-09-02 03:08:27.495828+00:00,0,,0.4166666666666667,0.4166666666666667,0.0,0.0,9,moneyline,los angeles angels,True,False,False,SGO,,SGO,1,False
urTvGDtLmvWha8jNyl8w,new york yankees,los angeles angels,espnbet,ml,away,,,points,points-away-game-ml-away,game,pregame,2026-09-03 01:38:00+00:00,-165,,2026-09-02 12:03:02.122557+00:00,2026-09-02 11:59:13.272000+00:00,1.0,MLB_SGO_MARKET_HISTORY.csv,-165,,317499,-165,,2026-09-02 03:08:27.495806+00:00,0,,0.6226415094339622,0.6226415094339622,0.0,0.0,9,moneyline,new york yankees,True,False,False,SGO,,SGO,1,False
urTvGDtLmvWha8jNyl8w,new york yankees,los angeles angels,espnbet,sp,home,,,points,points-home-game-sp-home,game,pregame,2026-09-03 01:38:00+00:00,-130,1.5,2026-09-02 12:03:02.122557+00:00,2026-09-02 11:59:13.272000+00:00,1.0,MLB_SGO_MARKET_HISTORY.csv,-130,1.5,317538,-135,1.5,2026-09-02 03:08:27.495907+00:00,5,0.0,0.574468085106383,0.5652173913043478,-0.9250693802035248,0.9250693802035248,9,spread,los angeles angels,True,True,False,SGO,1.5,SGO,1,False
urTvGDtLmvWha8jNyl8w,new york yankees,los angeles angels,espnbet,sp,away,,,points,points-away-game-sp-away,game,pregame,2026-09-03 01:38:00+00:00,110,-1.5,2026-09-02 12:03:02.122557+00:00,2026-09-02 11:59:13.272000+00:00,1.0,MLB_SGO_MARKET_HISTORY.csv,110,-1.5,317530,115,-1.5,2026-09-02 03:08:27.495885+00:00,-5,0.0,0.4651162790697674,0.4761904761904761,1.1074197120708729,1.1074197120708729,9,spread,new york yankees,True,True,False,SGO,-1.5,SGO,1,False
urTvGDtLmvWha8jNyl8w,new york yankees,los angeles angels,espnbet,ou,over,,,points,points-home-game-ou-over,game,pregame,2026-09-03 01:38:00+00:00,-130,2.5,2026-09-02 12:03:02.122557+00:00,2026-09-02 12:01:24.501000+00:00,1.0,MLB_SGO_MARKET_HISTORY.csv,-130,2.5,317555,140,3.5,2026-09-02 08:15:43.454797+00:00,-270,-1.0,0.4166666666666667,0.5652173913043478,14.85507246376811,14.85507246376811,8,total,over,True,True,True,SGO,2.5,SGO,1,False
urTvGDtLmvWha8jNyl8w,new york yankees,los angeles angels,espnbet,ou,over,,,points,points-all-game-ou-over,game,pregame,2026-09-03 01:38:00+00:00,-135,6.5,2026-09-02 12:03:02.122557+00:00,2026-09-02 11:59:13.272000+00:00,1.0,MLB_SGO_MARKET_HISTORY.csv,-135,6.5,317516,-135,6.5,2026-09-02 03:08:27.495848+00:00,0,0.0,0.574468085106383,0.574468085106383,0.0,0.0,9,total,over,True,False,False,SGO,6.5,SGO,2,False
urTvGDtLmvWha8jNyl8w,new york yankees,los angeles angels,espnbet,ou,under,,,points,points-home-game-ou-under,game,pregame,2026-09-03 01:38:00+00:00,100,2.5,2026-09-02 12:03:02.122557+00:00,2026-09-02 12:01:24.501000+00:00,1.0,MLB_SGO_MARKET_HISTORY.csv,100,2.5,317559,-185,3.5,2026-09-02 08:15:43.454797+00:00,285,-1.0,0.6491228070175439,0.5,-14.912280701754389,14.912280701754389,8,total,under,True,True,True,SGO,2.5,SGO,1,False
urTvGDtLmvWha8jNyl8w,new york yankees,los angeles angels,espnbet,ou,under,,,points,points-all-game-ou-under,game,pregame,2026-09-03 01:38:00+00:00,115,6.5,2026-09-02 12:03:02.122557+00:00,2026-09-02 11:59:13.272000+00:00,1.0,MLB_SGO_MARKET_HISTORY.csv,115,6.5,317524,115,6.5,2026-09-02 03:08:27.495869+00:00,0,0.0,0.4651162790697674,0.4651162790697674,0.0,0.0,9,total,under,True,False,False,SGO,6.5,SGO,2,False
6467c41d2b7da8c9e8efcda4c5d5f7b8,new york yankees,los angeles angels,fanduel,h2h,Los Angeles Angels,,,,,,pregame,2026-09-03 01:39:00+00:00,140,,2026-09-02 12:03:02.767951+00:00,2026-09-02 12:02:37+00:00,,MLB_ODDS_API_MARKET_HISTORY.csv,140,,6874,136,,2026-09-02 03:08:28.146647+00:00,4,,0.423728813559322,0.4166666666666667,-0.706214689265533,0.706214689265533,9,moneyline,los angeles angels,True,True,False,ODDS_API,,"ODDS_API,SGO",2,True
6467c41d2b7da8c9e8efcda4c5d5f7b8,new york yankees,los angeles angels,fanduel,h2h,New York Yankees,,,,,,pregame,2026-09-03 01:39:00+00:00,-166,,2026-09-02 12:03:02.767951+00:00,2026-09-02 12:02:37+00:00,,MLB_ODDS_API_MARKET_HISTORY.csv,-166,,6875,-162,,2026-09-02 03:08:28.146656+00:00,-4,,0.6183206106870229,0.6240601503759399,0.5739539688916939,0.5739539688916939,9,moneyline,new york yankees,True,True,False,ODDS_API,,"ODDS_API,SGO",2,True
6467c41d2b7da8c9e8efcda4c5d5f7b8,new york yankees,los angeles angels,fanduel,spreads,Los Angeles Angels,,,,,,pregame,2026-09-03 01:39:00+00:00,-125,1.5,2026-09-02 12:03:02.767951+00:00,2026-09-02 12:02:37+00:00,,MLB_ODDS_API_MARKET_HISTORY.csv,-125,1.5,6876,-134,1.5,2026-09-02 03:08:28.146664+00:00,9,0.0,0.5726495726495726,0.5555555555555556,-1.709401709401703,1.709401709401703,9,spread,los angeles angels,True,True,False,ODDS_API,1.5,"ODDS_API,SGO",2,True
6467c41d2b7da8c9e8efcda4c5d5f7b8,new york yankees,los angeles angels,fanduel,spreads,New York Yankees,,,,,,pregame,2026-09-03 01:39:00+00:00,104,-1.5,2026-09-02 12:03:02.767951+00:00,2026-09-02 12:02:37+00:00,,MLB_ODDS_API_MARKET_HISTORY.csv,104,-1.5,6877,112,-1.5,2026-09-02 03:08:28.146672+00:00,-8,0.0,0.4716981132075472,0.4901960784313725,1.8497965223825352,1.8497965223825352,9,spread,new york yankees,True,True,False,ODDS_API,-1.5,"ODDS_API,SGO",2,True
urTvGDtLmvWha8jNyl8w,new york yankees,los angeles angels,fanduel,ou,over,,,points,points-home-game-ou-over,game,pregame,2026-09-03 01:38:00+00:00,-128,2.5,2026-09-02 12:03:02.122557+00:00,2026-09-02 11:59:36.693000+00:00,1.0,MLB_SGO_MARKET_HISTORY.csv,-128,2.5,317552,-130,2.5,2026-09-02 03:08:27.495934+00:00,2,0.0,0.5652173913043478,0.5614035087719298,-0.3813882532417989,0.3813882532417989,9,total,over,True,True,False,SGO,2.5,SGO,1,False
urTvGDtLmvWha8jNyl8w,new york yankees,los angeles angels,fanduel,ou,over,,,points,points-away-game-ou-over,game,pregame,2026-09-03 01:38:00+00:00,-136,3.5,2026-09-02 12:03:02.122557+00:00,2026-09-02 11:59:36.693000+00:00,1.0,MLB_SGO_MARKET_HISTORY.csv,-136,3.5,317544,-136,3.5,2026-09-02 03:08:27.495923+00:00,0,0.0,0.576271186440678,0.576271186440678,0.0,0.0,9,total,over,True,False,False,SGO,3.5,SGO,1,False
6467c41d2b7da8c9e8efcda4c5d5f7b8,new york yankees,los angeles angels,fanduel,totals,Over,,,,,,pregame,2026-09-03 01:39:00+00:00,-105,7.0,2026-09-02 12:03:02.767951+00:00,2026-09-02 12:02:37+00:00,,MLB_ODDS_API_MARKET_HISTORY.csv,-105,7.0,6878,-105,7.0,2026-09-02 03:08:28.146681+00:00,0,0.0,0.5121951219512195,0.5121951219512195,0.0,0.0,9,total,over,True,False,False,ODDS_API,7.0,"ODDS_API,SGO",2,True
urTvGDtLmvWha8jNyl8w,new york yankees,los angeles angels,fanduel,ou,under,,,points,points-home-game-ou-under,game,pregame,2026-09-03 01:38:00+00:00,100,2.5,2026-09-02 12:03:02.122557+00:00,2026-09-02 11:59:36.693000+00:00,1.0,MLB_SGO_MARKET_HISTORY.csv,100,2.5,317556,102,2.5,2026-09-02 03:08:27.495939+00:00,-2,0.0,0.495049504950495,0.5,0.4950495049504955,0.4950495049504955,9,total,under,True,True,False,SGO,2.5,SGO,1,False
urTvGDtLmvWha8jNyl8w,new york yankees,los angeles angels,fanduel,ou,under,,,points,points-away-game-ou-under,game,pregame,2026-09-03 01:38:00+00:00,106,3.5,2026-09-02 12:03:02.122557+00:00,2026-09-02 11:59:36.693000+00:00,1.0,MLB_SGO_MARKET_HISTORY.csv,106,3.5,317548,106,3.5,2026-09-02 03:08:27.495928+00:00,0,0.0,0.4854368932038835,0.4854368932038835,0.0,0.0,9,total,under,True,False,False,SGO,3.5,SGO,1,False
6467c41d2b7da8c9e8efcda4c5d5f7b8,new york yankees,los angeles angels,fanduel,totals,Under,,,,,,pregame,2026-09-03 01:39:00+00:00,-115,7.0,2026-09-02 12:03:02.767951+00:00,2026-09-02 12:02:37+00:00,,MLB_ODDS_API_MARKET_HISTORY.csv,-115,7.0,6879,-115,7.0,2026-09-02 03:08:28.146689+00:00,0,0.0,0.5348837209302325,0.5348837209302325,0.0,0.0,9,total,under,True,False,False,ODDS_API,7.0,"ODDS_API,SGO",2,True
6467c41d2b7da8c9e8efcda4c5d5f7b8,new york yankees,los angeles angels,lowvig,h2h,Los Angeles Angels,,,,,,pregame,2026-09-03 01:39:00+00:00,146,,2026-09-02 12:03:02.767951+00:00,2026-09-02 12:02:13+00:00,,MLB_ODDS_API_MARKET_HISTORY.csv,146,,6880,149,,2026-09-02 03:08:28.146697+00:00,-3,,0.4016064257028112,0.4065040650406504,0.4897639337839155,0.4897639337839155,9,moneyline,los angeles angels,True,True,False,ODDS_API,,ODDS_API,1,False
6467c41d2b7da8c9e8efcda4c5d5f7b8,new york yankees,los angeles angels,lowvig,h2h,New York Yankees,,,,,,pregame,2026-09-03 01:39:00+00:00,-161,,2026-09-02 12:03:02.767951+00:00,2026-09-02 12:02:13+00:00,,MLB_ODDS_API_MARKET_HISTORY.csv,-161,,6881,-165,,2026-09-02 03:08:28.146705+00:00,4,,0.6226415094339622,0.6168582375478927,-0.578327188606953,0.578327188606953,9,moneyline,new york yankees,True,True,False,ODDS_API,,ODDS_API,1,False
6467c41d2b7da8c9e8efcda4c5d5f7b8,new york yankees,los angeles angels,lowvig,spreads,Los Angeles Angels,,,,,,pregame,2026-09-03 01:39:00+00:00,-128,1.5,2026-09-02 12:03:02.767951+00:00,2026-09-02 12:02:13+00:00,,MLB_ODDS_API_MARKET_HISTORY.csv,-128,1.5,6882,-128,1.5,2026-09-02 03:08:28.146714+00:00,0,0.0,0.5614035087719298,0.5614035087719298,0.0,0.0,9,spread,los angeles angels,True,False,False,ODDS_API,1.5,ODDS_API,1,False
6467c41d2b7da8c9e8efcda4c5d5f7b8,new york yankees,los angeles angels,lowvig,spreads,New York Yankees,,,,,,pregame,2026-09-03 01:39:00+00:00,113,-1.5,2026-09-02 12:03:02.767951+00:00,2026-09-02 12:02:13+00:00,,MLB_ODDS_API_MARKET_HISTORY.csv,113,-1.5,6883,113,-1.5,2026-09-02 03:08:28.146722+00:00,0,0.0,0.4694835680751174,0.4694835680751174,0.0,0.0,9,spread,new york yankees,True,False,False,ODDS_API,-1.5,ODDS_API,1,False
6467c41d2b7da8c9e8efcda4c5d5f7b8,new york yankees,los angeles angels,lowvig,totals,Over,,,,,,pregame,2026-09-03 01:39:00+00:00,103,7.0,2026-09-02 12:03:02.767951+00:00,2026-09-02 12:02:13+00:00,,MLB_ODDS_API_MARKET_HISTORY.csv,103,7.0,6884,101,7.0,2026-09-02 03:08:28.146730+00:00,2,0.0,0.4975124378109453,0.4926108374384236,-0.490160037252163,0.490160037252163,9,total,over,True,True,False,ODDS_API,7.0,ODDS_API,1,False
6467c41d2b7da8c9e8efcda4c5d5f7b8,new york yankees,los angeles angels,lowvig,totals,Under,,,,,,pregame,2026-09-03 01:39:00+00:00,-118,7.0,2026-09-02 12:03:02.767951+00:00,2026-09-02 12:02:13+00:00,,MLB_ODDS_API_MARKET_HISTORY.csv,-118,7.0,6885,-116,7.0,2026-09-02 03:08:28.146738+00:00,-2,0.0,0.5370370370370371,0.5412844036697247,0.4247366632687654,0.4247366632687654,9,total,under,True,True,False,ODDS_API,7.0,ODDS_API,1,False
6467c41d2b7da8c9e8efcda4c5d5f7b8,new york yankees,los angeles angels,mybookieag,h2h,Los Angeles Angels,,,,,,pregame,2026-09-03 01:39:00+00:00,141,,2026-09-02 12:03:02.767951+00:00,2026-09-02 12:02:37+00:00,,MLB_ODDS_API_MARKET_HISTORY.csv,141,,6892,142,,2026-09-02 03:08:28.146796+00:00,-1,,0.4132231404958678,0.4149377593360996,0.1714618840231829,0.1714618840231829,9,moneyline,los angeles angels,True,True,False,ODDS_API,,ODDS_API,1,False
6467c41d2b7da8c9e8efcda4c5d5f7b8,new york yankees,los angeles angels,mybookieag,h2h,New York Yankees,,,,,,pregame,2026-09-03 01:39:00+00:00,-167,,2026-09-02 12:03:02.767951+00:00,2026-09-02 12:02:37+00:00,,MLB_ODDS_API_MARKET_HISTORY.csv,-167,,6893,-168,,2026-09-02 03:08:28.146804+00:00,1,,0.6268656716417911,0.6254681647940075,-0.1397506847783614,0.1397506847783614,9,moneyline,new york yankees,True,True,False,ODDS_API,,ODDS_API,1,False
6467c41d2b7da8c9e8efcda4c5d5f7b8,new york yankees,los angeles angels,mybookieag,spreads,Los Angeles Angels,,,,,,pregame,2026-09-03 01:39:00+00:00,-129,1.5,2026-09-02 12:03:02.767951+00:00,2026-09-02 12:02:37+00:00,,MLB_ODDS_API_MARKET_HISTORY.csv,-129,1.5,6894,-125,1.5,2026-09-02 03:08:28.146812+00:00,-4,0.0,0.5555555555555556,0.5633187772925764,0.776322173702082,0.776322173702082,9,spread,los angeles angels,True,True,False,ODDS_API,1.5,ODDS_API,1,False
6467c41d2b7da8c9e8efcda4c5d5f7b8,new york yankees,los angeles angels,mybookieag,spreads,New York Yankees,,,,,,pregame,2026-09-03 01:39:00+00:00,110,-1.5,2026-09-02 12:03:02.767951+00:00,2026-09-02 12:02:37+00:00,,MLB_ODDS_API_MARKET_HISTORY.csv,110,-1.5,6895,106,-1.5,2026-09-02 03:08:28.146820+00:00,4,0.0,0.4854368932038835,0.4761904761904761,-0.9246417013407338,0.9246417013407338,9,spread,new york yankees,True,True,False,ODDS_API,-1.5,ODDS_API,1,False
6467c41d2b7da8c9e8efcda4c5d5f7b8,new york yankees,los angeles angels,mybookieag,totals,Over,,,,,,pregame,2026-09-03 01:39:00+00:00,-101,7.0,2026-09-02 12:03:02.767951+00:00,2026-09-02 12:02:37+00:00,,MLB_ODDS_API_MARKET_HISTORY.csv,-101,7.0,6896,-101,7.0,2026-09-02 03:08:28.146828+00:00,0,0.0,0.5024875621890548,0.5024875621890548,0.0,0.0,9,total,over,True,False,False,ODDS_API,7.0,ODDS_API,1,False
6467c41d2b7da8c9e8efcda4c5d5f7b8,new york yankees,los angeles angels,mybookieag,totals,Under,,,,,,pregame,2026-09-03 01:39:00+00:00,-121,7.0,2026-09-02 12:03:02.767951+00:00,2026-09-02 12:02:37+00:00,,MLB_ODDS_API_MARKET_HISTORY.csv,-121,7.0,6897,-120,7.0,2026-09-02 03:08:28.146836+00:00,-1,0.0,0.5454545454545454,0.5475113122171946,0.2056766762649209,0.2056766762649209,9,total,under,True,True,False,ODDS_API,7.0,ODDS_API,1,False
urTvGDtLmvWha8jNyl8w,new york yankees,los angeles angels,pointsbet,ml,home,,,points,points-home-game-ml-home,game,pregame,2026-09-03 01:38:00+00:00,145,,2026-09-02 12:03:02.122557+00:00,2026-09-02 11:59:13.272000+00:00,1.0,MLB_SGO_MARKET_HISTORY.csv,145,,317504,145,,2026-09-02 03:08:27.495817+00:00,0,,0.4081632653061224,0.4081632653061224,0.0,0.0,9,moneyline,los angeles angels,True,False,False,SGO,,SGO,1,False
urTvGDtLmvWha8jNyl8w,new york yankees,los angeles angels,pointsbet,ml,away,,,points,points-away-game-ml-away,game,pregame,2026-09-03 01:38:00+00:00,-175,,2026-09-02 12:03:02.122557+00:00,2026-09-02 11:59:13.272000+00:00,1.0,MLB_SGO_MARKET_HISTORY.csv,-175,,317495,-175,,2026-09-02 03:08:27.495795+00:00,0,,0.6363636363636364,0.6363636363636364,0.0,0.0,9,moneyline,new york yankees,True,False,False,SGO,,SGO,1,False
urTvGDtLmvWha8jNyl8w,new york yankees,los angeles angels,pointsbet,sp,home,,,points,points-home-game-sp-home,game,pregame,2026-09-03 01:38:00+00:00,-130,1.5,2026-09-02 12:03:02.122557+00:00,2026-09-02 11:59:13.272000+00:00,1.0,MLB_SGO_MARKET_HISTORY.csv,-130,1.5,317537,-130,1.5,2026-09-02 03:08:27.495904+00:00,0,0.0,0.5652173913043478,0.5652173913043478,0.0,0.0,9,spread,los angeles angels,True,False,False,SGO,1.5,SGO,1,False
urTvGDtLmvWha8jNyl8w,new york yankees,los angeles angels,pointsbet,sp,away,,,points,points-away-game-sp-away,game,pregame,2026-09-03 01:38:00+00:00,110,-1.5,2026-09-02 12:03:02.122557+00:00,2026-09-02 11:59:13.272000+00:00,1.0,MLB_SGO_MARKET_HISTORY.csv,110,-1.5,317529,110,-1.5,2026-09-02 03:08:27.495883+00:00,0,0.0,0.4761904761904761,0.4761904761904761,0.0,0.0,9,spread,new york yankees,True,False,False,SGO,-1.5,SGO,1,False
urTvGDtLmvWha8jNyl8w,new york yankees,los angeles angels,pointsbet,ou,over,,,points,points-all-game-ou-over,game,pregame,2026-09-03 01:38:00+00:00,-105,7.0,2026-09-02 12:03:02.122557+00:00,2026-09-02 11:59:13.272000+00:00,1.0,MLB_SGO_MARKET_HISTORY.csv,-105,7.0,317513,-105,7.0,2026-09-02 03:08:27.495839+00:00,0,0.0,0.5121951219512195,0.5121951219512195,0.0,0.0,9,total,over,True,False,False,SGO,7.0,SGO,1,False
urTvGDtLmvWha8jNyl8w,new york yankees,los angeles angels,pointsbet,ou,under,,,points,points-all-game-ou-under,game,pregame,2026-09-03 01:38:00+00:00,-115,7.0,2026-09-02 12:03:02.122557+00:00,2026-09-02 11:59:13.272000+00:00,1.0,MLB_SGO_MARKET_HISTORY.csv,-115,7.0,317521,-115,7.0,2026-09-02 03:08:27.495861+00:00,0,0.0,0.5348837209302325,0.5348837209302325,0.0,0.0,9,total,under,True,False,False,SGO,7.0,SGO,1,False
urTvGDtLmvWha8jNyl8w,new york yankees,los angeles angels,unibet,ml,home,,,points,points-home-game-ml-home,game,pregame,2026-09-03 01:38:00+00:00,138,,2026-09-02 12:03:02.122557+00:00,2026-09-02 11:59:34.272000+00:00,1.0,MLB_SGO_MARKET_HISTORY.csv,138,,317505,143,,2026-09-02 03:08:27.495819+00:00,-5,,0.411522633744856,0.4201680672268907,0.8645433482034781,0.8645433482034781,9,moneyline,los angeles angels,True,True,False,SGO,,SGO,1,False
urTvGDtLmvWha8jNyl8w,new york yankees,los angeles angels,unibet,ml,away,,,points,points-away-game-ml-away,game,pregame,2026-09-03 01:38:00+00:00,-172,,2026-09-02 12:03:02.122557+00:00,2026-09-02 11:59:34.272000+00:00,1.0,MLB_SGO_MARKET_HISTORY.csv,-172,,317496,-175,,2026-09-02 03:08:27.495798+00:00,3,,0.6363636363636364,0.6323529411764706,-0.4010695187165791,0.4010695187165791,9,moneyline,new york yankees,True,True,False,SGO,,SGO,1,False
urTvGDtLmvWha8jNyl8w,new york yankees,los angeles angels,unibet,sp,home,,,points,points-home-game-sp-home,game,pregame,2026-09-03 01:38:00+00:00,-129,1.5,2026-09-02 12:03:02.122557+00:00,2026-09-02 10:15:52.916000+00:00,0.0,MLB_SGO_MARKET_HISTORY.csv,-129,1.5,317543,-134,1.5,2026-09-02 03:08:27.495920+00:00,5,0.0,0.5726495726495726,0.5633187772925764,-0.9330795356996212,0.9330795356996212,9,spread,los angeles angels,True,True,False,SGO,1.5,SGO,1,False
urTvGDtLmvWha8jNyl8w,new york yankees,los angeles angels,unibet,sp,away,,,points,points-away-game-sp-away,game,pregame,2026-09-03 01:38:00+00:00,106,-1.5,2026-09-02 12:03:02.122557+00:00,2026-09-02 10:15:52.916000+00:00,0.0,MLB_SGO_MARKET_HISTORY.csv,106,-1.5,317535,108,-1.5,2026-09-02 03:08:27.495899+00:00,-2,0.0,0.4807692307692308,0.4854368932038835,0.4667662434652719,0.4667662434652719,9,spread,new york yankees,True,True,False,SGO,-1.5,SGO,1,False
urTvGDtLmvWha8jNyl8w,new york yankees,los angeles angels,unibet,ou,over,,,points,points-all-game-ou-over,game,pregame,2026-09-03 01:38:00+00:00,100,7.0,2026-09-02 12:03:02.122557+00:00,2026-09-02 11:59:13.272000+00:00,1.0,MLB_SGO_MARKET_HISTORY.csv,100,7.0,317519,100,7.0,2026-09-02 03:08:27.495856+00:00,0,0.0,0.5,0.5,0.0,0.0,9,total,over,True,False,False,SGO,7.0,SGO,1,False
urTvGDtLmvWha8jNyl8w,new york yankees,los angeles angels,unibet,ou,under,,,points,points-all-game-ou-under,game,pregame,2026-09-03 01:38:00+00:00,-121,7.0,2026-09-02 12:03:02.122557+00:00,2026-09-02 11:59:13.272000+00:00,1.0,MLB_SGO_MARKET_HISTORY.csv,-121,7.0,317527,-124,7.0,2026-09-02 03:08:27.495877+00:00,3,0.0,0.5535714285714286,0.5475113122171946,-0.606011635423398,0.606011635423398,9,total,under,True,True,False,SGO,7.0,SGO,1,False
urTvGDtLmvWha8jNyl8w,new york yankees,los angeles angels,williamhill,ml,home,,,points,points-home-game-ml-home,game,pregame,2026-09-03 01:38:00+00:00,138,,2026-09-02 12:03:02.122557+00:00,2026-09-02 11:59:33.272000+00:00,1.0,MLB_SGO_MARKET_HISTORY.csv,138,,317511,138,,2026-09-02 08:15:43.454797+00:00,0,,0.4201680672268907,0.4201680672268907,0.0,0.0,8,moneyline,los angeles angels,True,False,False,SGO,,SGO,1,False
urTvGDtLmvWha8jNyl8w,new york yankees,los angeles angels,williamhill,ml,away,,,points,points-away-game-ml-away,game,pregame,2026-09-03 01:38:00+00:00,-175,,2026-09-02 12:03:02.122557+00:00,2026-09-02 11:59:33.272000+00:00,1.0,MLB_SGO_MARKET_HISTORY.csv,-175,,317502,-175,,2026-09-02 08:15:43.454797+00:00,0,,0.6363636363636364,0.6363636363636364,0.0,0.0,8,moneyline,new york yankees,True,False,False,SGO,,SGO,1,False
a09e4cef3ad772a51e4f166de8ac96b8,philadelphia phillies,arizona diamondbacks,betmgm,h2h,Arizona Diamondbacks,,,,,,pregame,2026-09-02 19:41:00+00:00,-105,,2026-09-02 12:03:02.767951+00:00,2026-09-02 12:02:55+00:00,,MLB_ODDS_API_MARKET_HISTORY.csv,-105,,6420,-105,,2026-09-02 11:53:16.721696+00:00,0,,0.5121951219512195,0.5121951219512195,0.0,0.0,4,moneyline,arizona diamondbacks,True,False,False,ODDS_API,,"ODDS_API,SGO",2,True
a09e4cef3ad772a51e4f166de8ac96b8,philadelphia phillies,arizona diamondbacks,betmgm,h2h,Philadelphia Phillies,,,,,,pregame,2026-09-02 19:41:00+00:00,-115,,2026-09-02 12:03:02.767951+00:00,2026-09-02 12:02:55+00:00,,MLB_ODDS_API_MARKET_HISTORY.csv,-115,,6421,-115,,2026-09-02 11:53:16.721696+00:00,0,,0.5348837209302325,0.5348837209302325,0.0,0.0,4,moneyline,philadelphia phillies,True,False,False,ODDS_API,,"ODDS_API,SGO",2,True
a09e4cef3ad772a51e4f166de8ac96b8,philadelphia phillies,arizona diamondbacks,betmgm,spreads,Arizona Diamondbacks,,,,,,pregame,2026-09-02 19:41:00+00:00,-165,1.5,2026-09-02 12:03:02.767951+00:00,2026-09-02 12:02:55+00:00,,MLB_ODDS_API_MARKET_HISTORY.csv,-165,1.5,6422,-165,1.5,2026-09-02 11:53:16.721696+00:00,0,0.0,0.6226415094339622,0.6226415094339622,0.0,0.0,4,spread,arizona diamondbacks,True,False,False,ODDS_API,1.5,"ODDS_API,SGO",2,True
a09e4cef3ad772a51e4f166de8ac96b8,philadelphia phillies,arizona diamondbacks,betmgm,spreads,Philadelphia Phillies,,,,,,pregame,2026-09-02 19:41:00+00:00,135,-1.5,2026-09-02 12:03:02.767951+00:00,2026-09-02 12:02:55+00:00,,MLB_ODDS_API_MARKET_HISTORY.csv,135,-1.5,6423,135,-1.5,2026-09-02 11:53:16.721696+00:00,0,0.0,0.425531914893617,0.425531914893617,0.0,0.0,4,spread,philadelphia phillies,True,False,False,ODDS_API,-1.5,"ODDS_API,SGO",2,True
a09e4cef3ad772a51e4f166de8ac96b8,philadelphia phillies,arizona diamondbacks,betmgm,totals,Over,,,,,,pregame,2026-09-02 19:41:00+00:00,-110,9.5,2026-09-02 12:03:02.767951+00:00,2026-09-02 12:02:55+00:00,,MLB_ODDS_API_MARKET_HISTORY.csv,-110,9.5,6424,-110,9.5,2026-09-02 11:53:16.721696+00:00,0,0.0,0.5238095238095238,0.5238095238095238,0.0,0.0,4,total,over,True,False,False,ODDS_API,9.5,"ODDS_API,SGO",2,True
a09e4cef3ad772a51e4f166de8ac96b8,philadelphia phillies,arizona diamondbacks,betmgm,totals,Under,,,,,,pregame,2026-09-02 19:41:00+00:00,-110,9.5,2026-09-02 12:03:02.767951+00:00,2026-09-02 12:02:55+00:00,,MLB_ODDS_API_MARKET_HISTORY.csv,-110,9.5,6425,-110,9.5,2026-09-02 11:53:16.721696+00:00,0,0.0,0.5238095238095238,0.5238095238095238,0.0,0.0,4,total,under,True,False,False,ODDS_API,9.5,"ODDS_API,SGO",2,True
a09e4cef3ad772a51e4f166de8ac96b8,philadelphia phillies,arizona diamondbacks,betonlineag,h2h,Arizona Diamondbacks,,,,,,pregame,2026-09-02 19:41:00+00:00,101,,2026-09-02 12:03:02.767951+00:00,2026-09-02 12:02:12+00:00,,MLB_ODDS_API_MARKET_HISTORY.csv,101,,6432,101,,2026-09-02 11:53:16.721696+00:00,0,,0.4975124378109453,0.4975124378109453,0.0,0.0,4,moneyline,arizona diamondbacks,True,False,False,ODDS_API,,ODDS_API,1,False
a09e4cef3ad772a51e4f166de8ac96b8,philadelphia phillies,arizona diamondbacks,betonlineag,h2h,Philadelphia Phillies,,,,,,pregame,2026-09-02 19:41:00+00:00,-111,,2026-09-02 12:03:02.767951+00:00,2026-09-02 12:02:12+00:00,,MLB_ODDS_API_MARKET_HISTORY.csv,-111,,6433,-111,,2026-09-02 11:53:16.721696+00:00,0,,0.5260663507109005,0.5260663507109005,0.0,0.0,4,moneyline,philadelphia phillies,True,False,False,ODDS_API,,ODDS_API,1,False
a09e4cef3ad772a51e4f166de8ac96b8,philadelphia phillies,arizona diamondbacks,betonlineag,spreads,Arizona Diamondbacks,,,,,,pregame,2026-09-02 19:41:00+00:00,-160,1.5,2026-09-02 12:03:02.767951+00:00,2026-09-02 12:02:12+00:00,,MLB_ODDS_API_MARKET_HISTORY.csv,-160,1.5,6434,-160,1.5,2026-09-02 11:53:16.721696+00:00,0,0.0,0.6153846153846154,0.6153846153846154,0.0,0.0,4,spread,arizona diamondbacks,True,False,False,ODDS_API,1.5,ODDS_API,1,False
a09e4cef3ad772a51e4f166de8ac96b8,philadelphia phillies,arizona diamondbacks,betonlineag,spreads,Philadelphia Phillies,,,,,,pregame,2026-09-02 19:41:00+00:00,140,-1.5,2026-09-02 12:03:02.767951+00:00,2026-09-02 12:02:12+00:00,,MLB_ODDS_API_MARKET_HISTORY.csv,140,-1.5,6435,140,-1.5,2026-09-02 11:53:16.721696+00:00,0,0.0,0.4166666666666667,0.4166666666666667,0.0,0.0,4,spread,philadelphia phillies,True,False,False,ODDS_API,-1.5,ODDS_API,1,False
a09e4cef3ad772a51e4f166de8ac96b8,philadelphia phillies,arizona diamondbacks,betonlineag,totals,Over,,,,,,pregame,2026-09-02 19:41:00+00:00,-110,9.5,2026-09-02 12:03:02.767951+00:00,2026-09-02 12:02:12+00:00,,MLB_ODDS_API_MARKET_HISTORY.csv,-110,9.5,6436,-110,9.5,2026-09-02 11:53:16.721696+00:00,0,0.0,0.5238095238095238,0.5238095238095238,0.0,0.0,4,total,over,True,False,False,ODDS_API,9.5,ODDS_API,1,False
a09e4cef3ad772a51e4f166de8ac96b8,philadelphia phillies,arizona diamondbacks,betonlineag,totals,Under,,,,,,pregame,2026-09-02 19:41:00+00:00,-110,9.5,2026-09-02 12:03:02.767951+00:00,2026-09-02 12:02:12+00:00,,MLB_ODDS_API_MARKET_HISTORY.csv,-110,9.5,6437,-110,9.5,2026-09-02 11:53:16.721696+00:00,0,0.0,0.5238095238095238,0.5238095238095238,0.0,0.0,4,total,under,True,False,False,ODDS_API,9.5,ODDS_API,1,False
a09e4cef3ad772a51e4f166de8ac96b8,philadelphia phillies,arizona diamondbacks,betrivers,h2h,Arizona Diamondbacks,,,,,,pregame,2026-09-02 19:41:00+00:00,-105,,2026-09-02 12:03:02.767951+00:00,2026-09-02 12:02:55+00:00,,MLB_ODDS_API_MARKET_HISTORY.csv,-105,,6408,-103,,2026-09-02 09:25:51.062517+00:00,-2,,0.5073891625615764,0.5121951219512195,0.4805959389643122,0.4805959389643122,7,moneyline,arizona diamondbacks,True,True,False,ODDS_API,,ODDS_API,1,False
a09e4cef3ad772a51e4f166de8ac96b8,philadelphia phillies,arizona diamondbacks,betrivers,h2h,Philadelphia Phillies,,,,,,pregame,2026-09-02 19:41:00+00:00,-113,,2026-09-02 12:03:02.767951+00:00,2026-09-02 12:02:55+00:00,,MLB_ODDS_API_MARKET_HISTORY.csv,-113,,6409,-117,,2026-09-02 09:25:51.062517+00:00,4,,0.5391705069124424,0.5305164319248826,-0.8654074987559768,0.8654074987559768,7,moneyline,philadelphia phillies,True,True,False,ODDS_API,,ODDS_API,1,False
a09e4cef3ad772a51e4f166de8ac96b8,philadelphia phillies,arizona diamondbacks,betrivers,spreads,Arizona Diamondbacks,,,,,,pregame,2026-09-02 19:41:00+00:00,-167,1.5,2026-09-02 12:03:02.767951+00:00,2026-09-02 12:02:55+00:00,,MLB_ODDS_API_MARKET_HISTORY.csv,-167,1.5,6410,-167,1.5,2026-09-02 09:25:51.062517+00:00,0,0.0,0.6254681647940075,0.6254681647940075,0.0,0.0,7,spread,arizona diamondbacks,True,False,False,ODDS_API,1.5,ODDS_API,1,False
a09e4cef3ad772a51e4f166de8ac96b8,philadelphia phillies,arizona diamondbacks,betrivers,spreads,Philadelphia Phillies,,,,,,pregame,2026-09-02 19:41:00+00:00,135,-1.5,2026-09-02 12:03:02.767951+00:00,2026-09-02 12:02:55+00:00,,MLB_ODDS_API_MARKET_HISTORY.csv,135,-1.5,6411,133,-1.5,2026-09-02 09:25:51.062517+00:00,2,0.0,0.4291845493562232,0.425531914893617,-0.3652634462606163,0.3652634462606163,7,spread,philadelphia phillies,True,True,False,ODDS_API,-1.5,ODDS_API,1,False
a09e4cef3ad772a51e4f166de8ac96b8,philadelphia phillies,arizona diamondbacks,betrivers,totals,Over,,,,,,pregame,2026-09-02 19:41:00+00:00,-110,9.5,2026-09-02 12:03:02.767951+00:00,2026-09-02 12:02:55+00:00,,MLB_ODDS_API_MARKET_HISTORY.csv,-110,9.5,6412,-113,9.5,2026-09-02 09:25:51.062517+00:00,3,0.0,0.5305164319248826,0.5238095238095238,-0.670690811535879,0.670690811535879,7,total,over,True,True,False,ODDS_API,9.5,ODDS_API,1,False
a09e4cef3ad772a51e4f166de8ac96b8,philadelphia phillies,arizona diamondbacks,betrivers,totals,Under,,,,,,pregame,2026-09-02 19:41:00+00:00,-107,9.5,2026-09-02 12:03:02.767951+00:00,2026-09-02 12:02:55+00:00,,MLB_ODDS_API_MARKET_HISTORY.csv,-107,9.5,6413,-110,9.5,2026-09-02 09:25:51.062517+00:00,3,0.0,0.5238095238095238,0.5169082125603864,-0.6901311249137398,0.6901311249137398,7,total,under,True,True,False,ODDS_API,9.5,ODDS_API,1,False
a09e4cef3ad772a51e4f166de8ac96b8,philadelphia phillies,arizona diamondbacks,betus,h2h,Arizona Diamondbacks,,,,,,pregame,2026-09-02 19:41:00+00:00,101,,2026-09-02 12:03:02.767951+00:00,2026-09-02 12:02:54+00:00,,MLB_ODDS_API_MARKET_HISTORY.csv,101,,6438,101,,2026-09-02 11:53:16.721696+00:00,0,,0.4975124378109453,0.4975124378109453,0.0,0.0,4,moneyline,arizona diamondbacks,True,False,False,ODDS_API,,ODDS_API,1,False
a09e4cef3ad772a51e4f166de8ac96b8,philadelphia phillies,arizona diamondbacks,betus,h2h,Philadelphia Phillies,,,,,,pregame,2026-09-02 19:41:00+00:00,-111,,2026-09-02 12:03:02.767951+00:00,2026-09-02 12:02:54+00:00,,MLB_ODDS_API_MARKET_HISTORY.csv,-111,,6439,-111,,2026-09-02 11:53:16.721696+00:00,0,,0.5260663507109005,0.5260663507109005,0.0,0.0,4,moneyline,philadelphia phillies,True,False,False,ODDS_API,,ODDS_API,1,False
a09e4cef3ad772a51e4f166de8ac96b8,philadelphia phillies,arizona diamondbacks,betus,spreads,Arizona Diamondbacks,,,,,,pregame,2026-09-02 19:41:00+00:00,-160,1.5,2026-09-02 12:03:02.767951+00:00,2026-09-02 12:02:54+00:00,,MLB_ODDS_API_MARKET_HISTORY.csv,-160,1.5,6440,-160,1.5,2026-09-02 11:53:16.721696+00:00,0,0.0,0.6153846153846154,0.6153846153846154,0.0,0.0,4,spread,arizona diamondbacks,True,False,False,ODDS_API,1.5,ODDS_API,1,False
a09e4cef3ad772a51e4f166de8ac96b8,philadelphia phillies,arizona diamondbacks,betus,spreads,Philadelphia Phillies,,,,,,pregame,2026-09-02 19:41:00+00:00,140,-1.5,2026-09-02 12:03:02.767951+00:00,2026-09-02 12:02:54+00:00,,MLB_ODDS_API_MARKET_HISTORY.csv,140,-1.5,6441,140,-1.5,2026-09-02 11:53:16.721696+00:00,0,0.0,0.4166666666666667,0.4166666666666667,0.0,0.0,4,spread,philadelphia phillies,True,False,False,ODDS_API,-1.5,ODDS_API,1,False
a09e4cef3ad772a51e4f166de8ac96b8,philadelphia phillies,arizona diamondbacks,betus,totals,Over,,,,,,pregame,2026-09-02 19:41:00+00:00,-110,9.5,2026-09-02 12:03:02.767951+00:00,2026-09-02 12:02:54+00:00,,MLB_ODDS_API_MARKET_HISTORY.csv,-110,9.5,6442,-110,9.5,2026-09-02 11:53:16.721696+00:00,0,0.0,0.5238095238095238,0.5238095238095238,0.0,0.0,4,total,over,True,False,False,ODDS_API,9.5,ODDS_API,1,False
a09e4cef3ad772a51e4f166de8ac96b8,philadelphia phillies,arizona diamondbacks,betus,totals,Under,,,,,,pregame,2026-09-02 19:41:00+00:00,-110,9.5,2026-09-02 12:03:02.767951+00:00,2026-09-02 12:02:54+00:00,,MLB_ODDS_API_MARKET_HISTORY.csv,-110,9.5,6443,-110,9.5,2026-09-02 11:53:16.721696+00:00,0,0.0,0.5238095238095238,0.5238095238095238,0.0,0.0,4,total,under,True,False,False,ODDS_API,9.5,ODDS_API,1,False
a09e4cef3ad772a51e4f166de8ac96b8,philadelphia phillies,arizona diamondbacks,bovada,h2h,Arizona Diamondbacks,,,,,,pregame,2026-09-02 19:41:00+00:00,-106,,2026-09-02 12:03:02.767951+00:00,2026-09-02 12:01:49+00:00,,MLB_ODDS_API_MARKET_HISTORY.csv,-106,,6414,-106,,2026-09-02 09:25:51.062517+00:00,0,,0.5145631067961165,0.5145631067961165,0.0,0.0,7,moneyline,arizona diamondbacks,True,False,False,ODDS_API,,"ODDS_API,SGO",2,True
a09e4cef3ad772a51e4f166de8ac96b8,philadelphia phillies,arizona diamondbacks,bovada,h2h,Philadelphia Phillies,,,,,,pregame,2026-09-02 19:41:00+00:00,-114,,2026-09-02 12:03:02.767951+00:00,2026-09-02 12:01:49+00:00,,MLB_ODDS_API_MARKET_HISTORY.csv,-114,,6415,-114,,2026-09-02 09:25:51.062517+00:00,0,,0.5327102803738317,0.5327102803738317,0.0,0.0,7,moneyline,philadelphia phillies,True,False,False,ODDS_API,,"ODDS_API,SGO",2,True
a09e4cef3ad772a51e4f166de8ac96b8,philadelphia phillies,arizona diamondbacks,bovada,spreads,Arizona Diamondbacks,,,,,,pregame,2026-09-02 19:41:00+00:00,-170,1.5,2026-09-02 12:03:02.767951+00:00,2026-09-02 12:01:49+00:00,,MLB_ODDS_API_MARKET_HISTORY.csv,-170,1.5,6416,-165,1.5,2026-09-02 09:25:51.062517+00:00,-5,0.0,0.6226415094339622,0.6296296296296297,0.6988120195667413,0.6988120195667413,7,spread,arizona diamondbacks,True,True,False,ODDS_API,1.5,"ODDS_API,SGO",2,True
a09e4cef3ad772a51e4f166de8ac96b8,philadelphia phillies,arizona diamondbacks,bovada,spreads,Philadelphia Phillies,,,,,,pregame,2026-09-02 19:41:00+00:00,145,-1.5,2026-09-02 12:03:02.767951+00:00,2026-09-02 12:01:49+00:00,,MLB_ODDS_API_MARKET_HISTORY.csv,145,-1.5,6417,140,-1.5,2026-09-02 09:25:51.062517+00:00,5,0.0,0.4166666666666667,0.4081632653061224,-0.8503401360544227,0.8503401360544227,7,spread,philadelphia phillies,True,True,False,ODDS_API,-1.5,"ODDS_API,SGO",2,True
iMxOEuvC1FxrzmjO3iOS,philadelphia phillies,arizona diamondbacks,bovada,ou,over,,,points,points-away-game-ou-over,game,pregame,2026-09-02 19:40:00+00:00,-130,4.5,2026-09-02 12:03:02.122557+00:00,2026-09-02 12:00:44.576000+00:00,1.0,MLB_SGO_MARKET_HISTORY.csv,-130,4.5,292449,-130,4.5,2026-09-02 11:53:16.109967+00:00,0,0.0,0.5652173913043478,0.5652173913043478,0.0,0.0,4,total,over,True,False,False,SGO,4.5,SGO,2,False
a09e4cef3ad772a51e4f166de8ac96b8,philadelphia phillies,arizona diamondbacks,bovada,totals,Over,,,,,,pregame,2026-09-02 19:41:00+00:00,100,9.5,2026-09-02 12:03:02.767951+00:00,2026-09-02 12:01:49+00:00,,MLB_ODDS_API_MARKET_HISTORY.csv,100,9.5,6418,-105,9.5,2026-09-02 09:25:51.062517+00:00,205,0.0,0.5121951219512195,0.5,-1.2195121951219523,1.2195121951219523,7,total,over,True,True,False,ODDS_API,9.5,"ODDS_API,SGO",2,True
iMxOEuvC1FxrzmjO3iOS,philadelphia phillies,arizona diamondbacks,bovada,ou,under,,,points,points-away-game-ou-under,game,pregame,2026-09-02 19:40:00+00:00,100,4.5,2026-09-02 12:03:02.122557+00:00,2026-09-02 12:00:44.576000+00:00,1.0,MLB_SGO_MARKET_HISTORY.csv,100,4.5,292454,100,4.5,2026-09-02 11:53:16.109967+00:00,0,0.0,0.5,0.5,0.0,0.0,4,total,under,True,False,False,SGO,4.5,SGO,2,False
a09e4cef3ad772a51e4f166de8ac96b8,philadelphia phillies,arizona diamondbacks,bovada,totals,Under,,,,,,pregame,2026-09-02 19:41:00+00:00,-120,9.5,2026-09-02 12:03:02.767951+00:00,2026-09-02 12:01:49+00:00,,MLB_ODDS_API_MARKET_HISTORY.csv,-120,9.5,6419,-115,9.5,2026-09-02 09:25:51.062517+00:00,-5,0.0,0.5348837209302325,0.5454545454545454,1.0570824524312905,1.0570824524312905,7,total,under,True,True,False,ODDS_API,9.5,"ODDS_API,SGO",2,True
iMxOEuvC1FxrzmjO3iOS,philadelphia phillies,arizona diamondbacks,caesars,ml,home,,,points,points-home-game-ml-home,game,pregame,2026-09-02 19:40:00+00:00,101,,2026-09-02 12:03:02.122557+00:00,2026-09-02 11:58:40.772000+00:00,1.0,MLB_SGO_MARKET_HISTORY.csv,101,,291695,-105,,2026-09-02 09:25:50.283068+00:00,206,,0.5121951219512195,0.4975124378109453,-1.4682684140274238,1.4682684140274238,7,moneyline,arizona diamondbacks,True,True,False,SGO,,SGO,1,False
iMxOEuvC1FxrzmjO3iOS,philadelphia phillies,arizona diamondbacks,caesars,ml,away,,,points,points-away-game-ml-away,game,pregame,2026-09-02 19:40:00+00:00,-111,,2026-09-02 12:03:02.122557+00:00,2026-09-02 11:58:40.772000+00:00,1.0,MLB_SGO_MARKET_HISTORY.csv,-111,,291686,-105,,2026-09-02 09:25:50.283068+00:00,-6,,0.5121951219512195,0.5260663507109005,1.3871228759680942,1.3871228759680942,7,moneyline,philadelphia phillies,True,True,False,SGO,,SGO,1,False
iMxOEuvC1FxrzmjO3iOS,philadelphia phillies,arizona diamondbacks,caesars,sp,home,,,points,points-home-game-sp-home,game,pregame,2026-09-02 19:40:00+00:00,-165,1.5,2026-09-02 12:03:02.122557+00:00,2026-09-02 11:58:40.772000+00:00,1.0,MLB_SGO_MARKET_HISTORY.csv,-165,1.5,292171,-165,1.5,2026-09-02 09:25:50.283068+00:00,0,0.0,0.6226415094339622,0.6226415094339622,0.0,0.0,7,spread,arizona diamondbacks,True,False,False,SGO,1.5,SGO,1,False
iMxOEuvC1FxrzmjO3iOS,philadelphia phillies,arizona diamondbacks,caesars,sp,away,,,points,points-away-game-sp-away,game,pregame,2026-09-02 19:40:00+00:00,140,-1.5,2026-09-02 12:03:02.122557+00:00,2026-09-02 11:58:40.772000+00:00,1.0,MLB_SGO_MARKET_HISTORY.csv,140,-1.5,292163,140,-1.5,2026-09-02 09:25:50.283068+00:00,0,0.0,0.4166666666666667,0.4166666666666667,0.0,0.0,7,spread,philadelphia phillies,True,False,False,SGO,-1.5,SGO,1,False
iMxOEuvC1FxrzmjO3iOS,philadelphia phillies,arizona diamondbacks,caesars,ou,over,,,points,points-away-game-ou-over,game,pregame,2026-09-02 19:40:00+00:00,-125,4.5,2026-09-02 12:03:02.122557+00:00,2026-09-02 12:01:14.076000+00:00,1.0,MLB_SGO_MARKET_HISTORY.csv,-125,4.5,292446,-125,4.5,2026-09-02 09:25:50.283068+00:00,0,0.0,0.5555555555555556,0.5555555555555556,0.0,0.0,7,total,over,True,False,False,SGO,4.5,SGO,2,False
iMxOEuvC1FxrzmjO3iOS,philadelphia phillies,arizona diamondbacks,caesars,ou,over,,,points,points-all-game-ou-over,game,pregame,2026-09-02 19:40:00+00:00,-110,9.5,2026-09-02 12:03:02.122557+00:00,2026-09-02 11:58:40.772000+00:00,1.0,MLB_SGO_MARKET_HISTORY.csv,-110,9.5,292147,-110,9.5,2026-09-02 09:25:50.283068+00:00,0,0.0,0.5238095238095238,0.5238095238095238,0.0,0.0,7,total,over,True,False,False,SGO,9.5,SGO,1,False
iMxOEuvC1FxrzmjO3iOS,philadelphia phillies,arizona diamondbacks,caesars,ou,under,,,points,points-away-game-ou-under,game,pregame,2026-09-02 19:40:00+00:00,100,4.5,2026-09-02 12:03:02.122557+00:00,2026-09-02 12:01:14.076000+00:00,1.0,MLB_SGO_MARKET_HISTORY.csv,100,4.5,292451,-105,4.5,2026-09-02 09:25:50.283068+00:00,205,0.0,0.5121951219512195,0.5,-1.2195121951219523,1.2195121951219523,7,total,under,True,True,False,SGO,4.5,SGO,2,False
iMxOEuvC1FxrzmjO3iOS,philadelphia phillies,arizona diamondbacks,caesars,ou,under,,,points,points-all-game-ou-under,game,pregame,2026-09-02 19:40:00+00:00,-110,9.5,2026-09-02 12:03:02.122557+00:00,2026-09-02 11:58:40.772000+00:00,1.0,MLB_SGO_MARKET_HISTORY.csv,-110,9.5,292155,-110,9.5,2026-09-02 09:25:50.283068+00:00,0,0.0,0.5238095238095238,0.5238095238095238,0.0,0.0,7,total,under,True,False,False,SGO,9.5,SGO,1,False
a09e4cef3ad772a51e4f166de8ac96b8,philadelphia phillies,arizona diamondbacks,draftkings,h2h,Arizona Diamondbacks,,,,,,pregame,2026-09-02 19:41:00+00:00,-105,,2026-09-02 12:03:02.767951+00:00,2026-09-02 12:02:54+00:00,,MLB_ODDS_API_MARKET_HISTORY.csv,-105,,6402,-107,,2026-09-02 08:15:44.143645+00:00,2,,0.5169082125603864,0.5121951219512195,-0.4713090609166914,0.4713090609166914,8,moneyline,arizona diamondbacks,True,True,False,ODDS_API,,"ODDS_API,SGO",2,True
a09e4cef3ad772a51e4f166de8ac96b8,philadelphia phillies,arizona diamondbacks,draftkings,h2h,Philadelphia Phillies,,,,,,pregame,2026-09-02 19:41:00+00:00,-115,,2026-09-02 12:03:02.767951+00:00,2026-09-02 12:02:54+00:00,,MLB_ODDS_API_MARKET_HISTORY.csv,-115,,6403,-112,,2026-09-02 08:15:44.143645+00:00,-3,,0.5283018867924528,0.5348837209302325,0.6581834137779685,0.6581834137779685,8,moneyline,philadelphia phillies,True,True,False,ODDS_API,,"ODDS_API,SGO",2,True
a09e4cef3ad772a51e4f166de8ac96b8,philadelphia phillies,arizona diamondbacks,draftkings,spreads,Arizona Diamondbacks,,,,,,pregame,2026-09-02 19:41:00+00:00,-167,1.5,2026-09-02 12:03:02.767951+00:00,2026-09-02 12:02:54+00:00,,MLB_ODDS_API_MARKET_HISTORY.csv,-167,1.5,6404,-160,1.5,2026-09-02 08:15:44.143645+00:00,-7,0.0,0.6153846153846154,0.6254681647940075,1.0083549409392043,1.0083549409392043,8,spread,arizona diamondbacks,True,True,False,ODDS_API,1.5,"ODDS_API,SGO",2,True
a09e4cef3ad772a51e4f166de8ac96b8,philadelphia phillies,arizona diamondbacks,draftkings,spreads,Philadelphia Phillies,,,,,,pregame,2026-09-02 19:41:00+00:00,138,-1.5,2026-09-02 12:03:02.767951+00:00,2026-09-02 12:02:54+00:00,,MLB_ODDS_API_MARKET_HISTORY.csv,138,-1.5,6405,133,-1.5,2026-09-02 08:15:44.143645+00:00,5,0.0,0.4291845493562232,0.4201680672268907,-0.9016482129332426,0.9016482129332426,8,spread,philadelphia phillies,True,True,False,ODDS_API,-1.5,"ODDS_API,SGO",2,True
iMxOEuvC1FxrzmjO3iOS,philadelphia phillies,arizona diamondbacks,draftkings,ou,over,,,points,points-away-game-ou-over,game,pregame,2026-09-02 19:40:00+00:00,-130,4.5,2026-09-02 12:03:02.122557+00:00,2026-09-02 11:59:21.819000+00:00,1.0,MLB_SGO_MARKET_HISTORY.csv,-130,4.5,292445,-130,4.5,2026-09-02 09:25:50.283068+00:00,0,0.0,0.5652173913043478,0.5652173913043478,0.0,0.0,7,total,over,True,False,False,SGO,4.5,SGO,2,False
a09e4cef3ad772a51e4f166de8ac96b8,philadelphia phillies,arizona diamondbacks,draftkings,totals,Over,,,,,,pregame,2026-09-02 19:41:00+00:00,-110,9.5,2026-09-02 12:03:02.767951+00:00,2026-09-02 12:02:54+00:00,,MLB_ODDS_API_MARKET_HISTORY.csv,-110,9.5,6406,-110,9.5,2026-09-02 08:15:44.143645+00:00,0,0.0,0.5238095238095238,0.5238095238095238,0.0,0.0,8,total,over,True,False,False,ODDS_API,9.5,"ODDS_API,SGO",2,True
iMxOEuvC1FxrzmjO3iOS,philadelphia phillies,arizona diamondbacks,draftkings,ou,under,,,points,points-away-game-ou-under,game,pregame,2026-09-02 19:40:00+00:00,100,4.5,2026-09-02 12:03:02.122557+00:00,2026-09-02 11:59:21.819000+00:00,1.0,MLB_SGO_MARKET_HISTORY.csv,100,4.5,292450,100,4.5,2026-09-02 09:25:50.283068+00:00,0,0.0,0.5,0.5,0.0,0.0,7,total,under,True,False,False,SGO,4.5,SGO,2,False
a09e4cef3ad772a51e4f166de8ac96b8,philadelphia phillies,arizona diamondbacks,draftkings,totals,Under,,,,,,pregame,2026-09-02 19:41:00+00:00,-110,9.5,2026-09-02 12:03:02.767951+00:00,2026-09-02 12:02:54+00:00,,MLB_ODDS_API_MARKET_HISTORY.csv,-110,9.5,6407,-110,9.5,2026-09-02 08:15:44.143645+00:00,0,0.0,0.5238095238095238,0.5238095238095238,0.0,0.0,8,total,under,True,False,False,ODDS_API,9.5,"ODDS_API,SGO",2,True
iMxOEuvC1FxrzmjO3iOS,philadelphia phillies,arizona diamondbacks,espnbet,ml,home,,,points,points-home-game-ml-home,game,pregame,2026-09-02 19:40:00+00:00,-110,,2026-09-02 12:03:02.122557+00:00,2026-09-02 11:59:13.272000+00:00,1.0,MLB_SGO_MARKET_HISTORY.csv,-110,,291689,100,,2026-09-02 08:15:43.454797+00:00,-210,,0.5,0.5238095238095238,2.380952380952384,2.380952380952384,8,moneyline,arizona diamondbacks,True,True,False,SGO,,SGO,1,False
iMxOEuvC1FxrzmjO3iOS,philadelphia phillies,arizona diamondbacks,espnbet,ml,away,,,points,points-away-game-ml-away,game,pregame,2026-09-02 19:40:00+00:00,-110,,2026-09-02 12:03:02.122557+00:00,2026-09-02 11:59:13.272000+00:00,1.0,MLB_SGO_MARKET_HISTORY.csv,-110,,291680,-120,,2026-09-02 08:15:43.454797+00:00,10,,0.5454545454545454,0.5238095238095238,-2.164502164502158,2.164502164502158,8,moneyline,philadelphia phillies,True,True,False,SGO,,SGO,1,False
iMxOEuvC1FxrzmjO3iOS,philadelphia phillies,arizona diamondbacks,espnbet,sp,home,,,points,points-home-game-sp-home,game,pregame,2026-09-02 19:40:00+00:00,-175,1.5,2026-09-02 12:03:02.122557+00:00,2026-09-02 11:59:13.272000+00:00,1.0,MLB_SGO_MARKET_HISTORY.csv,-175,1.5,292166,-160,1.5,2026-09-02 08:15:43.454797+00:00,-15,0.0,0.6153846153846154,0.6363636363636364,2.097902097902093,2.097902097902093,8,spread,arizona diamondbacks,True,True,False,SGO,1.5,SGO,1,False
iMxOEuvC1FxrzmjO3iOS,philadelphia phillies,arizona diamondbacks,espnbet,sp,away,,,points,points-away-game-sp-away,game,pregame,2026-09-02 19:40:00+00:00,145,-1.5,2026-09-02 12:03:02.122557+00:00,2026-09-02 11:59:13.272000+00:00,1.0,MLB_SGO_MARKET_HISTORY.csv,145,-1.5,292158,135,-1.5,2026-09-02 08:15:43.454797+00:00,10,0.0,0.425531914893617,0.4081632653061224,-1.736864958749457,1.736864958749457,8,spread,philadelphia phillies,True,True,False,SGO,-1.5,SGO,1,False
iMxOEuvC1FxrzmjO3iOS,philadelphia phillies,arizona diamondbacks,espnbet,ou,over,,,points,points-away-game-ou-over,game,pregame,2026-09-02 19:40:00+00:00,-125,4.5,2026-09-02 12:03:02.122557+00:00,2026-09-02 12:01:17.104000+00:00,1.0,MLB_SGO_MARKET_HISTORY.csv,-125,4.5,292448,-125,4.5,2026-09-02 11:53:16.109967+00:00,0,0.0,0.5555555555555556,0.5555555555555556,0.0,0.0,4,total,over,True,False,False,SGO,4.5,SGO,2,False
iMxOEuvC1FxrzmjO3iOS,philadelphia phillies,arizona diamondbacks,espnbet,ou,over,,,points,points-all-game-ou-over,game,pregame,2026-09-02 19:40:00+00:00,-110,9.5,2026-09-02 12:03:02.122557+00:00,2026-09-02 11:59:13.272000+00:00,1.0,MLB_SGO_MARKET_HISTORY.csv,-110,9.5,292142,-110,9.5,2026-09-02 08:15:43.454797+00:00,0,0.0,0.5238095238095238,0.5238095238095238,0.0,0.0,8,total,over,True,False,False,SGO,9.5,SGO,1,False
iMxOEuvC1FxrzmjO3iOS,philadelphia phillies,arizona diamondbacks,espnbet,ou,under,,,points,points-away-game-ou-under,game,pregame,2026-09-02 19:40:00+00:00,-105,4.5,2026-09-02 12:03:02.122557+00:00,2026-09-02 12:01:17.104000+00:00,1.0,MLB_SGO_MARKET_HISTORY.csv,-105,4.5,292453,-105,4.5,2026-09-02 11:53:16.109967+00:00,0,0.0,0.5121951219512195,0.5121951219512195,0.0,0.0,4,total,under,True,False,False,SGO,4.5,SGO,2,False
iMxOEuvC1FxrzmjO3iOS,philadelphia phillies,arizona diamondbacks,espnbet,ou,under,,,points,points-all-game-ou-under,game,pregame,2026-09-02 19:40:00+00:00,-110,9.5,2026-09-02 12:03:02.122557+00:00,2026-09-02 11:59:13.272000+00:00,1.0,MLB_SGO_MARKET_HISTORY.csv,-110,9.5,292150,-110,9.5,2026-09-02 08:15:43.454797+00:00,0,0.0,0.5238095238095238,0.5238095238095238,0.0,0.0,8,total,under,True,False,False,SGO,9.5,SGO,1,False
a09e4cef3ad772a51e4f166de8ac96b8,philadelphia phillies,arizona diamondbacks,fanduel,h2h,Arizona Diamondbacks,,,,,,pregame,2026-09-02 19:41:00+00:00,-104,,2026-09-02 12:03:02.767951+00:00,2026-09-02 12:02:37+00:00,,MLB_ODDS_API_MARKET_HISTORY.csv,-104,,6396,-104,,2026-09-02 08:15:44.143645+00:00,0,,0.5098039215686274,0.5098039215686274,0.0,0.0,8,moneyline,arizona diamondbacks,True,False,False,ODDS_API,,"ODDS_API,SGO",2,True
a09e4cef3ad772a51e4f166de8ac96b8,philadelphia phillies,arizona diamondbacks,fanduel,h2h,Philadelphia Phillies,,,,,,pregame,2026-09-02 19:41:00+00:00,-112,,2026-09-02 12:03:02.767951+00:00,2026-09-02 12:02:37+00:00,,MLB_ODDS_API_MARKET_HISTORY.csv,-112,,6397,-112,,2026-09-02 08:15:44.143645+00:00,0,,0.5283018867924528,0.5283018867924528,0.0,0.0,8,moneyline,philadelphia phillies,True,False,False,ODDS_API,,"ODDS_API,SGO",2,True
a09e4cef3ad772a51e4f166de8ac96b8,philadelphia phillies,arizona diamondbacks,fanduel,spreads,Arizona Diamondbacks,,,,,,pregame,2026-09-02 19:41:00+00:00,-164,1.5,2026-09-02 12:03:02.767951+00:00,2026-09-02 12:02:37+00:00,,MLB_ODDS_API_MARKET_HISTORY.csv,-164,1.5,6398,-162,1.5,2026-09-02 08:15:44.143645+00:00,-2,0.0,0.6183206106870229,0.6212121212121212,0.2891510525098284,0.2891510525098284,8,spread,arizona diamondbacks,True,True,False,ODDS_API,1.5,"ODDS_API,SGO",2,True
a09e4cef3ad772a51e4f166de8ac96b8,philadelphia phillies,arizona diamondbacks,fanduel,spreads,Philadelphia Phillies,,,,,,pregame,2026-09-02 19:41:00+00:00,136,-1.5,2026-09-02 12:03:02.767951+00:00,2026-09-02 12:02:37+00:00,,MLB_ODDS_API_MARKET_HISTORY.csv,136,-1.5,6399,134,-1.5,2026-09-02 08:15:44.143645+00:00,2,0.0,0.4273504273504273,0.423728813559322,-0.3621613791105316,0.3621613791105316,8,spread,philadelphia phillies,True,True,False,ODDS_API,-1.5,"ODDS_API,SGO",2,True
iMxOEuvC1FxrzmjO3iOS,philadelphia phillies,arizona diamondbacks,fanduel,ou,over,,,points,points-away-game-ou-over,game,pregame,2026-09-02 19:40:00+00:00,-118,4.5,2026-09-02 12:03:02.122557+00:00,2026-09-02 11:59:36.693000+00:00,1.0,MLB_SGO_MARKET_HISTORY.csv,-118,4.5,292447,-115,4.5,2026-09-02 09:25:50.283068+00:00,-3,0.0,0.5348837209302325,0.5412844036697247,0.6400682739492236,0.6400682739492236,7,total,over,True,True,False,SGO,4.5,SGO,2,False
a09e4cef3ad772a51e4f166de8ac96b8,philadelphia phillies,arizona diamondbacks,fanduel,totals,Over,,,,,,pregame,2026-09-02 19:41:00+00:00,-110,9.5,2026-09-02 12:03:02.767951+00:00,2026-09-02 12:02:37+00:00,,MLB_ODDS_API_MARKET_HISTORY.csv,-110,9.5,6400,-110,9.5,2026-09-02 08:15:44.143645+00:00,0,0.0,0.5238095238095238,0.5238095238095238,0.0,0.0,8,total,over,True,False,False,ODDS_API,9.5,"ODDS_API,SGO",2,True
iMxOEuvC1FxrzmjO3iOS,philadelphia phillies,arizona diamondbacks,fanduel,ou,under,,,points,points-away-game-ou-under,game,pregame,2026-09-02 19:40:00+00:00,-108,4.5,2026-09-02 12:03:02.122557+00:00,2026-09-02 11:59:36.693000+00:00,1.0,MLB_SGO_MARKET_HISTORY.csv,-108,4.5,292452,-111,4.5,2026-09-02 09:25:50.283068+00:00,3,0.0,0.5260663507109005,0.5192307692307693,-0.6835581480131192,0.6835581480131192,7,total,under,True,True,False,SGO,4.5,SGO,2,False
a09e4cef3ad772a51e4f166de8ac96b8,philadelphia phillies,arizona diamondbacks,fanduel,totals,Under,,,,,,pregame,2026-09-02 19:41:00+00:00,-110,9.5,2026-09-02 12:03:02.767951+00:00,2026-09-02 12:02:37+00:00,,MLB_ODDS_API_MARKET_HISTORY.csv,-110,9.5,6401,-110,9.5,2026-09-02 08:15:44.143645+00:00,0,0.0,0.5238095238095238,0.5238095238095238,0.0,0.0,8,total,under,True,False,False,ODDS_API,9.5,"ODDS_API,SGO",2,True
a09e4cef3ad772a51e4f166de8ac96b8,philadelphia phillies,arizona diamondbacks,lowvig,h2h,Arizona Diamondbacks,,,,,,pregame,2026-09-02 19:41:00+00:00,101,,2026-09-02 12:03:02.767951+00:00,2026-09-02 12:02:13+00:00,,MLB_ODDS_API_MARKET_HISTORY.csv,101,,6426,101,,2026-09-02 11:53:16.721696+00:00,0,,0.4975124378109453,0.4975124378109453,0.0,0.0,4,moneyline,arizona diamondbacks,True,False,False,ODDS_API,,ODDS_API,1,False
a09e4cef3ad772a51e4f166de8ac96b8,philadelphia phillies,arizona diamondbacks,lowvig,h2h,Philadelphia Phillies,,,,,,pregame,2026-09-02 19:41:00+00:00,-111,,2026-09-02 12:03:02.767951+00:00,2026-09-02 12:02:13+00:00,,MLB_ODDS_API_MARKET_HISTORY.csv,-111,,6427,-111,,2026-09-02 11:53:16.721696+00:00,0,,0.5260663507109005,0.5260663507109005,0.0,0.0,4,moneyline,philadelphia phillies,True,False,False,ODDS_API,,ODDS_API,1,False
a09e4cef3ad772a51e4f166de8ac96b8,philadelphia phillies,arizona diamondbacks,lowvig,spreads,Arizona Diamondbacks,,,,,,pregame,2026-09-02 19:41:00+00:00,-160,1.5,2026-09-02 12:03:02.767951+00:00,2026-09-02 12:02:13+00:00,,MLB_ODDS_API_MARKET_HISTORY.csv,-160,1.5,6428,-160,1.5,2026-09-02 11:53:16.721696+00:00,0,0.0,0.6153846153846154,0.6153846153846154,0.0,0.0,4,spread,arizona diamondbacks,True,False,False,ODDS_API,1.5,ODDS_API,1,False
a09e4cef3ad772a51e4f166de8ac96b8,philadelphia phillies,arizona diamondbacks,lowvig,spreads,Philadelphia Phillies,,,,,,pregame,2026-09-02 19:41:00+00:00,141,-1.5,2026-09-02 12:03:02.767951+00:00,2026-09-02 12:02:13+00:00,,MLB_ODDS_API_MARKET_HISTORY.csv,141,-1.5,6429,141,-1.5,2026-09-02 11:53:16.721696+00:00,0,0.0,0.4149377593360996,0.4149377593360996,0.0,0.0,4,spread,philadelphia phillies,True,False,False,ODDS_API,-1.5,ODDS_API,1,False
a09e4cef3ad772a51e4f166de8ac96b8,philadelphia phillies,arizona diamondbacks,lowvig,totals,Over,,,,,,pregame,2026-09-02 19:41:00+00:00,-107,9.5,2026-09-02 12:03:02.767951+00:00,2026-09-02 12:02:13+00:00,,MLB_ODDS_API_MARKET_HISTORY.csv,-107,9.5,6430,-107,9.5,2026-09-02 11:53:16.721696+00:00,0,0.0,0.5169082125603864,0.5169082125603864,0.0,0.0,4,total,over,True,False,False,ODDS_API,9.5,ODDS_API,1,False
a09e4cef3ad772a51e4f166de8ac96b8,philadelphia phillies,arizona diamondbacks,lowvig,totals,Under,,,,,,pregame,2026-09-02 19:41:00+00:00,-107,9.5,2026-09-02 12:03:02.767951+00:00,2026-09-02 12:02:13+00:00,,MLB_ODDS_API_MARKET_HISTORY.csv,-107,9.5,6431,-107,9.5,2026-09-02 11:53:16.721696+00:00,0,0.0,0.5169082125603864,0.5169082125603864,0.0,0.0,4,total,under,True,False,False,ODDS_API,9.5,ODDS_API,1,False
iMxOEuvC1FxrzmjO3iOS,philadelphia phillies,arizona diamondbacks,pointsbet,ml,home,,,points,points-home-game-ml-home,game,pregame,2026-09-02 19:40:00+00:00,-105,,2026-09-02 12:03:02.122557+00:00,2026-09-02 11:59:13.272000+00:00,1.0,MLB_SGO_MARKET_HISTORY.csv,-105,,291691,-111,,2026-09-02 08:15:43.454797+00:00,6,,0.5260663507109005,0.5121951219512195,-1.3871228759680942,1.3871228759680942,8,moneyline,arizona diamondbacks,True,True,False,SGO,,SGO,1,False
iMxOEuvC1FxrzmjO3iOS,philadelphia phillies,arizona diamondbacks,pointsbet,ml,away,,,points,points-away-game-ml-away,game,pregame,2026-09-02 19:40:00+00:00,-115,,2026-09-02 12:03:02.122557+00:00,2026-09-02 11:59:13.272000+00:00,1.0,MLB_SGO_MARKET_HISTORY.csv,-115,,291682,-111,,2026-09-02 08:15:43.454797+00:00,-4,,0.5260663507109005,0.5348837209302325,0.8817370219332044,0.8817370219332044,8,moneyline,philadelphia phillies,True,True,False,SGO,,SGO,1,False
iMxOEuvC1FxrzmjO3iOS,philadelphia phillies,arizona diamondbacks,pointsbet,sp,home,,,points,points-home-game-sp-home,game,pregame,2026-09-02 19:40:00+00:00,-169,1.5,2026-09-02 12:03:02.122557+00:00,2026-09-02 11:59:13.272000+00:00,1.0,MLB_SGO_MARKET_HISTORY.csv,-169,1.5,292168,-159,1.5,2026-09-02 08:15:43.454797+00:00,-10,0.0,0.6138996138996139,0.6282527881040892,1.435317420447535,1.435317420447535,8,spread,arizona diamondbacks,True,True,False,SGO,1.5,SGO,1,False
iMxOEuvC1FxrzmjO3iOS,philadelphia phillies,arizona diamondbacks,pointsbet,sp,away,,,points,points-away-game-sp-away,game,pregame,2026-09-02 19:40:00+00:00,140,-1.5,2026-09-02 12:03:02.122557+00:00,2026-09-02 11:59:13.272000+00:00,1.0,MLB_SGO_MARKET_HISTORY.csv,140,-1.5,292160,135,-1.5,2026-09-02 08:15:43.454797+00:00,5,0.0,0.425531914893617,0.4166666666666667,-0.886524822695034,0.886524822695034,8,spread,philadelphia phillies,True,True,False,SGO,-1.5,SGO,1,False
iMxOEuvC1FxrzmjO3iOS,philadelphia phillies,arizona diamondbacks,pointsbet,ou,over,,,points,points-all-game-ou-over,game,pregame,2026-09-02 19:40:00+00:00,-111,9.5,2026-09-02 12:03:02.122557+00:00,2026-09-02 11:59:13.272000+00:00,1.0,MLB_SGO_MARKET_HISTORY.csv,-111,9.5,292144,-111,9.5,2026-09-02 08:15:43.454797+00:00,0,0.0,0.5260663507109005,0.5260663507109005,0.0,0.0,8,total,over,True,False,False,SGO,9.5,SGO,1,False
iMxOEuvC1FxrzmjO3iOS,philadelphia phillies,arizona diamondbacks,pointsbet,ou,under,,,points,points-all-game-ou-under,game,pregame,2026-09-02 19:40:00+00:00,-111,9.5,2026-09-02 12:03:02.122557+00:00,2026-09-02 11:59:13.272000+00:00,1.0,MLB_SGO_MARKET_HISTORY.csv,-111,9.5,292152,-111,9.5,2026-09-02 08:15:43.454797+00:00,0,0.0,0.5260663507109005,0.5260663507109005,0.0,0.0,8,total,under,True,False,False,SGO,9.5,SGO,1,False
iMxOEuvC1FxrzmjO3iOS,philadelphia phillies,arizona diamondbacks,unibet,ml,home,,,points,points-home-game-ml-home,game,pregame,2026-09-02 19:40:00+00:00,-106,,2026-09-02 12:03:02.122557+00:00,2026-09-02 11:59:34.272000+00:00,1.0,MLB_SGO_MARKET_HISTORY.csv,-106,,291692,-109,,2026-09-02 08:15:43.454797+00:00,3,,0.5215311004784688,0.5145631067961165,-0.6967993682352347,0.6967993682352347,8,moneyline,arizona diamondbacks,True,True,False,SGO,,SGO,1,False
iMxOEuvC1FxrzmjO3iOS,philadelphia phillies,arizona diamondbacks,unibet,ml,away,,,points,points-away-game-ml-away,game,pregame,2026-09-02 19:40:00+00:00,-115,,2026-09-02 12:03:02.122557+00:00,2026-09-02 11:59:34.272000+00:00,1.0,MLB_SGO_MARKET_HISTORY.csv,-115,,291683,-114,,2026-09-02 08:15:43.454797+00:00,-1,,0.5327102803738317,0.5348837209302325,0.2173440556400785,0.2173440556400785,8,moneyline,philadelphia phillies,True,True,False,SGO,,SGO,1,False
iMxOEuvC1FxrzmjO3iOS,philadelphia phillies,arizona diamondbacks,unibet,sp,home,,,points,points-home-game-sp-home,game,pregame,2026-09-02 19:40:00+00:00,-167,1.5,2026-09-02 12:03:02.122557+00:00,2026-09-02 09:26:11.757000+00:00,0.0,MLB_SGO_MARKET_HISTORY.csv,-167,1.5,292170,-167,1.5,2026-09-02 09:25:50.283068+00:00,0,0.0,0.6254681647940075,0.6254681647940075,0.0,0.0,7,spread,arizona diamondbacks,True,False,False,SGO,1.5,SGO,1,False
iMxOEuvC1FxrzmjO3iOS,philadelphia phillies,arizona diamondbacks,unibet,sp,away,,,points,points-away-game-sp-away,game,pregame,2026-09-02 19:40:00+00:00,133,-1.5,2026-09-02 12:03:02.122557+00:00,2026-09-02 09:26:11.757000+00:00,0.0,MLB_SGO_MARKET_HISTORY.csv,133,-1.5,292162,133,-1.5,2026-09-02 09:25:50.283068+00:00,0,0.0,0.4291845493562232,0.4291845493562232,0.0,0.0,7,spread,philadelphia phillies,True,False,False,SGO,-1.5,SGO,1,False
iMxOEuvC1FxrzmjO3iOS,philadelphia phillies,arizona diamondbacks,unibet,ou,over,,,points,points-all-game-ou-over,game,pregame,2026-09-02 19:40:00+00:00,-112,9.5,2026-09-02 12:03:02.122557+00:00,2026-09-02 11:59:13.272000+00:00,1.0,MLB_SGO_MARKET_HISTORY.csv,-112,9.5,292146,-113,9.5,2026-09-02 09:25:50.283068+00:00,1,0.0,0.5305164319248826,0.5283018867924528,-0.2214545132429801,0.2214545132429801,7,total,over,True,True,False,SGO,9.5,SGO,1,False
iMxOEuvC1FxrzmjO3iOS,philadelphia phillies,arizona diamondbacks,unibet,ou,under,,,points,points-all-game-ou-under,game,pregame,2026-09-02 19:40:00+00:00,-108,9.5,2026-09-02 12:03:02.122557+00:00,2026-09-02 11:59:13.272000+00:00,1.0,MLB_SGO_MARKET_HISTORY.csv,-108,9.5,292154,-110,9.5,2026-09-02 09:25:50.283068+00:00,2,0.0,0.5238095238095238,0.5192307692307693,-0.4578754578754562,0.4578754578754562,7,total,under,True,True,False,SGO,9.5,SGO,1,False
iMxOEuvC1FxrzmjO3iOS,philadelphia phillies,arizona diamondbacks,williamhill,ml,home,,,points,points-home-game-ml-home,game,pregame,2026-09-02 19:40:00+00:00,-110,,2026-09-02 12:03:02.122557+00:00,2026-09-02 11:59:33.272000+00:00,1.0,MLB_SGO_MARKET_HISTORY.csv,-110,,291693,-110,,2026-09-02 08:15:43.454797+00:00,0,,0.5238095238095238,0.5238095238095238,0.0,0.0,8,moneyline,arizona diamondbacks,True,False,False,SGO,,SGO,1,False
iMxOEuvC1FxrzmjO3iOS,philadelphia phillies,arizona diamondbacks,williamhill,ml,away,,,points,points-away-game-ml-away,game,pregame,2026-09-02 19:40:00+00:00,-110,,2026-09-02 12:03:02.122557+00:00,2026-09-02 11:59:33.272000+00:00,1.0,MLB_SGO_MARKET_HISTORY.csv,-110,,291684,-110,,2026-09-02 08:15:43.454797+00:00,0,,0.5238095238095238,0.5238095238095238,0.0,0.0,8,moneyline,philadelphia phillies,True,False,False,SGO,,SGO,1,False
fbeefe8aa3a2d5aefc1dccf34b4f3a13,san diego padres,cincinnati reds,betmgm,h2h,Cincinnati Reds,,,,,,pregame,2026-09-02 16:41:00+00:00,125,,2026-09-02 12:03:02.767951+00:00,2026-09-02 12:02:55+00:00,,MLB_ODDS_API_MARKET_HISTORY.csv,125,,6210,120,,2026-09-02 03:08:28.142141+00:00,5,,0.4545454545454545,0.4444444444444444,-1.010101010101011,1.010101010101011,9,moneyline,cincinnati reds,True,True,False,ODDS_API,,"ODDS_API,SGO",2,True
fbeefe8aa3a2d5aefc1dccf34b4f3a13,san diego padres,cincinnati reds,betmgm,h2h,San Diego Padres,,,,,,pregame,2026-09-02 16:41:00+00:00,-155,,2026-09-02 12:03:02.767951+00:00,2026-09-02 12:02:55+00:00,,MLB_ODDS_API_MARKET_HISTORY.csv,-155,,6211,-145,,2026-09-02 03:08:28.142149+00:00,-10,,0.5918367346938775,0.6078431372549019,1.6006402561024369,1.6006402561024369,9,moneyline,san diego padres,True,True,False,ODDS_API,,"ODDS_API,SGO",2,True
fbeefe8aa3a2d5aefc1dccf34b4f3a13,san diego padres,cincinnati reds,betmgm,spreads,Cincinnati Reds,,,,,,pregame,2026-09-02 16:41:00+00:00,-125,1.5,2026-09-02 12:03:02.767951+00:00,2026-09-02 12:02:55+00:00,,MLB_ODDS_API_MARKET_HISTORY.csv,-125,1.5,6212,-135,1.5,2026-09-02 03:08:28.142157+00:00,10,0.0,0.574468085106383,0.5555555555555556,-1.891252955082745,1.891252955082745,9,spread,cincinnati reds,True,True,False,ODDS_API,1.5,"ODDS_API,SGO",2,True
fbeefe8aa3a2d5aefc1dccf34b4f3a13,san diego padres,cincinnati reds,betmgm,spreads,San Diego Padres,,,,,,pregame,2026-09-02 16:41:00+00:00,105,-1.5,2026-09-02 12:03:02.767951+00:00,2026-09-02 12:02:55+00:00,,MLB_ODDS_API_MARKET_HISTORY.csv,105,-1.5,6213,110,-1.5,2026-09-02 03:08:28.142165+00:00,-5,0.0,0.4761904761904761,0.4878048780487805,1.1614401858304313,1.1614401858304313,9,spread,san diego padres,True,True,False,ODDS_API,-1.5,"ODDS_API,SGO",2,True
fbeefe8aa3a2d5aefc1dccf34b4f3a13,san diego padres,cincinnati reds,betmgm,totals,Over,,,,,,pregame,2026-09-02 16:41:00+00:00,-110,9.5,2026-09-02 12:03:02.767951+00:00,2026-09-02 12:02:55+00:00,,MLB_ODDS_API_MARKET_HISTORY.csv,-110,9.5,6214,-110,9.5,2026-09-02 03:08:28.142174+00:00,0,0.0,0.5238095238095238,0.5238095238095238,0.0,0.0,9,total,over,True,False,False,ODDS_API,9.5,"ODDS_API,SGO",2,True
fbeefe8aa3a2d5aefc1dccf34b4f3a13,san diego padres,cincinnati reds,betmgm,totals,Under,,,,,,pregame,2026-09-02 16:41:00+00:00,-110,9.5,2026-09-02 12:03:02.767951+00:00,2026-09-02 12:02:55+00:00,,MLB_ODDS_API_MARKET_HISTORY.csv,-110,9.5,6215,-110,9.5,2026-09-02 03:08:28.142182+00:00,0,0.0,0.5238095238095238,0.5238095238095238,0.0,0.0,9,total,under,True,False,False,ODDS_API,9.5,"ODDS_API,SGO",2,True
fbeefe8aa3a2d5aefc1dccf34b4f3a13,san diego padres,cincinnati reds,betonlineag,h2h,Cincinnati Reds,,,,,,pregame,2026-09-02 16:41:00+00:00,130,,2026-09-02 12:03:02.767951+00:00,2026-09-02 12:02:12+00:00,,MLB_ODDS_API_MARKET_HISTORY.csv,130,,6192,125,,2026-09-02 03:08:28.141994+00:00,5,,0.4444444444444444,0.4347826086956521,-0.9661835748792258,0.9661835748792258,9,moneyline,cincinnati reds,True,True,False,ODDS_API,,ODDS_API,1,False
fbeefe8aa3a2d5aefc1dccf34b4f3a13,san diego padres,cincinnati reds,betonlineag,h2h,San Diego Padres,,,,,,pregame,2026-09-02 16:41:00+00:00,-143,,2026-09-02 12:03:02.767951+00:00,2026-09-02 12:02:12+00:00,,MLB_ODDS_API_MARKET_HISTORY.csv,-143,,6193,-138,,2026-09-02 03:08:28.142002+00:00,-5,,0.5798319327731093,0.588477366255144,0.8645433482034726,0.8645433482034726,9,moneyline,san diego padres,True,True,False,ODDS_API,,ODDS_API,1,False
fbeefe8aa3a2d5aefc1dccf34b4f3a13,san diego padres,cincinnati reds,betonlineag,spreads,Cincinnati Reds,,,,,,pregame,2026-09-02 16:41:00+00:00,-122,1.5,2026-09-02 12:03:02.767951+00:00,2026-09-02 12:02:12+00:00,,MLB_ODDS_API_MARKET_HISTORY.csv,-122,1.5,6194,-130,1.5,2026-09-02 03:08:28.142010+00:00,8,0.0,0.5652173913043478,0.5495495495495496,-1.5667841754798184,1.5667841754798184,9,spread,cincinnati reds,True,True,False,ODDS_API,1.5,ODDS_API,1,False
fbeefe8aa3a2d5aefc1dccf34b4f3a13,san diego padres,cincinnati reds,betonlineag,spreads,San Diego Padres,,,,,,pregame,2026-09-02 16:41:00+00:00,102,-1.5,2026-09-02 12:03:02.767951+00:00,2026-09-02 12:02:12+00:00,,MLB_ODDS_API_MARKET_HISTORY.csv,102,-1.5,6195,110,-1.5,2026-09-02 03:08:28.142018+00:00,-8,0.0,0.4761904761904761,0.495049504950495,1.885902876001888,1.885902876001888,9,spread,san diego padres,True,True,False,ODDS_API,-1.5,ODDS_API,1,False
fbeefe8aa3a2d5aefc1dccf34b4f3a13,san diego padres,cincinnati reds,betonlineag,totals,Over,,,,,,pregame,2026-09-02 16:41:00+00:00,-113,9.5,2026-09-02 12:03:02.767951+00:00,2026-09-02 12:02:12+00:00,,MLB_ODDS_API_MARKET_HISTORY.csv,-113,9.5,6196,-112,9.5,2026-09-02 03:08:28.142026+00:00,-1,0.0,0.5283018867924528,0.5305164319248826,0.2214545132429801,0.2214545132429801,9,total,over,True,True,False,ODDS_API,9.5,ODDS_API,1,False
fbeefe8aa3a2d5aefc1dccf34b4f3a13,san diego padres,cincinnati reds,betonlineag,totals,Under,,,,,,pregame,2026-09-02 16:41:00+00:00,-107,9.5,2026-09-02 12:03:02.767951+00:00,2026-09-02 12:02:12+00:00,,MLB_ODDS_API_MARKET_HISTORY.csv,-107,9.5,6197,-108,9.5,2026-09-02 03:08:28.142035+00:00,1,0.0,0.5192307692307693,0.5169082125603864,-0.2322556670382836,0.2322556670382836,9,total,under,True,True,False,ODDS_API,9.5,ODDS_API,1,False
fbeefe8aa3a2d5aefc1dccf34b4f3a13,san diego padres,cincinnati reds,betrivers,h2h,Cincinnati Reds,,,,,,pregame,2026-09-02 16:41:00+00:00,125,,2026-09-02 12:03:02.767951+00:00,2026-09-02 12:02:55+00:00,,MLB_ODDS_API_MARKET_HISTORY.csv,125,,6222,123,,2026-09-02 03:08:28.142239+00:00,2,,0.4484304932735426,0.4444444444444444,-0.3986048829098199,0.3986048829098199,9,moneyline,cincinnati reds,True,True,False,ODDS_API,,ODDS_API,1,False
fbeefe8aa3a2d5aefc1dccf34b4f3a13,san diego padres,cincinnati reds,betrivers,h2h,San Diego Padres,,,,,,pregame,2026-09-02 16:41:00+00:00,-150,,2026-09-02 12:03:02.767951+00:00,2026-09-02 12:02:55+00:00,,MLB_ODDS_API_MARKET_HISTORY.csv,-150,,6223,-148,,2026-09-02 03:08:28.142247+00:00,-2,,0.5967741935483871,0.6,0.3225806451612856,0.3225806451612856,9,moneyline,san diego padres,True,True,False,ODDS_API,,ODDS_API,1,False
fbeefe8aa3a2d5aefc1dccf34b4f3a13,san diego padres,cincinnati reds,betrivers,spreads,Cincinnati Reds,,,,,,pregame,2026-09-02 16:41:00+00:00,-130,1.5,2026-09-02 12:03:02.767951+00:00,2026-09-02 12:02:55+00:00,,MLB_ODDS_API_MARKET_HISTORY.csv,-130,1.5,6224,-132,1.5,2026-09-02 03:08:28.142255+00:00,2,0.0,0.5689655172413793,0.5652173913043478,-0.3748125937031554,0.3748125937031554,9,spread,cincinnati reds,True,True,False,ODDS_API,1.5,ODDS_API,1,False
fbeefe8aa3a2d5aefc1dccf34b4f3a13,san diego padres,cincinnati reds,betrivers,spreads,San Diego Padres,,,,,,pregame,2026-09-02 16:41:00+00:00,107,-1.5,2026-09-02 12:03:02.767951+00:00,2026-09-02 12:02:55+00:00,,MLB_ODDS_API_MARKET_HISTORY.csv,107,-1.5,6225,108,-1.5,2026-09-02 03:08:28.142263+00:00,-1,0.0,0.4807692307692308,0.4830917874396135,0.2322556670382725,0.2322556670382725,9,spread,san diego padres,True,True,False,ODDS_API,-1.5,ODDS_API,1,False
fbeefe8aa3a2d5aefc1dccf34b4f3a13,san diego padres,cincinnati reds,betrivers,totals,Over,,,,,,pregame,2026-09-02 16:41:00+00:00,-103,9.5,2026-09-02 12:03:02.767951+00:00,2026-09-02 12:02:55+00:00,,MLB_ODDS_API_MARKET_HISTORY.csv,-103,9.5,6226,-106,9.5,2026-09-02 03:08:28.142272+00:00,3,0.0,0.5145631067961165,0.5073891625615764,-0.7173944234540097,0.7173944234540097,9,total,over,True,True,False,ODDS_API,9.5,ODDS_API,1,False
fbeefe8aa3a2d5aefc1dccf34b4f3a13,san diego padres,cincinnati reds,betrivers,totals,Under,,,,,,pregame,2026-09-02 16:41:00+00:00,-120,9.5,2026-09-02 12:03:02.767951+00:00,2026-09-02 12:02:55+00:00,,MLB_ODDS_API_MARKET_HISTORY.csv,-120,9.5,6227,-115,9.5,2026-09-02 03:08:28.142280+00:00,-5,0.0,0.5348837209302325,0.5454545454545454,1.0570824524312905,1.0570824524312905,9,total,under,True,True,False,ODDS_API,9.5,ODDS_API,1,False
fbeefe8aa3a2d5aefc1dccf34b4f3a13,san diego padres,cincinnati reds,betus,h2h,Cincinnati Reds,,,,,,pregame,2026-09-02 16:41:00+00:00,130,,2026-09-02 12:03:02.767951+00:00,2026-09-02 12:02:54+00:00,,MLB_ODDS_API_MARKET_HISTORY.csv,130,,6228,126,,2026-09-02 03:08:28.142288+00:00,4,,0.4424778761061947,0.4347826086956521,-0.769526741054255,0.769526741054255,9,moneyline,cincinnati reds,True,True,False,ODDS_API,,ODDS_API,1,False
fbeefe8aa3a2d5aefc1dccf34b4f3a13,san diego padres,cincinnati reds,betus,h2h,San Diego Padres,,,,,,pregame,2026-09-02 16:41:00+00:00,-145,,2026-09-02 12:03:02.767951+00:00,2026-09-02 12:02:54+00:00,,MLB_ODDS_API_MARKET_HISTORY.csv,-145,,6229,-140,,2026-09-02 03:08:28.142296+00:00,-5,,0.5833333333333334,0.5918367346938775,0.8503401360544172,0.8503401360544172,9,moneyline,san diego padres,True,True,False,ODDS_API,,ODDS_API,1,False
fbeefe8aa3a2d5aefc1dccf34b4f3a13,san diego padres,cincinnati reds,betus,spreads,Cincinnati Reds,,,,,,pregame,2026-09-02 16:41:00+00:00,-122,1.5,2026-09-02 12:03:02.767951+00:00,2026-09-02 12:02:54+00:00,,MLB_ODDS_API_MARKET_HISTORY.csv,-122,1.5,6230,-130,1.5,2026-09-02 03:08:28.142304+00:00,8,0.0,0.5652173913043478,0.5495495495495496,-1.5667841754798184,1.5667841754798184,9,spread,cincinnati reds,True,True,False,ODDS_API,1.5,ODDS_API,1,False
fbeefe8aa3a2d5aefc1dccf34b4f3a13,san diego padres,cincinnati reds,betus,spreads,San Diego Padres,,,,,,pregame,2026-09-02 16:41:00+00:00,102,-1.5,2026-09-02 12:03:02.767951+00:00,2026-09-02 12:02:54+00:00,,MLB_ODDS_API_MARKET_HISTORY.csv,102,-1.5,6231,110,-1.5,2026-09-02 03:08:28.142312+00:00,-8,0.0,0.4761904761904761,0.495049504950495,1.885902876001888,1.885902876001888,9,spread,san diego padres,True,True,False,ODDS_API,-1.5,ODDS_API,1,False
fbeefe8aa3a2d5aefc1dccf34b4f3a13,san diego padres,cincinnati reds,betus,totals,Over,,,,,,pregame,2026-09-02 16:41:00+00:00,-110,9.5,2026-09-02 12:03:02.767951+00:00,2026-09-02 12:02:54+00:00,,MLB_ODDS_API_MARKET_HISTORY.csv,-110,9.5,6232,-110,9.5,2026-09-02 03:08:28.142321+00:00,0,0.0,0.5238095238095238,0.5238095238095238,0.0,0.0,9,total,over,True,False,False,ODDS_API,9.5,ODDS_API,1,False
fbeefe8aa3a2d5aefc1dccf34b4f3a13,san diego padres,cincinnati reds,betus,totals,Under,,,,,,pregame,2026-09-02 16:41:00+00:00,-110,9.5,2026-09-02 12:03:02.767951+00:00,2026-09-02 12:02:54+00:00,,MLB_ODDS_API_MARKET_HISTORY.csv,-110,9.5,6233,-110,9.5,2026-09-02 03:08:28.142329+00:00,0,0.0,0.5238095238095238,0.5238095238095238,0.0,0.0,9,total,under,True,False,False,ODDS_API,9.5,ODDS_API,1,False
fbeefe8aa3a2d5aefc1dccf34b4f3a13,san diego padres,cincinnati reds,bovada,h2h,Cincinnati Reds,,,,,,pregame,2026-09-02 16:41:00+00:00,125,,2026-09-02 12:03:02.767951+00:00,2026-09-02 12:01:49+00:00,,MLB_ODDS_API_MARKET_HISTORY.csv,125,,6216,121,,2026-09-02 03:08:28.142190+00:00,4,,0.4524886877828054,0.4444444444444444,-0.8044243338361012,0.8044243338361012,9,moneyline,cincinnati reds,True,True,False,ODDS_API,,"ODDS_API,SGO",2,True
fbeefe8aa3a2d5aefc1dccf34b4f3a13,san diego padres,cincinnati reds,bovada,h2h,San Diego Padres,,,,,,pregame,2026-09-02 16:41:00+00:00,-149,,2026-09-02 12:03:02.767951+00:00,2026-09-02 12:01:49+00:00,,MLB_ODDS_API_MARKET_HISTORY.csv,-149,,6217,-144,,2026-09-02 03:08:28.142198+00:00,-5,,0.5901639344262295,0.5983935742971888,0.822963987095926,0.822963987095926,9,moneyline,san diego padres,True,True,False,ODDS_API,,"ODDS_API,SGO",2,True
fbeefe8aa3a2d5aefc1dccf34b4f3a13,san diego padres,cincinnati reds,bovada,spreads,Cincinnati Reds,,,,,,pregame,2026-09-02 16:41:00+00:00,-125,1.5,2026-09-02 12:03:02.767951+00:00,2026-09-02 12:01:49+00:00,,MLB_ODDS_API_MARKET_HISTORY.csv,-125,1.5,6218,-130,1.5,2026-09-02 03:08:28.142206+00:00,5,0.0,0.5652173913043478,0.5555555555555556,-0.9661835748792202,0.9661835748792202,9,spread,cincinnati reds,True,True,False,ODDS_API,1.5,"ODDS_API,SGO",2,True
fbeefe8aa3a2d5aefc1dccf34b4f3a13,san diego padres,cincinnati reds,bovada,spreads,San Diego Padres,,,,,,pregame,2026-09-02 16:41:00+00:00,105,-1.5,2026-09-02 12:03:02.767951+00:00,2026-09-02 12:01:49+00:00,,MLB_ODDS_API_MARKET_HISTORY.csv,105,-1.5,6219,110,-1.5,2026-09-02 03:08:28.142214+00:00,-5,0.0,0.4761904761904761,0.4878048780487805,1.1614401858304313,1.1614401858304313,9,spread,san diego padres,True,True,False,ODDS_API,-1.5,"ODDS_API,SGO",2,True
FQOd1OmRjOLaWkLTInPR,san diego padres,cincinnati reds,bovada,ou,over,,,points,points-home-game-ou-over,game,pregame,2026-09-02 16:40:00+00:00,105,4.5,2026-09-02 12:03:02.122557+00:00,2026-09-02 12:00:44.519000+00:00,1.0,MLB_SGO_MARKET_HISTORY.csv,105,4.5,280044,105,4.5,2026-09-02 03:08:27.477518+00:00,0,0.0,0.4878048780487805,0.4878048780487805,0.0,0.0,9,total,over,True,False,False,SGO,4.5,SGO,1,False
FQOd1OmRjOLaWkLTInPR,san diego padres,cincinnati reds,bovada,ou,over,,,points,points-away-game-ou-over,game,pregame,2026-09-02 16:40:00+00:00,105,5.5,2026-09-02 12:03:02.122557+00:00,2026-09-02 12:00:44.519000+00:00,1.0,MLB_SGO_MARKET_HISTORY.csv,105,5.5,280015,105,5.5,2026-09-02 03:08:27.477456+00:00,0,0.0,0.4878048780487805,0.4878048780487805,0.0,0.0,9,total,over,True,False,False,SGO,5.5,SGO,1,False
fbeefe8aa3a2d5aefc1dccf34b4f3a13,san diego padres,cincinnati reds,bovada,totals,Over,,,,,,pregame,2026-09-02 16:41:00+00:00,-110,9.5,2026-09-02 12:03:02.767951+00:00,2026-09-02 12:01:49+00:00,,MLB_ODDS_API_MARKET_HISTORY.csv,-110,9.5,6220,-105,9.5,2026-09-02 03:08:28.142223+00:00,-5,0.0,0.5121951219512195,0.5238095238095238,1.1614401858304313,1.1614401858304313,9,total,over,True,True,False,ODDS_API,9.5,"ODDS_API,SGO",2,True
FQOd1OmRjOLaWkLTInPR,san diego padres,cincinnati reds,bovada,ou,under,,,points,points-home-game-ou-under,game,pregame,2026-09-02 16:40:00+00:00,-135,4.5,2026-09-02 12:03:02.122557+00:00,2026-09-02 12:00:44.519000+00:00,1.0,MLB_SGO_MARKET_HISTORY.csv,-135,4.5,280049,-135,4.5,2026-09-02 03:08:27.477529+00:00,0,0.0,0.574468085106383,0.574468085106383,0.0,0.0,9,total,under,True,False,False,SGO,4.5,SGO,1,False
FQOd1OmRjOLaWkLTInPR,san diego padres,cincinnati reds,bovada,ou,under,,,points,points-away-game-ou-under,game,pregame,2026-09-02 16:40:00+00:00,-135,5.5,2026-09-02 12:03:02.122557+00:00,2026-09-02 12:00:44.519000+00:00,1.0,MLB_SGO_MARKET_HISTORY.csv,-135,5.5,280020,-135,5.5,2026-09-02 03:08:27.477467+00:00,0,0.0,0.574468085106383,0.574468085106383,0.0,0.0,9,total,under,True,False,False,SGO,5.5,SGO,1,False
fbeefe8aa3a2d5aefc1dccf34b4f3a13,san diego padres,cincinnati reds,bovada,totals,Under,,,,,,pregame,2026-09-02 16:41:00+00:00,-110,9.5,2026-09-02 12:03:02.767951+00:00,2026-09-02 12:01:49+00:00,,MLB_ODDS_API_MARKET_HISTORY.csv,-110,9.5,6221,-115,9.5,2026-09-02 03:08:28.142231+00:00,5,0.0,0.5348837209302325,0.5238095238095238,-1.107419712070867,1.107419712070867,9,total,under,True,True,False,ODDS_API,9.5,"ODDS_API,SGO",2,True
FQOd1OmRjOLaWkLTInPR,san diego padres,cincinnati reds,caesars,ml,home,,,points,points-home-game-ml-home,game,pregame,2026-09-02 16:40:00+00:00,135,,2026-09-02 12:03:02.122557+00:00,2026-09-02 11:58:40.772000+00:00,1.0,MLB_SGO_MARKET_HISTORY.csv,135,,279960,125,,2026-09-02 03:08:27.477337+00:00,10,,0.4444444444444444,0.425531914893617,-1.8912529550827395,1.8912529550827395,9,moneyline,cincinnati reds,True,True,False,SGO,,SGO,1,False
FQOd1OmRjOLaWkLTInPR,san diego padres,cincinnati reds,caesars,ml,away,,,points,points-away-game-ml-away,game,pregame,2026-09-02 16:40:00+00:00,-145,,2026-09-02 12:03:02.122557+00:00,2026-09-02 11:58:40.772000+00:00,1.0,MLB_SGO_MARKET_HISTORY.csv,-145,,279951,-135,,2026-09-02 03:08:27.477312+00:00,-10,,0.574468085106383,0.5918367346938775,1.7368649587494511,1.7368649587494511,9,moneyline,san diego padres,True,True,False,SGO,,SGO,1,False
FQOd1OmRjOLaWkLTInPR,san diego padres,cincinnati reds,caesars,sp,home,,,points,points-home-game-sp-home,game,pregame,2026-09-02 16:40:00+00:00,-125,1.5,2026-09-02 12:03:02.122557+00:00,2026-09-02 11:58:40.772000+00:00,1.0,MLB_SGO_MARKET_HISTORY.csv,-125,1.5,280058,-135,1.5,2026-09-02 03:08:27.477551+00:00,10,0.0,0.574468085106383,0.5555555555555556,-1.891252955082745,1.891252955082745,9,spread,cincinnati reds,True,True,False,SGO,1.5,SGO,1,False
FQOd1OmRjOLaWkLTInPR,san diego padres,cincinnati reds,caesars,sp,away,,,points,points-away-game-sp-away,game,pregame,2026-09-02 16:40:00+00:00,105,-1.5,2026-09-02 12:03:02.122557+00:00,2026-09-02 11:58:40.772000+00:00,1.0,MLB_SGO_MARKET_HISTORY.csv,105,-1.5,280029,115,-1.5,2026-09-02 03:08:27.477488+00:00,-10,0.0,0.4651162790697674,0.4878048780487805,2.2688598979013044,2.2688598979013044,9,spread,san diego padres,True,True,False,SGO,-1.5,SGO,1,False
FQOd1OmRjOLaWkLTInPR,san diego padres,cincinnati reds,caesars,ou,over,,,points,points-home-game-ou-over,game,pregame,2026-09-02 16:40:00+00:00,110,4.5,2026-09-02 12:03:02.122557+00:00,2026-09-02 12:01:25.519000+00:00,1.0,MLB_SGO_MARKET_HISTORY.csv,110,4.5,280042,110,4.5,2026-09-02 03:08:27.477512+00:00,0,0.0,0.4761904761904761,0.4761904761904761,0.0,0.0,9,total,over,True,False,False,SGO,4.5,SGO,1,False
FQOd1OmRjOLaWkLTInPR,san diego padres,cincinnati reds,caesars,ou,over,,,points,points-away-game-ou-over,game,pregame,2026-09-02 16:40:00+00:00,105,5.5,2026-09-02 12:03:02.122557+00:00,2026-09-02 12:01:25.519000+00:00,1.0,MLB_SGO_MARKET_HISTORY.csv,105,5.5,280013,110,5.5,2026-09-02 03:08:27.477450+00:00,-5,0.0,0.4761904761904761,0.4878048780487805,1.1614401858304313,1.1614401858304313,9,total,over,True,True,False,SGO,5.5,SGO,1,False
FQOd1OmRjOLaWkLTInPR,san diego padres,cincinnati reds,caesars,ou,over,,,points,points-all-game-ou-over,game,pregame,2026-09-02 16:40:00+00:00,-110,9.5,2026-09-02 12:03:02.122557+00:00,2026-09-02 11:58:40.772000+00:00,1.0,MLB_SGO_MARKET_HISTORY.csv,-110,9.5,279990,-110,9.5,2026-09-02 03:08:27.477399+00:00,0,0.0,0.5238095238095238,0.5238095238095238,0.0,0.0,9,total,over,True,False,False,SGO,9.5,SGO,1,False
FQOd1OmRjOLaWkLTInPR,san diego padres,cincinnati reds,caesars,ou,under,,,points,points-home-game-ou-under,game,pregame,2026-09-02 16:40:00+00:00,-143,4.5,2026-09-02 12:03:02.122557+00:00,2026-09-02 12:01:25.519000+00:00,1.0,MLB_SGO_MARKET_HISTORY.csv,-143,4.5,280047,-137,4.5,2026-09-02 03:08:27.477524+00:00,-6,0.0,0.5780590717299579,0.588477366255144,1.0418294525186167,1.0418294525186167,9,total,under,True,True,False,SGO,4.5,SGO,1,False
FQOd1OmRjOLaWkLTInPR,san diego padres,cincinnati reds,caesars,ou,under,,,points,points-away-game-ou-under,game,pregame,2026-09-02 16:40:00+00:00,-137,5.5,2026-09-02 12:03:02.122557+00:00,2026-09-02 12:01:25.519000+00:00,1.0,MLB_SGO_MARKET_HISTORY.csv,-137,5.5,280018,-143,5.5,2026-09-02 03:08:27.477461+00:00,6,0.0,0.588477366255144,0.5780590717299579,-1.0418294525186167,1.0418294525186167,9,total,under,True,True,False,SGO,5.5,SGO,1,False
FQOd1OmRjOLaWkLTInPR,san diego padres,cincinnati reds,caesars,ou,under,,,points,points-all-game-ou-under,game,pregame,2026-09-02 16:40:00+00:00,-110,9.5,2026-09-02 12:03:02.122557+00:00,2026-09-02 11:58:40.772000+00:00,1.0,MLB_SGO_MARKET_HISTORY.csv,-110,9.5,279998,-110,9.5,2026-09-02 03:08:27.477421+00:00,0,0.0,0.5238095238095238,0.5238095238095238,0.0,0.0,9,total,under,True,False,False,SGO,9.5,SGO,1,False
fbeefe8aa3a2d5aefc1dccf34b4f3a13,san diego padres,cincinnati reds,draftkings,h2h,Cincinnati Reds,,,,,,pregame,2026-09-02 16:41:00+00:00,124,,2026-09-02 12:03:02.767951+00:00,2026-09-02 12:02:54+00:00,,MLB_ODDS_API_MARKET_HISTORY.csv,124,,6204,123,,2026-09-02 03:08:28.142092+00:00,1,,0.4484304932735426,0.4464285714285714,-0.2001921844971166,0.2001921844971166,9,moneyline,cincinnati reds,True,True,False,ODDS_API,,"ODDS_API,SGO",2,True
fbeefe8aa3a2d5aefc1dccf34b4f3a13,san diego padres,cincinnati reds,draftkings,h2h,San Diego Padres,,,,,,pregame,2026-09-02 16:41:00+00:00,-150,,2026-09-02 12:03:02.767951+00:00,2026-09-02 12:02:54+00:00,,MLB_ODDS_API_MARKET_HISTORY.csv,-150,,6205,-149,,2026-09-02 03:08:28.142100+00:00,-1,,0.5983935742971888,0.6,0.160642570281122,0.160642570281122,9,moneyline,san diego padres,True,True,False,ODDS_API,,"ODDS_API,SGO",2,True
fbeefe8aa3a2d5aefc1dccf34b4f3a13,san diego padres,cincinnati reds,draftkings,spreads,Cincinnati Reds,,,,,,pregame,2026-09-02 16:41:00+00:00,-125,1.5,2026-09-02 12:03:02.767951+00:00,2026-09-02 12:02:54+00:00,,MLB_ODDS_API_MARKET_HISTORY.csv,-125,1.5,6206,-132,1.5,2026-09-02 03:08:28.142108+00:00,7,0.0,0.5689655172413793,0.5555555555555556,-1.3409961685823757,1.3409961685823757,9,spread,cincinnati reds,True,True,False,ODDS_API,1.5,"ODDS_API,SGO",2,True
fbeefe8aa3a2d5aefc1dccf34b4f3a13,san diego padres,cincinnati reds,draftkings,spreads,San Diego Padres,,,,,,pregame,2026-09-02 16:41:00+00:00,104,-1.5,2026-09-02 12:03:02.767951+00:00,2026-09-02 12:02:54+00:00,,MLB_ODDS_API_MARKET_HISTORY.csv,104,-1.5,6207,110,-1.5,2026-09-02 03:08:28.142116+00:00,-6,0.0,0.4761904761904761,0.4901960784313725,1.4005602240896364,1.4005602240896364,9,spread,san diego padres,True,True,False,ODDS_API,-1.5,"ODDS_API,SGO",2,True
FQOd1OmRjOLaWkLTInPR,san diego padres,cincinnati reds,draftkings,ou,over,,,points,points-home-game-ou-over,game,pregame,2026-09-02 16:40:00+00:00,110,4.5,2026-09-02 12:03:02.122557+00:00,2026-09-02 11:59:21.819000+00:00,1.0,MLB_SGO_MARKET_HISTORY.csv,110,4.5,280046,110,4.5,2026-09-02 08:15:43.454797+00:00,0,0.0,0.4761904761904761,0.4761904761904761,0.0,0.0,8,total,over,True,False,False,SGO,4.5,SGO,1,False
FQOd1OmRjOLaWkLTInPR,san diego padres,cincinnati reds,draftkings,ou,over,,,points,points-away-game-ou-over,game,pregame,2026-09-02 16:40:00+00:00,105,5.5,2026-09-02 12:03:02.122557+00:00,2026-09-02 11:59:21.819000+00:00,1.0,MLB_SGO_MARKET_HISTORY.csv,105,5.5,280017,105,5.5,2026-09-02 08:15:43.454797+00:00,0,0.0,0.4878048780487805,0.4878048780487805,0.0,0.0,8,total,over,True,False,False,SGO,5.5,SGO,1,False
fbeefe8aa3a2d5aefc1dccf34b4f3a13,san diego padres,cincinnati reds,draftkings,totals,Over,,,,,,pregame,2026-09-02 16:41:00+00:00,-108,9.5,2026-09-02 12:03:02.767951+00:00,2026-09-02 12:02:54+00:00,,MLB_ODDS_API_MARKET_HISTORY.csv,-108,9.5,6208,-110,9.5,2026-09-02 03:08:28.142125+00:00,2,0.0,0.5238095238095238,0.5192307692307693,-0.4578754578754562,0.4578754578754562,9,total,over,True,True,False,ODDS_API,9.5,"ODDS_API,SGO",2,True
FQOd1OmRjOLaWkLTInPR,san diego padres,cincinnati reds,draftkings,ou,under,,,points,points-home-game-ou-under,game,pregame,2026-09-02 16:40:00+00:00,-140,4.5,2026-09-02 12:03:02.122557+00:00,2026-09-02 11:59:21.819000+00:00,1.0,MLB_SGO_MARKET_HISTORY.csv,-140,4.5,280051,-140,4.5,2026-09-02 08:15:43.454797+00:00,0,0.0,0.5833333333333334,0.5833333333333334,0.0,0.0,8,total,under,True,False,False,SGO,4.5,SGO,1,False
FQOd1OmRjOLaWkLTInPR,san diego padres,cincinnati reds,draftkings,ou,under,,,points,points-away-game-ou-under,game,pregame,2026-09-02 16:40:00+00:00,-135,5.5,2026-09-02 12:03:02.122557+00:00,2026-09-02 11:59:21.819000+00:00,1.0,MLB_SGO_MARKET_HISTORY.csv,-135,5.5,280022,-135,5.5,2026-09-02 08:15:43.454797+00:00,0,0.0,0.574468085106383,0.574468085106383,0.0,0.0,8,total,under,True,False,False,SGO,5.5,SGO,1,False
fbeefe8aa3a2d5aefc1dccf34b4f3a13,san diego padres,cincinnati reds,draftkings,totals,Under,,,,,,pregame,2026-09-02 16:41:00+00:00,-111,9.5,2026-09-02 12:03:02.767951+00:00,2026-09-02 12:02:54+00:00,,MLB_ODDS_API_MARKET_HISTORY.csv,-111,9.5,6209,-109,9.5,2026-09-02 03:08:28.142133+00:00,-2,0.0,0.5215311004784688,0.5260663507109005,0.453525023243162,0.453525023243162,9,total,under,True,True,False,ODDS_API,9.5,"ODDS_API,SGO",2,True
FQOd1OmRjOLaWkLTInPR,san diego padres,cincinnati reds,espnbet,ml,home,,,points,points-home-game-ml-home,game,pregame,2026-09-02 16:40:00+00:00,130,,2026-09-02 12:03:02.122557+00:00,2026-09-02 11:59:13.272000+00:00,1.0,MLB_SGO_MARKET_HISTORY.csv,130,,279959,120,,2026-09-02 03:08:27.477334+00:00,10,,0.4545454545454545,0.4347826086956521,-1.9762845849802368,1.9762845849802368,9,moneyline,cincinnati reds,True,True,False,SGO,,SGO,1,False
FQOd1OmRjOLaWkLTInPR,san diego padres,cincinnati reds,espnbet,ml,away,,,points,points-away-game-ml-away,game,pregame,2026-09-02 16:40:00+00:00,-150,,2026-09-02 12:03:02.122557+00:00,2026-09-02 11:59:13.272000+00:00,1.0,MLB_SGO_MARKET_HISTORY.csv,-150,,279950,-140,,2026-09-02 03:08:27.477310+00:00,-10,,0.5833333333333334,0.6,1.6666666666666607,1.6666666666666607,9,moneyline,san diego padres,True,True,False,SGO,,SGO,1,False
FQOd1OmRjOLaWkLTInPR,san diego padres,cincinnati reds,espnbet,sp,home,,,points,points-home-game-sp-home,game,pregame,2026-09-02 16:40:00+00:00,-130,1.5,2026-09-02 12:03:02.122557+00:00,2026-09-02 11:59:13.272000+00:00,1.0,MLB_SGO_MARKET_HISTORY.csv,-130,1.5,280054,-135,1.5,2026-09-02 03:08:27.477540+00:00,5,0.0,0.574468085106383,0.5652173913043478,-0.9250693802035248,0.9250693802035248,9,spread,cincinnati reds,True,True,False,SGO,1.5,SGO,1,False
FQOd1OmRjOLaWkLTInPR,san diego padres,cincinnati reds,espnbet,sp,away,,,points,points-away-game-sp-away,game,pregame,2026-09-02 16:40:00+00:00,110,-1.5,2026-09-02 12:03:02.122557+00:00,2026-09-02 11:59:13.272000+00:00,1.0,MLB_SGO_MARKET_HISTORY.csv,110,-1.5,280025,115,-1.5,2026-09-02 03:08:27.477478+00:00,-5,0.0,0.4651162790697674,0.4761904761904761,1.1074197120708729,1.1074197120708729,9,spread,san diego padres,True,True,False,SGO,-1.5,SGO,1,False
FQOd1OmRjOLaWkLTInPR,san diego padres,cincinnati reds,espnbet,ou,over,,,points,points-home-game-ou-over,game,pregame,2026-09-02 16:40:00+00:00,-800,1.5,2026-09-02 12:03:02.122557+00:00,2026-09-02 03:00:25.792000+00:00,0.0,MLB_SGO_MARKET_HISTORY.csv,-800,1.5,280045,-800,1.5,2026-09-02 03:08:27.477521+00:00,0,0.0,0.8888888888888888,0.8888888888888888,0.0,0.0,9,total,over,True,False,False,SGO,1.5,SGO,1,False
FQOd1OmRjOLaWkLTInPR,san diego padres,cincinnati reds,espnbet,ou,over,,,points,points-away-game-ou-over,game,pregame,2026-09-02 16:40:00+00:00,105,5.5,2026-09-02 12:03:02.122557+00:00,2026-09-02 12:01:23.039000+00:00,1.0,MLB_SGO_MARKET_HISTORY.csv,105,5.5,280016,110,5.5,2026-09-02 03:08:27.477459+00:00,-5,0.0,0.4761904761904761,0.4878048780487805,1.1614401858304313,1.1614401858304313,9,total,over,True,True,False,SGO,5.5,SGO,1,False
FQOd1OmRjOLaWkLTInPR,san diego padres,cincinnati reds,espnbet,ou,over,,,points,points-all-game-ou-over,game,pregame,2026-09-02 16:40:00+00:00,-110,9.5,2026-09-02 12:03:02.122557+00:00,2026-09-02 11:59:13.272000+00:00,1.0,MLB_SGO_MARKET_HISTORY.csv,-110,9.5,279989,-110,9.5,2026-09-02 03:08:27.477396+00:00,0,0.0,0.5238095238095238,0.5238095238095238,0.0,0.0,9,total,over,True,False,False,SGO,9.5,SGO,1,False
FQOd1OmRjOLaWkLTInPR,san diego padres,cincinnati reds,espnbet,ou,under,,,points,points-home-game-ou-under,game,pregame,2026-09-02 16:40:00+00:00,475,1.5,2026-09-02 12:03:02.122557+00:00,2026-09-02 03:00:25.792000+00:00,0.0,MLB_SGO_MARKET_HISTORY.csv,475,1.5,280050,475,1.5,2026-09-02 03:08:27.477532+00:00,0,0.0,0.1739130434782608,0.1739130434782608,0.0,0.0,9,total,under,True,False,False,SGO,1.5,SGO,1,False
FQOd1OmRjOLaWkLTInPR,san diego padres,cincinnati reds,espnbet,ou,under,,,points,points-away-game-ou-under,game,pregame,2026-09-02 16:40:00+00:00,-135,5.5,2026-09-02 12:03:02.122557+00:00,2026-09-02 12:01:23.039000+00:00,1.0,MLB_SGO_MARKET_HISTORY.csv,-135,5.5,280021,-140,5.5,2026-09-02 03:08:27.477469+00:00,5,0.0,0.5833333333333334,0.574468085106383,-0.886524822695034,0.886524822695034,9,total,under,True,True,False,SGO,5.5,SGO,1,False
FQOd1OmRjOLaWkLTInPR,san diego padres,cincinnati reds,espnbet,ou,under,,,points,points-all-game-ou-under,game,pregame,2026-09-02 16:40:00+00:00,-110,9.5,2026-09-02 12:03:02.122557+00:00,2026-09-02 11:59:13.272000+00:00,1.0,MLB_SGO_MARKET_HISTORY.csv,-110,9.5,279997,-110,9.5,2026-09-02 03:08:27.477418+00:00,0,0.0,0.5238095238095238,0.5238095238095238,0.0,0.0,9,total,under,True,False,False,SGO,9.5,SGO,1,False
fbeefe8aa3a2d5aefc1dccf34b4f3a13,san diego padres,cincinnati reds,fanduel,h2h,Cincinnati Reds,,,,,,pregame,2026-09-02 16:41:00+00:00,128,,2026-09-02 12:03:02.767951+00:00,2026-09-02 12:02:37+00:00,,MLB_ODDS_API_MARKET_HISTORY.csv,128,,6180,122,,2026-09-02 03:08:28.141895+00:00,6,,0.4504504504504504,0.4385964912280701,-1.1853959222380306,1.1853959222380306,9,moneyline,cincinnati reds,True,True,False,ODDS_API,,"ODDS_API,SGO",2,True
fbeefe8aa3a2d5aefc1dccf34b4f3a13,san diego padres,cincinnati reds,fanduel,h2h,San Diego Padres,,,,,,pregame,2026-09-02 16:41:00+00:00,-152,,2026-09-02 12:03:02.767951+00:00,2026-09-02 12:02:37+00:00,,MLB_ODDS_API_MARKET_HISTORY.csv,-152,,6181,-144,,2026-09-02 03:08:28.141904+00:00,-8,,0.5901639344262295,0.6031746031746031,1.3010668748373644,1.3010668748373644,9,moneyline,san diego padres,True,True,False,ODDS_API,,"ODDS_API,SGO",2,True
fbeefe8aa3a2d5aefc1dccf34b4f3a13,san diego padres,cincinnati reds,fanduel,spreads,Cincinnati Reds,,,,,,pregame,2026-09-02 16:41:00+00:00,-128,1.5,2026-09-02 12:03:02.767951+00:00,2026-09-02 12:02:37+00:00,,MLB_ODDS_API_MARKET_HISTORY.csv,-128,1.5,6182,-134,1.5,2026-09-02 03:08:28.141912+00:00,6,0.0,0.5726495726495726,0.5614035087719298,-1.124606387764282,1.124606387764282,9,spread,cincinnati reds,True,True,False,ODDS_API,1.5,"ODDS_API,SGO",2,True
fbeefe8aa3a2d5aefc1dccf34b4f3a13,san diego padres,cincinnati reds,fanduel,spreads,San Diego Padres,,,,,,pregame,2026-09-02 16:41:00+00:00,106,-1.5,2026-09-02 12:03:02.767951+00:00,2026-09-02 12:02:37+00:00,,MLB_ODDS_API_MARKET_HISTORY.csv,106,-1.5,6183,112,-1.5,2026-09-02 03:08:28.141920+00:00,-6,0.0,0.4716981132075472,0.4854368932038835,1.3738779996336326,1.3738779996336326,9,spread,san diego padres,True,True,False,ODDS_API,-1.5,"ODDS_API,SGO",2,True
FQOd1OmRjOLaWkLTInPR,san diego padres,cincinnati reds,fanduel,ou,over,,,points,points-home-game-ou-over,game,pregame,2026-09-02 16:40:00+00:00,116,4.5,2026-09-02 12:03:02.122557+00:00,2026-09-02 11:59:36.693000+00:00,1.0,MLB_SGO_MARKET_HISTORY.csv,116,4.5,280043,122,4.5,2026-09-02 03:08:27.477515+00:00,-6,0.0,0.4504504504504504,0.4629629629629629,1.2512512512512508,1.2512512512512508,9,total,over,True,True,False,SGO,4.5,SGO,1,False
FQOd1OmRjOLaWkLTInPR,san diego padres,cincinnati reds,fanduel,ou,over,,,points,points-away-game-ou-over,game,pregame,2026-09-02 16:40:00+00:00,108,5.5,2026-09-02 12:03:02.122557+00:00,2026-09-02 11:59:36.693000+00:00,1.0,MLB_SGO_MARKET_HISTORY.csv,108,5.5,280014,-142,4.5,2026-09-02 03:08:27.477453+00:00,250,1.0,0.5867768595041323,0.4807692307692308,-10.60076287349015,10.60076287349015,9,total,over,True,True,True,SGO,5.5,SGO,1,False
fbeefe8aa3a2d5aefc1dccf34b4f3a13,san diego padres,cincinnati reds,fanduel,totals,Over,,,,,,pregame,2026-09-02 16:41:00+00:00,-106,9.5,2026-09-02 12:03:02.767951+00:00,2026-09-02 12:02:37+00:00,,MLB_ODDS_API_MARKET_HISTORY.csv,-106,9.5,6184,-105,9.5,2026-09-02 03:08:28.141928+00:00,-1,0.0,0.5121951219512195,0.5145631067961165,0.2367984844896975,0.2367984844896975,9,total,over,True,True,False,ODDS_API,9.5,"ODDS_API,SGO",2,True
FQOd1OmRjOLaWkLTInPR,san diego padres,cincinnati reds,fanduel,ou,under,,,points,points-home-game-ou-under,game,pregame,2026-09-02 16:40:00+00:00,-148,4.5,2026-09-02 12:03:02.122557+00:00,2026-09-02 11:59:36.693000+00:00,1.0,MLB_SGO_MARKET_HISTORY.csv,-148,4.5,280048,-156,4.5,2026-09-02 03:08:27.477527+00:00,8,0.0,0.609375,0.5967741935483871,-1.2600806451612878,1.2600806451612878,9,total,under,True,True,False,SGO,4.5,SGO,1,False
FQOd1OmRjOLaWkLTInPR,san diego padres,cincinnati reds,fanduel,ou,under,,,points,points-away-game-ou-under,game,pregame,2026-09-02 16:40:00+00:00,-138,5.5,2026-09-02 12:03:02.122557+00:00,2026-09-02 11:59:36.693000+00:00,1.0,MLB_SGO_MARKET_HISTORY.csv,-138,5.5,280019,112,4.5,2026-09-02 03:08:27.477464+00:00,-250,1.0,0.4716981132075472,0.5798319327731093,10.813381956556212,10.813381956556212,9,total,under,True,True,True,SGO,5.5,SGO,1,False
fbeefe8aa3a2d5aefc1dccf34b4f3a13,san diego padres,cincinnati reds,fanduel,totals,Under,,,,,,pregame,2026-09-02 16:41:00+00:00,-114,9.5,2026-09-02 12:03:02.767951+00:00,2026-09-02 12:02:37+00:00,,MLB_ODDS_API_MARKET_HISTORY.csv,-114,9.5,6185,-115,9.5,2026-09-02 03:08:28.141936+00:00,1,0.0,0.5348837209302325,0.5327102803738317,-0.2173440556400785,0.2173440556400785,9,total,under,True,True,False,ODDS_API,9.5,"ODDS_API,SGO",2,True
fbeefe8aa3a2d5aefc1dccf34b4f3a13,san diego padres,cincinnati reds,lowvig,h2h,Cincinnati Reds,,,,,,pregame,2026-09-02 16:41:00+00:00,130,,2026-09-02 12:03:02.767951+00:00,2026-09-02 12:02:13+00:00,,MLB_ODDS_API_MARKET_HISTORY.csv,130,,6198,125,,2026-09-02 03:08:28.142043+00:00,5,,0.4444444444444444,0.4347826086956521,-0.9661835748792258,0.9661835748792258,9,moneyline,cincinnati reds,True,True,False,ODDS_API,,ODDS_API,1,False
fbeefe8aa3a2d5aefc1dccf34b4f3a13,san diego padres,cincinnati reds,lowvig,h2h,San Diego Padres,,,,,,pregame,2026-09-02 16:41:00+00:00,-143,,2026-09-02 12:03:02.767951+00:00,2026-09-02 12:02:13+00:00,,MLB_ODDS_API_MARKET_HISTORY.csv,-143,,6199,-138,,2026-09-02 03:08:28.142051+00:00,-5,,0.5798319327731093,0.588477366255144,0.8645433482034726,0.8645433482034726,9,moneyline,san diego padres,True,True,False,ODDS_API,,ODDS_API,1,False
fbeefe8aa3a2d5aefc1dccf34b4f3a13,san diego padres,cincinnati reds,lowvig,spreads,Cincinnati Reds,,,,,,pregame,2026-09-02 16:41:00+00:00,-119,1.5,2026-09-02 12:03:02.767951+00:00,2026-09-02 12:02:13+00:00,,MLB_ODDS_API_MARKET_HISTORY.csv,-119,1.5,6200,-128,1.5,2026-09-02 03:08:28.142059+00:00,9,0.0,0.5614035087719298,0.54337899543379,-1.8024513338139807,1.8024513338139807,9,spread,cincinnati reds,True,True,False,ODDS_API,1.5,ODDS_API,1,False
fbeefe8aa3a2d5aefc1dccf34b4f3a13,san diego padres,cincinnati reds,lowvig,spreads,San Diego Padres,,,,,,pregame,2026-09-02 16:41:00+00:00,105,-1.5,2026-09-02 12:03:02.767951+00:00,2026-09-02 12:02:13+00:00,,MLB_ODDS_API_MARKET_HISTORY.csv,105,-1.5,6201,113,-1.5,2026-09-02 03:08:28.142067+00:00,-8,0.0,0.4694835680751174,0.4878048780487805,1.8321309973663105,1.8321309973663105,9,spread,san diego padres,True,True,False,ODDS_API,-1.5,ODDS_API,1,False
fbeefe8aa3a2d5aefc1dccf34b4f3a13,san diego padres,cincinnati reds,lowvig,totals,Over,,,,,,pregame,2026-09-02 16:41:00+00:00,-110,9.5,2026-09-02 12:03:02.767951+00:00,2026-09-02 12:02:13+00:00,,MLB_ODDS_API_MARKET_HISTORY.csv,-110,9.5,6202,-109,9.5,2026-09-02 03:08:28.142076+00:00,-1,0.0,0.5215311004784688,0.5238095238095238,0.227842333105499,0.227842333105499,9,total,over,True,True,False,ODDS_API,9.5,ODDS_API,1,False
fbeefe8aa3a2d5aefc1dccf34b4f3a13,san diego padres,cincinnati reds,lowvig,totals,Under,,,,,,pregame,2026-09-02 16:41:00+00:00,-104,9.5,2026-09-02 12:03:02.767951+00:00,2026-09-02 12:02:13+00:00,,MLB_ODDS_API_MARKET_HISTORY.csv,-104,9.5,6203,-105,9.5,2026-09-02 03:08:28.142084+00:00,1,0.0,0.5121951219512195,0.5098039215686274,-0.2391200382592107,0.2391200382592107,9,total,under,True,True,False,ODDS_API,9.5,ODDS_API,1,False
fbeefe8aa3a2d5aefc1dccf34b4f3a13,san diego padres,cincinnati reds,mybookieag,h2h,Cincinnati Reds,,,,,,pregame,2026-09-02 16:41:00+00:00,126,,2026-09-02 12:03:02.767951+00:00,2026-09-02 12:02:37+00:00,,MLB_ODDS_API_MARKET_HISTORY.csv,126,,6186,123,,2026-09-02 03:08:28.141945+00:00,3,,0.4484304932735426,0.4424778761061947,-0.5952617167347907,0.5952617167347907,9,moneyline,cincinnati reds,True,True,False,ODDS_API,,ODDS_API,1,False
fbeefe8aa3a2d5aefc1dccf34b4f3a13,san diego padres,cincinnati reds,mybookieag,h2h,San Diego Padres,,,,,,pregame,2026-09-02 16:41:00+00:00,-148,,2026-09-02 12:03:02.767951+00:00,2026-09-02 12:02:37+00:00,,MLB_ODDS_API_MARKET_HISTORY.csv,-148,,6187,-145,,2026-09-02 03:08:28.141953+00:00,-3,,0.5918367346938775,0.5967741935483871,0.493745885450958,0.493745885450958,9,moneyline,san diego padres,True,True,False,ODDS_API,,ODDS_API,1,False
fbeefe8aa3a2d5aefc1dccf34b4f3a13,san diego padres,cincinnati reds,mybookieag,spreads,Cincinnati Reds,,,,,,pregame,2026-09-02 16:41:00+00:00,-126,1.5,2026-09-02 12:03:02.767951+00:00,2026-09-02 12:02:37+00:00,,MLB_ODDS_API_MARKET_HISTORY.csv,-126,1.5,6188,-128,1.5,2026-09-02 03:08:28.141961+00:00,2,0.0,0.5614035087719298,0.5575221238938053,-0.3881384878124505,0.3881384878124505,9,spread,cincinnati reds,True,True,False,ODDS_API,1.5,ODDS_API,1,False
fbeefe8aa3a2d5aefc1dccf34b4f3a13,san diego padres,cincinnati reds,mybookieag,spreads,San Diego Padres,,,,,,pregame,2026-09-02 16:41:00+00:00,107,-1.5,2026-09-02 12:03:02.767951+00:00,2026-09-02 12:02:37+00:00,,MLB_ODDS_API_MARKET_HISTORY.csv,107,-1.5,6189,109,-1.5,2026-09-02 03:08:28.141969+00:00,-2,0.0,0.4784688995215311,0.4830917874396135,0.4622887918082408,0.4622887918082408,9,spread,san diego padres,True,True,False,ODDS_API,-1.5,ODDS_API,1,False
fbeefe8aa3a2d5aefc1dccf34b4f3a13,san diego padres,cincinnati reds,mybookieag,totals,Over,,,,,,pregame,2026-09-02 16:41:00+00:00,-106,9.5,2026-09-02 12:03:02.767951+00:00,2026-09-02 12:02:37+00:00,,MLB_ODDS_API_MARKET_HISTORY.csv,-106,9.5,6190,-111,9.5,2026-09-02 03:08:28.141977+00:00,5,0.0,0.5260663507109005,0.5145631067961165,-1.1503243914783967,1.1503243914783967,9,total,over,True,True,False,ODDS_API,9.5,ODDS_API,1,False
fbeefe8aa3a2d5aefc1dccf34b4f3a13,san diego padres,cincinnati reds,mybookieag,totals,Under,,,,,,pregame,2026-09-02 16:41:00+00:00,-116,9.5,2026-09-02 12:03:02.767951+00:00,2026-09-02 12:02:37+00:00,,MLB_ODDS_API_MARKET_HISTORY.csv,-116,9.5,6191,-110,9.5,2026-09-02 03:08:28.141986+00:00,-6,0.0,0.5238095238095238,0.5370370370370371,1.3227513227513257,1.3227513227513257,9,total,under,True,True,False,ODDS_API,9.5,ODDS_API,1,False
FQOd1OmRjOLaWkLTInPR,san diego padres,cincinnati reds,pointsbet,ml,home,,,points,points-home-game-ml-home,game,pregame,2026-09-02 16:40:00+00:00,125,,2026-09-02 12:03:02.122557+00:00,2026-09-02 11:59:13.272000+00:00,1.0,MLB_SGO_MARKET_HISTORY.csv,125,,279956,125,,2026-09-02 03:08:27.477326+00:00,0,,0.4444444444444444,0.4444444444444444,0.0,0.0,9,moneyline,cincinnati reds,True,False,False,SGO,,SGO,1,False
FQOd1OmRjOLaWkLTInPR,san diego padres,cincinnati reds,pointsbet,ml,away,,,points,points-away-game-ml-away,game,pregame,2026-09-02 16:40:00+00:00,-145,,2026-09-02 12:03:02.122557+00:00,2026-09-02 11:59:13.272000+00:00,1.0,MLB_SGO_MARKET_HISTORY.csv,-145,,279947,-145,,2026-09-02 03:08:27.477301+00:00,0,,0.5918367346938775,0.5918367346938775,0.0,0.0,9,moneyline,san diego padres,True,False,False,SGO,,SGO,1,False
FQOd1OmRjOLaWkLTInPR,san diego padres,cincinnati reds,pointsbet,sp,home,,,points,points-home-game-sp-home,game,pregame,2026-09-02 16:40:00+00:00,-130,1.5,2026-09-02 12:03:02.122557+00:00,2026-09-02 11:59:13.272000+00:00,1.0,MLB_SGO_MARKET_HISTORY.csv,-130,1.5,280053,-130,1.5,2026-09-02 03:08:27.477538+00:00,0,0.0,0.5652173913043478,0.5652173913043478,0.0,0.0,9,spread,cincinnati reds,True,False,False,SGO,1.5,SGO,1,False
FQOd1OmRjOLaWkLTInPR,san diego padres,cincinnati reds,pointsbet,sp,away,,,points,points-away-game-sp-away,game,pregame,2026-09-02 16:40:00+00:00,110,-1.5,2026-09-02 12:03:02.122557+00:00,2026-09-02 11:59:13.272000+00:00,1.0,MLB_SGO_MARKET_HISTORY.csv,110,-1.5,280024,110,-1.5,2026-09-02 03:08:27.477475+00:00,0,0.0,0.4761904761904761,0.4761904761904761,0.0,0.0,9,spread,san diego padres,True,False,False,SGO,-1.5,SGO,1,False
FQOd1OmRjOLaWkLTInPR,san diego padres,cincinnati reds,pointsbet,ou,over,,,points,points-all-game-ou-over,game,pregame,2026-09-02 16:40:00+00:00,-111,9.5,2026-09-02 12:03:02.122557+00:00,2026-09-02 11:59:13.272000+00:00,1.0,MLB_SGO_MARKET_HISTORY.csv,-111,9.5,279987,-111,9.5,2026-09-02 03:08:27.477391+00:00,0,0.0,0.5260663507109005,0.5260663507109005,0.0,0.0,9,total,over,True,False,False,SGO,9.5,SGO,1,False
FQOd1OmRjOLaWkLTInPR,san diego padres,cincinnati reds,pointsbet,ou,under,,,points,points-all-game-ou-under,game,pregame,2026-09-02 16:40:00+00:00,-111,9.5,2026-09-02 12:03:02.122557+00:00,2026-09-02 11:59:13.272000+00:00,1.0,MLB_SGO_MARKET_HISTORY.csv,-111,9.5,279995,-111,9.5,2026-09-02 03:08:27.477412+00:00,0,0.0,0.5260663507109005,0.5260663507109005,0.0,0.0,9,total,under,True,False,False,SGO,9.5,SGO,1,False
FQOd1OmRjOLaWkLTInPR,san diego padres,cincinnati reds,unibet,ml,home,,,points,points-home-game-ml-home,game,pregame,2026-09-02 16:40:00+00:00,122,,2026-09-02 12:03:02.122557+00:00,2026-09-02 11:59:34.272000+00:00,1.0,MLB_SGO_MARKET_HISTORY.csv,122,,279957,123,,2026-09-02 03:08:27.477329+00:00,-1,,0.4484304932735426,0.4504504504504504,0.2019957176907838,0.2019957176907838,9,moneyline,cincinnati reds,True,True,False,SGO,,SGO,1,False
FQOd1OmRjOLaWkLTInPR,san diego padres,cincinnati reds,unibet,ml,away,,,points,points-away-game-ml-away,game,pregame,2026-09-02 16:40:00+00:00,-149,,2026-09-02 12:03:02.122557+00:00,2026-09-02 11:59:34.272000+00:00,1.0,MLB_SGO_MARKET_HISTORY.csv,-149,,279948,-148,,2026-09-02 03:08:27.477304+00:00,-1,,0.5967741935483871,0.5983935742971888,0.1619380748801635,0.1619380748801635,9,moneyline,san diego padres,True,True,False,SGO,,SGO,1,False
FQOd1OmRjOLaWkLTInPR,san diego padres,cincinnati reds,unibet,sp,home,,,points,points-home-game-sp-home,game,pregame,2026-09-02 16:40:00+00:00,-130,1.5,2026-09-02 12:03:02.122557+00:00,2026-09-02 11:59:13.272000+00:00,1.0,MLB_SGO_MARKET_HISTORY.csv,-130,1.5,280059,-132,1.5,2026-09-02 03:08:27.477554+00:00,2,0.0,0.5689655172413793,0.5652173913043478,-0.3748125937031554,0.3748125937031554,9,spread,cincinnati reds,True,True,False,SGO,1.5,SGO,1,False
FQOd1OmRjOLaWkLTInPR,san diego padres,cincinnati reds,unibet,sp,away,,,points,points-away-game-sp-away,game,pregame,2026-09-02 16:40:00+00:00,107,-1.5,2026-09-02 12:03:02.122557+00:00,2026-09-02 11:59:13.272000+00:00,1.0,MLB_SGO_MARKET_HISTORY.csv,107,-1.5,280030,108,-1.5,2026-09-02 03:08:27.477491+00:00,-1,0.0,0.4807692307692308,0.4830917874396135,0.2322556670382725,0.2322556670382725,9,spread,san diego padres,True,True,False,SGO,-1.5,SGO,1,False
FQOd1OmRjOLaWkLTInPR,san diego padres,cincinnati reds,unibet,ou,over,,,points,points-all-game-ou-over,game,pregame,2026-09-02 16:40:00+00:00,-103,9.5,2026-09-02 12:03:02.122557+00:00,2026-09-02 11:59:13.272000+00:00,1.0,MLB_SGO_MARKET_HISTORY.csv,-103,9.5,279993,-106,9.5,2026-09-02 03:08:27.477407+00:00,3,0.0,0.5145631067961165,0.5073891625615764,-0.7173944234540097,0.7173944234540097,9,total,over,True,True,False,SGO,9.5,SGO,1,False
FQOd1OmRjOLaWkLTInPR,san diego padres,cincinnati reds,unibet,ou,under,,,points,points-all-game-ou-under,game,pregame,2026-09-02 16:40:00+00:00,-120,9.5,2026-09-02 12:03:02.122557+00:00,2026-09-02 11:59:13.272000+00:00,1.0,MLB_SGO_MARKET_HISTORY.csv,-120,9.5,280001,-115,9.5,2026-09-02 03:08:27.477429+00:00,-5,0.0,0.5348837209302325,0.5454545454545454,1.0570824524312905,1.0570824524312905,9,total,under,True,True,False,SGO,9.5,SGO,1,False
FQOd1OmRjOLaWkLTInPR,san diego padres,cincinnati reds,williamhill,ml,home,,,points,points-home-game-ml-home,game,pregame,2026-09-02 16:40:00+00:00,120,,2026-09-02 12:03:02.122557+00:00,2026-09-02 11:59:33.272000+00:00,1.0,MLB_SGO_MARKET_HISTORY.csv,120,,279963,120,,2026-09-02 03:08:27.477345+00:00,0,,0.4545454545454545,0.4545454545454545,0.0,0.0,9,moneyline,cincinnati reds,True,False,False,SGO,,SGO,1,False
FQOd1OmRjOLaWkLTInPR,san diego padres,cincinnati reds,williamhill,ml,away,,,points,points-away-game-ml-away,game,pregame,2026-09-02 16:40:00+00:00,-150,,2026-09-02 12:03:02.122557+00:00,2026-09-02 11:59:33.272000+00:00,1.0,MLB_SGO_MARKET_HISTORY.csv,-150,,279954,-150,,2026-09-02 03:08:27.477320+00:00,0,,0.6,0.6,0.0,0.0,9,moneyline,san diego padres,True,False,False,SGO,,SGO,1,False
a081961893797b7b0bda834791610d56,san francisco giants,pittsburgh pirates,betmgm,h2h,Pittsburgh Pirates,,,,,,pregame,2026-09-02 22:41:00+00:00,-155,,2026-09-02 12:03:02.767951+00:00,2026-09-02 12:02:55+00:00,,MLB_ODDS_API_MARKET_HISTORY.csv,-155,,6636,-155,,2026-09-02 03:08:28.145035+00:00,0,,0.6078431372549019,0.6078431372549019,0.0,0.0,9,moneyline,pittsburgh pirates,True,False,False,ODDS_API,,"ODDS_API,SGO",4,True
a081961893797b7b0bda834791610d56,san francisco giants,pittsburgh pirates,betmgm,h2h,San Francisco Giants,,,,,,pregame,2026-09-02 22:41:00+00:00,125,,2026-09-02 12:03:02.767951+00:00,2026-09-02 12:02:55+00:00,,MLB_ODDS_API_MARKET_HISTORY.csv,125,,6637,125,,2026-09-02 03:08:28.145043+00:00,0,,0.4444444444444444,0.4444444444444444,0.0,0.0,9,moneyline,san francisco giants,True,False,False,ODDS_API,,"ODDS_API,SGO",4,True
a081961893797b7b0bda834791610d56,san francisco giants,pittsburgh pirates,betmgm,spreads,Pittsburgh Pirates,,,,,,pregame,2026-09-02 22:41:00+00:00,135,-1.5,2026-09-02 12:03:02.767951+00:00,2026-09-02 12:02:55+00:00,,MLB_ODDS_API_MARKET_HISTORY.csv,135,-1.5,6638,135,-1.5,2026-09-02 03:08:28.145051+00:00,0,0.0,0.425531914893617,0.425531914893617,0.0,0.0,9,spread,pittsburgh pirates,True,False,False,ODDS_API,-1.5,"ODDS_API,SGO",4,True
a081961893797b7b0bda834791610d56,san francisco giants,pittsburgh pirates,betmgm,spreads,San Francisco Giants,,,,,,pregame,2026-09-02 22:41:00+00:00,-165,1.5,2026-09-02 12:03:02.767951+00:00,2026-09-02 12:02:55+00:00,,MLB_ODDS_API_MARKET_HISTORY.csv,-165,1.5,6639,-160,1.5,2026-09-02 03:08:28.145060+00:00,-5,0.0,0.6153846153846154,0.6226415094339622,0.7256894049346818,0.7256894049346818,9,spread,san francisco giants,True,True,False,ODDS_API,1.5,"ODDS_API,SGO",4,True
a081961893797b7b0bda834791610d56,san francisco giants,pittsburgh pirates,betmgm,totals,Over,,,,,,pregame,2026-09-02 22:41:00+00:00,-102,8.5,2026-09-02 12:03:02.767951+00:00,2026-09-02 12:02:55+00:00,,MLB_ODDS_API_MARKET_HISTORY.csv,-102,8.5,6640,-115,8.0,2026-09-02 03:08:28.145068+00:00,13,0.5,0.5348837209302325,0.504950495049505,-2.9933225880727554,2.9933225880727554,9,total,over,True,True,True,ODDS_API,8.5,"ODDS_API,SGO",4,True
a081961893797b7b0bda834791610d56,san francisco giants,pittsburgh pirates,betmgm,totals,Under,,,,,,pregame,2026-09-02 22:41:00+00:00,-118,8.5,2026-09-02 12:03:02.767951+00:00,2026-09-02 12:02:55+00:00,,MLB_ODDS_API_MARKET_HISTORY.csv,-118,8.5,6641,-105,8.0,2026-09-02 03:08:28.145076+00:00,-13,0.5,0.5121951219512195,0.5412844036697247,2.908928171850522,2.908928171850522,9,total,under,True,True,True,ODDS_API,8.5,"ODDS_API,SGO",4,True
a081961893797b7b0bda834791610d56,san francisco giants,pittsburgh pirates,betonlineag,h2h,Pittsburgh Pirates,,,,,,pregame,2026-09-02 22:41:00+00:00,-146,,2026-09-02 12:03:02.767951+00:00,2026-09-02 12:02:12+00:00,,MLB_ODDS_API_MARKET_HISTORY.csv,-146,,6618,-150,,2026-09-02 03:08:28.144890+00:00,4,,0.6,0.5934959349593496,-0.6504065040650375,0.6504065040650375,9,moneyline,pittsburgh pirates,True,True,False,ODDS_API,,ODDS_API,2,False
a081961893797b7b0bda834791610d56,san francisco giants,pittsburgh pirates,betonlineag,h2h,San Francisco Giants,,,,,,pregame,2026-09-02 22:41:00+00:00,132,,2026-09-02 12:03:02.767951+00:00,2026-09-02 12:02:12+00:00,,MLB_ODDS_API_MARKET_HISTORY.csv,132,,6619,136,,2026-09-02 03:08:28.144898+00:00,-4,,0.423728813559322,0.4310344827586206,0.7305669199298648,0.7305669199298648,9,moneyline,san francisco giants,True,True,False,ODDS_API,,ODDS_API,2,False
a081961893797b7b0bda834791610d56,san francisco giants,pittsburgh pirates,betonlineag,spreads,Pittsburgh Pirates,,,,,,pregame,2026-09-02 22:41:00+00:00,142,-1.5,2026-09-02 12:03:02.767951+00:00,2026-09-02 12:02:12+00:00,,MLB_ODDS_API_MARKET_HISTORY.csv,142,-1.5,6620,135,-1.5,2026-09-02 03:08:28.144906+00:00,7,0.0,0.425531914893617,0.4132231404958678,-1.2308774397749245,1.2308774397749245,9,spread,pittsburgh pirates,True,True,False,ODDS_API,-1.5,ODDS_API,2,False
a081961893797b7b0bda834791610d56,san francisco giants,pittsburgh pirates,betonlineag,spreads,San Francisco Giants,,,,,,pregame,2026-09-02 22:41:00+00:00,-162,1.5,2026-09-02 12:03:02.767951+00:00,2026-09-02 12:02:12+00:00,,MLB_ODDS_API_MARKET_HISTORY.csv,-162,1.5,6621,-155,1.5,2026-09-02 03:08:28.144914+00:00,-7,0.0,0.6078431372549019,0.6183206106870229,1.047747343212102,1.047747343212102,9,spread,san francisco giants,True,True,False,ODDS_API,1.5,ODDS_API,2,False
a081961893797b7b0bda834791610d56,san francisco giants,pittsburgh pirates,betonlineag,totals,Over,,,,,,pregame,2026-09-02 22:41:00+00:00,-106,8.5,2026-09-02 12:03:02.767951+00:00,2026-09-02 12:02:12+00:00,,MLB_ODDS_API_MARKET_HISTORY.csv,-106,8.5,6622,-120,8.0,2026-09-02 03:08:28.144922+00:00,14,0.5,0.5454545454545454,0.5145631067961165,-3.089143865842892,3.089143865842892,9,total,over,True,True,True,ODDS_API,8.5,ODDS_API,2,False
a081961893797b7b0bda834791610d56,san francisco giants,pittsburgh pirates,betonlineag,totals,Under,,,,,,pregame,2026-09-02 22:41:00+00:00,-114,8.5,2026-09-02 12:03:02.767951+00:00,2026-09-02 12:02:12+00:00,,MLB_ODDS_API_MARKET_HISTORY.csv,-114,8.5,6623,100,8.0,2026-09-02 03:08:28.144930+00:00,-214,0.5,0.5,0.5327102803738317,3.2710280373831724,3.2710280373831724,9,total,under,True,True,True,ODDS_API,8.5,ODDS_API,2,False
a081961893797b7b0bda834791610d56,san francisco giants,pittsburgh pirates,betrivers,h2h,Pittsburgh Pirates,,,,,,pregame,2026-09-02 22:41:00+00:00,-175,,2026-09-02 12:03:02.767951+00:00,2026-09-02 12:02:55+00:00,,MLB_ODDS_API_MARKET_HISTORY.csv,-175,,6648,-150,,2026-09-02 08:15:44.143645+00:00,-25,,0.6,0.6363636363636364,3.6363636363636376,3.6363636363636376,6,moneyline,pittsburgh pirates,True,True,False,ODDS_API,,ODDS_API,2,False
a081961893797b7b0bda834791610d56,san francisco giants,pittsburgh pirates,betrivers,h2h,San Francisco Giants,,,,,,pregame,2026-09-02 22:41:00+00:00,143,,2026-09-02 12:03:02.767951+00:00,2026-09-02 12:02:55+00:00,,MLB_ODDS_API_MARKET_HISTORY.csv,143,,6649,125,,2026-09-02 08:15:44.143645+00:00,18,,0.4444444444444444,0.411522633744856,-3.292181069958844,3.292181069958844,6,moneyline,san francisco giants,True,True,False,ODDS_API,,ODDS_API,2,False
a081961893797b7b0bda834791610d56,san francisco giants,pittsburgh pirates,betrivers,spreads,Pittsburgh Pirates,,,,,,pregame,2026-09-02 22:41:00+00:00,123,-1.5,2026-09-02 12:03:02.767951+00:00,2026-09-02 12:02:55+00:00,,MLB_ODDS_API_MARKET_HISTORY.csv,123,-1.5,6650,138,-1.5,2026-09-02 08:15:44.143645+00:00,-15,0.0,0.4201680672268907,0.4484304932735426,2.8262426046651856,2.8262426046651856,6,spread,pittsburgh pirates,True,True,False,ODDS_API,-1.5,ODDS_API,1,False
f857ea6771bf681398b05379f108f0c5,san francisco giants,pittsburgh pirates,betrivers,spreads,Pittsburgh Pirates,,,,,,pregame,2026-09-03 16:35:00+00:00,-109,-1.0,2026-09-03 05:14:09.061175+00:00,2026-09-03 05:12:36+00:00,,MLB_ODDS_API_MARKET_HISTORY.csv,-109,-1.0,7516,-109,-1.0,2026-09-03 05:13:57.019887+00:00,0,0.0,0.5215311004784688,0.5215311004784688,0.0,0.0,2,spread,pittsburgh pirates,True,False,False,ODDS_API,-1.0,ODDS_API,1,False
f857ea6771bf681398b05379f108f0c5,san francisco giants,pittsburgh pirates,betrivers,spreads,San Francisco Giants,,,,,,pregame,2026-09-03 16:35:00+00:00,-112,1.0,2026-09-03 05:14:09.061179+00:00,2026-09-03 05:12:36+00:00,,MLB_ODDS_API_MARKET_HISTORY.csv,-112,1.0,7517,-112,1.0,2026-09-03 05:13:57.019887+00:00,0,0.0,0.5283018867924528,0.5283018867924528,0.0,0.0,2,spread,san francisco giants,True,False,False,ODDS_API,1.0,ODDS_API,1,False
a081961893797b7b0bda834791610d56,san francisco giants,pittsburgh pirates,betrivers,spreads,San Francisco Giants,,,,,,pregame,2026-09-02 22:41:00+00:00,-152,1.5,2026-09-02 12:03:02.767951+00:00,2026-09-02 12:02:55+00:00,,MLB_ODDS_API_MARKET_HISTORY.csv,-152,1.5,6651,-167,1.5,2026-09-02 08:15:44.143645+00:00,15,0.0,0.6254681647940075,0.6031746031746031,-2.2293561619404323,2.2293561619404323,6,spread,san francisco giants,True,True,False,ODDS_API,1.5,ODDS_API,1,False
a081961893797b7b0bda834791610d56,san francisco giants,pittsburgh pirates,betrivers,totals,Over,,,,,,pregame,2026-09-02 22:41:00+00:00,-125,8.0,2026-09-02 12:03:02.767951+00:00,2026-09-02 12:02:55+00:00,,MLB_ODDS_API_MARKET_HISTORY.csv,-125,8.0,6652,-108,8.5,2026-09-02 08:15:44.143645+00:00,-17,-0.5,0.5192307692307693,0.5555555555555556,3.632478632478631,3.632478632478631,6,total,over,True,True,True,ODDS_API,8.0,ODDS_API,1,False
f857ea6771bf681398b05379f108f0c5,san francisco giants,pittsburgh pirates,betrivers,totals,Over,,,,,,pregame,2026-09-03 16:35:00+00:00,-113,8.5,2026-09-03 05:14:09.061183+00:00,2026-09-03 05:12:36+00:00,,MLB_ODDS_API_MARKET_HISTORY.csv,-113,8.5,7518,-113,8.5,2026-09-03 05:13:57.019887+00:00,0,0.0,0.5305164319248826,0.5305164319248826,0.0,0.0,2,total,over,True,False,False,ODDS_API,8.5,ODDS_API,1,False
a081961893797b7b0bda834791610d56,san francisco giants,pittsburgh pirates,betrivers,totals,Under,,,,,,pregame,2026-09-02 22:41:00+00:00,-113,8.0,2026-09-02 12:03:02.767951+00:00,2026-09-02 12:02:55+00:00,,MLB_ODDS_API_MARKET_HISTORY.csv,-113,8.0,6653,-113,8.5,2026-09-02 08:15:44.143645+00:00,0,-0.5,0.5305164319248826,0.5305164319248826,0.0,0.0,6,total,under,True,False,True,ODDS_API,8.0,ODDS_API,1,False
f857ea6771bf681398b05379f108f0c5,san francisco giants,pittsburgh pirates,betrivers,totals,Under,,,,,,pregame,2026-09-03 16:35:00+00:00,-108,8.5,2026-09-03 05:14:09.061186+00:00,2026-09-03 05:12:36+00:00,,MLB_ODDS_API_MARKET_HISTORY.csv,-108,8.5,7519,-108,8.5,2026-09-03 05:13:57.019887+00:00,0,0.0,0.5192307692307693,0.5192307692307693,0.0,0.0,2,total,under,True,False,False,ODDS_API,8.5,ODDS_API,1,False
a081961893797b7b0bda834791610d56,san francisco giants,pittsburgh pirates,betus,h2h,Pittsburgh Pirates,,,,,,pregame,2026-09-02 22:41:00+00:00,-155,,2026-09-02 12:03:02.767951+00:00,2026-09-02 12:02:54+00:00,,MLB_ODDS_API_MARKET_HISTORY.csv,-155,,6654,-155,,2026-09-02 08:15:44.143645+00:00,0,,0.6078431372549019,0.6078431372549019,0.0,0.0,8,moneyline,pittsburgh pirates,True,False,False,ODDS_API,,ODDS_API,2,False
a081961893797b7b0bda834791610d56,san francisco giants,pittsburgh pirates,betus,h2h,San Francisco Giants,,,,,,pregame,2026-09-02 22:41:00+00:00,138,,2026-09-02 12:03:02.767951+00:00,2026-09-02 12:02:54+00:00,,MLB_ODDS_API_MARKET_HISTORY.csv,138,,6655,138,,2026-09-02 08:15:44.143645+00:00,0,,0.4201680672268907,0.4201680672268907,0.0,0.0,8,moneyline,san francisco giants,True,False,False,ODDS_API,,ODDS_API,2,False
a081961893797b7b0bda834791610d56,san francisco giants,pittsburgh pirates,betus,spreads,Pittsburgh Pirates,,,,,,pregame,2026-09-02 22:41:00+00:00,140,-1.5,2026-09-02 12:03:02.767951+00:00,2026-09-02 12:02:54+00:00,,MLB_ODDS_API_MARKET_HISTORY.csv,140,-1.5,6656,140,-1.5,2026-09-02 08:15:44.143645+00:00,0,0.0,0.4166666666666667,0.4166666666666667,0.0,0.0,8,spread,pittsburgh pirates,True,False,False,ODDS_API,-1.5,ODDS_API,2,False
a081961893797b7b0bda834791610d56,san francisco giants,pittsburgh pirates,betus,spreads,San Francisco Giants,,,,,,pregame,2026-09-02 22:41:00+00:00,-160,1.5,2026-09-02 12:03:02.767951+00:00,2026-09-02 12:02:54+00:00,,MLB_ODDS_API_MARKET_HISTORY.csv,-160,1.5,6657,-160,1.5,2026-09-02 08:15:44.143645+00:00,0,0.0,0.6153846153846154,0.6153846153846154,0.0,0.0,8,spread,san francisco giants,True,False,False,ODDS_API,1.5,ODDS_API,2,False
a081961893797b7b0bda834791610d56,san francisco giants,pittsburgh pirates,betus,totals,Over,,,,,,pregame,2026-09-02 22:41:00+00:00,-105,8.5,2026-09-02 12:03:02.767951+00:00,2026-09-02 12:02:54+00:00,,MLB_ODDS_API_MARKET_HISTORY.csv,-105,8.5,6658,-120,8.0,2026-09-02 08:15:44.143645+00:00,15,0.5,0.5454545454545454,0.5121951219512195,-3.325942350332589,3.325942350332589,8,total,over,True,True,True,ODDS_API,8.5,ODDS_API,2,False
a081961893797b7b0bda834791610d56,san francisco giants,pittsburgh pirates,betus,totals,Under,,,,,,pregame,2026-09-02 22:41:00+00:00,-115,8.5,2026-09-02 12:03:02.767951+00:00,2026-09-02 12:02:54+00:00,,MLB_ODDS_API_MARKET_HISTORY.csv,-115,8.5,6659,100,8.0,2026-09-02 08:15:44.143645+00:00,-215,0.5,0.5,0.5348837209302325,3.488372093023251,3.488372093023251,8,total,under,True,True,True,ODDS_API,8.5,ODDS_API,2,False
a081961893797b7b0bda834791610d56,san francisco giants,pittsburgh pirates,bovada,h2h,Pittsburgh Pirates,,,,,,pregame,2026-09-02 22:41:00+00:00,-153,,2026-09-02 12:03:02.767951+00:00,2026-09-02 12:01:49+00:00,,MLB_ODDS_API_MARKET_HISTORY.csv,-153,,6642,-155,,2026-09-02 03:08:28.145084+00:00,2,,0.6078431372549019,0.6047430830039525,-0.3100054250949391,0.3100054250949391,9,moneyline,pittsburgh pirates,True,True,False,ODDS_API,,"ODDS_API,SGO",4,True
a081961893797b7b0bda834791610d56,san francisco giants,pittsburgh pirates,bovada,h2h,San Francisco Giants,,,,,,pregame,2026-09-02 22:41:00+00:00,128,,2026-09-02 12:03:02.767951+00:00,2026-09-02 12:01:49+00:00,,MLB_ODDS_API_MARKET_HISTORY.csv,128,,6643,130,,2026-09-02 03:08:28.145092+00:00,-2,,0.4347826086956521,0.4385964912280701,0.3813882532417989,0.3813882532417989,9,moneyline,san francisco giants,True,True,False,ODDS_API,,"ODDS_API,SGO",4,True
a081961893797b7b0bda834791610d56,san francisco giants,pittsburgh pirates,bovada,spreads,Pittsburgh Pirates,,,,,,pregame,2026-09-02 22:41:00+00:00,140,-1.5,2026-09-02 12:03:02.767951+00:00,2026-09-02 12:01:49+00:00,,MLB_ODDS_API_MARKET_HISTORY.csv,140,-1.5,6644,145,-1.5,2026-09-02 03:08:28.145100+00:00,-5,0.0,0.4081632653061224,0.4166666666666667,0.8503401360544227,0.8503401360544227,9,spread,pittsburgh pirates,True,True,False,ODDS_API,-1.5,"ODDS_API,SGO",4,True
a081961893797b7b0bda834791610d56,san francisco giants,pittsburgh pirates,bovada,spreads,San Francisco Giants,,,,,,pregame,2026-09-02 22:41:00+00:00,-165,1.5,2026-09-02 12:03:02.767951+00:00,2026-09-02 12:01:49+00:00,,MLB_ODDS_API_MARKET_HISTORY.csv,-165,1.5,6645,-170,1.5,2026-09-02 03:08:28.145108+00:00,5,0.0,0.6296296296296297,0.6226415094339622,-0.6988120195667413,0.6988120195667413,9,spread,san francisco giants,True,True,False,ODDS_API,1.5,"ODDS_API,SGO",4,True
8lVcvYNR4yLqGFtKekVp,san francisco giants,pittsburgh pirates,bovada,ou,over,,,points,points-away-game-ou-over,game,pregame,2026-09-02 22:40:00+00:00,-120,3.5,2026-09-02 12:03:02.122557+00:00,2026-09-02 12:01:02.461000+00:00,1.0,MLB_SGO_MARKET_HISTORY.csv,-120,3.5,299748,-120,3.5,2026-09-02 03:08:27.485910+00:00,0,0.0,0.5454545454545454,0.5454545454545454,0.0,0.0,9,total,over,True,False,False,SGO,3.5,SGO,1,False
8lVcvYNR4yLqGFtKekVp,san francisco giants,pittsburgh pirates,bovada,ou,over,,,points,points-home-game-ou-over,game,pregame,2026-09-02 22:40:00+00:00,100,4.5,2026-09-02 12:03:02.122557+00:00,2026-09-02 12:01:02.461000+00:00,1.0,MLB_SGO_MARKET_HISTORY.csv,100,4.5,299769,100,4.5,2026-09-02 03:08:27.485950+00:00,0,0.0,0.5,0.5,0.0,0.0,9,total,over,True,False,False,SGO,4.5,SGO,1,False
a081961893797b7b0bda834791610d56,san francisco giants,pittsburgh pirates,bovada,totals,Over,,,,,,pregame,2026-09-02 22:41:00+00:00,-105,8.5,2026-09-02 12:03:02.767951+00:00,2026-09-02 12:01:49+00:00,,MLB_ODDS_API_MARKET_HISTORY.csv,-105,8.5,6646,-120,8.0,2026-09-02 03:08:28.145116+00:00,15,0.5,0.5454545454545454,0.5121951219512195,-3.325942350332589,3.325942350332589,9,total,over,True,True,True,ODDS_API,8.5,"ODDS_API,SGO",4,True
8lVcvYNR4yLqGFtKekVp,san francisco giants,pittsburgh pirates,bovada,ou,under,,,points,points-away-game-ou-under,game,pregame,2026-09-02 22:40:00+00:00,-110,3.5,2026-09-02 12:03:02.122557+00:00,2026-09-02 12:01:02.461000+00:00,1.0,MLB_SGO_MARKET_HISTORY.csv,-110,3.5,299753,-110,3.5,2026-09-02 03:08:27.485920+00:00,0,0.0,0.5238095238095238,0.5238095238095238,0.0,0.0,9,total,under,True,False,False,SGO,3.5,SGO,1,False
8lVcvYNR4yLqGFtKekVp,san francisco giants,pittsburgh pirates,bovada,ou,under,,,points,points-home-game-ou-under,game,pregame,2026-09-02 22:40:00+00:00,-130,4.5,2026-09-02 12:03:02.122557+00:00,2026-09-02 12:01:02.461000+00:00,1.0,MLB_SGO_MARKET_HISTORY.csv,-130,4.5,299774,-130,4.5,2026-09-02 03:08:27.485961+00:00,0,0.0,0.5652173913043478,0.5652173913043478,0.0,0.0,9,total,under,True,False,False,SGO,4.5,SGO,1,False
a081961893797b7b0bda834791610d56,san francisco giants,pittsburgh pirates,bovada,totals,Under,,,,,,pregame,2026-09-02 22:41:00+00:00,-115,8.5,2026-09-02 12:03:02.767951+00:00,2026-09-02 12:01:49+00:00,,MLB_ODDS_API_MARKET_HISTORY.csv,-115,8.5,6647,100,8.0,2026-09-02 03:08:28.145125+00:00,-215,0.5,0.5,0.5348837209302325,3.488372093023251,3.488372093023251,9,total,under,True,True,True,ODDS_API,8.5,"ODDS_API,SGO",4,True
8lVcvYNR4yLqGFtKekVp,san francisco giants,pittsburgh pirates,caesars,ml,home,,,points,points-home-game-ml-home,game,pregame,2026-09-02 22:40:00+00:00,-145,,2026-09-02 12:03:02.122557+00:00,2026-09-02 11:58:40.772000+00:00,1.0,MLB_SGO_MARKET_HISTORY.csv,-145,,299682,-145,,2026-09-02 03:08:27.485763+00:00,0,,0.5918367346938775,0.5918367346938775,0.0,0.0,9,moneyline,pittsburgh pirates,True,False,False,SGO,,SGO,2,False
8lVcvYNR4yLqGFtKekVp,san francisco giants,pittsburgh pirates,caesars,ml,away,,,points,points-away-game-ml-away,game,pregame,2026-09-02 22:40:00+00:00,135,,2026-09-02 12:03:02.122557+00:00,2026-09-02 11:58:40.772000+00:00,1.0,MLB_SGO_MARKET_HISTORY.csv,135,,299673,135,,2026-09-02 03:08:27.485741+00:00,0,,0.425531914893617,0.425531914893617,0.0,0.0,9,moneyline,san francisco giants,True,False,False,SGO,,SGO,2,False
8lVcvYNR4yLqGFtKekVp,san francisco giants,pittsburgh pirates,caesars,sp,home,,,points,points-home-game-sp-home,game,pregame,2026-09-02 22:40:00+00:00,140,-1.5,2026-09-02 12:03:02.122557+00:00,2026-09-02 11:58:40.772000+00:00,1.0,MLB_SGO_MARKET_HISTORY.csv,140,-1.5,299717,140,-1.5,2026-09-02 03:08:27.485853+00:00,0,0.0,0.4166666666666667,0.4166666666666667,0.0,0.0,9,spread,pittsburgh pirates,True,False,False,SGO,-1.5,SGO,2,False
8lVcvYNR4yLqGFtKekVp,san francisco giants,pittsburgh pirates,caesars,sp,away,,,points,points-away-game-sp-away,game,pregame,2026-09-02 22:40:00+00:00,-165,1.5,2026-09-02 12:03:02.122557+00:00,2026-09-02 11:58:40.772000+00:00,1.0,MLB_SGO_MARKET_HISTORY.csv,-165,1.5,299709,-165,1.5,2026-09-02 03:08:27.485833+00:00,0,0.0,0.6226415094339622,0.6226415094339622,0.0,0.0,9,spread,san francisco giants,True,False,False,SGO,1.5,SGO,2,False
8lVcvYNR4yLqGFtKekVp,san francisco giants,pittsburgh pirates,caesars,ou,over,,,points,points-away-game-ou-over,game,pregame,2026-09-02 22:40:00+00:00,-125,3.5,2026-09-02 12:03:02.122557+00:00,2026-09-02 12:01:14.461000+00:00,1.0,MLB_SGO_MARKET_HISTORY.csv,-125,3.5,299746,-120,3.5,2026-09-02 03:08:27.485904+00:00,-5,0.0,0.5454545454545454,0.5555555555555556,1.0101010101010166,1.0101010101010166,9,total,over,True,True,False,SGO,3.5,SGO,2,False
8lVcvYNR4yLqGFtKekVp,san francisco giants,pittsburgh pirates,caesars,ou,over,,,points,points-home-game-ou-over,game,pregame,2026-09-02 22:40:00+00:00,100,4.5,2026-09-02 12:03:02.122557+00:00,2026-09-02 12:01:14.461000+00:00,1.0,MLB_SGO_MARKET_HISTORY.csv,100,4.5,299767,105,4.5,2026-09-02 03:08:27.485945+00:00,-5,0.0,0.4878048780487805,0.5,1.2195121951219523,1.2195121951219523,9,total,over,True,True,False,SGO,4.5,SGO,2,False
8lVcvYNR4yLqGFtKekVp,san francisco giants,pittsburgh pirates,caesars,ou,over,,,points,points-all-game-ou-over,game,pregame,2026-09-02 22:40:00+00:00,-105,8.5,2026-09-02 12:03:02.122557+00:00,2026-09-02 11:58:40.772000+00:00,1.0,MLB_SGO_MARKET_HISTORY.csv,-105,8.5,299690,-120,8.0,2026-09-02 03:08:27.485782+00:00,15,0.5,0.5454545454545454,0.5121951219512195,-3.325942350332589,3.325942350332589,9,total,over,True,True,True,SGO,8.5,SGO,2,False
8lVcvYNR4yLqGFtKekVp,san francisco giants,pittsburgh pirates,caesars,ou,under,,,points,points-away-game-ou-under,game,pregame,2026-09-02 22:40:00+00:00,-105,3.5,2026-09-02 12:03:02.122557+00:00,2026-09-02 12:01:14.461000+00:00,1.0,MLB_SGO_MARKET_HISTORY.csv,-105,3.5,299751,-110,3.5,2026-09-02 03:08:27.485915+00:00,5,0.0,0.5238095238095238,0.5121951219512195,-1.1614401858304313,1.1614401858304313,9,total,under,True,True,False,SGO,3.5,SGO,2,False
8lVcvYNR4yLqGFtKekVp,san francisco giants,pittsburgh pirates,caesars,ou,under,,,points,points-home-game-ou-under,game,pregame,2026-09-02 22:40:00+00:00,-133,4.5,2026-09-02 12:03:02.122557+00:00,2026-09-02 12:01:14.461000+00:00,1.0,MLB_SGO_MARKET_HISTORY.csv,-133,4.5,299772,-133,4.5,2026-09-02 03:08:27.485955+00:00,0,0.0,0.5708154506437768,0.5708154506437768,0.0,0.0,9,total,under,True,False,False,SGO,4.5,SGO,2,False
8lVcvYNR4yLqGFtKekVp,san francisco giants,pittsburgh pirates,caesars,ou,under,,,points,points-all-game-ou-under,game,pregame,2026-09-02 22:40:00+00:00,-115,8.5,2026-09-02 12:03:02.122557+00:00,2026-09-02 11:58:40.772000+00:00,1.0,MLB_SGO_MARKET_HISTORY.csv,-115,8.5,299698,100,8.0,2026-09-02 03:08:27.485803+00:00,-215,0.5,0.5,0.5348837209302325,3.488372093023251,3.488372093023251,9,total,under,True,True,True,SGO,8.5,SGO,2,False
a081961893797b7b0bda834791610d56,san francisco giants,pittsburgh pirates,draftkings,h2h,Pittsburgh Pirates,,,,,,pregame,2026-09-02 22:41:00+00:00,-156,,2026-09-02 12:03:02.767951+00:00,2026-09-02 12:02:54+00:00,,MLB_ODDS_API_MARKET_HISTORY.csv,-156,,6630,-156,,2026-09-02 03:08:28.144987+00:00,0,,0.609375,0.609375,0.0,0.0,9,moneyline,pittsburgh pirates,True,False,False,ODDS_API,,"ODDS_API,SGO",4,True
a081961893797b7b0bda834791610d56,san francisco giants,pittsburgh pirates,draftkings,h2h,San Francisco Giants,,,,,,pregame,2026-09-02 22:41:00+00:00,129,,2026-09-02 12:03:02.767951+00:00,2026-09-02 12:02:54+00:00,,MLB_ODDS_API_MARKET_HISTORY.csv,129,,6631,129,,2026-09-02 03:08:28.144995+00:00,0,,0.4366812227074236,0.4366812227074236,0.0,0.0,9,moneyline,san francisco giants,True,False,False,ODDS_API,,"ODDS_API,SGO",4,True
a081961893797b7b0bda834791610d56,san francisco giants,pittsburgh pirates,draftkings,spreads,Pittsburgh Pirates,,,,,,pregame,2026-09-02 22:41:00+00:00,136,-1.5,2026-09-02 12:03:02.767951+00:00,2026-09-02 12:02:54+00:00,,MLB_ODDS_API_MARKET_HISTORY.csv,136,-1.5,6632,139,-1.5,2026-09-02 03:08:28.145003+00:00,-3,0.0,0.4184100418410041,0.423728813559322,0.531877171831785,0.531877171831785,9,spread,pittsburgh pirates,True,True,False,ODDS_API,-1.5,"ODDS_API,SGO",4,True
a081961893797b7b0bda834791610d56,san francisco giants,pittsburgh pirates,draftkings,spreads,San Francisco Giants,,,,,,pregame,2026-09-02 22:41:00+00:00,-164,1.5,2026-09-02 12:03:02.767951+00:00,2026-09-02 12:02:54+00:00,,MLB_ODDS_API_MARKET_HISTORY.csv,-164,1.5,6633,-168,1.5,2026-09-02 03:08:28.145011+00:00,4,0.0,0.6268656716417911,0.6212121212121212,-0.5653550429669862,0.5653550429669862,9,spread,san francisco giants,True,True,False,ODDS_API,1.5,"ODDS_API,SGO",4,True
8lVcvYNR4yLqGFtKekVp,san francisco giants,pittsburgh pirates,draftkings,ou,over,,,points,points-away-game-ou-over,game,pregame,2026-09-02 22:40:00+00:00,-120,3.5,2026-09-02 12:03:02.122557+00:00,2026-09-02 11:59:21.819000+00:00,1.0,MLB_SGO_MARKET_HISTORY.csv,-120,3.5,299750,-120,3.5,2026-09-02 08:15:43.454797+00:00,0,0.0,0.5454545454545454,0.5454545454545454,0.0,0.0,8,total,over,True,False,False,SGO,3.5,SGO,2,False
8lVcvYNR4yLqGFtKekVp,san francisco giants,pittsburgh pirates,draftkings,ou,over,,,points,points-home-game-ou-over,game,pregame,2026-09-02 22:40:00+00:00,-105,4.5,2026-09-02 12:03:02.122557+00:00,2026-09-02 11:59:21.819000+00:00,1.0,MLB_SGO_MARKET_HISTORY.csv,-105,4.5,299771,-105,4.5,2026-09-02 08:15:43.454797+00:00,0,0.0,0.5121951219512195,0.5121951219512195,0.0,0.0,8,total,over,True,False,False,SGO,4.5,SGO,2,False
a081961893797b7b0bda834791610d56,san francisco giants,pittsburgh pirates,draftkings,totals,Over,,,,,,pregame,2026-09-02 22:41:00+00:00,-105,8.5,2026-09-02 12:03:02.767951+00:00,2026-09-02 12:02:54+00:00,,MLB_ODDS_API_MARKET_HISTORY.csv,-105,8.5,6634,-118,8.0,2026-09-02 03:08:28.145019+00:00,13,0.5,0.5412844036697247,0.5121951219512195,-2.908928171850522,2.908928171850522,9,total,over,True,True,True,ODDS_API,8.5,"ODDS_API,SGO",4,True
8lVcvYNR4yLqGFtKekVp,san francisco giants,pittsburgh pirates,draftkings,ou,under,,,points,points-away-game-ou-under,game,pregame,2026-09-02 22:40:00+00:00,-110,3.5,2026-09-02 12:03:02.122557+00:00,2026-09-02 11:59:21.819000+00:00,1.0,MLB_SGO_MARKET_HISTORY.csv,-110,3.5,299755,-110,3.5,2026-09-02 08:15:43.454797+00:00,0,0.0,0.5238095238095238,0.5238095238095238,0.0,0.0,8,total,under,True,False,False,SGO,3.5,SGO,2,False
8lVcvYNR4yLqGFtKekVp,san francisco giants,pittsburgh pirates,draftkings,ou,under,,,points,points-home-game-ou-under,game,pregame,2026-09-02 22:40:00+00:00,-125,4.5,2026-09-02 12:03:02.122557+00:00,2026-09-02 11:59:21.819000+00:00,1.0,MLB_SGO_MARKET_HISTORY.csv,-125,4.5,299776,-125,4.5,2026-09-02 08:15:43.454797+00:00,0,0.0,0.5555555555555556,0.5555555555555556,0.0,0.0,8,total,under,True,False,False,SGO,4.5,SGO,2,False
a081961893797b7b0bda834791610d56,san francisco giants,pittsburgh pirates,draftkings,totals,Under,,,,,,pregame,2026-09-02 22:41:00+00:00,-115,8.5,2026-09-02 12:03:02.767951+00:00,2026-09-02 12:02:54+00:00,,MLB_ODDS_API_MARKET_HISTORY.csv,-115,8.5,6635,-102,8.0,2026-09-02 03:08:28.145027+00:00,-13,0.5,0.504950495049505,0.5348837209302325,2.9933225880727554,2.9933225880727554,9,total,under,True,True,True,ODDS_API,8.5,"ODDS_API,SGO",4,True
8lVcvYNR4yLqGFtKekVp,san francisco giants,pittsburgh pirates,espnbet,ml,home,,,points,points-home-game-ml-home,game,pregame,2026-09-02 22:40:00+00:00,-150,,2026-09-02 12:03:02.122557+00:00,2026-09-02 11:59:13.272000+00:00,1.0,MLB_SGO_MARKET_HISTORY.csv,-150,,299683,-145,,2026-09-02 03:08:27.485766+00:00,-5,,0.5918367346938775,0.6,0.8163265306122436,0.8163265306122436,9,moneyline,pittsburgh pirates,True,True,False,SGO,,SGO,2,False
8lVcvYNR4yLqGFtKekVp,san francisco giants,pittsburgh pirates,espnbet,ml,away,,,points,points-away-game-ml-away,game,pregame,2026-09-02 22:40:00+00:00,130,,2026-09-02 12:03:02.122557+00:00,2026-09-02 11:59:13.272000+00:00,1.0,MLB_SGO_MARKET_HISTORY.csv,130,,299674,125,,2026-09-02 03:08:27.485744+00:00,5,,0.4444444444444444,0.4347826086956521,-0.9661835748792258,0.9661835748792258,9,moneyline,san francisco giants,True,True,False,SGO,,SGO,2,False
8lVcvYNR4yLqGFtKekVp,san francisco giants,pittsburgh pirates,espnbet,sp,home,,,points,points-home-game-sp-home,game,pregame,2026-09-02 22:40:00+00:00,140,-1.5,2026-09-02 12:03:02.122557+00:00,2026-09-02 11:59:13.272000+00:00,1.0,MLB_SGO_MARKET_HISTORY.csv,140,-1.5,299713,145,-1.5,2026-09-02 03:08:27.485841+00:00,-5,0.0,0.4081632653061224,0.4166666666666667,0.8503401360544227,0.8503401360544227,9,spread,pittsburgh pirates,True,True,False,SGO,-1.5,SGO,2,False
8lVcvYNR4yLqGFtKekVp,san francisco giants,pittsburgh pirates,espnbet,sp,away,,,points,points-away-game-sp-away,game,pregame,2026-09-02 22:40:00+00:00,-165,1.5,2026-09-02 12:03:02.122557+00:00,2026-09-02 11:59:13.272000+00:00,1.0,MLB_SGO_MARKET_HISTORY.csv,-165,1.5,299705,-175,1.5,2026-09-02 03:08:27.485822+00:00,10,0.0,0.6363636363636364,0.6226415094339622,-1.3722126929674117,1.3722126929674117,9,spread,san francisco giants,True,True,False,SGO,1.5,SGO,2,False
8lVcvYNR4yLqGFtKekVp,san francisco giants,pittsburgh pirates,espnbet,ou,over,,,points,points-away-game-ou-over,game,pregame,2026-09-02 22:40:00+00:00,-550,1.5,2026-09-02 12:03:02.122557+00:00,2026-09-02 03:46:16.870000+00:00,0.0,MLB_SGO_MARKET_HISTORY.csv,-550,1.5,299749,-550,1.5,2026-09-02 03:08:27.485912+00:00,0,0.0,0.8461538461538461,0.8461538461538461,0.0,0.0,9,total,over,True,False,False,SGO,1.5,SGO,1,False
8lVcvYNR4yLqGFtKekVp,san francisco giants,pittsburgh pirates,espnbet,ou,over,,,points,points-home-game-ou-over,game,pregame,2026-09-02 22:40:00+00:00,100,4.5,2026-09-02 12:03:02.122557+00:00,2026-09-02 12:01:17.989000+00:00,1.0,MLB_SGO_MARKET_HISTORY.csv,100,4.5,299770,105,4.5,2026-09-02 03:08:27.485953+00:00,-5,0.0,0.4878048780487805,0.5,1.2195121951219523,1.2195121951219523,9,total,over,True,True,False,SGO,4.5,SGO,1,False
8lVcvYNR4yLqGFtKekVp,san francisco giants,pittsburgh pirates,espnbet,ou,over,,,points,points-all-game-ou-over,game,pregame,2026-09-02 22:40:00+00:00,100,8.5,2026-09-02 12:03:02.122557+00:00,2026-09-02 11:59:13.272000+00:00,1.0,MLB_SGO_MARKET_HISTORY.csv,100,8.5,299691,100,8.5,2026-09-02 03:08:27.485784+00:00,0,0.0,0.5,0.5,0.0,0.0,9,total,over,True,False,False,SGO,8.5,SGO,2,False
8lVcvYNR4yLqGFtKekVp,san francisco giants,pittsburgh pirates,espnbet,ou,under,,,points,points-away-game-ou-under,game,pregame,2026-09-02 22:40:00+00:00,360,1.5,2026-09-02 12:03:02.122557+00:00,2026-09-02 03:46:16.870000+00:00,0.0,MLB_SGO_MARKET_HISTORY.csv,360,1.5,299754,360,1.5,2026-09-02 03:08:27.485923+00:00,0,0.0,0.217391304347826,0.217391304347826,0.0,0.0,9,total,under,True,False,False,SGO,1.5,SGO,1,False
8lVcvYNR4yLqGFtKekVp,san francisco giants,pittsburgh pirates,espnbet,ou,under,,,points,points-home-game-ou-under,game,pregame,2026-09-02 22:40:00+00:00,-130,4.5,2026-09-02 12:03:02.122557+00:00,2026-09-02 12:01:17.989000+00:00,1.0,MLB_SGO_MARKET_HISTORY.csv,-130,4.5,299775,-135,4.5,2026-09-02 03:08:27.485963+00:00,5,0.0,0.574468085106383,0.5652173913043478,-0.9250693802035248,0.9250693802035248,9,total,under,True,True,False,SGO,4.5,SGO,1,False
8lVcvYNR4yLqGFtKekVp,san francisco giants,pittsburgh pirates,espnbet,ou,under,,,points,points-all-game-ou-under,game,pregame,2026-09-02 22:40:00+00:00,-120,8.5,2026-09-02 12:03:02.122557+00:00,2026-09-02 11:59:13.272000+00:00,1.0,MLB_SGO_MARKET_HISTORY.csv,-120,8.5,299699,-120,8.5,2026-09-02 03:08:27.485806+00:00,0,0.0,0.5454545454545454,0.5454545454545454,0.0,0.0,9,total,under,True,False,False,SGO,8.5,SGO,2,False
a081961893797b7b0bda834791610d56,san francisco giants,pittsburgh pirates,fanduel,h2h,Pittsburgh Pirates,,,,,,pregame,2026-09-02 22:41:00+00:00,-156,,2026-09-02 12:03:02.767951+00:00,2026-09-02 12:02:37+00:00,,MLB_ODDS_API_MARKET_HISTORY.csv,-156,,6606,-154,,2026-09-02 03:08:28.144792+00:00,-2,,0.6062992125984252,0.609375,0.307578740157477,0.307578740157477,9,moneyline,pittsburgh pirates,True,True,False,ODDS_API,,"ODDS_API,SGO",4,True
a081961893797b7b0bda834791610d56,san francisco giants,pittsburgh pirates,fanduel,h2h,San Francisco Giants,,,,,,pregame,2026-09-02 22:41:00+00:00,132,,2026-09-02 12:03:02.767951+00:00,2026-09-02 12:02:37+00:00,,MLB_ODDS_API_MARKET_HISTORY.csv,132,,6607,130,,2026-09-02 03:08:28.144800+00:00,2,,0.4347826086956521,0.4310344827586206,-0.3748125937031499,0.3748125937031499,9,moneyline,san francisco giants,True,True,False,ODDS_API,,"ODDS_API,SGO",4,True
a081961893797b7b0bda834791610d56,san francisco giants,pittsburgh pirates,fanduel,spreads,Pittsburgh Pirates,,,,,,pregame,2026-09-02 22:41:00+00:00,136,-1.5,2026-09-02 12:03:02.767951+00:00,2026-09-02 12:02:37+00:00,,MLB_ODDS_API_MARKET_HISTORY.csv,136,-1.5,6608,142,-1.5,2026-09-02 03:08:28.144808+00:00,-6,0.0,0.4132231404958678,0.423728813559322,1.0505673063454235,1.0505673063454235,9,spread,pittsburgh pirates,True,True,False,ODDS_API,-1.5,"ODDS_API,SGO",4,True
a081961893797b7b0bda834791610d56,san francisco giants,pittsburgh pirates,fanduel,spreads,San Francisco Giants,,,,,,pregame,2026-09-02 22:41:00+00:00,-164,1.5,2026-09-02 12:03:02.767951+00:00,2026-09-02 12:02:37+00:00,,MLB_ODDS_API_MARKET_HISTORY.csv,-164,1.5,6609,-172,1.5,2026-09-02 03:08:28.144816+00:00,8,0.0,0.6323529411764706,0.6212121212121212,-1.1140819964349349,1.1140819964349349,9,spread,san francisco giants,True,True,False,ODDS_API,1.5,"ODDS_API,SGO",4,True
8lVcvYNR4yLqGFtKekVp,san francisco giants,pittsburgh pirates,fanduel,ou,over,,,points,points-away-game-ou-over,game,pregame,2026-09-02 22:40:00+00:00,-113,3.5,2026-09-02 12:03:02.122557+00:00,2026-09-02 11:59:36.693000+00:00,1.0,MLB_SGO_MARKET_HISTORY.csv,-113,3.5,299747,-118,3.5,2026-09-02 03:08:27.485907+00:00,5,0.0,0.5412844036697247,0.5305164319248826,-1.076797174484212,1.076797174484212,9,total,over,True,True,False,SGO,3.5,SGO,2,False
8lVcvYNR4yLqGFtKekVp,san francisco giants,pittsburgh pirates,fanduel,ou,over,,,points,points-home-game-ou-over,game,pregame,2026-09-02 22:40:00+00:00,110,4.5,2026-09-02 12:03:02.122557+00:00,2026-09-02 11:59:36.693000+00:00,1.0,MLB_SGO_MARKET_HISTORY.csv,110,4.5,299768,106,4.5,2026-09-02 03:08:27.485947+00:00,4,0.0,0.4854368932038835,0.4761904761904761,-0.9246417013407338,0.9246417013407338,9,total,over,True,True,False,SGO,4.5,SGO,2,False
a081961893797b7b0bda834791610d56,san francisco giants,pittsburgh pirates,fanduel,totals,Over,,,,,,pregame,2026-09-02 22:41:00+00:00,102,8.5,2026-09-02 12:03:02.767951+00:00,2026-09-02 12:02:37+00:00,,MLB_ODDS_API_MARKET_HISTORY.csv,102,8.5,6610,-120,8.0,2026-09-02 03:08:28.144825+00:00,222,0.5,0.5454545454545454,0.495049504950495,-5.040504050405037,5.040504050405037,9,total,over,True,True,True,ODDS_API,8.5,"ODDS_API,SGO",4,True
8lVcvYNR4yLqGFtKekVp,san francisco giants,pittsburgh pirates,fanduel,ou,under,,,points,points-away-game-ou-under,game,pregame,2026-09-02 22:40:00+00:00,-113,3.5,2026-09-02 12:03:02.122557+00:00,2026-09-02 11:59:36.693000+00:00,1.0,MLB_SGO_MARKET_HISTORY.csv,-113,3.5,299752,-108,3.5,2026-09-02 03:08:27.485918+00:00,-5,0.0,0.5192307692307693,0.5305164319248826,1.1285662694113352,1.1285662694113352,9,total,under,True,True,False,SGO,3.5,SGO,2,False
8lVcvYNR4yLqGFtKekVp,san francisco giants,pittsburgh pirates,fanduel,ou,under,,,points,points-home-game-ou-under,game,pregame,2026-09-02 22:40:00+00:00,-140,4.5,2026-09-02 12:03:02.122557+00:00,2026-09-02 11:59:36.693000+00:00,1.0,MLB_SGO_MARKET_HISTORY.csv,-140,4.5,299773,-136,4.5,2026-09-02 03:08:27.485958+00:00,-4,0.0,0.576271186440678,0.5833333333333334,0.7062146892655385,0.7062146892655385,9,total,under,True,True,False,SGO,4.5,SGO,2,False
a081961893797b7b0bda834791610d56,san francisco giants,pittsburgh pirates,fanduel,totals,Under,,,,,,pregame,2026-09-02 22:41:00+00:00,-124,8.5,2026-09-02 12:03:02.767951+00:00,2026-09-02 12:02:37+00:00,,MLB_ODDS_API_MARKET_HISTORY.csv,-124,8.5,6611,-102,8.0,2026-09-02 03:08:28.144833+00:00,-22,0.5,0.504950495049505,0.5535714285714286,4.862093352192365,4.862093352192365,9,total,under,True,True,True,ODDS_API,8.5,"ODDS_API,SGO",4,True
a081961893797b7b0bda834791610d56,san francisco giants,pittsburgh pirates,lowvig,h2h,Pittsburgh Pirates,,,,,,pregame,2026-09-02 22:41:00+00:00,-146,,2026-09-02 12:03:02.767951+00:00,2026-09-02 12:02:13+00:00,,MLB_ODDS_API_MARKET_HISTORY.csv,-146,,6624,-150,,2026-09-02 03:08:28.144938+00:00,4,,0.6,0.5934959349593496,-0.6504065040650375,0.6504065040650375,9,moneyline,pittsburgh pirates,True,True,False,ODDS_API,,ODDS_API,2,False
a081961893797b7b0bda834791610d56,san francisco giants,pittsburgh pirates,lowvig,h2h,San Francisco Giants,,,,,,pregame,2026-09-02 22:41:00+00:00,132,,2026-09-02 12:03:02.767951+00:00,2026-09-02 12:02:13+00:00,,MLB_ODDS_API_MARKET_HISTORY.csv,132,,6625,136,,2026-09-02 03:08:28.144946+00:00,-4,,0.423728813559322,0.4310344827586206,0.7305669199298648,0.7305669199298648,9,moneyline,san francisco giants,True,True,False,ODDS_API,,ODDS_API,2,False
a081961893797b7b0bda834791610d56,san francisco giants,pittsburgh pirates,lowvig,spreads,Pittsburgh Pirates,,,,,,pregame,2026-09-02 22:41:00+00:00,143,-1.5,2026-09-02 12:03:02.767951+00:00,2026-09-02 12:02:13+00:00,,MLB_ODDS_API_MARKET_HISTORY.csv,143,-1.5,6626,136,-1.5,2026-09-02 03:08:28.144954+00:00,7,0.0,0.423728813559322,0.411522633744856,-1.2206179814466034,1.2206179814466034,9,spread,pittsburgh pirates,True,True,False,ODDS_API,-1.5,ODDS_API,2,False
a081961893797b7b0bda834791610d56,san francisco giants,pittsburgh pirates,lowvig,spreads,San Francisco Giants,,,,,,pregame,2026-09-02 22:41:00+00:00,-162,1.5,2026-09-02 12:03:02.767951+00:00,2026-09-02 12:02:13+00:00,,MLB_ODDS_API_MARKET_HISTORY.csv,-162,1.5,6627,-154,1.5,2026-09-02 03:08:28.144962+00:00,-8,0.0,0.6062992125984252,0.6183206106870229,1.20213980885977,1.20213980885977,9,spread,san francisco giants,True,True,False,ODDS_API,1.5,ODDS_API,2,False
a081961893797b7b0bda834791610d56,san francisco giants,pittsburgh pirates,lowvig,totals,Over,,,,,,pregame,2026-09-02 22:41:00+00:00,-103,8.5,2026-09-02 12:03:02.767951+00:00,2026-09-02 12:02:13+00:00,,MLB_ODDS_API_MARKET_HISTORY.csv,-103,8.5,6628,-118,8.0,2026-09-02 03:08:28.144970+00:00,15,0.5,0.5412844036697247,0.5073891625615764,-3.3895241108148344,3.3895241108148344,9,total,over,True,True,True,ODDS_API,8.5,ODDS_API,2,False
a081961893797b7b0bda834791610d56,san francisco giants,pittsburgh pirates,lowvig,totals,Under,,,,,,pregame,2026-09-02 22:41:00+00:00,-112,8.5,2026-09-02 12:03:02.767951+00:00,2026-09-02 12:02:13+00:00,,MLB_ODDS_API_MARKET_HISTORY.csv,-112,8.5,6629,103,8.0,2026-09-02 03:08:28.144979+00:00,-215,0.5,0.4926108374384236,0.5283018867924528,3.569104935402917,3.569104935402917,9,total,under,True,True,True,ODDS_API,8.5,ODDS_API,2,False
a081961893797b7b0bda834791610d56,san francisco giants,pittsburgh pirates,mybookieag,h2h,Pittsburgh Pirates,,,,,,pregame,2026-09-02 22:41:00+00:00,-152,,2026-09-02 12:03:02.767951+00:00,2026-09-02 12:02:37+00:00,,MLB_ODDS_API_MARKET_HISTORY.csv,-152,,6612,-152,,2026-09-02 03:08:28.144841+00:00,0,,0.6031746031746031,0.6031746031746031,0.0,0.0,9,moneyline,pittsburgh pirates,True,False,False,ODDS_API,,ODDS_API,2,False
a081961893797b7b0bda834791610d56,san francisco giants,pittsburgh pirates,mybookieag,h2h,San Francisco Giants,,,,,,pregame,2026-09-02 22:41:00+00:00,129,,2026-09-02 12:03:02.767951+00:00,2026-09-02 12:02:37+00:00,,MLB_ODDS_API_MARKET_HISTORY.csv,129,,6613,129,,2026-09-02 03:08:28.144849+00:00,0,,0.4366812227074236,0.4366812227074236,0.0,0.0,9,moneyline,san francisco giants,True,False,False,ODDS_API,,ODDS_API,2,False
a081961893797b7b0bda834791610d56,san francisco giants,pittsburgh pirates,mybookieag,spreads,Pittsburgh Pirates,,,,,,pregame,2026-09-02 22:41:00+00:00,133,-1.5,2026-09-02 12:03:02.767951+00:00,2026-09-02 12:02:37+00:00,,MLB_ODDS_API_MARKET_HISTORY.csv,133,-1.5,6614,133,-1.5,2026-09-02 03:08:28.144857+00:00,0,0.0,0.4291845493562232,0.4291845493562232,0.0,0.0,9,spread,pittsburgh pirates,True,False,False,ODDS_API,-1.5,ODDS_API,2,False
a081961893797b7b0bda834791610d56,san francisco giants,pittsburgh pirates,mybookieag,spreads,San Francisco Giants,,,,,,pregame,2026-09-02 22:41:00+00:00,-157,1.5,2026-09-02 12:03:02.767951+00:00,2026-09-02 12:02:37+00:00,,MLB_ODDS_API_MARKET_HISTORY.csv,-157,1.5,6615,-157,1.5,2026-09-02 03:08:28.144865+00:00,0,0.0,0.6108949416342413,0.6108949416342413,0.0,0.0,9,spread,san francisco giants,True,False,False,ODDS_API,1.5,ODDS_API,2,False
a081961893797b7b0bda834791610d56,san francisco giants,pittsburgh pirates,mybookieag,totals,Over,,,,,,pregame,2026-09-02 22:41:00+00:00,-120,8.0,2026-09-02 12:03:02.767951+00:00,2026-09-02 12:02:37+00:00,,MLB_ODDS_API_MARKET_HISTORY.csv,-120,8.0,6616,-117,8.0,2026-09-02 03:08:28.144873+00:00,-3,0.0,0.5391705069124424,0.5454545454545454,0.6284038542103021,0.6284038542103021,9,total,over,True,True,False,ODDS_API,8.0,ODDS_API,1,False
f857ea6771bf681398b05379f108f0c5,san francisco giants,pittsburgh pirates,mybookieag,totals,Over,,,,,,pregame,2026-09-03 16:35:00+00:00,-120,8.5,2026-09-03 05:14:09.061138+00:00,2026-09-03 05:12:15+00:00,,MLB_ODDS_API_MARKET_HISTORY.csv,-120,8.5,7506,-120,8.5,2026-09-03 05:13:57.019887+00:00,0,0.0,0.5454545454545454,0.5454545454545454,0.0,0.0,2,total,over,True,False,False,ODDS_API,8.5,ODDS_API,1,False
a081961893797b7b0bda834791610d56,san francisco giants,pittsburgh pirates,mybookieag,totals,Under,,,,,,pregame,2026-09-02 22:41:00+00:00,-102,8.0,2026-09-02 12:03:02.767951+00:00,2026-09-02 12:02:37+00:00,,MLB_ODDS_API_MARKET_HISTORY.csv,-102,8.0,6617,-105,8.0,2026-09-02 03:08:28.144882+00:00,3,0.0,0.5121951219512195,0.504950495049505,-0.7244626901714568,0.7244626901714568,9,total,under,True,True,False,ODDS_API,8.0,ODDS_API,1,False
f857ea6771bf681398b05379f108f0c5,san francisco giants,pittsburgh pirates,mybookieag,totals,Under,,,,,,pregame,2026-09-03 16:35:00+00:00,-102,8.5,2026-09-03 05:14:09.061142+00:00,2026-09-03 05:12:15+00:00,,MLB_ODDS_API_MARKET_HISTORY.csv,-102,8.5,7507,-102,8.5,2026-09-03 05:13:57.019887+00:00,0,0.0,0.504950495049505,0.504950495049505,0.0,0.0,2,total,under,True,False,False,ODDS_API,8.5,ODDS_API,1,False
8lVcvYNR4yLqGFtKekVp,san francisco giants,pittsburgh pirates,pointsbet,ml,home,,,points,points-home-game-ml-home,game,pregame,2026-09-02 22:40:00+00:00,-149,,2026-09-02 12:03:02.122557+00:00,2026-09-02 11:59:13.272000+00:00,1.0,MLB_SGO_MARKET_HISTORY.csv,-149,,299679,-149,,2026-09-02 03:08:27.485755+00:00,0,,0.5983935742971888,0.5983935742971888,0.0,0.0,9,moneyline,pittsburgh pirates,True,False,False,SGO,,SGO,2,False
8lVcvYNR4yLqGFtKekVp,san francisco giants,pittsburgh pirates,pointsbet,ml,away,,,points,points-away-game-ml-away,game,pregame,2026-09-02 22:40:00+00:00,130,,2026-09-02 12:03:02.122557+00:00,2026-09-02 11:59:13.272000+00:00,1.0,MLB_SGO_MARKET_HISTORY.csv,130,,299670,130,,2026-09-02 03:08:27.485733+00:00,0,,0.4347826086956521,0.4347826086956521,0.0,0.0,9,moneyline,san francisco giants,True,False,False,SGO,,SGO,2,False
8lVcvYNR4yLqGFtKekVp,san francisco giants,pittsburgh pirates,pointsbet,sp,home,,,points,points-home-game-sp-home,game,pregame,2026-09-02 22:40:00+00:00,140,-1.5,2026-09-02 12:03:02.122557+00:00,2026-09-02 11:59:13.272000+00:00,1.0,MLB_SGO_MARKET_HISTORY.csv,140,-1.5,299712,140,-1.5,2026-09-02 03:08:27.485839+00:00,0,0.0,0.4166666666666667,0.4166666666666667,0.0,0.0,9,spread,pittsburgh pirates,True,False,False,SGO,-1.5,SGO,2,False
8lVcvYNR4yLqGFtKekVp,san francisco giants,pittsburgh pirates,pointsbet,sp,away,,,points,points-away-game-sp-away,game,pregame,2026-09-02 22:40:00+00:00,-169,1.5,2026-09-02 12:03:02.122557+00:00,2026-09-02 11:59:13.272000+00:00,1.0,MLB_SGO_MARKET_HISTORY.csv,-169,1.5,299704,-169,1.5,2026-09-02 03:08:27.485820+00:00,0,0.0,0.6282527881040892,0.6282527881040892,0.0,0.0,9,spread,san francisco giants,True,False,False,SGO,1.5,SGO,2,False
8lVcvYNR4yLqGFtKekVp,san francisco giants,pittsburgh pirates,pointsbet,ou,over,,,points,points-all-game-ou-over,game,pregame,2026-09-02 22:40:00+00:00,-105,8.5,2026-09-02 12:03:02.122557+00:00,2026-09-02 11:59:13.272000+00:00,1.0,MLB_SGO_MARKET_HISTORY.csv,-105,8.5,299688,-111,8.0,2026-09-02 03:08:27.485776+00:00,6,0.5,0.5260663507109005,0.5121951219512195,-1.3871228759680942,1.3871228759680942,9,total,over,True,True,True,SGO,8.5,SGO,2,False
8lVcvYNR4yLqGFtKekVp,san francisco giants,pittsburgh pirates,pointsbet,ou,under,,,points,points-all-game-ou-under,game,pregame,2026-09-02 22:40:00+00:00,-115,8.5,2026-09-02 12:03:02.122557+00:00,2026-09-02 11:59:13.272000+00:00,1.0,MLB_SGO_MARKET_HISTORY.csv,-115,8.5,299696,-111,8.0,2026-09-02 03:08:27.485798+00:00,-4,0.5,0.5260663507109005,0.5348837209302325,0.8817370219332044,0.8817370219332044,9,total,under,True,True,True,SGO,8.5,SGO,2,False
8lVcvYNR4yLqGFtKekVp,san francisco giants,pittsburgh pirates,unibet,ml,home,,,points,points-home-game-ml-home,game,pregame,2026-09-02 22:40:00+00:00,-156,,2026-09-02 12:03:02.122557+00:00,2026-09-02 11:59:34.272000+00:00,1.0,MLB_SGO_MARKET_HISTORY.csv,-156,,299680,-156,,2026-09-02 03:08:27.485757+00:00,0,,0.609375,0.609375,0.0,0.0,9,moneyline,pittsburgh pirates,True,False,False,SGO,,SGO,2,False
8lVcvYNR4yLqGFtKekVp,san francisco giants,pittsburgh pirates,unibet,ml,away,,,points,points-away-game-ml-away,game,pregame,2026-09-02 22:40:00+00:00,127,,2026-09-02 12:03:02.122557+00:00,2026-09-02 11:59:34.272000+00:00,1.0,MLB_SGO_MARKET_HISTORY.csv,127,,299671,127,,2026-09-02 03:08:27.485736+00:00,0,,0.4405286343612334,0.4405286343612334,0.0,0.0,9,moneyline,san francisco giants,True,False,False,SGO,,SGO,2,False
8lVcvYNR4yLqGFtKekVp,san francisco giants,pittsburgh pirates,unibet,sp,home,,,points,points-home-game-sp-home,game,pregame,2026-09-02 22:40:00+00:00,123,-1.5,2026-09-02 12:03:02.122557+00:00,2026-09-02 11:59:13.272000+00:00,1.0,MLB_SGO_MARKET_HISTORY.csv,123,-1.5,299718,138,-1.5,2026-09-02 08:15:43.454797+00:00,-15,0.0,0.4201680672268907,0.4484304932735426,2.8262426046651856,2.8262426046651856,8,spread,pittsburgh pirates,True,True,False,SGO,-1.5,SGO,1,False
vIMy02hENiTUeWXYhYmI,san francisco giants,pittsburgh pirates,unibet,sp,home,,,points,points-home-game-sp-home,game,pregame,2026-09-03 16:35:00+00:00,-109,-1.0,2026-09-03 05:14:08.721392+00:00,2026-09-03 05:09:53.005000+00:00,1.0,MLB_SGO_MARKET_HISTORY.csv,-109,-1.0,342080,-109,-1.0,2026-09-03 05:13:56.618657+00:00,0,0.0,0.5215311004784688,0.5215311004784688,0.0,0.0,2,spread,pittsburgh pirates,True,False,False,SGO,-1.0,SGO,1,False
vIMy02hENiTUeWXYhYmI,san francisco giants,pittsburgh pirates,unibet,sp,away,,,points,points-away-game-sp-away,game,pregame,2026-09-03 16:35:00+00:00,-112,1.0,2026-09-03 05:14:08.721362+00:00,2026-09-03 05:09:53.005000+00:00,1.0,MLB_SGO_MARKET_HISTORY.csv,-112,1.0,342072,-112,1.0,2026-09-03 05:13:56.618657+00:00,0,0.0,0.5283018867924528,0.5283018867924528,0.0,0.0,2,spread,san francisco giants,True,False,False,SGO,1.0,SGO,1,False
8lVcvYNR4yLqGFtKekVp,san francisco giants,pittsburgh pirates,unibet,sp,away,,,points,points-away-game-sp-away,game,pregame,2026-09-02 22:40:00+00:00,-152,1.5,2026-09-02 12:03:02.122557+00:00,2026-09-02 11:59:13.272000+00:00,1.0,MLB_SGO_MARKET_HISTORY.csv,-152,1.5,299710,-167,1.5,2026-09-02 08:15:43.454797+00:00,15,0.0,0.6254681647940075,0.6031746031746031,-2.2293561619404323,2.2293561619404323,8,spread,san francisco giants,True,True,False,SGO,1.5,SGO,1,False
8lVcvYNR4yLqGFtKekVp,san francisco giants,pittsburgh pirates,unibet,ou,over,,,points,points-all-game-ou-over,game,pregame,2026-09-02 22:40:00+00:00,-108,8.5,2026-09-02 12:03:02.122557+00:00,2026-09-02 11:35:25.349000+00:00,0.0,MLB_SGO_MARKET_HISTORY.csv,-108,8.5,299694,-108,8.5,2026-09-02 03:08:27.485792+00:00,0,0.0,0.5192307692307693,0.5192307692307693,0.0,0.0,9,total,over,True,False,False,SGO,8.5,SGO,2,False
8lVcvYNR4yLqGFtKekVp,san francisco giants,pittsburgh pirates,unibet,ou,under,,,points,points-all-game-ou-under,game,pregame,2026-09-02 22:40:00+00:00,-113,8.5,2026-09-02 12:03:02.122557+00:00,2026-09-02 11:35:25.349000+00:00,0.0,MLB_SGO_MARKET_HISTORY.csv,-113,8.5,299702,-113,8.5,2026-09-02 03:08:27.485814+00:00,0,0.0,0.5305164319248826,0.5305164319248826,0.0,0.0,9,total,under,True,False,False,SGO,8.5,SGO,2,False
8lVcvYNR4yLqGFtKekVp,san francisco giants,pittsburgh pirates,williamhill,ml,home,,,points,points-home-game-ml-home,game,pregame,2026-09-02 22:40:00+00:00,-162,,2026-09-02 12:03:02.122557+00:00,2026-09-02 11:59:33.272000+00:00,1.0,MLB_SGO_MARKET_HISTORY.csv,-162,,299686,-162,,2026-09-02 08:15:43.454797+00:00,0,,0.6183206106870229,0.6183206106870229,0.0,0.0,8,moneyline,pittsburgh pirates,True,False,False,SGO,,SGO,2,False
8lVcvYNR4yLqGFtKekVp,san francisco giants,pittsburgh pirates,williamhill,ml,away,,,points,points-away-game-ml-away,game,pregame,2026-09-02 22:40:00+00:00,130,,2026-09-02 12:03:02.122557+00:00,2026-09-02 11:59:33.272000+00:00,1.0,MLB_SGO_MARKET_HISTORY.csv,130,,299677,130,,2026-09-02 08:15:43.454797+00:00,0,,0.4347826086956521,0.4347826086956521,0.0,0.0,8,moneyline,san francisco giants,True,False,False,SGO,,SGO,2,False
0b0373954f04c35c2aaee9aed8171c17,seattle mariners,boston red sox,betmgm,h2h,Boston Red Sox,,,,,,pregame,2026-09-02 20:11:00+00:00,-140,,2026-09-02 12:03:02.767951+00:00,2026-09-02 12:02:55+00:00,,MLB_ODDS_API_MARKET_HISTORY.csv,-140,,6486,-140,,2026-09-02 03:08:28.143860+00:00,0,,0.5833333333333334,0.5833333333333334,0.0,0.0,9,moneyline,boston red sox,True,False,False,ODDS_API,,"ODDS_API,SGO",2,True
0b0373954f04c35c2aaee9aed8171c17,seattle mariners,boston red sox,betmgm,h2h,Seattle Mariners,,,,,,pregame,2026-09-02 20:11:00+00:00,115,,2026-09-02 12:03:02.767951+00:00,2026-09-02 12:02:55+00:00,,MLB_ODDS_API_MARKET_HISTORY.csv,115,,6487,115,,2026-09-02 03:08:28.143868+00:00,0,,0.4651162790697674,0.4651162790697674,0.0,0.0,9,moneyline,seattle mariners,True,False,False,ODDS_API,,"ODDS_API,SGO",2,True
0b0373954f04c35c2aaee9aed8171c17,seattle mariners,boston red sox,betmgm,spreads,Boston Red Sox,,,,,,pregame,2026-09-02 20:11:00+00:00,150,-1.5,2026-09-02 12:03:02.767951+00:00,2026-09-02 12:02:55+00:00,,MLB_ODDS_API_MARKET_HISTORY.csv,150,-1.5,6488,154,-1.5,2026-09-02 03:08:28.143876+00:00,-4,0.0,0.3937007874015748,0.4,0.6299212598425197,0.6299212598425197,9,spread,boston red sox,True,True,False,ODDS_API,-1.5,"ODDS_API,SGO",2,True
0b0373954f04c35c2aaee9aed8171c17,seattle mariners,boston red sox,betmgm,spreads,Seattle Mariners,,,,,,pregame,2026-09-02 20:11:00+00:00,-185,1.5,2026-09-02 12:03:02.767951+00:00,2026-09-02 12:02:55+00:00,,MLB_ODDS_API_MARKET_HISTORY.csv,-185,1.5,6489,-190,1.5,2026-09-02 03:08:28.143885+00:00,5,0.0,0.6551724137931034,0.6491228070175439,-0.6049606775559546,0.6049606775559546,9,spread,seattle mariners,True,True,False,ODDS_API,1.5,"ODDS_API,SGO",2,True
0b0373954f04c35c2aaee9aed8171c17,seattle mariners,boston red sox,betmgm,totals,Over,,,,,,pregame,2026-09-02 20:11:00+00:00,-110,8.5,2026-09-02 12:03:02.767951+00:00,2026-09-02 12:02:55+00:00,,MLB_ODDS_API_MARKET_HISTORY.csv,-110,8.5,6490,-110,8.5,2026-09-02 03:08:28.143893+00:00,0,0.0,0.5238095238095238,0.5238095238095238,0.0,0.0,9,total,over,True,False,False,ODDS_API,8.5,"ODDS_API,SGO",2,True
0b0373954f04c35c2aaee9aed8171c17,seattle mariners,boston red sox,betmgm,totals,Under,,,,,,pregame,2026-09-02 20:11:00+00:00,-110,8.5,2026-09-02 12:03:02.767951+00:00,2026-09-02 12:02:55+00:00,,MLB_ODDS_API_MARKET_HISTORY.csv,-110,8.5,6491,-110,8.5,2026-09-02 03:08:28.143901+00:00,0,0.0,0.5238095238095238,0.5238095238095238,0.0,0.0,9,total,under,True,False,False,ODDS_API,8.5,"ODDS_API,SGO",2,True
0b0373954f04c35c2aaee9aed8171c17,seattle mariners,boston red sox,betonlineag,h2h,Boston Red Sox,,,,,,pregame,2026-09-02 20:11:00+00:00,-133,,2026-09-02 12:03:02.767951+00:00,2026-09-02 12:02:12+00:00,,MLB_ODDS_API_MARKET_HISTORY.csv,-133,,6468,-130,,2026-09-02 03:08:28.143713+00:00,-3,,0.5652173913043478,0.5708154506437768,0.5598059339429029,0.5598059339429029,9,moneyline,boston red sox,True,True,False,ODDS_API,,ODDS_API,1,False
0b0373954f04c35c2aaee9aed8171c17,seattle mariners,boston red sox,betonlineag,h2h,Seattle Mariners,,,,,,pregame,2026-09-02 20:11:00+00:00,121,,2026-09-02 12:03:02.767951+00:00,2026-09-02 12:02:12+00:00,,MLB_ODDS_API_MARKET_HISTORY.csv,121,,6469,118,,2026-09-02 03:08:28.143722+00:00,3,,0.4587155963302752,0.4524886877828054,-0.6226908547469823,0.6226908547469823,9,moneyline,seattle mariners,True,True,False,ODDS_API,,ODDS_API,1,False
0b0373954f04c35c2aaee9aed8171c17,seattle mariners,boston red sox,betonlineag,spreads,Boston Red Sox,,,,,,pregame,2026-09-02 20:11:00+00:00,157,-1.5,2026-09-02 12:03:02.767951+00:00,2026-09-02 12:02:12+00:00,,MLB_ODDS_API_MARKET_HISTORY.csv,157,-1.5,6470,161,-1.5,2026-09-02 03:08:28.143730+00:00,-4,0.0,0.3831417624521073,0.3891050583657587,0.5963295913651467,0.5963295913651467,9,spread,boston red sox,True,True,False,ODDS_API,-1.5,ODDS_API,1,False
0b0373954f04c35c2aaee9aed8171c17,seattle mariners,boston red sox,betonlineag,spreads,Seattle Mariners,,,,,,pregame,2026-09-02 20:11:00+00:00,-180,1.5,2026-09-02 12:03:02.767951+00:00,2026-09-02 12:02:12+00:00,,MLB_ODDS_API_MARKET_HISTORY.csv,-180,1.5,6471,-185,1.5,2026-09-02 03:08:28.143738+00:00,5,0.0,0.6491228070175439,0.6428571428571429,-0.6265664160400974,0.6265664160400974,9,spread,seattle mariners,True,True,False,ODDS_API,1.5,ODDS_API,1,False
0b0373954f04c35c2aaee9aed8171c17,seattle mariners,boston red sox,betonlineag,totals,Over,,,,,,pregame,2026-09-02 20:11:00+00:00,-110,8.5,2026-09-02 12:03:02.767951+00:00,2026-09-02 12:02:12+00:00,,MLB_ODDS_API_MARKET_HISTORY.csv,-110,8.5,6472,-110,8.5,2026-09-02 03:08:28.143746+00:00,0,0.0,0.5238095238095238,0.5238095238095238,0.0,0.0,9,total,over,True,False,False,ODDS_API,8.5,ODDS_API,1,False
0b0373954f04c35c2aaee9aed8171c17,seattle mariners,boston red sox,betonlineag,totals,Under,,,,,,pregame,2026-09-02 20:11:00+00:00,-110,8.5,2026-09-02 12:03:02.767951+00:00,2026-09-02 12:02:12+00:00,,MLB_ODDS_API_MARKET_HISTORY.csv,-110,8.5,6473,-110,8.5,2026-09-02 03:08:28.143754+00:00,0,0.0,0.5238095238095238,0.5238095238095238,0.0,0.0,9,total,under,True,False,False,ODDS_API,8.5,ODDS_API,1,False
0b0373954f04c35c2aaee9aed8171c17,seattle mariners,boston red sox,betrivers,h2h,Boston Red Sox,,,,,,pregame,2026-09-02 20:11:00+00:00,-136,,2026-09-02 12:03:02.767951+00:00,2026-09-02 12:02:55+00:00,,MLB_ODDS_API_MARKET_HISTORY.csv,-136,,6462,-139,,2026-09-02 03:08:28.143664+00:00,3,,0.5815899581589958,0.576271186440678,-0.531877171831785,0.531877171831785,9,moneyline,boston red sox,True,True,False,ODDS_API,,ODDS_API,1,False
0b0373954f04c35c2aaee9aed8171c17,seattle mariners,boston red sox,betrivers,h2h,Seattle Mariners,,,,,,pregame,2026-09-02 20:11:00+00:00,116,,2026-09-02 12:03:02.767951+00:00,2026-09-02 12:02:55+00:00,,MLB_ODDS_API_MARKET_HISTORY.csv,116,,6463,118,,2026-09-02 03:08:28.143673+00:00,-2,,0.4587155963302752,0.4629629629629629,0.424736663268771,0.424736663268771,9,moneyline,seattle mariners,True,True,False,ODDS_API,,ODDS_API,1,False
0b0373954f04c35c2aaee9aed8171c17,seattle mariners,boston red sox,betrivers,spreads,Boston Red Sox,,,,,,pregame,2026-09-02 20:11:00+00:00,150,-1.5,2026-09-02 12:03:02.767951+00:00,2026-09-02 12:02:55+00:00,,MLB_ODDS_API_MARKET_HISTORY.csv,150,-1.5,6464,150,-1.5,2026-09-02 03:08:28.143681+00:00,0,0.0,0.4,0.4,0.0,0.0,9,spread,boston red sox,True,False,False,ODDS_API,-1.5,ODDS_API,1,False
0b0373954f04c35c2aaee9aed8171c17,seattle mariners,boston red sox,betrivers,spreads,Seattle Mariners,,,,,,pregame,2026-09-02 20:11:00+00:00,-190,1.5,2026-09-02 12:03:02.767951+00:00,2026-09-02 12:02:55+00:00,,MLB_ODDS_API_MARKET_HISTORY.csv,-190,1.5,6465,-182,1.5,2026-09-02 03:08:28.143689+00:00,-8,0.0,0.6453900709219859,0.6551724137931034,0.9782342871117566,0.9782342871117566,9,spread,seattle mariners,True,True,False,ODDS_API,1.5,ODDS_API,1,False
0b0373954f04c35c2aaee9aed8171c17,seattle mariners,boston red sox,betrivers,totals,Over,,,,,,pregame,2026-09-02 20:11:00+00:00,-112,8.5,2026-09-02 12:03:02.767951+00:00,2026-09-02 12:02:55+00:00,,MLB_ODDS_API_MARKET_HISTORY.csv,-112,8.5,6466,-118,8.5,2026-09-02 03:08:28.143697+00:00,6,0.0,0.5412844036697247,0.5283018867924528,-1.298251687727192,1.298251687727192,9,total,over,True,True,False,ODDS_API,8.5,ODDS_API,1,False
0b0373954f04c35c2aaee9aed8171c17,seattle mariners,boston red sox,betrivers,totals,Under,,,,,,pregame,2026-09-02 20:11:00+00:00,-107,8.5,2026-09-02 12:03:02.767951+00:00,2026-09-02 12:02:55+00:00,,MLB_ODDS_API_MARKET_HISTORY.csv,-107,8.5,6467,-103,8.5,2026-09-02 03:08:28.143705+00:00,-4,0.0,0.5073891625615764,0.5169082125603864,0.9519049998810036,0.9519049998810036,9,total,under,True,True,False,ODDS_API,8.5,ODDS_API,1,False
0b0373954f04c35c2aaee9aed8171c17,seattle mariners,boston red sox,betus,h2h,Boston Red Sox,,,,,,pregame,2026-09-02 20:11:00+00:00,-133,,2026-09-02 12:03:02.767951+00:00,2026-09-02 12:02:54+00:00,,MLB_ODDS_API_MARKET_HISTORY.csv,-133,,6492,-130,,2026-09-02 03:08:28.143909+00:00,-3,,0.5652173913043478,0.5708154506437768,0.5598059339429029,0.5598059339429029,9,moneyline,boston red sox,True,True,False,ODDS_API,,ODDS_API,1,False
0b0373954f04c35c2aaee9aed8171c17,seattle mariners,boston red sox,betus,h2h,Seattle Mariners,,,,,,pregame,2026-09-02 20:11:00+00:00,121,,2026-09-02 12:03:02.767951+00:00,2026-09-02 12:02:54+00:00,,MLB_ODDS_API_MARKET_HISTORY.csv,121,,6493,118,,2026-09-02 03:08:28.143917+00:00,3,,0.4587155963302752,0.4524886877828054,-0.6226908547469823,0.6226908547469823,9,moneyline,seattle mariners,True,True,False,ODDS_API,,ODDS_API,1,False
0b0373954f04c35c2aaee9aed8171c17,seattle mariners,boston red sox,betus,spreads,Boston Red Sox,,,,,,pregame,2026-09-02 20:11:00+00:00,156,-1.5,2026-09-02 12:03:02.767951+00:00,2026-09-02 12:02:54+00:00,,MLB_ODDS_API_MARKET_HISTORY.csv,156,-1.5,6494,160,-1.5,2026-09-02 03:08:28.143925+00:00,-4,0.0,0.3846153846153846,0.390625,0.6009615384615363,0.6009615384615363,9,spread,boston red sox,True,True,False,ODDS_API,-1.5,ODDS_API,1,False
0b0373954f04c35c2aaee9aed8171c17,seattle mariners,boston red sox,betus,spreads,Seattle Mariners,,,,,,pregame,2026-09-02 20:11:00+00:00,-180,1.5,2026-09-02 12:03:02.767951+00:00,2026-09-02 12:02:54+00:00,,MLB_ODDS_API_MARKET_HISTORY.csv,-180,1.5,6495,-185,1.5,2026-09-02 03:08:28.143933+00:00,5,0.0,0.6491228070175439,0.6428571428571429,-0.6265664160400974,0.6265664160400974,9,spread,seattle mariners,True,True,False,ODDS_API,1.5,ODDS_API,1,False
0b0373954f04c35c2aaee9aed8171c17,seattle mariners,boston red sox,betus,totals,Over,,,,,,pregame,2026-09-02 20:11:00+00:00,-110,8.5,2026-09-02 12:03:02.767951+00:00,2026-09-02 12:02:54+00:00,,MLB_ODDS_API_MARKET_HISTORY.csv,-110,8.5,6496,-110,8.5,2026-09-02 03:08:28.143942+00:00,0,0.0,0.5238095238095238,0.5238095238095238,0.0,0.0,9,total,over,True,False,False,ODDS_API,8.5,ODDS_API,1,False
0b0373954f04c35c2aaee9aed8171c17,seattle mariners,boston red sox,betus,totals,Under,,,,,,pregame,2026-09-02 20:11:00+00:00,-110,8.5,2026-09-02 12:03:02.767951+00:00,2026-09-02 12:02:54+00:00,,MLB_ODDS_API_MARKET_HISTORY.csv,-110,8.5,6497,-110,8.5,2026-09-02 03:08:28.143950+00:00,0,0.0,0.5238095238095238,0.5238095238095238,0.0,0.0,9,total,under,True,False,False,ODDS_API,8.5,ODDS_API,1,False
0b0373954f04c35c2aaee9aed8171c17,seattle mariners,boston red sox,bovada,h2h,Boston Red Sox,,,,,,pregame,2026-09-02 20:11:00+00:00,-138,,2026-09-02 12:03:02.767951+00:00,2026-09-02 12:01:49+00:00,,MLB_ODDS_API_MARKET_HISTORY.csv,-138,,6456,-136,,2026-09-02 03:08:28.143615+00:00,-2,,0.576271186440678,0.5798319327731093,0.3560746332431308,0.3560746332431308,9,moneyline,boston red sox,True,True,False,ODDS_API,,"ODDS_API,SGO",2,True
0b0373954f04c35c2aaee9aed8171c17,seattle mariners,boston red sox,bovada,h2h,Seattle Mariners,,,,,,pregame,2026-09-02 20:11:00+00:00,115,,2026-09-02 12:03:02.767951+00:00,2026-09-02 12:01:49+00:00,,MLB_ODDS_API_MARKET_HISTORY.csv,115,,6457,114,,2026-09-02 03:08:28.143623+00:00,1,,0.4672897196261682,0.4651162790697674,-0.2173440556400785,0.2173440556400785,9,moneyline,seattle mariners,True,True,False,ODDS_API,,"ODDS_API,SGO",2,True
0b0373954f04c35c2aaee9aed8171c17,seattle mariners,boston red sox,bovada,spreads,Boston Red Sox,,,,,,pregame,2026-09-02 20:11:00+00:00,155,-1.5,2026-09-02 12:03:02.767951+00:00,2026-09-02 12:01:49+00:00,,MLB_ODDS_API_MARKET_HISTORY.csv,155,-1.5,6458,160,-1.5,2026-09-02 03:08:28.143631+00:00,-5,0.0,0.3846153846153846,0.392156862745098,0.7541478129713397,0.7541478129713397,9,spread,boston red sox,True,True,False,ODDS_API,-1.5,"ODDS_API,SGO",2,True
0b0373954f04c35c2aaee9aed8171c17,seattle mariners,boston red sox,bovada,spreads,Seattle Mariners,,,,,,pregame,2026-09-02 20:11:00+00:00,-180,1.5,2026-09-02 12:03:02.767951+00:00,2026-09-02 12:01:49+00:00,,MLB_ODDS_API_MARKET_HISTORY.csv,-180,1.5,6459,-185,1.5,2026-09-02 03:08:28.143640+00:00,5,0.0,0.6491228070175439,0.6428571428571429,-0.6265664160400974,0.6265664160400974,9,spread,seattle mariners,True,True,False,ODDS_API,1.5,"ODDS_API,SGO",2,True
jTvFjcvWecB8qwkHl9jC,seattle mariners,boston red sox,bovada,ou,over,,,points,points-away-game-ou-over,game,pregame,2026-09-02 20:10:00+00:00,-130,3.5,2026-09-02 12:03:02.122557+00:00,2026-09-02 12:01:29.669000+00:00,1.0,MLB_SGO_MARKET_HISTORY.csv,-130,3.5,293775,-145,3.5,2026-09-02 03:08:27.479574+00:00,15,0.0,0.5918367346938775,0.5652173913043478,-2.661934338952976,2.661934338952976,9,total,over,True,True,False,SGO,3.5,SGO,1,False
jTvFjcvWecB8qwkHl9jC,seattle mariners,boston red sox,bovada,ou,over,,,points,points-home-game-ou-over,game,pregame,2026-09-02 20:10:00+00:00,105,4.5,2026-09-02 12:03:02.122557+00:00,2026-09-02 12:01:29.669000+00:00,1.0,MLB_SGO_MARKET_HISTORY.csv,105,4.5,293796,100,4.5,2026-09-02 03:08:27.479609+00:00,5,0.0,0.5,0.4878048780487805,-1.2195121951219523,1.2195121951219523,9,total,over,True,True,False,SGO,4.5,SGO,1,False
0b0373954f04c35c2aaee9aed8171c17,seattle mariners,boston red sox,bovada,totals,Over,,,,,,pregame,2026-09-02 20:11:00+00:00,-105,8.5,2026-09-02 12:03:02.767951+00:00,2026-09-02 12:01:49+00:00,,MLB_ODDS_API_MARKET_HISTORY.csv,-105,8.5,6460,-110,8.5,2026-09-02 03:08:28.143648+00:00,5,0.0,0.5238095238095238,0.5121951219512195,-1.1614401858304313,1.1614401858304313,9,total,over,True,True,False,ODDS_API,8.5,"ODDS_API,SGO",2,True
jTvFjcvWecB8qwkHl9jC,seattle mariners,boston red sox,bovada,ou,under,,,points,points-away-game-ou-under,game,pregame,2026-09-02 20:10:00+00:00,100,3.5,2026-09-02 12:03:02.122557+00:00,2026-09-02 12:01:29.669000+00:00,1.0,MLB_SGO_MARKET_HISTORY.csv,100,3.5,293780,110,3.5,2026-09-02 03:08:27.479582+00:00,-10,0.0,0.4761904761904761,0.5,2.380952380952384,2.380952380952384,9,total,under,True,True,False,SGO,3.5,SGO,1,False
jTvFjcvWecB8qwkHl9jC,seattle mariners,boston red sox,bovada,ou,under,,,points,points-home-game-ou-under,game,pregame,2026-09-02 20:10:00+00:00,-135,4.5,2026-09-02 12:03:02.122557+00:00,2026-09-02 12:01:29.669000+00:00,1.0,MLB_SGO_MARKET_HISTORY.csv,-135,4.5,293801,-130,4.5,2026-09-02 03:08:27.479617+00:00,-5,0.0,0.5652173913043478,0.574468085106383,0.9250693802035248,0.9250693802035248,9,total,under,True,True,False,SGO,4.5,SGO,1,False
0b0373954f04c35c2aaee9aed8171c17,seattle mariners,boston red sox,bovada,totals,Under,,,,,,pregame,2026-09-02 20:11:00+00:00,-115,8.5,2026-09-02 12:03:02.767951+00:00,2026-09-02 12:01:49+00:00,,MLB_ODDS_API_MARKET_HISTORY.csv,-115,8.5,6461,-110,8.5,2026-09-02 03:08:28.143656+00:00,-5,0.0,0.5238095238095238,0.5348837209302325,1.107419712070867,1.107419712070867,9,total,under,True,True,False,ODDS_API,8.5,"ODDS_API,SGO",2,True
jTvFjcvWecB8qwkHl9jC,seattle mariners,boston red sox,caesars,ml,home,,,points,points-home-game-ml-home,game,pregame,2026-09-02 20:10:00+00:00,-130,,2026-09-02 12:03:02.122557+00:00,2026-09-02 11:58:40.772000+00:00,1.0,MLB_SGO_MARKET_HISTORY.csv,-130,,293711,-130,,2026-09-02 03:08:27.479426+00:00,0,,0.5652173913043478,0.5652173913043478,0.0,0.0,9,moneyline,boston red sox,True,False,False,SGO,,SGO,1,False
jTvFjcvWecB8qwkHl9jC,seattle mariners,boston red sox,caesars,ml,away,,,points,points-away-game-ml-away,game,pregame,2026-09-02 20:10:00+00:00,120,,2026-09-02 12:03:02.122557+00:00,2026-09-02 11:58:40.772000+00:00,1.0,MLB_SGO_MARKET_HISTORY.csv,120,,293702,120,,2026-09-02 03:08:27.479402+00:00,0,,0.4545454545454545,0.4545454545454545,0.0,0.0,9,moneyline,seattle mariners,True,False,False,SGO,,SGO,1,False
jTvFjcvWecB8qwkHl9jC,seattle mariners,boston red sox,caesars,sp,home,,,points,points-home-game-sp-home,game,pregame,2026-09-02 20:10:00+00:00,158,-1.5,2026-09-02 12:03:02.122557+00:00,2026-09-02 11:58:40.772000+00:00,1.0,MLB_SGO_MARKET_HISTORY.csv,158,-1.5,293745,158,-1.5,2026-09-02 03:08:27.479517+00:00,0,0.0,0.3875968992248062,0.3875968992248062,0.0,0.0,9,spread,boston red sox,True,False,False,SGO,-1.5,SGO,1,False
jTvFjcvWecB8qwkHl9jC,seattle mariners,boston red sox,caesars,sp,away,,,points,points-away-game-sp-away,game,pregame,2026-09-02 20:10:00+00:00,-190,1.5,2026-09-02 12:03:02.122557+00:00,2026-09-02 11:58:40.772000+00:00,1.0,MLB_SGO_MARKET_HISTORY.csv,-190,1.5,293737,-190,1.5,2026-09-02 03:08:27.479496+00:00,0,0.0,0.6551724137931034,0.6551724137931034,0.0,0.0,9,spread,seattle mariners,True,False,False,SGO,1.5,SGO,1,False
jTvFjcvWecB8qwkHl9jC,seattle mariners,boston red sox,caesars,ou,over,,,points,points-away-game-ou-over,game,pregame,2026-09-02 20:10:00+00:00,-137,3.5,2026-09-02 12:03:02.122557+00:00,2026-09-02 12:01:14.669000+00:00,1.0,MLB_SGO_MARKET_HISTORY.csv,-137,3.5,293774,-137,3.5,2026-09-02 03:08:27.479571+00:00,0,0.0,0.5780590717299579,0.5780590717299579,0.0,0.0,9,total,over,True,False,False,SGO,3.5,SGO,1,False
jTvFjcvWecB8qwkHl9jC,seattle mariners,boston red sox,caesars,ou,over,,,points,points-home-game-ou-over,game,pregame,2026-09-02 20:10:00+00:00,110,4.5,2026-09-02 12:03:02.122557+00:00,2026-09-02 12:01:14.669000+00:00,1.0,MLB_SGO_MARKET_HISTORY.csv,110,4.5,293795,110,4.5,2026-09-02 03:08:27.479606+00:00,0,0.0,0.4761904761904761,0.4761904761904761,0.0,0.0,9,total,over,True,False,False,SGO,4.5,SGO,1,False
jTvFjcvWecB8qwkHl9jC,seattle mariners,boston red sox,caesars,ou,over,,,points,points-all-game-ou-over,game,pregame,2026-09-02 20:10:00+00:00,-110,8.5,2026-09-02 12:03:02.122557+00:00,2026-09-02 11:58:40.772000+00:00,1.0,MLB_SGO_MARKET_HISTORY.csv,-110,8.5,293720,-110,8.5,2026-09-02 03:08:27.479450+00:00,0,0.0,0.5238095238095238,0.5238095238095238,0.0,0.0,9,total,over,True,False,False,SGO,8.5,SGO,1,False
jTvFjcvWecB8qwkHl9jC,seattle mariners,boston red sox,caesars,ou,under,,,points,points-away-game-ou-under,game,pregame,2026-09-02 20:10:00+00:00,105,3.5,2026-09-02 12:03:02.122557+00:00,2026-09-02 12:01:14.669000+00:00,1.0,MLB_SGO_MARKET_HISTORY.csv,105,3.5,293779,105,3.5,2026-09-02 03:08:27.479579+00:00,0,0.0,0.4878048780487805,0.4878048780487805,0.0,0.0,9,total,under,True,False,False,SGO,3.5,SGO,1,False
jTvFjcvWecB8qwkHl9jC,seattle mariners,boston red sox,caesars,ou,under,,,points,points-home-game-ou-under,game,pregame,2026-09-02 20:10:00+00:00,-143,4.5,2026-09-02 12:03:02.122557+00:00,2026-09-02 12:01:14.669000+00:00,1.0,MLB_SGO_MARKET_HISTORY.csv,-143,4.5,293800,-143,4.5,2026-09-02 03:08:27.479614+00:00,0,0.0,0.588477366255144,0.588477366255144,0.0,0.0,9,total,under,True,False,False,SGO,4.5,SGO,1,False
jTvFjcvWecB8qwkHl9jC,seattle mariners,boston red sox,caesars,ou,under,,,points,points-all-game-ou-under,game,pregame,2026-09-02 20:10:00+00:00,-110,8.5,2026-09-02 12:03:02.122557+00:00,2026-09-02 11:58:40.772000+00:00,1.0,MLB_SGO_MARKET_HISTORY.csv,-110,8.5,293728,-110,8.5,2026-09-02 03:08:27.479472+00:00,0,0.0,0.5238095238095238,0.5238095238095238,0.0,0.0,9,total,under,True,False,False,SGO,8.5,SGO,1,False
0b0373954f04c35c2aaee9aed8171c17,seattle mariners,boston red sox,draftkings,h2h,Boston Red Sox,,,,,,pregame,2026-09-02 20:11:00+00:00,-137,,2026-09-02 12:03:02.767951+00:00,2026-09-02 12:02:54+00:00,,MLB_ODDS_API_MARKET_HISTORY.csv,-137,,6480,-136,,2026-09-02 03:08:28.143811+00:00,-1,,0.576271186440678,0.5780590717299579,0.1787885289279867,0.1787885289279867,9,moneyline,boston red sox,True,True,False,ODDS_API,,"ODDS_API,SGO",2,True
0b0373954f04c35c2aaee9aed8171c17,seattle mariners,boston red sox,draftkings,h2h,Seattle Mariners,,,,,,pregame,2026-09-02 20:11:00+00:00,114,,2026-09-02 12:03:02.767951+00:00,2026-09-02 12:02:54+00:00,,MLB_ODDS_API_MARKET_HISTORY.csv,114,,6481,113,,2026-09-02 03:08:28.143819+00:00,1,,0.4694835680751174,0.4672897196261682,-0.2193848448949154,0.2193848448949154,9,moneyline,seattle mariners,True,True,False,ODDS_API,,"ODDS_API,SGO",2,True
0b0373954f04c35c2aaee9aed8171c17,seattle mariners,boston red sox,draftkings,spreads,Boston Red Sox,,,,,,pregame,2026-09-02 20:11:00+00:00,153,-1.5,2026-09-02 12:03:02.767951+00:00,2026-09-02 12:02:54+00:00,,MLB_ODDS_API_MARKET_HISTORY.csv,153,-1.5,6482,153,-1.5,2026-09-02 03:08:28.143827+00:00,0,0.0,0.3952569169960474,0.3952569169960474,0.0,0.0,9,spread,boston red sox,True,False,False,ODDS_API,-1.5,"ODDS_API,SGO",2,True
0b0373954f04c35c2aaee9aed8171c17,seattle mariners,boston red sox,draftkings,spreads,Seattle Mariners,,,,,,pregame,2026-09-02 20:11:00+00:00,-186,1.5,2026-09-02 12:03:02.767951+00:00,2026-09-02 12:02:54+00:00,,MLB_ODDS_API_MARKET_HISTORY.csv,-186,1.5,6483,-186,1.5,2026-09-02 03:08:28.143836+00:00,0,0.0,0.6503496503496503,0.6503496503496503,0.0,0.0,9,spread,seattle mariners,True,False,False,ODDS_API,1.5,"ODDS_API,SGO",2,True
jTvFjcvWecB8qwkHl9jC,seattle mariners,boston red sox,draftkings,ou,over,,,points,points-away-game-ou-over,game,pregame,2026-09-02 20:10:00+00:00,-140,3.5,2026-09-02 12:03:02.122557+00:00,2026-09-02 11:59:21.819000+00:00,1.0,MLB_SGO_MARKET_HISTORY.csv,-140,3.5,293777,-140,3.5,2026-09-02 08:15:43.454797+00:00,0,0.0,0.5833333333333334,0.5833333333333334,0.0,0.0,8,total,over,True,False,False,SGO,3.5,SGO,1,False
jTvFjcvWecB8qwkHl9jC,seattle mariners,boston red sox,draftkings,ou,over,,,points,points-home-game-ou-over,game,pregame,2026-09-02 20:10:00+00:00,100,4.5,2026-09-02 12:03:02.122557+00:00,2026-09-02 11:59:21.819000+00:00,1.0,MLB_SGO_MARKET_HISTORY.csv,100,4.5,293798,100,4.5,2026-09-02 08:15:43.454797+00:00,0,0.0,0.5,0.5,0.0,0.0,8,total,over,True,False,False,SGO,4.5,SGO,1,False
0b0373954f04c35c2aaee9aed8171c17,seattle mariners,boston red sox,draftkings,totals,Over,,,,,,pregame,2026-09-02 20:11:00+00:00,-110,8.5,2026-09-02 12:03:02.767951+00:00,2026-09-02 12:02:54+00:00,,MLB_ODDS_API_MARKET_HISTORY.csv,-110,8.5,6484,-110,8.5,2026-09-02 03:08:28.143844+00:00,0,0.0,0.5238095238095238,0.5238095238095238,0.0,0.0,9,total,over,True,False,False,ODDS_API,8.5,"ODDS_API,SGO",2,True
jTvFjcvWecB8qwkHl9jC,seattle mariners,boston red sox,draftkings,ou,under,,,points,points-away-game-ou-under,game,pregame,2026-09-02 20:10:00+00:00,110,3.5,2026-09-02 12:03:02.122557+00:00,2026-09-02 11:59:21.819000+00:00,1.0,MLB_SGO_MARKET_HISTORY.csv,110,3.5,293782,110,3.5,2026-09-02 08:15:43.454797+00:00,0,0.0,0.4761904761904761,0.4761904761904761,0.0,0.0,8,total,under,True,False,False,SGO,3.5,SGO,1,False
jTvFjcvWecB8qwkHl9jC,seattle mariners,boston red sox,draftkings,ou,under,,,points,points-home-game-ou-under,game,pregame,2026-09-02 20:10:00+00:00,-130,4.5,2026-09-02 12:03:02.122557+00:00,2026-09-02 11:59:21.819000+00:00,1.0,MLB_SGO_MARKET_HISTORY.csv,-130,4.5,293803,-130,4.5,2026-09-02 08:15:43.454797+00:00,0,0.0,0.5652173913043478,0.5652173913043478,0.0,0.0,8,total,under,True,False,False,SGO,4.5,SGO,1,False
0b0373954f04c35c2aaee9aed8171c17,seattle mariners,boston red sox,draftkings,totals,Under,,,,,,pregame,2026-09-02 20:11:00+00:00,-110,8.5,2026-09-02 12:03:02.767951+00:00,2026-09-02 12:02:54+00:00,,MLB_ODDS_API_MARKET_HISTORY.csv,-110,8.5,6485,-110,8.5,2026-09-02 03:08:28.143852+00:00,0,0.0,0.5238095238095238,0.5238095238095238,0.0,0.0,9,total,under,True,False,False,ODDS_API,8.5,"ODDS_API,SGO",2,True
jTvFjcvWecB8qwkHl9jC,seattle mariners,boston red sox,espnbet,ml,home,,,points,points-home-game-ml-home,game,pregame,2026-09-02 20:10:00+00:00,-135,,2026-09-02 12:03:02.122557+00:00,2026-09-02 11:59:13.272000+00:00,1.0,MLB_SGO_MARKET_HISTORY.csv,-135,,293707,-135,,2026-09-02 03:08:27.479415+00:00,0,,0.574468085106383,0.574468085106383,0.0,0.0,9,moneyline,boston red sox,True,False,False,SGO,,SGO,1,False
jTvFjcvWecB8qwkHl9jC,seattle mariners,boston red sox,espnbet,ml,away,,,points,points-away-game-ml-away,game,pregame,2026-09-02 20:10:00+00:00,115,,2026-09-02 12:03:02.122557+00:00,2026-09-02 11:59:13.272000+00:00,1.0,MLB_SGO_MARKET_HISTORY.csv,115,,293698,115,,2026-09-02 03:08:27.479391+00:00,0,,0.4651162790697674,0.4651162790697674,0.0,0.0,9,moneyline,seattle mariners,True,False,False,SGO,,SGO,1,False
jTvFjcvWecB8qwkHl9jC,seattle mariners,boston red sox,espnbet,sp,home,,,points,points-home-game-sp-home,game,pregame,2026-09-02 20:10:00+00:00,160,-1.5,2026-09-02 12:03:02.122557+00:00,2026-09-02 11:59:13.272000+00:00,1.0,MLB_SGO_MARKET_HISTORY.csv,160,-1.5,293740,160,-1.5,2026-09-02 03:08:27.479504+00:00,0,0.0,0.3846153846153846,0.3846153846153846,0.0,0.0,9,spread,boston red sox,True,False,False,SGO,-1.5,SGO,1,False
jTvFjcvWecB8qwkHl9jC,seattle mariners,boston red sox,espnbet,sp,away,,,points,points-away-game-sp-away,game,pregame,2026-09-02 20:10:00+00:00,-190,1.5,2026-09-02 12:03:02.122557+00:00,2026-09-02 11:59:13.272000+00:00,1.0,MLB_SGO_MARKET_HISTORY.csv,-190,1.5,293732,-190,1.5,2026-09-02 03:08:27.479483+00:00,0,0.0,0.6551724137931034,0.6551724137931034,0.0,0.0,9,spread,seattle mariners,True,False,False,SGO,1.5,SGO,1,False
jTvFjcvWecB8qwkHl9jC,seattle mariners,boston red sox,espnbet,ou,over,,,points,points-away-game-ou-over,game,pregame,2026-09-02 20:10:00+00:00,-650,1.5,2026-09-02 12:03:02.122557+00:00,2026-09-02 06:48:43.008000+00:00,0.0,MLB_SGO_MARKET_HISTORY.csv,-650,1.5,293778,-650,1.5,2026-09-02 08:15:43.454797+00:00,0,0.0,0.8666666666666667,0.8666666666666667,0.0,0.0,8,total,over,True,False,False,SGO,1.5,SGO,1,False
jTvFjcvWecB8qwkHl9jC,seattle mariners,boston red sox,espnbet,ou,over,,,points,points-home-game-ou-over,game,pregame,2026-09-02 20:10:00+00:00,105,4.5,2026-09-02 12:03:02.122557+00:00,2026-09-02 12:01:08.197000+00:00,1.0,MLB_SGO_MARKET_HISTORY.csv,105,4.5,293799,-165,3.5,2026-09-02 08:15:43.454797+00:00,270,1.0,0.6226415094339622,0.4878048780487805,-13.483663138518176,13.483663138518176,8,total,over,True,True,True,SGO,4.5,SGO,1,False
jTvFjcvWecB8qwkHl9jC,seattle mariners,boston red sox,espnbet,ou,over,,,points,points-all-game-ou-over,game,pregame,2026-09-02 20:10:00+00:00,-110,8.5,2026-09-02 12:03:02.122557+00:00,2026-09-02 11:59:13.272000+00:00,1.0,MLB_SGO_MARKET_HISTORY.csv,-110,8.5,293716,-110,8.5,2026-09-02 03:08:27.479439+00:00,0,0.0,0.5238095238095238,0.5238095238095238,0.0,0.0,9,total,over,True,False,False,SGO,8.5,SGO,1,False
jTvFjcvWecB8qwkHl9jC,seattle mariners,boston red sox,espnbet,ou,under,,,points,points-away-game-ou-under,game,pregame,2026-09-02 20:10:00+00:00,400,1.5,2026-09-02 12:03:02.122557+00:00,2026-09-02 06:48:43.008000+00:00,0.0,MLB_SGO_MARKET_HISTORY.csv,400,1.5,293783,400,1.5,2026-09-02 08:15:43.454797+00:00,0,0.0,0.2,0.2,0.0,0.0,8,total,under,True,False,False,SGO,1.5,SGO,1,False
jTvFjcvWecB8qwkHl9jC,seattle mariners,boston red sox,espnbet,ou,under,,,points,points-home-game-ou-under,game,pregame,2026-09-02 20:10:00+00:00,-135,4.5,2026-09-02 12:03:02.122557+00:00,2026-09-02 12:01:08.197000+00:00,1.0,MLB_SGO_MARKET_HISTORY.csv,-135,4.5,293804,130,3.5,2026-09-02 08:15:43.454797+00:00,-265,1.0,0.4347826086956521,0.574468085106383,13.968547641073089,13.968547641073089,8,total,under,True,True,True,SGO,4.5,SGO,1,False
jTvFjcvWecB8qwkHl9jC,seattle mariners,boston red sox,espnbet,ou,under,,,points,points-all-game-ou-under,game,pregame,2026-09-02 20:10:00+00:00,-110,8.5,2026-09-02 12:03:02.122557+00:00,2026-09-02 11:59:13.272000+00:00,1.0,MLB_SGO_MARKET_HISTORY.csv,-110,8.5,293724,-110,8.5,2026-09-02 03:08:27.479461+00:00,0,0.0,0.5238095238095238,0.5238095238095238,0.0,0.0,9,total,under,True,False,False,SGO,8.5,SGO,1,False
0b0373954f04c35c2aaee9aed8171c17,seattle mariners,boston red sox,fanduel,h2h,Boston Red Sox,,,,,,pregame,2026-09-02 20:11:00+00:00,-134,,2026-09-02 12:03:02.767951+00:00,2026-09-02 12:02:37+00:00,,MLB_ODDS_API_MARKET_HISTORY.csv,-134,,6444,-134,,2026-09-02 03:08:28.143517+00:00,0,,0.5726495726495726,0.5726495726495726,0.0,0.0,9,moneyline,boston red sox,True,False,False,ODDS_API,,"ODDS_API,SGO",2,True
0b0373954f04c35c2aaee9aed8171c17,seattle mariners,boston red sox,fanduel,h2h,Seattle Mariners,,,,,,pregame,2026-09-02 20:11:00+00:00,116,,2026-09-02 12:03:02.767951+00:00,2026-09-02 12:02:37+00:00,,MLB_ODDS_API_MARKET_HISTORY.csv,116,,6445,116,,2026-09-02 03:08:28.143525+00:00,0,,0.4629629629629629,0.4629629629629629,0.0,0.0,9,moneyline,seattle mariners,True,False,False,ODDS_API,,"ODDS_API,SGO",2,True
0b0373954f04c35c2aaee9aed8171c17,seattle mariners,boston red sox,fanduel,spreads,Boston Red Sox,,,,,,pregame,2026-09-02 20:11:00+00:00,150,-1.5,2026-09-02 12:03:02.767951+00:00,2026-09-02 12:02:37+00:00,,MLB_ODDS_API_MARKET_HISTORY.csv,150,-1.5,6446,158,-1.5,2026-09-02 03:08:28.143533+00:00,-8,0.0,0.3875968992248062,0.4,1.2403100775193798,1.2403100775193798,9,spread,boston red sox,True,True,False,ODDS_API,-1.5,"ODDS_API,SGO",2,True
0b0373954f04c35c2aaee9aed8171c17,seattle mariners,boston red sox,fanduel,spreads,Seattle Mariners,,,,,,pregame,2026-09-02 20:11:00+00:00,-182,1.5,2026-09-02 12:03:02.767951+00:00,2026-09-02 12:02:37+00:00,,MLB_ODDS_API_MARKET_HISTORY.csv,-182,1.5,6447,-192,1.5,2026-09-02 03:08:28.143541+00:00,10,0.0,0.6575342465753424,0.6453900709219859,-1.214417565335657,1.214417565335657,9,spread,seattle mariners,True,True,False,ODDS_API,1.5,"ODDS_API,SGO",2,True
jTvFjcvWecB8qwkHl9jC,seattle mariners,boston red sox,fanduel,ou,over,,,points,points-away-game-ou-over,game,pregame,2026-09-02 20:10:00+00:00,-132,3.5,2026-09-02 12:03:02.122557+00:00,2026-09-02 11:59:36.693000+00:00,1.0,MLB_SGO_MARKET_HISTORY.csv,-132,3.5,293776,-138,3.5,2026-09-02 03:08:27.479577+00:00,6,0.0,0.5798319327731093,0.5689655172413793,-1.0866415531729956,1.0866415531729956,9,total,over,True,True,False,SGO,3.5,SGO,1,False
jTvFjcvWecB8qwkHl9jC,seattle mariners,boston red sox,fanduel,ou,over,,,points,points-home-game-ou-over,game,pregame,2026-09-02 20:10:00+00:00,112,4.5,2026-09-02 12:03:02.122557+00:00,2026-09-02 11:59:36.693000+00:00,1.0,MLB_SGO_MARKET_HISTORY.csv,112,4.5,293797,104,4.5,2026-09-02 03:08:27.479612+00:00,8,0.0,0.4901960784313725,0.4716981132075472,-1.8497965223825352,1.8497965223825352,9,total,over,True,True,False,SGO,4.5,SGO,1,False
0b0373954f04c35c2aaee9aed8171c17,seattle mariners,boston red sox,fanduel,totals,Over,,,,,,pregame,2026-09-02 20:11:00+00:00,-106,8.5,2026-09-02 12:03:02.767951+00:00,2026-09-02 12:02:37+00:00,,MLB_ODDS_API_MARKET_HISTORY.csv,-106,8.5,6448,-112,8.5,2026-09-02 03:08:28.143549+00:00,6,0.0,0.5283018867924528,0.5145631067961165,-1.3738779996336326,1.3738779996336326,9,total,over,True,True,False,ODDS_API,8.5,"ODDS_API,SGO",2,True
jTvFjcvWecB8qwkHl9jC,seattle mariners,boston red sox,fanduel,ou,under,,,points,points-away-game-ou-under,game,pregame,2026-09-02 20:10:00+00:00,104,3.5,2026-09-02 12:03:02.122557+00:00,2026-09-02 11:59:36.693000+00:00,1.0,MLB_SGO_MARKET_HISTORY.csv,104,3.5,293781,108,3.5,2026-09-02 03:08:27.479585+00:00,-4,0.0,0.4807692307692308,0.4901960784313725,0.9426847662141746,0.9426847662141746,9,total,under,True,True,False,SGO,3.5,SGO,1,False
jTvFjcvWecB8qwkHl9jC,seattle mariners,boston red sox,fanduel,ou,under,,,points,points-home-game-ou-under,game,pregame,2026-09-02 20:10:00+00:00,-142,4.5,2026-09-02 12:03:02.122557+00:00,2026-09-02 11:59:36.693000+00:00,1.0,MLB_SGO_MARKET_HISTORY.csv,-142,4.5,293802,-132,4.5,2026-09-02 03:08:27.479620+00:00,-10,0.0,0.5689655172413793,0.5867768595041323,1.7811342262752938,1.7811342262752938,9,total,under,True,True,False,SGO,4.5,SGO,1,False
0b0373954f04c35c2aaee9aed8171c17,seattle mariners,boston red sox,fanduel,totals,Under,,,,,,pregame,2026-09-02 20:11:00+00:00,-114,8.5,2026-09-02 12:03:02.767951+00:00,2026-09-02 12:02:37+00:00,,MLB_ODDS_API_MARKET_HISTORY.csv,-114,8.5,6449,-108,8.5,2026-09-02 03:08:28.143558+00:00,-6,0.0,0.5192307692307693,0.5327102803738317,1.347951114306245,1.347951114306245,9,total,under,True,True,False,ODDS_API,8.5,"ODDS_API,SGO",2,True
0b0373954f04c35c2aaee9aed8171c17,seattle mariners,boston red sox,lowvig,h2h,Boston Red Sox,,,,,,pregame,2026-09-02 20:11:00+00:00,-133,,2026-09-02 12:03:02.767951+00:00,2026-09-02 12:02:13+00:00,,MLB_ODDS_API_MARKET_HISTORY.csv,-133,,6474,-130,,2026-09-02 03:08:28.143762+00:00,-3,,0.5652173913043478,0.5708154506437768,0.5598059339429029,0.5598059339429029,9,moneyline,boston red sox,True,True,False,ODDS_API,,ODDS_API,1,False
0b0373954f04c35c2aaee9aed8171c17,seattle mariners,boston red sox,lowvig,h2h,Seattle Mariners,,,,,,pregame,2026-09-02 20:11:00+00:00,121,,2026-09-02 12:03:02.767951+00:00,2026-09-02 12:02:13+00:00,,MLB_ODDS_API_MARKET_HISTORY.csv,121,,6475,118,,2026-09-02 03:08:28.143771+00:00,3,,0.4587155963302752,0.4524886877828054,-0.6226908547469823,0.6226908547469823,9,moneyline,seattle mariners,True,True,False,ODDS_API,,ODDS_API,1,False
0b0373954f04c35c2aaee9aed8171c17,seattle mariners,boston red sox,lowvig,spreads,Boston Red Sox,,,,,,pregame,2026-09-02 20:11:00+00:00,158,-1.5,2026-09-02 12:03:02.767951+00:00,2026-09-02 12:02:13+00:00,,MLB_ODDS_API_MARKET_HISTORY.csv,158,-1.5,6476,162,-1.5,2026-09-02 03:08:28.143779+00:00,-4,0.0,0.3816793893129771,0.3875968992248062,0.59175099118291,0.59175099118291,9,spread,boston red sox,True,True,False,ODDS_API,-1.5,ODDS_API,1,False
0b0373954f04c35c2aaee9aed8171c17,seattle mariners,boston red sox,lowvig,spreads,Seattle Mariners,,,,,,pregame,2026-09-02 20:11:00+00:00,-180,1.5,2026-09-02 12:03:02.767951+00:00,2026-09-02 12:02:13+00:00,,MLB_ODDS_API_MARKET_HISTORY.csv,-180,1.5,6477,-185,1.5,2026-09-02 03:08:28.143787+00:00,5,0.0,0.6491228070175439,0.6428571428571429,-0.6265664160400974,0.6265664160400974,9,spread,seattle mariners,True,True,False,ODDS_API,1.5,ODDS_API,1,False
0b0373954f04c35c2aaee9aed8171c17,seattle mariners,boston red sox,lowvig,totals,Over,,,,,,pregame,2026-09-02 20:11:00+00:00,-107,8.5,2026-09-02 12:03:02.767951+00:00,2026-09-02 12:02:13+00:00,,MLB_ODDS_API_MARKET_HISTORY.csv,-107,8.5,6478,-107,8.5,2026-09-02 03:08:28.143795+00:00,0,0.0,0.5169082125603864,0.5169082125603864,0.0,0.0,9,total,over,True,False,False,ODDS_API,8.5,ODDS_API,1,False
0b0373954f04c35c2aaee9aed8171c17,seattle mariners,boston red sox,lowvig,totals,Under,,,,,,pregame,2026-09-02 20:11:00+00:00,-107,8.5,2026-09-02 12:03:02.767951+00:00,2026-09-02 12:02:13+00:00,,MLB_ODDS_API_MARKET_HISTORY.csv,-107,8.5,6479,-107,8.5,2026-09-02 03:08:28.143803+00:00,0,0.0,0.5169082125603864,0.5169082125603864,0.0,0.0,9,total,under,True,False,False,ODDS_API,8.5,ODDS_API,1,False
0b0373954f04c35c2aaee9aed8171c17,seattle mariners,boston red sox,mybookieag,h2h,Boston Red Sox,,,,,,pregame,2026-09-02 20:11:00+00:00,-135,,2026-09-02 12:03:02.767951+00:00,2026-09-02 12:02:37+00:00,,MLB_ODDS_API_MARKET_HISTORY.csv,-135,,6450,-135,,2026-09-02 03:08:28.143566+00:00,0,,0.574468085106383,0.574468085106383,0.0,0.0,9,moneyline,boston red sox,True,False,False,ODDS_API,,ODDS_API,1,False
0b0373954f04c35c2aaee9aed8171c17,seattle mariners,boston red sox,mybookieag,h2h,Seattle Mariners,,,,,,pregame,2026-09-02 20:11:00+00:00,115,,2026-09-02 12:03:02.767951+00:00,2026-09-02 12:02:37+00:00,,MLB_ODDS_API_MARKET_HISTORY.csv,115,,6451,115,,2026-09-02 03:08:28.143574+00:00,0,,0.4651162790697674,0.4651162790697674,0.0,0.0,9,moneyline,seattle mariners,True,False,False,ODDS_API,,ODDS_API,1,False
0b0373954f04c35c2aaee9aed8171c17,seattle mariners,boston red sox,mybookieag,spreads,Boston Red Sox,,,,,,pregame,2026-09-02 20:11:00+00:00,154,-1.5,2026-09-02 12:03:02.767951+00:00,2026-09-02 12:02:37+00:00,,MLB_ODDS_API_MARKET_HISTORY.csv,154,-1.5,6452,147,-1.5,2026-09-02 03:08:28.143582+00:00,7,0.0,0.4048582995951417,0.3937007874015748,-1.1157512193566863,1.1157512193566863,9,spread,boston red sox,True,True,False,ODDS_API,-1.5,ODDS_API,1,False
0b0373954f04c35c2aaee9aed8171c17,seattle mariners,boston red sox,mybookieag,spreads,Seattle Mariners,,,,,,pregame,2026-09-02 20:11:00+00:00,-183,1.5,2026-09-02 12:03:02.767951+00:00,2026-09-02 12:02:37+00:00,,MLB_ODDS_API_MARKET_HISTORY.csv,-183,1.5,6453,-175,1.5,2026-09-02 03:08:28.143591+00:00,-8,0.0,0.6363636363636364,0.6466431095406361,1.0279473176999732,1.0279473176999732,9,spread,seattle mariners,True,True,False,ODDS_API,1.5,ODDS_API,1,False
0b0373954f04c35c2aaee9aed8171c17,seattle mariners,boston red sox,mybookieag,totals,Over,,,,,,pregame,2026-09-02 20:11:00+00:00,-109,8.5,2026-09-02 12:03:02.767951+00:00,2026-09-02 12:02:37+00:00,,MLB_ODDS_API_MARKET_HISTORY.csv,-109,8.5,6454,-108,8.5,2026-09-02 03:08:28.143599+00:00,-1,0.0,0.5192307692307693,0.5215311004784688,0.2300331247699572,0.2300331247699572,9,total,over,True,True,False,ODDS_API,8.5,ODDS_API,1,False
0b0373954f04c35c2aaee9aed8171c17,seattle mariners,boston red sox,mybookieag,totals,Under,,,,,,pregame,2026-09-02 20:11:00+00:00,-112,8.5,2026-09-02 12:03:02.767951+00:00,2026-09-02 12:02:37+00:00,,MLB_ODDS_API_MARKET_HISTORY.csv,-112,8.5,6455,-113,8.5,2026-09-02 03:08:28.143607+00:00,1,0.0,0.5305164319248826,0.5283018867924528,-0.2214545132429801,0.2214545132429801,9,total,under,True,True,False,ODDS_API,8.5,ODDS_API,1,False
jTvFjcvWecB8qwkHl9jC,seattle mariners,boston red sox,pointsbet,ml,home,,,points,points-home-game-ml-home,game,pregame,2026-09-02 20:10:00+00:00,-135,,2026-09-02 12:03:02.122557+00:00,2026-09-02 11:59:13.272000+00:00,1.0,MLB_SGO_MARKET_HISTORY.csv,-135,,293708,-135,,2026-09-02 03:08:27.479418+00:00,0,,0.574468085106383,0.574468085106383,0.0,0.0,9,moneyline,boston red sox,True,False,False,SGO,,SGO,1,False
jTvFjcvWecB8qwkHl9jC,seattle mariners,boston red sox,pointsbet,ml,away,,,points,points-away-game-ml-away,game,pregame,2026-09-02 20:10:00+00:00,115,,2026-09-02 12:03:02.122557+00:00,2026-09-02 11:59:13.272000+00:00,1.0,MLB_SGO_MARKET_HISTORY.csv,115,,293699,115,,2026-09-02 03:08:27.479394+00:00,0,,0.4651162790697674,0.4651162790697674,0.0,0.0,9,moneyline,seattle mariners,True,False,False,SGO,,SGO,1,False
jTvFjcvWecB8qwkHl9jC,seattle mariners,boston red sox,pointsbet,sp,home,,,points,points-home-game-sp-home,game,pregame,2026-09-02 20:10:00+00:00,160,-1.5,2026-09-02 12:03:02.122557+00:00,2026-09-02 11:59:13.272000+00:00,1.0,MLB_SGO_MARKET_HISTORY.csv,160,-1.5,293741,160,-1.5,2026-09-02 03:08:27.479507+00:00,0,0.0,0.3846153846153846,0.3846153846153846,0.0,0.0,9,spread,boston red sox,True,False,False,SGO,-1.5,SGO,1,False
jTvFjcvWecB8qwkHl9jC,seattle mariners,boston red sox,pointsbet,sp,away,,,points,points-away-game-sp-away,game,pregame,2026-09-02 20:10:00+00:00,-189,1.5,2026-09-02 12:03:02.122557+00:00,2026-09-02 11:59:13.272000+00:00,1.0,MLB_SGO_MARKET_HISTORY.csv,-189,1.5,293733,-189,1.5,2026-09-02 03:08:27.479485+00:00,0,0.0,0.6539792387543253,0.6539792387543253,0.0,0.0,9,spread,seattle mariners,True,False,False,SGO,1.5,SGO,1,False
jTvFjcvWecB8qwkHl9jC,seattle mariners,boston red sox,pointsbet,ou,over,,,points,points-all-game-ou-over,game,pregame,2026-09-02 20:10:00+00:00,-111,8.5,2026-09-02 12:03:02.122557+00:00,2026-09-02 11:59:13.272000+00:00,1.0,MLB_SGO_MARKET_HISTORY.csv,-111,8.5,293717,-111,8.5,2026-09-02 03:08:27.479442+00:00,0,0.0,0.5260663507109005,0.5260663507109005,0.0,0.0,9,total,over,True,False,False,SGO,8.5,SGO,1,False
jTvFjcvWecB8qwkHl9jC,seattle mariners,boston red sox,pointsbet,ou,under,,,points,points-all-game-ou-under,game,pregame,2026-09-02 20:10:00+00:00,-111,8.5,2026-09-02 12:03:02.122557+00:00,2026-09-02 11:59:13.272000+00:00,1.0,MLB_SGO_MARKET_HISTORY.csv,-111,8.5,293725,-111,8.5,2026-09-02 03:08:27.479464+00:00,0,0.0,0.5260663507109005,0.5260663507109005,0.0,0.0,9,total,under,True,False,False,SGO,8.5,SGO,1,False
jTvFjcvWecB8qwkHl9jC,seattle mariners,boston red sox,unibet,ml,home,,,points,points-home-game-ml-home,game,pregame,2026-09-02 20:10:00+00:00,-137,,2026-09-02 12:03:02.122557+00:00,2026-09-02 11:59:34.272000+00:00,1.0,MLB_SGO_MARKET_HISTORY.csv,-137,,293709,-141,,2026-09-02 03:08:27.479421+00:00,4,,0.5850622406639004,0.5780590717299579,-0.7003168933942594,0.7003168933942594,9,moneyline,boston red sox,True,True,False,SGO,,SGO,1,False
jTvFjcvWecB8qwkHl9jC,seattle mariners,boston red sox,unibet,ml,away,,,points,points-away-game-ml-away,game,pregame,2026-09-02 20:10:00+00:00,112,,2026-09-02 12:03:02.122557+00:00,2026-09-02 11:59:34.272000+00:00,1.0,MLB_SGO_MARKET_HISTORY.csv,112,,293700,116,,2026-09-02 03:08:27.479397+00:00,-4,,0.4629629629629629,0.4716981132075472,0.8735150244584211,0.8735150244584211,9,moneyline,seattle mariners,True,True,False,SGO,,SGO,1,False
jTvFjcvWecB8qwkHl9jC,seattle mariners,boston red sox,unibet,sp,home,,,points,points-home-game-sp-home,game,pregame,2026-09-02 20:10:00+00:00,150,-1.5,2026-09-02 12:03:02.122557+00:00,2026-09-02 02:58:51.823000+00:00,0.0,MLB_SGO_MARKET_HISTORY.csv,150,-1.5,293743,150,-1.5,2026-09-02 03:08:27.479512+00:00,0,0.0,0.4,0.4,0.0,0.0,9,spread,boston red sox,True,False,False,SGO,-1.5,SGO,1,False
jTvFjcvWecB8qwkHl9jC,seattle mariners,boston red sox,unibet,sp,away,,,points,points-away-game-sp-away,game,pregame,2026-09-02 20:10:00+00:00,-190,1.5,2026-09-02 12:03:02.122557+00:00,2026-09-02 02:58:51.823000+00:00,0.0,MLB_SGO_MARKET_HISTORY.csv,-190,1.5,293735,-190,1.5,2026-09-02 03:08:27.479491+00:00,0,0.0,0.6551724137931034,0.6551724137931034,0.0,0.0,9,spread,seattle mariners,True,False,False,SGO,1.5,SGO,1,False
jTvFjcvWecB8qwkHl9jC,seattle mariners,boston red sox,unibet,ou,over,,,points,points-all-game-ou-over,game,pregame,2026-09-02 20:10:00+00:00,-113,8.5,2026-09-02 12:03:02.122557+00:00,2026-09-02 11:59:13.272000+00:00,1.0,MLB_SGO_MARKET_HISTORY.csv,-113,8.5,293719,-118,8.5,2026-09-02 03:08:27.479447+00:00,5,0.0,0.5412844036697247,0.5305164319248826,-1.076797174484212,1.076797174484212,9,total,over,True,True,False,SGO,8.5,SGO,1,False
jTvFjcvWecB8qwkHl9jC,seattle mariners,boston red sox,unibet,ou,under,,,points,points-all-game-ou-under,game,pregame,2026-09-02 20:10:00+00:00,-108,8.5,2026-09-02 12:03:02.122557+00:00,2026-09-02 11:59:13.272000+00:00,1.0,MLB_SGO_MARKET_HISTORY.csv,-108,8.5,293727,-103,8.5,2026-09-02 03:08:27.479469+00:00,-5,0.0,0.5073891625615764,0.5192307692307693,1.1841606669192872,1.1841606669192872,9,total,under,True,True,False,SGO,8.5,SGO,1,False
jTvFjcvWecB8qwkHl9jC,seattle mariners,boston red sox,williamhill,ml,home,,,points,points-home-game-ml-home,game,pregame,2026-09-02 20:10:00+00:00,-138,,2026-09-02 12:03:02.122557+00:00,2026-09-02 11:59:33.272000+00:00,1.0,MLB_SGO_MARKET_HISTORY.csv,-138,,293714,-138,,2026-09-02 03:08:27.479434+00:00,0,,0.5798319327731093,0.5798319327731093,0.0,0.0,9,moneyline,boston red sox,True,False,False,SGO,,SGO,1,False
jTvFjcvWecB8qwkHl9jC,seattle mariners,boston red sox,williamhill,ml,away,,,points,points-away-game-ml-away,game,pregame,2026-09-02 20:10:00+00:00,110,,2026-09-02 12:03:02.122557+00:00,2026-09-02 11:59:33.272000+00:00,1.0,MLB_SGO_MARKET_HISTORY.csv,110,,293705,110,,2026-09-02 03:08:27.479410+00:00,0,,0.4761904761904761,0.4761904761904761,0.0,0.0,9,moneyline,seattle mariners,True,False,False,SGO,,SGO,1,False
8cc27a7b0c6903978e605ba541bed625,st. louis cardinals,los angeles dodgers,betmgm,h2h,Los Angeles Dodgers,,,,,,pregame,2026-09-03 02:11:00+00:00,-250,,2026-09-02 12:03:02.767951+00:00,2026-09-02 12:02:55+00:00,,MLB_ODDS_API_MARKET_HISTORY.csv,-250,,6946,-250,,2026-09-02 08:15:44.143645+00:00,0,,0.7142857142857143,0.7142857142857143,0.0,0.0,8,moneyline,los angeles dodgers,True,False,False,ODDS_API,,"ODDS_API,SGO",4,True
8cc27a7b0c6903978e605ba541bed625,st. louis cardinals,los angeles dodgers,betmgm,h2h,St. Louis Cardinals,,,,,,pregame,2026-09-03 02:11:00+00:00,200,,2026-09-02 12:03:02.767951+00:00,2026-09-02 12:02:55+00:00,,MLB_ODDS_API_MARKET_HISTORY.csv,200,,6947,200,,2026-09-02 08:15:44.143645+00:00,0,,0.3333333333333333,0.3333333333333333,0.0,0.0,8,moneyline,st. louis cardinals,True,False,False,ODDS_API,,"ODDS_API,SGO",4,True
8cc27a7b0c6903978e605ba541bed625,st. louis cardinals,los angeles dodgers,betmgm,spreads,Los Angeles Dodgers,,,,,,pregame,2026-09-03 02:11:00+00:00,-110,-1.5,2026-09-02 12:03:02.767951+00:00,2026-09-02 12:02:55+00:00,,MLB_ODDS_API_MARKET_HISTORY.csv,-110,-1.5,6948,-110,-1.5,2026-09-02 08:15:44.143645+00:00,0,0.0,0.5238095238095238,0.5238095238095238,0.0,0.0,8,spread,los angeles dodgers,True,False,False,ODDS_API,-1.5,"ODDS_API,SGO",4,True
8cc27a7b0c6903978e605ba541bed625,st. louis cardinals,los angeles dodgers,betmgm,spreads,St. Louis Cardinals,,,,,,pregame,2026-09-03 02:11:00+00:00,-110,1.5,2026-09-02 12:03:02.767951+00:00,2026-09-02 12:02:55+00:00,,MLB_ODDS_API_MARKET_HISTORY.csv,-110,1.5,6949,-110,1.5,2026-09-02 08:15:44.143645+00:00,0,0.0,0.5238095238095238,0.5238095238095238,0.0,0.0,8,spread,st. louis cardinals,True,False,False,ODDS_API,1.5,"ODDS_API,SGO",4,True
a7447a61565d33b1dcfb229c623b45cb,st. louis cardinals,los angeles dodgers,betmgm,totals,Over,,,,,,pregame,2026-09-04 02:10:00+00:00,-110,7.5,2026-09-03 05:14:09.062816+00:00,2026-09-03 05:13:16+00:00,,MLB_ODDS_API_MARKET_HISTORY.csv,-110,7.5,7956,-110,7.5,2026-09-03 05:13:57.019887+00:00,0,0.0,0.5238095238095238,0.5238095238095238,0.0,0.0,2,total,over,True,False,False,ODDS_API,7.5,"ODDS_API,SGO",3,True
8cc27a7b0c6903978e605ba541bed625,st. louis cardinals,los angeles dodgers,betmgm,totals,Over,,,,,,pregame,2026-09-03 02:11:00+00:00,-105,8.0,2026-09-02 12:03:02.767951+00:00,2026-09-02 12:02:55+00:00,,MLB_ODDS_API_MARKET_HISTORY.csv,-105,8.0,6950,-102,8.0,2026-09-02 08:15:44.143645+00:00,-3,0.0,0.504950495049505,0.5121951219512195,0.7244626901714568,0.7244626901714568,8,total,over,True,True,False,ODDS_API,8.0,ODDS_API,1,False
a7447a61565d33b1dcfb229c623b45cb,st. louis cardinals,los angeles dodgers,betmgm,totals,Under,,,,,,pregame,2026-09-04 02:10:00+00:00,-110,7.5,2026-09-03 05:14:09.062819+00:00,2026-09-03 05:13:16+00:00,,MLB_ODDS_API_MARKET_HISTORY.csv,-110,7.5,7957,-110,7.5,2026-09-03 05:13:57.019887+00:00,0,0.0,0.5238095238095238,0.5238095238095238,0.0,0.0,2,total,under,True,False,False,ODDS_API,7.5,"ODDS_API,SGO",3,True
8cc27a7b0c6903978e605ba541bed625,st. louis cardinals,los angeles dodgers,betmgm,totals,Under,,,,,,pregame,2026-09-03 02:11:00+00:00,-115,8.0,2026-09-02 12:03:02.767951+00:00,2026-09-02 12:02:55+00:00,,MLB_ODDS_API_MARKET_HISTORY.csv,-115,8.0,6951,-118,8.0,2026-09-02 08:15:44.143645+00:00,3,0.0,0.5412844036697247,0.5348837209302325,-0.6400682739492236,0.6400682739492236,8,total,under,True,True,False,ODDS_API,8.0,ODDS_API,1,False
a7447a61565d33b1dcfb229c623b45cb,st. louis cardinals,los angeles dodgers,betonlineag,h2h,Los Angeles Dodgers,,,,,,pregame,2026-09-04 02:10:00+00:00,-294,,2026-09-03 05:14:09.062736+00:00,2026-09-03 05:13:35+00:00,,MLB_ODDS_API_MARKET_HISTORY.csv,-294,,7934,-294,,2026-09-03 05:13:57.019887+00:00,0,,0.7461928934010152,0.7461928934010152,0.0,0.0,2,moneyline,los angeles dodgers,True,False,False,ODDS_API,,ODDS_API,1,False
a7447a61565d33b1dcfb229c623b45cb,st. louis cardinals,los angeles dodgers,betonlineag,h2h,St. Louis Cardinals,,,,,,pregame,2026-09-04 02:10:00+00:00,260,,2026-09-03 05:14:09.062740+00:00,2026-09-03 05:13:35+00:00,,MLB_ODDS_API_MARKET_HISTORY.csv,260,,7935,260,,2026-09-03 05:13:57.019887+00:00,0,,0.2777777777777778,0.2777777777777778,0.0,0.0,2,moneyline,st. louis cardinals,True,False,False,ODDS_API,,ODDS_API,1,False
a7447a61565d33b1dcfb229c623b45cb,st. louis cardinals,los angeles dodgers,betonlineag,spreads,Los Angeles Dodgers,,,,,,pregame,2026-09-04 02:10:00+00:00,-133,-1.5,2026-09-03 05:14:09.062743+00:00,2026-09-03 05:13:35+00:00,,MLB_ODDS_API_MARKET_HISTORY.csv,-133,-1.5,7936,-133,-1.5,2026-09-03 05:13:57.019887+00:00,0,0.0,0.5708154506437768,0.5708154506437768,0.0,0.0,2,spread,los angeles dodgers,True,False,False,ODDS_API,-1.5,ODDS_API,1,False
a7447a61565d33b1dcfb229c623b45cb,st. louis cardinals,los angeles dodgers,betonlineag,spreads,St. Louis Cardinals,,,,,,pregame,2026-09-04 02:10:00+00:00,113,1.5,2026-09-03 05:14:09.062747+00:00,2026-09-03 05:13:35+00:00,,MLB_ODDS_API_MARKET_HISTORY.csv,113,1.5,7937,113,1.5,2026-09-03 05:13:57.019887+00:00,0,0.0,0.4694835680751174,0.4694835680751174,0.0,0.0,2,spread,st. louis cardinals,True,False,False,ODDS_API,1.5,ODDS_API,1,False
a7447a61565d33b1dcfb229c623b45cb,st. louis cardinals,los angeles dodgers,betonlineag,totals,Over,,,,,,pregame,2026-09-04 02:10:00+00:00,-117,7.5,2026-09-03 05:14:09.062750+00:00,2026-09-03 05:13:35+00:00,,MLB_ODDS_API_MARKET_HISTORY.csv,-117,7.5,7938,-117,7.5,2026-09-03 05:13:57.019887+00:00,0,0.0,0.5391705069124424,0.5391705069124424,0.0,0.0,2,total,over,True,False,False,ODDS_API,7.5,ODDS_API,1,False
a7447a61565d33b1dcfb229c623b45cb,st. louis cardinals,los angeles dodgers,betonlineag,totals,Under,,,,,,pregame,2026-09-04 02:10:00+00:00,-103,7.5,2026-09-03 05:14:09.062754+00:00,2026-09-03 05:13:35+00:00,,MLB_ODDS_API_MARKET_HISTORY.csv,-103,7.5,7939,-103,7.5,2026-09-03 05:13:57.019887+00:00,0,0.0,0.5073891625615764,0.5073891625615764,0.0,0.0,2,total,under,True,False,False,ODDS_API,7.5,ODDS_API,1,False
8cc27a7b0c6903978e605ba541bed625,st. louis cardinals,los angeles dodgers,betrivers,h2h,Los Angeles Dodgers,,,,,,pregame,2026-09-03 02:11:00+00:00,-250,,2026-09-02 12:03:02.767951+00:00,2026-09-02 12:02:55+00:00,,MLB_ODDS_API_MARKET_HISTORY.csv,-250,,6952,-245,,2026-09-02 08:15:44.143645+00:00,-5,,0.7101449275362319,0.7142857142857143,0.4140786749482372,0.4140786749482372,8,moneyline,los angeles dodgers,True,True,False,ODDS_API,,ODDS_API,2,False
8cc27a7b0c6903978e605ba541bed625,st. louis cardinals,los angeles dodgers,betrivers,h2h,St. Louis Cardinals,,,,,,pregame,2026-09-03 02:11:00+00:00,205,,2026-09-02 12:03:02.767951+00:00,2026-09-02 12:02:55+00:00,,MLB_ODDS_API_MARKET_HISTORY.csv,205,,6953,200,,2026-09-02 08:15:44.143645+00:00,5,,0.3333333333333333,0.3278688524590163,-0.5464480874316946,0.5464480874316946,8,moneyline,st. louis cardinals,True,True,False,ODDS_API,,ODDS_API,2,False
a7447a61565d33b1dcfb229c623b45cb,st. louis cardinals,los angeles dodgers,betrivers,spreads,Los Angeles Dodgers,,,,,,pregame,2026-09-04 02:10:00+00:00,-105,-2.0,2026-09-03 05:14:09.062873+00:00,2026-09-03 05:13:36+00:00,,MLB_ODDS_API_MARKET_HISTORY.csv,-105,-2.0,7972,-105,-2.0,2026-09-03 05:13:57.019887+00:00,0,0.0,0.5121951219512195,0.5121951219512195,0.0,0.0,2,spread,los angeles dodgers,True,False,False,ODDS_API,-2.0,ODDS_API,1,False
8cc27a7b0c6903978e605ba541bed625,st. louis cardinals,los angeles dodgers,betrivers,spreads,Los Angeles Dodgers,,,,,,pregame,2026-09-03 02:11:00+00:00,-108,-1.5,2026-09-02 12:03:02.767951+00:00,2026-09-02 12:02:55+00:00,,MLB_ODDS_API_MARKET_HISTORY.csv,-108,-1.5,6954,-103,-1.5,2026-09-02 08:15:44.143645+00:00,-5,0.0,0.5073891625615764,0.5192307692307693,1.1841606669192872,1.1841606669192872,8,spread,los angeles dodgers,True,True,False,ODDS_API,-1.5,ODDS_API,1,False
8cc27a7b0c6903978e605ba541bed625,st. louis cardinals,los angeles dodgers,betrivers,spreads,St. Louis Cardinals,,,,,,pregame,2026-09-03 02:11:00+00:00,-113,1.5,2026-09-02 12:03:02.767951+00:00,2026-09-02 12:02:55+00:00,,MLB_ODDS_API_MARKET_HISTORY.csv,-113,1.5,6955,-122,1.5,2026-09-02 08:15:44.143645+00:00,9,0.0,0.5495495495495496,0.5305164319248826,-1.9033117624666973,1.9033117624666973,8,spread,st. louis cardinals,True,True,False,ODDS_API,1.5,ODDS_API,1,False
a7447a61565d33b1dcfb229c623b45cb,st. louis cardinals,los angeles dodgers,betrivers,spreads,St. Louis Cardinals,,,,,,pregame,2026-09-04 02:10:00+00:00,-117,2.0,2026-09-03 05:14:09.062877+00:00,2026-09-03 05:13:36+00:00,,MLB_ODDS_API_MARKET_HISTORY.csv,-117,2.0,7973,-117,2.0,2026-09-03 05:13:57.019887+00:00,0,0.0,0.5391705069124424,0.5391705069124424,0.0,0.0,2,spread,st. louis cardinals,True,False,False,ODDS_API,2.0,ODDS_API,1,False
a7447a61565d33b1dcfb229c623b45cb,st. louis cardinals,los angeles dodgers,betrivers,totals,Over,,,,,,pregame,2026-09-04 02:10:00+00:00,-120,7.5,2026-09-03 05:14:09.062881+00:00,2026-09-03 05:13:36+00:00,,MLB_ODDS_API_MARKET_HISTORY.csv,-120,7.5,7974,-120,7.5,2026-09-03 05:13:57.019887+00:00,0,0.0,0.5454545454545454,0.5454545454545454,0.0,0.0,2,total,over,True,False,False,ODDS_API,7.5,ODDS_API,1,False
8cc27a7b0c6903978e605ba541bed625,st. louis cardinals,los angeles dodgers,betrivers,totals,Over,,,,,,pregame,2026-09-03 02:11:00+00:00,-107,8.0,2026-09-02 12:03:02.767951+00:00,2026-09-02 12:02:55+00:00,,MLB_ODDS_API_MARKET_HISTORY.csv,-107,8.0,6956,-107,7.5,2026-09-02 08:15:44.143645+00:00,0,0.5,0.5169082125603864,0.5169082125603864,0.0,0.0,8,total,over,True,False,True,ODDS_API,8.0,ODDS_API,1,False
a7447a61565d33b1dcfb229c623b45cb,st. louis cardinals,los angeles dodgers,betrivers,totals,Under,,,,,,pregame,2026-09-04 02:10:00+00:00,-103,7.5,2026-09-03 05:14:09.062884+00:00,2026-09-03 05:13:36+00:00,,MLB_ODDS_API_MARKET_HISTORY.csv,-103,7.5,7975,-103,7.5,2026-09-03 05:13:57.019887+00:00,0,0.0,0.5073891625615764,0.5073891625615764,0.0,0.0,2,total,under,True,False,False,ODDS_API,7.5,ODDS_API,1,False
8cc27a7b0c6903978e605ba541bed625,st. louis cardinals,los angeles dodgers,betrivers,totals,Under,,,,,,pregame,2026-09-03 02:11:00+00:00,-112,8.0,2026-09-02 12:03:02.767951+00:00,2026-09-02 12:02:55+00:00,,MLB_ODDS_API_MARKET_HISTORY.csv,-112,8.0,6957,-117,7.5,2026-09-02 08:15:44.143645+00:00,5,0.5,0.5391705069124424,0.5283018867924528,-1.086862011998957,1.086862011998957,8,total,under,True,True,True,ODDS_API,8.0,ODDS_API,1,False
a7447a61565d33b1dcfb229c623b45cb,st. louis cardinals,los angeles dodgers,betus,h2h,Los Angeles Dodgers,,,,,,pregame,2026-09-04 02:10:00+00:00,-294,,2026-09-03 05:14:09.062888+00:00,2026-09-03 05:13:17+00:00,,MLB_ODDS_API_MARKET_HISTORY.csv,-294,,7976,-294,,2026-09-03 05:13:57.019887+00:00,0,,0.7461928934010152,0.7461928934010152,0.0,0.0,2,moneyline,los angeles dodgers,True,False,False,ODDS_API,,ODDS_API,1,False
a7447a61565d33b1dcfb229c623b45cb,st. louis cardinals,los angeles dodgers,betus,h2h,St. Louis Cardinals,,,,,,pregame,2026-09-04 02:10:00+00:00,250,,2026-09-03 05:14:09.062892+00:00,2026-09-03 05:13:17+00:00,,MLB_ODDS_API_MARKET_HISTORY.csv,250,,7977,250,,2026-09-03 05:13:57.019887+00:00,0,,0.2857142857142857,0.2857142857142857,0.0,0.0,2,moneyline,st. louis cardinals,True,False,False,ODDS_API,,ODDS_API,1,False
a7447a61565d33b1dcfb229c623b45cb,st. louis cardinals,los angeles dodgers,betus,spreads,Los Angeles Dodgers,,,,,,pregame,2026-09-04 02:10:00+00:00,-135,-1.5,2026-09-03 05:14:09.062895+00:00,2026-09-03 05:13:17+00:00,,MLB_ODDS_API_MARKET_HISTORY.csv,-135,-1.5,7978,-135,-1.5,2026-09-03 05:13:57.019887+00:00,0,0.0,0.574468085106383,0.574468085106383,0.0,0.0,2,spread,los angeles dodgers,True,False,False,ODDS_API,-1.5,ODDS_API,1,False
a7447a61565d33b1dcfb229c623b45cb,st. louis cardinals,los angeles dodgers,betus,spreads,St. Louis Cardinals,,,,,,pregame,2026-09-04 02:10:00+00:00,115,1.5,2026-09-03 05:14:09.062899+00:00,2026-09-03 05:13:17+00:00,,MLB_ODDS_API_MARKET_HISTORY.csv,115,1.5,7979,115,1.5,2026-09-03 05:13:57.019887+00:00,0,0.0,0.4651162790697674,0.4651162790697674,0.0,0.0,2,spread,st. louis cardinals,True,False,False,ODDS_API,1.5,ODDS_API,1,False
a7447a61565d33b1dcfb229c623b45cb,st. louis cardinals,los angeles dodgers,betus,totals,Over,,,,,,pregame,2026-09-04 02:10:00+00:00,-115,7.5,2026-09-03 05:14:09.062903+00:00,2026-09-03 05:13:17+00:00,,MLB_ODDS_API_MARKET_HISTORY.csv,-115,7.5,7980,-115,7.5,2026-09-03 05:13:57.019887+00:00,0,0.0,0.5348837209302325,0.5348837209302325,0.0,0.0,2,total,over,True,False,False,ODDS_API,7.5,ODDS_API,1,False
a7447a61565d33b1dcfb229c623b45cb,st. louis cardinals,los angeles dodgers,betus,totals,Under,,,,,,pregame,2026-09-04 02:10:00+00:00,-105,7.5,2026-09-03 05:14:09.062906+00:00,2026-09-03 05:13:17+00:00,,MLB_ODDS_API_MARKET_HISTORY.csv,-105,7.5,7981,-105,7.5,2026-09-03 05:13:57.019887+00:00,0,0.0,0.5121951219512195,0.5121951219512195,0.0,0.0,2,total,under,True,False,False,ODDS_API,7.5,ODDS_API,1,False
8cc27a7b0c6903978e605ba541bed625,st. louis cardinals,los angeles dodgers,bovada,h2h,Los Angeles Dodgers,,,,,,pregame,2026-09-03 02:11:00+00:00,-250,,2026-09-02 12:03:02.767951+00:00,2026-09-02 12:01:49+00:00,,MLB_ODDS_API_MARKET_HISTORY.csv,-250,,6934,-245,,2026-09-02 03:08:28.147137+00:00,-5,,0.7101449275362319,0.7142857142857143,0.4140786749482372,0.4140786749482372,9,moneyline,los angeles dodgers,True,True,False,ODDS_API,,"ODDS_API,SGO",4,True
8cc27a7b0c6903978e605ba541bed625,st. louis cardinals,los angeles dodgers,bovada,h2h,St. Louis Cardinals,,,,,,pregame,2026-09-03 02:11:00+00:00,205,,2026-09-02 12:03:02.767951+00:00,2026-09-02 12:01:49+00:00,,MLB_ODDS_API_MARKET_HISTORY.csv,205,,6935,200,,2026-09-02 03:08:28.147146+00:00,5,,0.3333333333333333,0.3278688524590163,-0.5464480874316946,0.5464480874316946,9,moneyline,st. louis cardinals,True,True,False,ODDS_API,,"ODDS_API,SGO",4,True
8cc27a7b0c6903978e605ba541bed625,st. louis cardinals,los angeles dodgers,bovada,spreads,Los Angeles Dodgers,,,,,,pregame,2026-09-03 02:11:00+00:00,-110,-1.5,2026-09-02 12:03:02.767951+00:00,2026-09-02 12:01:49+00:00,,MLB_ODDS_API_MARKET_HISTORY.csv,-110,-1.5,6936,105,-1.5,2026-09-02 03:08:28.147154+00:00,-215,0.0,0.4878048780487805,0.5238095238095238,3.600464576074336,3.600464576074336,9,spread,los angeles dodgers,True,True,False,ODDS_API,-1.5,"ODDS_API,SGO",4,True
8cc27a7b0c6903978e605ba541bed625,st. louis cardinals,los angeles dodgers,bovada,spreads,St. Louis Cardinals,,,,,,pregame,2026-09-03 02:11:00+00:00,-110,1.5,2026-09-02 12:03:02.767951+00:00,2026-09-02 12:01:49+00:00,,MLB_ODDS_API_MARKET_HISTORY.csv,-110,1.5,6937,-125,1.5,2026-09-02 03:08:28.147162+00:00,15,0.0,0.5555555555555556,0.5238095238095238,-3.1746031746031744,3.1746031746031744,9,spread,st. louis cardinals,True,True,False,ODDS_API,1.5,"ODDS_API,SGO",4,True
8mEz1bxO6ouM3AB1lsH8,st. louis cardinals,los angeles dodgers,bovada,ou,over,,,points,points-away-game-ou-over,game,pregame,2026-09-03 02:10:00+00:00,-150,2.5,2026-09-02 12:03:02.122557+00:00,2026-09-02 12:00:55.590000+00:00,1.0,MLB_SGO_MARKET_HISTORY.csv,-150,2.5,320551,-150,2.5,2026-09-02 11:53:16.109967+00:00,0,0.0,0.6,0.6,0.0,0.0,4,total,over,True,False,False,SGO,2.5,SGO,2,False
8mEz1bxO6ouM3AB1lsH8,st. louis cardinals,los angeles dodgers,bovada,ou,over,,,points,points-home-game-ou-over,game,pregame,2026-09-03 02:10:00+00:00,-125,4.5,2026-09-02 12:03:02.122557+00:00,2026-09-02 12:00:55.590000+00:00,1.0,MLB_SGO_MARKET_HISTORY.csv,-125,4.5,320568,-125,4.5,2026-09-02 11:53:16.109967+00:00,0,0.0,0.5555555555555556,0.5555555555555556,0.0,0.0,4,total,over,True,False,False,SGO,4.5,SGO,2,False
8mEz1bxO6ouM3AB1lsH8,st. louis cardinals,los angeles dodgers,bovada,ou,over,,,points,points-all-game-ou-over,game,pregame,2026-09-03 02:10:00+00:00,-125,7.5,2026-09-02 12:03:02.122557+00:00,2026-09-02 11:58:40.772000+00:00,1.0,MLB_SGO_MARKET_HISTORY.csv,-125,7.5,320496,-110,7.5,2026-09-02 03:08:27.497626+00:00,-15,0.0,0.5238095238095238,0.5555555555555556,3.1746031746031744,3.1746031746031744,9,total,over,True,True,False,SGO,7.5,SGO,1,False
8cc27a7b0c6903978e605ba541bed625,st. louis cardinals,los angeles dodgers,bovada,totals,Over,,,,,,pregame,2026-09-03 02:11:00+00:00,-115,8.0,2026-09-02 12:03:02.767951+00:00,2026-09-02 12:01:49+00:00,,MLB_ODDS_API_MARKET_HISTORY.csv,-115,8.0,6938,-110,7.5,2026-09-02 03:08:28.147170+00:00,-5,0.5,0.5238095238095238,0.5348837209302325,1.107419712070867,1.107419712070867,9,total,over,True,True,True,ODDS_API,8.0,"ODDS_API,SGO",3,True
8mEz1bxO6ouM3AB1lsH8,st. louis cardinals,los angeles dodgers,bovada,ou,under,,,points,points-away-game-ou-under,game,pregame,2026-09-03 02:10:00+00:00,115,2.5,2026-09-02 12:03:02.122557+00:00,2026-09-02 12:00:55.590000+00:00,1.0,MLB_SGO_MARKET_HISTORY.csv,115,2.5,320555,115,2.5,2026-09-02 11:53:16.109967+00:00,0,0.0,0.4651162790697674,0.4651162790697674,0.0,0.0,4,total,under,True,False,False,SGO,2.5,SGO,2,False
8mEz1bxO6ouM3AB1lsH8,st. louis cardinals,los angeles dodgers,bovada,ou,under,,,points,points-home-game-ou-under,game,pregame,2026-09-03 02:10:00+00:00,-105,4.5,2026-09-02 12:03:02.122557+00:00,2026-09-02 12:00:55.590000+00:00,1.0,MLB_SGO_MARKET_HISTORY.csv,-105,4.5,320572,-105,4.5,2026-09-02 11:53:16.109967+00:00,0,0.0,0.5121951219512195,0.5121951219512195,0.0,0.0,4,total,under,True,False,False,SGO,4.5,SGO,2,False
8mEz1bxO6ouM3AB1lsH8,st. louis cardinals,los angeles dodgers,bovada,ou,under,,,points,points-all-game-ou-under,game,pregame,2026-09-03 02:10:00+00:00,105,7.5,2026-09-02 12:03:02.122557+00:00,2026-09-02 11:58:40.772000+00:00,1.0,MLB_SGO_MARKET_HISTORY.csv,105,7.5,320504,-110,7.5,2026-09-02 03:08:27.497637+00:00,215,0.0,0.5238095238095238,0.4878048780487805,-3.600464576074336,3.600464576074336,9,total,under,True,True,False,SGO,7.5,SGO,1,False
8cc27a7b0c6903978e605ba541bed625,st. louis cardinals,los angeles dodgers,bovada,totals,Under,,,,,,pregame,2026-09-03 02:11:00+00:00,-105,8.0,2026-09-02 12:03:02.767951+00:00,2026-09-02 12:01:49+00:00,,MLB_ODDS_API_MARKET_HISTORY.csv,-105,8.0,6939,-110,7.5,2026-09-02 03:08:28.147178+00:00,5,0.5,0.5238095238095238,0.5121951219512195,-1.1614401858304313,1.1614401858304313,9,total,under,True,True,True,ODDS_API,8.0,"ODDS_API,SGO",3,True
8mEz1bxO6ouM3AB1lsH8,st. louis cardinals,los angeles dodgers,caesars,ml,home,,,points,points-home-game-ml-home,game,pregame,2026-09-03 02:10:00+00:00,-240,,2026-09-02 12:03:02.122557+00:00,2026-09-02 11:58:41.272000+00:00,1.0,MLB_SGO_MARKET_HISTORY.csv,-240,,320492,-240,,2026-09-02 09:25:50.283068+00:00,0,,0.7058823529411765,0.7058823529411765,0.0,0.0,7,moneyline,los angeles dodgers,True,False,False,SGO,,SGO,2,False
8mEz1bxO6ouM3AB1lsH8,st. louis cardinals,los angeles dodgers,caesars,ml,away,,,points,points-away-game-ml-away,game,pregame,2026-09-03 02:10:00+00:00,210,,2026-09-02 12:03:02.122557+00:00,2026-09-02 11:58:41.272000+00:00,1.0,MLB_SGO_MARKET_HISTORY.csv,210,,320483,210,,2026-09-02 09:25:50.283068+00:00,0,,0.3225806451612903,0.3225806451612903,0.0,0.0,7,moneyline,st. louis cardinals,True,False,False,SGO,,SGO,2,False
8mEz1bxO6ouM3AB1lsH8,st. louis cardinals,los angeles dodgers,caesars,sp,home,,,points,points-home-game-sp-home,game,pregame,2026-09-03 02:10:00+00:00,-110,-1.5,2026-09-02 12:03:02.122557+00:00,2026-09-02 11:58:41.272000+00:00,1.0,MLB_SGO_MARKET_HISTORY.csv,-110,-1.5,320524,-110,-1.5,2026-09-02 09:25:50.283068+00:00,0,0.0,0.5238095238095238,0.5238095238095238,0.0,0.0,7,spread,los angeles dodgers,True,False,False,SGO,-1.5,SGO,2,False
8mEz1bxO6ouM3AB1lsH8,st. louis cardinals,los angeles dodgers,caesars,sp,away,,,points,points-away-game-sp-away,game,pregame,2026-09-03 02:10:00+00:00,-110,1.5,2026-09-02 12:03:02.122557+00:00,2026-09-02 11:58:41.272000+00:00,1.0,MLB_SGO_MARKET_HISTORY.csv,-110,1.5,320516,-110,1.5,2026-09-02 09:25:50.283068+00:00,0,0.0,0.5238095238095238,0.5238095238095238,0.0,0.0,7,spread,st. louis cardinals,True,False,False,SGO,1.5,SGO,2,False
mnMl5OovSzbb6nHfdsg7,st. louis cardinals,los angeles dodgers,caesars,ou,over,,,points,points-all-game-ou-over,game,pregame,2026-09-04 02:10:00+00:00,-115,7.5,2026-09-03 05:14:08.758669+00:00,2026-09-03 05:09:37.505000+00:00,1.0,MLB_SGO_MARKET_HISTORY.csv,-115,7.5,351447,-115,7.5,2026-09-03 05:13:56.618657+00:00,0,0.0,0.5348837209302325,0.5348837209302325,0.0,0.0,2,total,over,True,False,False,SGO,7.5,SGO,1,False
8mEz1bxO6ouM3AB1lsH8,st. louis cardinals,los angeles dodgers,caesars,ou,over,,,points,points-all-game-ou-over,game,pregame,2026-09-03 02:10:00+00:00,-110,8.0,2026-09-02 12:03:02.122557+00:00,2026-09-02 11:58:41.272000+00:00,1.0,MLB_SGO_MARKET_HISTORY.csv,-110,8.0,320500,-110,8.0,2026-09-02 09:25:50.283068+00:00,0,0.0,0.5238095238095238,0.5238095238095238,0.0,0.0,7,total,over,True,False,False,SGO,8.0,SGO,1,False
mnMl5OovSzbb6nHfdsg7,st. louis cardinals,los angeles dodgers,caesars,ou,under,,,points,points-all-game-ou-under,game,pregame,2026-09-04 02:10:00+00:00,-105,7.5,2026-09-03 05:14:08.758700+00:00,2026-09-03 05:09:37.505000+00:00,1.0,MLB_SGO_MARKET_HISTORY.csv,-105,7.5,351455,-105,7.5,2026-09-03 05:13:56.618657+00:00,0,0.0,0.5121951219512195,0.5121951219512195,0.0,0.0,2,total,under,True,False,False,SGO,7.5,SGO,1,False
8mEz1bxO6ouM3AB1lsH8,st. louis cardinals,los angeles dodgers,caesars,ou,under,,,points,points-all-game-ou-under,game,pregame,2026-09-03 02:10:00+00:00,-110,8.0,2026-09-02 12:03:02.122557+00:00,2026-09-02 11:58:41.272000+00:00,1.0,MLB_SGO_MARKET_HISTORY.csv,-110,8.0,320508,-110,8.0,2026-09-02 09:25:50.283068+00:00,0,0.0,0.5238095238095238,0.5238095238095238,0.0,0.0,7,total,under,True,False,False,SGO,8.0,SGO,1,False
8cc27a7b0c6903978e605ba541bed625,st. louis cardinals,los angeles dodgers,draftkings,h2h,Los Angeles Dodgers,,,,,,pregame,2026-09-03 02:11:00+00:00,-252,,2026-09-02 12:03:02.767951+00:00,2026-09-02 12:02:54+00:00,,MLB_ODDS_API_MARKET_HISTORY.csv,-252,,6940,-252,,2026-09-02 08:15:44.143645+00:00,0,,0.7159090909090909,0.7159090909090909,0.0,0.0,8,moneyline,los angeles dodgers,True,False,False,ODDS_API,,"ODDS_API,SGO",4,True
8cc27a7b0c6903978e605ba541bed625,st. louis cardinals,los angeles dodgers,draftkings,h2h,St. Louis Cardinals,,,,,,pregame,2026-09-03 02:11:00+00:00,203,,2026-09-02 12:03:02.767951+00:00,2026-09-02 12:02:54+00:00,,MLB_ODDS_API_MARKET_HISTORY.csv,203,,6941,203,,2026-09-02 08:15:44.143645+00:00,0,,0.33003300330033,0.33003300330033,0.0,0.0,8,moneyline,st. louis cardinals,True,False,False,ODDS_API,,"ODDS_API,SGO",4,True
8cc27a7b0c6903978e605ba541bed625,st. louis cardinals,los angeles dodgers,draftkings,spreads,Los Angeles Dodgers,,,,,,pregame,2026-09-03 02:11:00+00:00,-112,-1.5,2026-09-02 12:03:02.767951+00:00,2026-09-02 12:02:54+00:00,,MLB_ODDS_API_MARKET_HISTORY.csv,-112,-1.5,6942,-112,-1.5,2026-09-02 08:15:44.143645+00:00,0,0.0,0.5283018867924528,0.5283018867924528,0.0,0.0,8,spread,los angeles dodgers,True,False,False,ODDS_API,-1.5,"ODDS_API,SGO",4,True
8cc27a7b0c6903978e605ba541bed625,st. louis cardinals,los angeles dodgers,draftkings,spreads,St. Louis Cardinals,,,,,,pregame,2026-09-03 02:11:00+00:00,-108,1.5,2026-09-02 12:03:02.767951+00:00,2026-09-02 12:02:54+00:00,,MLB_ODDS_API_MARKET_HISTORY.csv,-108,1.5,6943,-108,1.5,2026-09-02 08:15:44.143645+00:00,0,0.0,0.5192307692307693,0.5192307692307693,0.0,0.0,8,spread,st. louis cardinals,True,False,False,ODDS_API,1.5,"ODDS_API,SGO",4,True
8mEz1bxO6ouM3AB1lsH8,st. louis cardinals,los angeles dodgers,draftkings,ou,over,,,points,points-away-game-ou-over,game,pregame,2026-09-03 02:10:00+00:00,-145,2.5,2026-09-02 12:03:02.122557+00:00,2026-09-02 11:59:21.819000+00:00,1.0,MLB_SGO_MARKET_HISTORY.csv,-145,2.5,320548,-135,2.5,2026-09-02 08:15:43.454797+00:00,-10,0.0,0.574468085106383,0.5918367346938775,1.7368649587494511,1.7368649587494511,8,total,over,True,True,False,SGO,2.5,SGO,2,False
8mEz1bxO6ouM3AB1lsH8,st. louis cardinals,los angeles dodgers,draftkings,ou,over,,,points,points-home-game-ou-over,game,pregame,2026-09-03 02:10:00+00:00,-125,4.5,2026-09-02 12:03:02.122557+00:00,2026-09-02 11:59:21.819000+00:00,1.0,MLB_SGO_MARKET_HISTORY.csv,-125,4.5,320565,-120,4.5,2026-09-02 08:15:43.454797+00:00,-5,0.0,0.5454545454545454,0.5555555555555556,1.0101010101010166,1.0101010101010166,8,total,over,True,True,False,SGO,4.5,SGO,2,False
a7447a61565d33b1dcfb229c623b45cb,st. louis cardinals,los angeles dodgers,draftkings,totals,Over,,,,,,pregame,2026-09-04 02:10:00+00:00,-119,7.5,2026-09-03 05:14:09.062729+00:00,2026-09-03 05:13:36+00:00,,MLB_ODDS_API_MARKET_HISTORY.csv,-119,7.5,7932,-119,7.5,2026-09-03 05:13:57.019887+00:00,0,0.0,0.54337899543379,0.54337899543379,0.0,0.0,2,total,over,True,False,False,ODDS_API,7.5,"ODDS_API,SGO",2,True
8cc27a7b0c6903978e605ba541bed625,st. louis cardinals,los angeles dodgers,draftkings,totals,Over,,,,,,pregame,2026-09-03 02:11:00+00:00,-112,8.0,2026-09-02 12:03:02.767951+00:00,2026-09-02 12:02:54+00:00,,MLB_ODDS_API_MARKET_HISTORY.csv,-112,8.0,6944,-104,8.0,2026-09-02 08:15:44.143645+00:00,-8,0.0,0.5098039215686274,0.5283018867924528,1.8497965223825408,1.8497965223825408,8,total,over,True,True,False,ODDS_API,8.0,"ODDS_API,SGO",2,True
8mEz1bxO6ouM3AB1lsH8,st. louis cardinals,los angeles dodgers,draftkings,ou,under,,,points,points-away-game-ou-under,game,pregame,2026-09-03 02:10:00+00:00,114,2.5,2026-09-02 12:03:02.122557+00:00,2026-09-02 11:59:21.819000+00:00,1.0,MLB_SGO_MARKET_HISTORY.csv,114,2.5,320552,105,2.5,2026-09-02 08:15:43.454797+00:00,9,0.0,0.4878048780487805,0.4672897196261682,-2.0515158422612254,2.0515158422612254,8,total,under,True,True,False,SGO,2.5,SGO,2,False
8mEz1bxO6ouM3AB1lsH8,st. louis cardinals,los angeles dodgers,draftkings,ou,under,,,points,points-home-game-ou-under,game,pregame,2026-09-03 02:10:00+00:00,-105,4.5,2026-09-02 12:03:02.122557+00:00,2026-09-02 11:59:21.819000+00:00,1.0,MLB_SGO_MARKET_HISTORY.csv,-105,4.5,320569,-110,4.5,2026-09-02 08:15:43.454797+00:00,5,0.0,0.5238095238095238,0.5121951219512195,-1.1614401858304313,1.1614401858304313,8,total,under,True,True,False,SGO,4.5,SGO,2,False
a7447a61565d33b1dcfb229c623b45cb,st. louis cardinals,los angeles dodgers,draftkings,totals,Under,,,,,,pregame,2026-09-04 02:10:00+00:00,-101,7.5,2026-09-03 05:14:09.062732+00:00,2026-09-03 05:13:36+00:00,,MLB_ODDS_API_MARKET_HISTORY.csv,-101,7.5,7933,-101,7.5,2026-09-03 05:13:57.019887+00:00,0,0.0,0.5024875621890548,0.5024875621890548,0.0,0.0,2,total,under,True,False,False,ODDS_API,7.5,"ODDS_API,SGO",2,True
8cc27a7b0c6903978e605ba541bed625,st. louis cardinals,los angeles dodgers,draftkings,totals,Under,,,,,,pregame,2026-09-03 02:11:00+00:00,-108,8.0,2026-09-02 12:03:02.767951+00:00,2026-09-02 12:02:54+00:00,,MLB_ODDS_API_MARKET_HISTORY.csv,-108,8.0,6945,-116,8.0,2026-09-02 08:15:44.143645+00:00,8,0.0,0.5370370370370371,0.5192307692307693,-1.7806267806267817,1.7806267806267817,8,total,under,True,True,False,ODDS_API,8.0,"ODDS_API,SGO",2,True
8mEz1bxO6ouM3AB1lsH8,st. louis cardinals,los angeles dodgers,espnbet,ml,home,,,points,points-home-game-ml-home,game,pregame,2026-09-03 02:10:00+00:00,-250,,2026-09-02 12:03:02.122557+00:00,2026-09-02 11:59:13.272000+00:00,1.0,MLB_SGO_MARKET_HISTORY.csv,-250,,320487,-230,,2026-09-02 03:08:27.497612+00:00,-20,,0.696969696969697,0.7142857142857143,1.7316017316017285,1.7316017316017285,9,moneyline,los angeles dodgers,True,True,False,SGO,,SGO,2,False
8mEz1bxO6ouM3AB1lsH8,st. louis cardinals,los angeles dodgers,espnbet,ml,away,,,points,points-away-game-ml-away,game,pregame,2026-09-03 02:10:00+00:00,210,,2026-09-02 12:03:02.122557+00:00,2026-09-02 11:59:13.272000+00:00,1.0,MLB_SGO_MARKET_HISTORY.csv,210,,320478,195,,2026-09-02 03:08:27.497599+00:00,15,,0.3389830508474576,0.3225806451612903,-1.6402405686167298,1.6402405686167298,9,moneyline,st. louis cardinals,True,True,False,SGO,,SGO,2,False
8mEz1bxO6ouM3AB1lsH8,st. louis cardinals,los angeles dodgers,espnbet,sp,home,,,points,points-home-game-sp-home,game,pregame,2026-09-03 02:10:00+00:00,-110,-1.5,2026-09-02 12:03:02.122557+00:00,2026-09-02 11:59:13.272000+00:00,1.0,MLB_SGO_MARKET_HISTORY.csv,-110,-1.5,320519,105,-1.5,2026-09-02 03:08:27.497656+00:00,-215,0.0,0.4878048780487805,0.5238095238095238,3.600464576074336,3.600464576074336,9,spread,los angeles dodgers,True,True,False,SGO,-1.5,SGO,2,False
8mEz1bxO6ouM3AB1lsH8,st. louis cardinals,los angeles dodgers,espnbet,sp,away,,,points,points-away-game-sp-away,game,pregame,2026-09-03 02:10:00+00:00,-110,1.5,2026-09-02 12:03:02.122557+00:00,2026-09-02 11:59:13.272000+00:00,1.0,MLB_SGO_MARKET_HISTORY.csv,-110,1.5,320511,-125,1.5,2026-09-02 03:08:27.497645+00:00,15,0.0,0.5555555555555556,0.5238095238095238,-3.1746031746031744,3.1746031746031744,9,spread,st. louis cardinals,True,True,False,SGO,1.5,SGO,2,False
8mEz1bxO6ouM3AB1lsH8,st. louis cardinals,los angeles dodgers,espnbet,ou,over,,,points,points-away-game-ou-over,game,pregame,2026-09-03 02:10:00+00:00,-145,2.5,2026-09-02 12:03:02.122557+00:00,2026-09-02 12:01:05.619000+00:00,1.0,MLB_SGO_MARKET_HISTORY.csv,-145,2.5,320550,-140,2.5,2026-09-02 08:15:43.454797+00:00,-5,0.0,0.5833333333333334,0.5918367346938775,0.8503401360544172,0.8503401360544172,8,total,over,True,True,False,SGO,2.5,SGO,2,False
8mEz1bxO6ouM3AB1lsH8,st. louis cardinals,los angeles dodgers,espnbet,ou,over,,,points,points-home-game-ou-over,game,pregame,2026-09-03 02:10:00+00:00,-125,4.5,2026-09-02 12:03:02.122557+00:00,2026-09-02 12:01:05.619000+00:00,1.0,MLB_SGO_MARKET_HISTORY.csv,-125,4.5,320567,-120,4.5,2026-09-02 08:15:43.454797+00:00,-5,0.0,0.5454545454545454,0.5555555555555556,1.0101010101010166,1.0101010101010166,8,total,over,True,True,False,SGO,4.5,SGO,1,False
8mEz1bxO6ouM3AB1lsH8,st. louis cardinals,los angeles dodgers,espnbet,ou,over,,,points,points-all-game-ou-over,game,pregame,2026-09-03 02:10:00+00:00,-125,7.5,2026-09-02 12:03:02.122557+00:00,2026-09-02 11:59:13.272000+00:00,1.0,MLB_SGO_MARKET_HISTORY.csv,-125,7.5,320495,-110,7.5,2026-09-02 03:08:27.497623+00:00,-15,0.0,0.5238095238095238,0.5555555555555556,3.1746031746031744,3.1746031746031744,9,total,over,True,True,False,SGO,7.5,SGO,2,False
mnMl5OovSzbb6nHfdsg7,st. louis cardinals,los angeles dodgers,espnbet,ou,over,,,points,points-home-game-ou-over,game,pregame,2026-09-04 02:10:00+00:00,750,9.5,2026-09-03 05:14:08.758824+00:00,2026-09-03 05:10:55.593000+00:00,1.0,MLB_SGO_MARKET_HISTORY.csv,750,9.5,351488,750,9.5,2026-09-03 05:13:56.618657+00:00,0,0.0,0.1176470588235294,0.1176470588235294,0.0,0.0,2,total,over,True,False,False,SGO,9.5,SGO,1,False
8mEz1bxO6ouM3AB1lsH8,st. louis cardinals,los angeles dodgers,espnbet,ou,under,,,points,points-away-game-ou-under,game,pregame,2026-09-03 02:10:00+00:00,115,2.5,2026-09-02 12:03:02.122557+00:00,2026-09-02 12:01:05.619000+00:00,1.0,MLB_SGO_MARKET_HISTORY.csv,115,2.5,320554,110,2.5,2026-09-02 08:15:43.454797+00:00,5,0.0,0.4761904761904761,0.4651162790697674,-1.1074197120708729,1.1074197120708729,8,total,under,True,True,False,SGO,2.5,SGO,2,False
8mEz1bxO6ouM3AB1lsH8,st. louis cardinals,los angeles dodgers,espnbet,ou,under,,,points,points-home-game-ou-under,game,pregame,2026-09-03 02:10:00+00:00,-105,4.5,2026-09-02 12:03:02.122557+00:00,2026-09-02 12:01:05.619000+00:00,1.0,MLB_SGO_MARKET_HISTORY.csv,-105,4.5,320571,-110,4.5,2026-09-02 08:15:43.454797+00:00,5,0.0,0.5238095238095238,0.5121951219512195,-1.1614401858304313,1.1614401858304313,8,total,under,True,True,False,SGO,4.5,SGO,1,False
8mEz1bxO6ouM3AB1lsH8,st. louis cardinals,los angeles dodgers,espnbet,ou,under,,,points,points-all-game-ou-under,game,pregame,2026-09-03 02:10:00+00:00,105,7.5,2026-09-02 12:03:02.122557+00:00,2026-09-02 11:59:13.272000+00:00,1.0,MLB_SGO_MARKET_HISTORY.csv,105,7.5,320503,-110,7.5,2026-09-02 03:08:27.497634+00:00,215,0.0,0.5238095238095238,0.4878048780487805,-3.600464576074336,3.600464576074336,9,total,under,True,True,False,SGO,7.5,SGO,2,False
mnMl5OovSzbb6nHfdsg7,st. louis cardinals,los angeles dodgers,espnbet,ou,under,,,points,points-home-game-ou-under,game,pregame,2026-09-04 02:10:00+00:00,-1600,9.5,2026-09-03 05:14:08.758839+00:00,2026-09-03 05:10:55.593000+00:00,1.0,MLB_SGO_MARKET_HISTORY.csv,-1600,9.5,351492,-1600,9.5,2026-09-03 05:13:56.618657+00:00,0,0.0,0.9411764705882352,0.9411764705882352,0.0,0.0,2,total,under,True,False,False,SGO,9.5,SGO,1,False
8cc27a7b0c6903978e605ba541bed625,st. louis cardinals,los angeles dodgers,fanduel,h2h,Los Angeles Dodgers,,,,,,pregame,2026-09-03 02:11:00+00:00,-250,,2026-09-02 12:03:02.767951+00:00,2026-09-02 12:02:37+00:00,,MLB_ODDS_API_MARKET_HISTORY.csv,-250,,6928,-240,,2026-09-02 03:08:28.147089+00:00,-10,,0.7058823529411765,0.7142857142857143,0.8403361344537785,0.8403361344537785,9,moneyline,los angeles dodgers,True,True,False,ODDS_API,,"ODDS_API,SGO",4,True
8cc27a7b0c6903978e605ba541bed625,st. louis cardinals,los angeles dodgers,fanduel,h2h,St. Louis Cardinals,,,,,,pregame,2026-09-03 02:11:00+00:00,205,,2026-09-02 12:03:02.767951+00:00,2026-09-02 12:02:37+00:00,,MLB_ODDS_API_MARKET_HISTORY.csv,205,,6929,198,,2026-09-02 03:08:28.147097+00:00,7,,0.3355704697986577,0.3278688524590163,-0.7701617339641365,0.7701617339641365,9,moneyline,st. louis cardinals,True,True,False,ODDS_API,,"ODDS_API,SGO",4,True
8cc27a7b0c6903978e605ba541bed625,st. louis cardinals,los angeles dodgers,fanduel,spreads,Los Angeles Dodgers,,,,,,pregame,2026-09-03 02:11:00+00:00,-108,-1.5,2026-09-02 12:03:02.767951+00:00,2026-09-02 12:02:37+00:00,,MLB_ODDS_API_MARKET_HISTORY.csv,-108,-1.5,6930,105,-1.5,2026-09-02 03:08:28.147105+00:00,-213,0.0,0.4878048780487805,0.5192307692307693,3.14258911819888,3.14258911819888,9,spread,los angeles dodgers,True,True,False,ODDS_API,-1.5,"ODDS_API,SGO",4,True
8cc27a7b0c6903978e605ba541bed625,st. louis cardinals,los angeles dodgers,fanduel,spreads,St. Louis Cardinals,,,,,,pregame,2026-09-03 02:11:00+00:00,-111,1.5,2026-09-02 12:03:02.767951+00:00,2026-09-02 12:02:37+00:00,,MLB_ODDS_API_MARKET_HISTORY.csv,-111,1.5,6931,-126,1.5,2026-09-02 03:08:28.147113+00:00,15,0.0,0.5575221238938053,0.5260663507109005,-3.1455773182904823,3.1455773182904823,9,spread,st. louis cardinals,True,True,False,ODDS_API,1.5,"ODDS_API,SGO",4,True
8mEz1bxO6ouM3AB1lsH8,st. louis cardinals,los angeles dodgers,fanduel,ou,over,,,points,points-away-game-ou-over,game,pregame,2026-09-03 02:10:00+00:00,-146,2.5,2026-09-02 12:03:02.122557+00:00,2026-09-02 11:59:36.693000+00:00,1.0,MLB_SGO_MARKET_HISTORY.csv,-146,2.5,320549,-156,2.5,2026-09-02 08:15:43.454797+00:00,10,0.0,0.609375,0.5934959349593496,-1.5879065040650395,1.5879065040650395,8,total,over,True,True,False,SGO,2.5,SGO,2,False
8mEz1bxO6ouM3AB1lsH8,st. louis cardinals,los angeles dodgers,fanduel,ou,over,,,points,points-home-game-ou-over,game,pregame,2026-09-03 02:10:00+00:00,-113,4.5,2026-09-02 12:03:02.122557+00:00,2026-09-02 11:59:36.693000+00:00,1.0,MLB_SGO_MARKET_HISTORY.csv,-113,4.5,320566,-113,4.5,2026-09-02 08:15:43.454797+00:00,0,0.0,0.5305164319248826,0.5305164319248826,0.0,0.0,8,total,over,True,False,False,SGO,4.5,SGO,2,False
8cc27a7b0c6903978e605ba541bed625,st. louis cardinals,los angeles dodgers,fanduel,totals,Over,,,,,,pregame,2026-09-03 02:11:00+00:00,-122,7.5,2026-09-02 12:03:02.767951+00:00,2026-09-02 12:02:37+00:00,,MLB_ODDS_API_MARKET_HISTORY.csv,-122,7.5,6932,-110,7.5,2026-09-02 03:08:28.147121+00:00,-12,0.0,0.5238095238095238,0.5495495495495496,2.5740025740025763,2.5740025740025763,9,total,over,True,True,False,ODDS_API,7.5,"ODDS_API,SGO",4,True
8mEz1bxO6ouM3AB1lsH8,st. louis cardinals,los angeles dodgers,fanduel,ou,under,,,points,points-away-game-ou-under,game,pregame,2026-09-03 02:10:00+00:00,114,2.5,2026-09-02 12:03:02.122557+00:00,2026-09-02 11:59:36.693000+00:00,1.0,MLB_SGO_MARKET_HISTORY.csv,114,2.5,320553,122,2.5,2026-09-02 08:15:43.454797+00:00,-8,0.0,0.4504504504504504,0.4672897196261682,1.6839269175717764,1.6839269175717764,8,total,under,True,True,False,SGO,2.5,SGO,2,False
8mEz1bxO6ouM3AB1lsH8,st. louis cardinals,los angeles dodgers,fanduel,ou,under,,,points,points-home-game-ou-under,game,pregame,2026-09-03 02:10:00+00:00,-113,4.5,2026-09-02 12:03:02.122557+00:00,2026-09-02 11:59:36.693000+00:00,1.0,MLB_SGO_MARKET_HISTORY.csv,-113,4.5,320570,-113,4.5,2026-09-02 08:15:43.454797+00:00,0,0.0,0.5305164319248826,0.5305164319248826,0.0,0.0,8,total,under,True,False,False,SGO,4.5,SGO,2,False
8cc27a7b0c6903978e605ba541bed625,st. louis cardinals,los angeles dodgers,fanduel,totals,Under,,,,,,pregame,2026-09-03 02:11:00+00:00,100,7.5,2026-09-02 12:03:02.767951+00:00,2026-09-02 12:02:37+00:00,,MLB_ODDS_API_MARKET_HISTORY.csv,100,7.5,6933,-110,7.5,2026-09-02 03:08:28.147129+00:00,210,0.0,0.5238095238095238,0.5,-2.380952380952384,2.380952380952384,9,total,under,True,True,False,ODDS_API,7.5,"ODDS_API,SGO",4,True
a7447a61565d33b1dcfb229c623b45cb,st. louis cardinals,los angeles dodgers,lowvig,h2h,Los Angeles Dodgers,,,,,,pregame,2026-09-04 02:10:00+00:00,-294,,2026-09-03 05:14:09.062758+00:00,2026-09-03 05:13:38+00:00,,MLB_ODDS_API_MARKET_HISTORY.csv,-294,,7940,-294,,2026-09-03 05:13:57.019887+00:00,0,,0.7461928934010152,0.7461928934010152,0.0,0.0,2,moneyline,los angeles dodgers,True,False,False,ODDS_API,,ODDS_API,1,False
a7447a61565d33b1dcfb229c623b45cb,st. louis cardinals,los angeles dodgers,lowvig,h2h,St. Louis Cardinals,,,,,,pregame,2026-09-04 02:10:00+00:00,260,,2026-09-03 05:14:09.062761+00:00,2026-09-03 05:13:38+00:00,,MLB_ODDS_API_MARKET_HISTORY.csv,260,,7941,260,,2026-09-03 05:13:57.019887+00:00,0,,0.2777777777777778,0.2777777777777778,0.0,0.0,2,moneyline,st. louis cardinals,True,False,False,ODDS_API,,ODDS_API,1,False
a7447a61565d33b1dcfb229c623b45cb,st. louis cardinals,los angeles dodgers,lowvig,spreads,Los Angeles Dodgers,,,,,,pregame,2026-09-04 02:10:00+00:00,-131,-1.5,2026-09-03 05:14:09.062765+00:00,2026-09-03 05:13:38+00:00,,MLB_ODDS_API_MARKET_HISTORY.csv,-131,-1.5,7942,-131,-1.5,2026-09-03 05:13:57.019887+00:00,0,0.0,0.5670995670995671,0.5670995670995671,0.0,0.0,2,spread,los angeles dodgers,True,False,False,ODDS_API,-1.5,ODDS_API,1,False
a7447a61565d33b1dcfb229c623b45cb,st. louis cardinals,los angeles dodgers,lowvig,spreads,St. Louis Cardinals,,,,,,pregame,2026-09-04 02:10:00+00:00,116,1.5,2026-09-03 05:14:09.062769+00:00,2026-09-03 05:13:38+00:00,,MLB_ODDS_API_MARKET_HISTORY.csv,116,1.5,7943,116,1.5,2026-09-03 05:13:57.019887+00:00,0,0.0,0.4629629629629629,0.4629629629629629,0.0,0.0,2,spread,st. louis cardinals,True,False,False,ODDS_API,1.5,ODDS_API,1,False
a7447a61565d33b1dcfb229c623b45cb,st. louis cardinals,los angeles dodgers,lowvig,totals,Over,,,,,,pregame,2026-09-04 02:10:00+00:00,-115,7.5,2026-09-03 05:14:09.062772+00:00,2026-09-03 05:13:38+00:00,,MLB_ODDS_API_MARKET_HISTORY.csv,-115,7.5,7944,-115,7.5,2026-09-03 05:13:57.019887+00:00,0,0.0,0.5348837209302325,0.5348837209302325,0.0,0.0,2,total,over,True,False,False,ODDS_API,7.5,ODDS_API,1,False
a7447a61565d33b1dcfb229c623b45cb,st. louis cardinals,los angeles dodgers,lowvig,totals,Under,,,,,,pregame,2026-09-04 02:10:00+00:00,100,7.5,2026-09-03 05:14:09.062776+00:00,2026-09-03 05:13:38+00:00,,MLB_ODDS_API_MARKET_HISTORY.csv,100,7.5,7945,100,7.5,2026-09-03 05:13:57.019887+00:00,0,0.0,0.5,0.5,0.0,0.0,2,total,under,True,False,False,ODDS_API,7.5,ODDS_API,1,False
a7447a61565d33b1dcfb229c623b45cb,st. louis cardinals,los angeles dodgers,mybookieag,h2h,Los Angeles Dodgers,,,,,,pregame,2026-09-04 02:10:00+00:00,-285,,2026-09-03 05:14:09.062779+00:00,2026-09-03 05:12:15+00:00,,MLB_ODDS_API_MARKET_HISTORY.csv,-285,,7946,-285,,2026-09-03 05:13:57.019887+00:00,0,,0.7402597402597403,0.7402597402597403,0.0,0.0,2,moneyline,los angeles dodgers,True,False,False,ODDS_API,,ODDS_API,1,False
a7447a61565d33b1dcfb229c623b45cb,st. louis cardinals,los angeles dodgers,mybookieag,h2h,St. Louis Cardinals,,,,,,pregame,2026-09-04 02:10:00+00:00,232,,2026-09-03 05:14:09.062783+00:00,2026-09-03 05:12:15+00:00,,MLB_ODDS_API_MARKET_HISTORY.csv,232,,7947,232,,2026-09-03 05:13:57.019887+00:00,0,,0.3012048192771084,0.3012048192771084,0.0,0.0,2,moneyline,st. louis cardinals,True,False,False,ODDS_API,,ODDS_API,1,False
a7447a61565d33b1dcfb229c623b45cb,st. louis cardinals,los angeles dodgers,mybookieag,spreads,Los Angeles Dodgers,,,,,,pregame,2026-09-04 02:10:00+00:00,-132,-1.5,2026-09-03 05:14:09.062787+00:00,2026-09-03 05:12:15+00:00,,MLB_ODDS_API_MARKET_HISTORY.csv,-132,-1.5,7948,-132,-1.5,2026-09-03 05:13:57.019887+00:00,0,0.0,0.5689655172413793,0.5689655172413793,0.0,0.0,2,spread,los angeles dodgers,True,False,False,ODDS_API,-1.5,ODDS_API,1,False
a7447a61565d33b1dcfb229c623b45cb,st. louis cardinals,los angeles dodgers,mybookieag,spreads,St. Louis Cardinals,,,,,,pregame,2026-09-04 02:10:00+00:00,113,1.5,2026-09-03 05:14:09.062790+00:00,2026-09-03 05:12:15+00:00,,MLB_ODDS_API_MARKET_HISTORY.csv,113,1.5,7949,113,1.5,2026-09-03 05:13:57.019887+00:00,0,0.0,0.4694835680751174,0.4694835680751174,0.0,0.0,2,spread,st. louis cardinals,True,False,False,ODDS_API,1.5,ODDS_API,1,False
a7447a61565d33b1dcfb229c623b45cb,st. louis cardinals,los angeles dodgers,mybookieag,totals,Over,,,,,,pregame,2026-09-04 02:10:00+00:00,-118,7.5,2026-09-03 05:14:09.062794+00:00,2026-09-03 05:12:15+00:00,,MLB_ODDS_API_MARKET_HISTORY.csv,-118,7.5,7950,-118,7.5,2026-09-03 05:13:57.019887+00:00,0,0.0,0.5412844036697247,0.5412844036697247,0.0,0.0,2,total,over,True,False,False,ODDS_API,7.5,ODDS_API,1,False
a7447a61565d33b1dcfb229c623b45cb,st. louis cardinals,los angeles dodgers,mybookieag,totals,Under,,,,,,pregame,2026-09-04 02:10:00+00:00,-104,7.5,2026-09-03 05:14:09.062797+00:00,2026-09-03 05:12:15+00:00,,MLB_ODDS_API_MARKET_HISTORY.csv,-104,7.5,7951,-104,7.5,2026-09-03 05:13:57.019887+00:00,0,0.0,0.5098039215686274,0.5098039215686274,0.0,0.0,2,total,under,True,False,False,ODDS_API,7.5,ODDS_API,1,False
8mEz1bxO6ouM3AB1lsH8,st. louis cardinals,los angeles dodgers,pointsbet,ml,home,,,points,points-home-game-ml-home,game,pregame,2026-09-03 02:10:00+00:00,-238,,2026-09-02 12:03:02.122557+00:00,2026-09-02 11:59:13.272000+00:00,1.0,MLB_SGO_MARKET_HISTORY.csv,-238,,320485,-238,,2026-09-02 03:08:27.497607+00:00,0,,0.7041420118343196,0.7041420118343196,0.0,0.0,9,moneyline,los angeles dodgers,True,False,False,SGO,,SGO,2,False
8mEz1bxO6ouM3AB1lsH8,st. louis cardinals,los angeles dodgers,pointsbet,ml,away,,,points,points-away-game-ml-away,game,pregame,2026-09-03 02:10:00+00:00,190,,2026-09-02 12:03:02.122557+00:00,2026-09-02 11:59:13.272000+00:00,1.0,MLB_SGO_MARKET_HISTORY.csv,190,,320476,190,,2026-09-02 03:08:27.497594+00:00,0,,0.3448275862068966,0.3448275862068966,0.0,0.0,9,moneyline,st. louis cardinals,True,False,False,SGO,,SGO,2,False
8mEz1bxO6ouM3AB1lsH8,st. louis cardinals,los angeles dodgers,pointsbet,sp,home,,,points,points-home-game-sp-home,game,pregame,2026-09-03 02:10:00+00:00,-111,-1.5,2026-09-02 12:03:02.122557+00:00,2026-09-02 11:59:13.272000+00:00,1.0,MLB_SGO_MARKET_HISTORY.csv,-111,-1.5,320518,105,-1.5,2026-09-02 03:08:27.497653+00:00,-216,0.0,0.4878048780487805,0.5260663507109005,3.826147266211999,3.826147266211999,9,spread,los angeles dodgers,True,True,False,SGO,-1.5,SGO,2,False
8mEz1bxO6ouM3AB1lsH8,st. louis cardinals,los angeles dodgers,pointsbet,sp,away,,,points,points-away-game-sp-away,game,pregame,2026-09-03 02:10:00+00:00,-111,1.5,2026-09-02 12:03:02.122557+00:00,2026-09-02 11:59:13.272000+00:00,1.0,MLB_SGO_MARKET_HISTORY.csv,-111,1.5,320510,-125,1.5,2026-09-02 03:08:27.497642+00:00,14,0.0,0.5555555555555556,0.5260663507109005,-2.9489204844655115,2.9489204844655115,9,spread,st. louis cardinals,True,True,False,SGO,1.5,SGO,2,False
mnMl5OovSzbb6nHfdsg7,st. louis cardinals,los angeles dodgers,pointsbet,ou,over,,,points,points-all-game-ou-over,game,pregame,2026-09-04 02:10:00+00:00,-115,7.5,2026-09-03 05:14:08.758677+00:00,2026-09-03 00:15:23.924000+00:00,0.0,MLB_SGO_MARKET_HISTORY.csv,-115,7.5,351449,-115,7.5,2026-09-03 05:13:56.618657+00:00,0,0.0,0.5348837209302325,0.5348837209302325,0.0,0.0,2,total,over,True,False,False,SGO,7.5,SGO,1,False
8mEz1bxO6ouM3AB1lsH8,st. louis cardinals,los angeles dodgers,pointsbet,ou,over,,,points,points-all-game-ou-over,game,pregame,2026-09-03 02:10:00+00:00,-111,8.0,2026-09-02 12:03:02.122557+00:00,2026-09-02 11:59:13.272000+00:00,1.0,MLB_SGO_MARKET_HISTORY.csv,-111,8.0,320494,-111,7.5,2026-09-02 03:08:27.497621+00:00,0,0.5,0.5260663507109005,0.5260663507109005,0.0,0.0,9,total,over,True,False,True,SGO,8.0,SGO,1,False
mnMl5OovSzbb6nHfdsg7,st. louis cardinals,los angeles dodgers,pointsbet,ou,under,,,points,points-all-game-ou-under,game,pregame,2026-09-04 02:10:00+00:00,-105,7.5,2026-09-03 05:14:08.758707+00:00,2026-09-03 00:15:23.924000+00:00,0.0,MLB_SGO_MARKET_HISTORY.csv,-105,7.5,351457,-105,7.5,2026-09-03 05:13:56.618657+00:00,0,0.0,0.5121951219512195,0.5121951219512195,0.0,0.0,2,total,under,True,False,False,SGO,7.5,SGO,1,False
8mEz1bxO6ouM3AB1lsH8,st. louis cardinals,los angeles dodgers,pointsbet,ou,under,,,points,points-all-game-ou-under,game,pregame,2026-09-03 02:10:00+00:00,-111,8.0,2026-09-02 12:03:02.122557+00:00,2026-09-02 11:59:13.272000+00:00,1.0,MLB_SGO_MARKET_HISTORY.csv,-111,8.0,320502,-111,7.5,2026-09-02 03:08:27.497631+00:00,0,0.5,0.5260663507109005,0.5260663507109005,0.0,0.0,9,total,under,True,False,True,SGO,8.0,SGO,1,False
8mEz1bxO6ouM3AB1lsH8,st. louis cardinals,los angeles dodgers,unibet,ml,home,,,points,points-home-game-ml-home,game,pregame,2026-09-03 02:10:00+00:00,-238,,2026-09-02 12:03:02.122557+00:00,2026-09-02 11:59:34.272000+00:00,1.0,MLB_SGO_MARKET_HISTORY.csv,-238,,320486,-222,,2026-09-02 03:08:27.497610+00:00,-16,,0.6894409937888198,0.7041420118343196,1.4701018045499723,1.4701018045499723,9,moneyline,los angeles dodgers,True,True,False,SGO,,SGO,2,False
8mEz1bxO6ouM3AB1lsH8,st. louis cardinals,los angeles dodgers,unibet,ml,away,,,points,points-away-game-ml-away,game,pregame,2026-09-03 02:10:00+00:00,195,,2026-09-02 12:03:02.122557+00:00,2026-09-02 11:59:34.272000+00:00,1.0,MLB_SGO_MARKET_HISTORY.csv,195,,320477,175,,2026-09-02 03:08:27.497596+00:00,20,,0.3636363636363636,0.3389830508474576,-2.4653312788906034,2.4653312788906034,9,moneyline,st. louis cardinals,True,True,False,SGO,,SGO,2,False
mnMl5OovSzbb6nHfdsg7,st. louis cardinals,los angeles dodgers,unibet,sp,home,,,points,points-home-game-sp-home,game,pregame,2026-09-04 02:10:00+00:00,-105,-2.0,2026-09-03 05:14:08.758783+00:00,2026-09-03 05:09:53.005000+00:00,1.0,MLB_SGO_MARKET_HISTORY.csv,-105,-2.0,351477,-105,-2.0,2026-09-03 05:13:56.618657+00:00,0,0.0,0.5121951219512195,0.5121951219512195,0.0,0.0,2,spread,los angeles dodgers,True,False,False,SGO,-2.0,SGO,1,False
8mEz1bxO6ouM3AB1lsH8,st. louis cardinals,los angeles dodgers,unibet,sp,home,,,points,points-home-game-sp-home,game,pregame,2026-09-03 02:10:00+00:00,-108,-1.5,2026-09-02 12:03:02.122557+00:00,2026-09-02 11:59:13.272000+00:00,1.0,MLB_SGO_MARKET_HISTORY.csv,-108,-1.5,320523,-103,-1.5,2026-09-02 08:15:43.454797+00:00,-5,0.0,0.5073891625615764,0.5192307692307693,1.1841606669192872,1.1841606669192872,8,spread,los angeles dodgers,True,True,False,SGO,-1.5,SGO,1,False
8mEz1bxO6ouM3AB1lsH8,st. louis cardinals,los angeles dodgers,unibet,sp,away,,,points,points-away-game-sp-away,game,pregame,2026-09-03 02:10:00+00:00,-113,1.5,2026-09-02 12:03:02.122557+00:00,2026-09-02 11:59:13.272000+00:00,1.0,MLB_SGO_MARKET_HISTORY.csv,-113,1.5,320515,-122,1.5,2026-09-02 08:15:43.454797+00:00,9,0.0,0.5495495495495496,0.5305164319248826,-1.9033117624666973,1.9033117624666973,8,spread,st. louis cardinals,True,True,False,SGO,1.5,SGO,1,False
mnMl5OovSzbb6nHfdsg7,st. louis cardinals,los angeles dodgers,unibet,sp,away,,,points,points-away-game-sp-away,game,pregame,2026-09-04 02:10:00+00:00,-117,2.0,2026-09-03 05:14:08.758753+00:00,2026-09-03 05:09:53.005000+00:00,1.0,MLB_SGO_MARKET_HISTORY.csv,-117,2.0,351469,-117,2.0,2026-09-03 05:13:56.618657+00:00,0,0.0,0.5391705069124424,0.5391705069124424,0.0,0.0,2,spread,st. louis cardinals,True,False,False,SGO,2.0,SGO,1,False
mnMl5OovSzbb6nHfdsg7,st. louis cardinals,los angeles dodgers,unibet,ou,over,,,points,points-all-game-ou-over,game,pregame,2026-09-04 02:10:00+00:00,-120,7.5,2026-09-03 05:14:08.758692+00:00,2026-09-03 05:09:53.005000+00:00,1.0,MLB_SGO_MARKET_HISTORY.csv,-120,7.5,351453,-120,7.5,2026-09-03 05:13:56.618657+00:00,0,0.0,0.5454545454545454,0.5454545454545454,0.0,0.0,2,total,over,True,False,False,SGO,7.5,SGO,1,False
8mEz1bxO6ouM3AB1lsH8,st. louis cardinals,los angeles dodgers,unibet,ou,over,,,points,points-all-game-ou-over,game,pregame,2026-09-03 02:10:00+00:00,-108,8.0,2026-09-02 12:03:02.122557+00:00,2026-09-02 11:59:13.272000+00:00,1.0,MLB_SGO_MARKET_HISTORY.csv,-108,8.0,320499,-107,7.5,2026-09-02 08:15:43.454797+00:00,-1,0.5,0.5169082125603864,0.5192307692307693,0.2322556670382836,0.2322556670382836,8,total,over,True,True,True,SGO,8.0,SGO,1,False
mnMl5OovSzbb6nHfdsg7,st. louis cardinals,los angeles dodgers,unibet,ou,under,,,points,points-all-game-ou-under,game,pregame,2026-09-04 02:10:00+00:00,-103,7.5,2026-09-03 05:14:08.758723+00:00,2026-09-03 05:09:53.005000+00:00,1.0,MLB_SGO_MARKET_HISTORY.csv,-103,7.5,351461,-103,7.5,2026-09-03 05:13:56.618657+00:00,0,0.0,0.5073891625615764,0.5073891625615764,0.0,0.0,2,total,under,True,False,False,SGO,7.5,SGO,1,False
8mEz1bxO6ouM3AB1lsH8,st. louis cardinals,los angeles dodgers,unibet,ou,under,,,points,points-all-game-ou-under,game,pregame,2026-09-03 02:10:00+00:00,-113,8.0,2026-09-02 12:03:02.122557+00:00,2026-09-02 11:59:13.272000+00:00,1.0,MLB_SGO_MARKET_HISTORY.csv,-113,8.0,320507,-117,7.5,2026-09-02 08:15:43.454797+00:00,4,0.5,0.5391705069124424,0.5305164319248826,-0.8654074987559768,0.8654074987559768,8,total,under,True,True,True,SGO,8.0,SGO,1,False
8mEz1bxO6ouM3AB1lsH8,st. louis cardinals,los angeles dodgers,williamhill,ml,home,,,points,points-home-game-ml-home,game,pregame,2026-09-03 02:10:00+00:00,-250,,2026-09-02 12:03:02.122557+00:00,2026-09-02 05:55:54.759000+00:00,0.0,MLB_SGO_MARKET_HISTORY.csv,-250,,320491,-250,,2026-09-02 08:15:43.454797+00:00,0,,0.7142857142857143,0.7142857142857143,0.0,0.0,8,moneyline,los angeles dodgers,True,False,False,SGO,,SGO,2,False
8mEz1bxO6ouM3AB1lsH8,st. louis cardinals,los angeles dodgers,williamhill,ml,away,,,points,points-away-game-ml-away,game,pregame,2026-09-03 02:10:00+00:00,190,,2026-09-02 12:03:02.122557+00:00,2026-09-02 05:55:54.759000+00:00,0.0,MLB_SGO_MARKET_HISTORY.csv,190,,320482,190,,2026-09-02 08:15:43.454797+00:00,0,,0.3448275862068966,0.3448275862068966,0.0,0.0,8,moneyline,st. louis cardinals,True,False,False,SGO,,SGO,2,False
3ce16b1285f3f868ac4262314873f267,tampa bay rays,texas rangers,betmgm,h2h,Tampa Bay Rays,,,,,,pregame,2026-09-04 00:05:00+00:00,-130,,2026-09-03 05:14:09.062370+00:00,2026-09-03 05:13:16+00:00,,MLB_ODDS_API_MARKET_HISTORY.csv,-130,,7838,-130,,2026-09-03 05:13:57.019887+00:00,0,,0.5652173913043478,0.5652173913043478,0.0,0.0,2,moneyline,tampa bay rays,True,False,False,ODDS_API,,"ODDS_API,SGO",2,True
3ce16b1285f3f868ac4262314873f267,tampa bay rays,texas rangers,betmgm,h2h,Texas Rangers,,,,,,pregame,2026-09-04 00:05:00+00:00,105,,2026-09-03 05:14:09.062374+00:00,2026-09-03 05:13:16+00:00,,MLB_ODDS_API_MARKET_HISTORY.csv,105,,7839,105,,2026-09-03 05:13:57.019887+00:00,0,,0.4878048780487805,0.4878048780487805,0.0,0.0,2,moneyline,texas rangers,True,False,False,ODDS_API,,"ODDS_API,SGO",2,True
3ce16b1285f3f868ac4262314873f267,tampa bay rays,texas rangers,betmgm,spreads,Tampa Bay Rays,,,,,,pregame,2026-09-04 00:05:00+00:00,135,-1.5,2026-09-03 05:14:09.062378+00:00,2026-09-03 05:13:16+00:00,,MLB_ODDS_API_MARKET_HISTORY.csv,135,-1.5,7840,135,-1.5,2026-09-03 05:13:57.019887+00:00,0,0.0,0.425531914893617,0.425531914893617,0.0,0.0,2,spread,tampa bay rays,True,False,False,ODDS_API,-1.5,"ODDS_API,SGO",2,True
3ce16b1285f3f868ac4262314873f267,tampa bay rays,texas rangers,betmgm,spreads,Texas Rangers,,,,,,pregame,2026-09-04 00:05:00+00:00,-160,1.5,2026-09-03 05:14:09.062381+00:00,2026-09-03 05:13:16+00:00,,MLB_ODDS_API_MARKET_HISTORY.csv,-160,1.5,7841,-160,1.5,2026-09-03 05:13:57.019887+00:00,0,0.0,0.6153846153846154,0.6153846153846154,0.0,0.0,2,spread,texas rangers,True,False,False,ODDS_API,1.5,"ODDS_API,SGO",2,True
VsqhAAAjdKFXpgAC6PJZ,tampa bay rays,texas rangers,betmgm,ou,over,,,points,points-all-game-ou-over,game,pregame,2026-09-04 00:05:00+00:00,-120,7.5,2026-09-03 05:14:08.749168+00:00,2026-09-03 03:27:11.408000+00:00,0.0,MLB_SGO_MARKET_HISTORY.csv,-120,7.5,349032,-120,7.5,2026-09-03 05:13:56.618657+00:00,0,0.0,0.5454545454545454,0.5454545454545454,0.0,0.0,2,total,over,True,False,False,SGO,7.5,SGO,1,False
3ce16b1285f3f868ac4262314873f267,tampa bay rays,texas rangers,betmgm,totals,Over,,,,,,pregame,2026-09-04 00:05:00+00:00,100,8.0,2026-09-03 05:14:09.062385+00:00,2026-09-03 05:13:16+00:00,,MLB_ODDS_API_MARKET_HISTORY.csv,100,8.0,7842,100,8.0,2026-09-03 05:13:57.019887+00:00,0,0.0,0.5,0.5,0.0,0.0,2,total,over,True,False,False,ODDS_API,8.0,ODDS_API,1,False
VsqhAAAjdKFXpgAC6PJZ,tampa bay rays,texas rangers,betmgm,ou,under,,,points,points-all-game-ou-under,game,pregame,2026-09-04 00:05:00+00:00,100,7.5,2026-09-03 05:14:08.749198+00:00,2026-09-03 03:27:11.408000+00:00,0.0,MLB_SGO_MARKET_HISTORY.csv,100,7.5,349040,100,7.5,2026-09-03 05:13:56.618657+00:00,0,0.0,0.5,0.5,0.0,0.0,2,total,under,True,False,False,SGO,7.5,SGO,1,False
3ce16b1285f3f868ac4262314873f267,tampa bay rays,texas rangers,betmgm,totals,Under,,,,,,pregame,2026-09-04 00:05:00+00:00,-120,8.0,2026-09-03 05:14:09.062389+00:00,2026-09-03 05:13:16+00:00,,MLB_ODDS_API_MARKET_HISTORY.csv,-120,8.0,7843,-120,8.0,2026-09-03 05:13:57.019887+00:00,0,0.0,0.5454545454545454,0.5454545454545454,0.0,0.0,2,total,under,True,False,False,ODDS_API,8.0,ODDS_API,1,False
3ce16b1285f3f868ac4262314873f267,tampa bay rays,texas rangers,betonlineag,h2h,Tampa Bay Rays,,,,,,pregame,2026-09-04 00:05:00+00:00,-122,,2026-09-03 05:14:09.062415+00:00,2026-09-03 05:13:35+00:00,,MLB_ODDS_API_MARKET_HISTORY.csv,-122,,7850,-122,,2026-09-03 05:13:57.019887+00:00,0,,0.5495495495495496,0.5495495495495496,0.0,0.0,2,moneyline,tampa bay rays,True,False,False,ODDS_API,,ODDS_API,1,False
3ce16b1285f3f868ac4262314873f267,tampa bay rays,texas rangers,betonlineag,h2h,Texas Rangers,,,,,,pregame,2026-09-04 00:05:00+00:00,111,,2026-09-03 05:14:09.062418+00:00,2026-09-03 05:13:35+00:00,,MLB_ODDS_API_MARKET_HISTORY.csv,111,,7851,111,,2026-09-03 05:13:57.019887+00:00,0,,0.4739336492890995,0.4739336492890995,0.0,0.0,2,moneyline,texas rangers,True,False,False,ODDS_API,,ODDS_API,1,False
3ce16b1285f3f868ac4262314873f267,tampa bay rays,texas rangers,betonlineag,spreads,Tampa Bay Rays,,,,,,pregame,2026-09-04 00:05:00+00:00,137,-1.5,2026-09-03 05:14:09.062422+00:00,2026-09-03 05:13:35+00:00,,MLB_ODDS_API_MARKET_HISTORY.csv,137,-1.5,7852,137,-1.5,2026-09-03 05:13:57.019887+00:00,0,0.0,0.4219409282700422,0.4219409282700422,0.0,0.0,2,spread,tampa bay rays,True,False,False,ODDS_API,-1.5,ODDS_API,1,False
3ce16b1285f3f868ac4262314873f267,tampa bay rays,texas rangers,betonlineag,spreads,Texas Rangers,,,,,,pregame,2026-09-04 00:05:00+00:00,-157,1.5,2026-09-03 05:14:09.062426+00:00,2026-09-03 05:13:35+00:00,,MLB_ODDS_API_MARKET_HISTORY.csv,-157,1.5,7853,-157,1.5,2026-09-03 05:13:57.019887+00:00,0,0.0,0.6108949416342413,0.6108949416342413,0.0,0.0,2,spread,texas rangers,True,False,False,ODDS_API,1.5,ODDS_API,1,False
3ce16b1285f3f868ac4262314873f267,tampa bay rays,texas rangers,betonlineag,totals,Over,,,,,,pregame,2026-09-04 00:05:00+00:00,-120,7.5,2026-09-03 05:14:09.062429+00:00,2026-09-03 05:13:35+00:00,,MLB_ODDS_API_MARKET_HISTORY.csv,-120,7.5,7854,-120,7.5,2026-09-03 05:13:57.019887+00:00,0,0.0,0.5454545454545454,0.5454545454545454,0.0,0.0,2,total,over,True,False,False,ODDS_API,7.5,ODDS_API,1,False
3ce16b1285f3f868ac4262314873f267,tampa bay rays,texas rangers,betonlineag,totals,Under,,,,,,pregame,2026-09-04 00:05:00+00:00,100,7.5,2026-09-03 05:14:09.062433+00:00,2026-09-03 05:13:35+00:00,,MLB_ODDS_API_MARKET_HISTORY.csv,100,7.5,7855,100,7.5,2026-09-03 05:13:57.019887+00:00,0,0.0,0.5,0.5,0.0,0.0,2,total,under,True,False,False,ODDS_API,7.5,ODDS_API,1,False
3ce16b1285f3f868ac4262314873f267,tampa bay rays,texas rangers,betrivers,h2h,Tampa Bay Rays,,,,,,pregame,2026-09-04 00:05:00+00:00,-122,,2026-09-03 05:14:09.062437+00:00,2026-09-03 05:13:36+00:00,,MLB_ODDS_API_MARKET_HISTORY.csv,-122,,7856,-122,,2026-09-03 05:13:57.019887+00:00,0,,0.5495495495495496,0.5495495495495496,0.0,0.0,2,moneyline,tampa bay rays,True,False,False,ODDS_API,,ODDS_API,1,False
3ce16b1285f3f868ac4262314873f267,tampa bay rays,texas rangers,betrivers,h2h,Texas Rangers,,,,,,pregame,2026-09-04 00:05:00+00:00,102,,2026-09-03 05:14:09.062440+00:00,2026-09-03 05:13:36+00:00,,MLB_ODDS_API_MARKET_HISTORY.csv,102,,7857,102,,2026-09-03 05:13:57.019887+00:00,0,,0.495049504950495,0.495049504950495,0.0,0.0,2,moneyline,texas rangers,True,False,False,ODDS_API,,ODDS_API,1,False
3ce16b1285f3f868ac4262314873f267,tampa bay rays,texas rangers,betrivers,spreads,Tampa Bay Rays,,,,,,pregame,2026-09-04 00:05:00+00:00,135,-1.5,2026-09-03 05:14:09.062444+00:00,2026-09-03 05:13:36+00:00,,MLB_ODDS_API_MARKET_HISTORY.csv,135,-1.5,7858,135,-1.5,2026-09-03 05:13:57.019887+00:00,0,0.0,0.425531914893617,0.425531914893617,0.0,0.0,2,spread,tampa bay rays,True,False,False,ODDS_API,-1.5,ODDS_API,1,False
3ce16b1285f3f868ac4262314873f267,tampa bay rays,texas rangers,betrivers,spreads,Texas Rangers,,,,,,pregame,2026-09-04 00:05:00+00:00,-167,1.5,2026-09-03 05:14:09.062448+00:00,2026-09-03 05:13:36+00:00,,MLB_ODDS_API_MARKET_HISTORY.csv,-167,1.5,7859,-167,1.5,2026-09-03 05:13:57.019887+00:00,0,0.0,0.6254681647940075,0.6254681647940075,0.0,0.0,2,spread,texas rangers,True,False,False,ODDS_API,1.5,ODDS_API,1,False
3ce16b1285f3f868ac4262314873f267,tampa bay rays,texas rangers,betrivers,totals,Over,,,,,,pregame,2026-09-04 00:05:00+00:00,-114,7.5,2026-09-03 05:14:09.062451+00:00,2026-09-03 05:13:36+00:00,,MLB_ODDS_API_MARKET_HISTORY.csv,-114,7.5,7860,-114,7.5,2026-09-03 05:13:57.019887+00:00,0,0.0,0.5327102803738317,0.5327102803738317,0.0,0.0,2,total,over,True,False,False,ODDS_API,7.5,ODDS_API,1,False
3ce16b1285f3f868ac4262314873f267,tampa bay rays,texas rangers,betrivers,totals,Under,,,,,,pregame,2026-09-04 00:05:00+00:00,-107,7.5,2026-09-03 05:14:09.062455+00:00,2026-09-03 05:13:36+00:00,,MLB_ODDS_API_MARKET_HISTORY.csv,-107,7.5,7861,-107,7.5,2026-09-03 05:13:57.019887+00:00,0,0.0,0.5169082125603864,0.5169082125603864,0.0,0.0,2,total,under,True,False,False,ODDS_API,7.5,ODDS_API,1,False
3ce16b1285f3f868ac4262314873f267,tampa bay rays,texas rangers,betus,h2h,Tampa Bay Rays,,,,,,pregame,2026-09-04 00:05:00+00:00,-122,,2026-09-03 05:14:09.062481+00:00,2026-09-03 05:13:17+00:00,,MLB_ODDS_API_MARKET_HISTORY.csv,-122,,7868,-122,,2026-09-03 05:13:57.019887+00:00,0,,0.5495495495495496,0.5495495495495496,0.0,0.0,2,moneyline,tampa bay rays,True,False,False,ODDS_API,,ODDS_API,1,False
3ce16b1285f3f868ac4262314873f267,tampa bay rays,texas rangers,betus,h2h,Texas Rangers,,,,,,pregame,2026-09-04 00:05:00+00:00,111,,2026-09-03 05:14:09.062484+00:00,2026-09-03 05:13:17+00:00,,MLB_ODDS_API_MARKET_HISTORY.csv,111,,7869,111,,2026-09-03 05:13:57.019887+00:00,0,,0.4739336492890995,0.4739336492890995,0.0,0.0,2,moneyline,texas rangers,True,False,False,ODDS_API,,ODDS_API,1,False
3ce16b1285f3f868ac4262314873f267,tampa bay rays,texas rangers,betus,spreads,Tampa Bay Rays,,,,,,pregame,2026-09-04 00:05:00+00:00,135,-1.5,2026-09-03 05:14:09.062488+00:00,2026-09-03 05:13:17+00:00,,MLB_ODDS_API_MARKET_HISTORY.csv,135,-1.5,7870,135,-1.5,2026-09-03 05:13:57.019887+00:00,0,0.0,0.425531914893617,0.425531914893617,0.0,0.0,2,spread,tampa bay rays,True,False,False,ODDS_API,-1.5,ODDS_API,1,False
3ce16b1285f3f868ac4262314873f267,tampa bay rays,texas rangers,betus,spreads,Texas Rangers,,,,,,pregame,2026-09-04 00:05:00+00:00,-155,1.5,2026-09-03 05:14:09.062506+00:00,2026-09-03 05:13:17+00:00,,MLB_ODDS_API_MARKET_HISTORY.csv,-155,1.5,7871,-155,1.5,2026-09-03 05:13:57.019887+00:00,0,0.0,0.6078431372549019,0.6078431372549019,0.0,0.0,2,spread,texas rangers,True,False,False,ODDS_API,1.5,ODDS_API,1,False
3ce16b1285f3f868ac4262314873f267,tampa bay rays,texas rangers,betus,totals,Over,,,,,,pregame,2026-09-04 00:05:00+00:00,-120,7.5,2026-09-03 05:14:09.062511+00:00,2026-09-03 05:13:17+00:00,,MLB_ODDS_API_MARKET_HISTORY.csv,-120,7.5,7872,-120,7.5,2026-09-03 05:13:57.019887+00:00,0,0.0,0.5454545454545454,0.5454545454545454,0.0,0.0,2,total,over,True,False,False,ODDS_API,7.5,ODDS_API,1,False
3ce16b1285f3f868ac4262314873f267,tampa bay rays,texas rangers,betus,totals,Under,,,,,,pregame,2026-09-04 00:05:00+00:00,100,7.5,2026-09-03 05:14:09.062515+00:00,2026-09-03 05:13:17+00:00,,MLB_ODDS_API_MARKET_HISTORY.csv,100,7.5,7873,100,7.5,2026-09-03 05:13:57.019887+00:00,0,0.0,0.5,0.5,0.0,0.0,2,total,under,True,False,False,ODDS_API,7.5,ODDS_API,1,False
3ce16b1285f3f868ac4262314873f267,tampa bay rays,texas rangers,bovada,h2h,Tampa Bay Rays,,,,,,pregame,2026-09-04 00:05:00+00:00,-126,,2026-09-03 05:14:09.062348+00:00,2026-09-03 05:12:40+00:00,,MLB_ODDS_API_MARKET_HISTORY.csv,-126,,7832,-126,,2026-09-03 05:13:57.019887+00:00,0,,0.5575221238938053,0.5575221238938053,0.0,0.0,2,moneyline,tampa bay rays,True,False,False,ODDS_API,,"ODDS_API,SGO",2,True
3ce16b1285f3f868ac4262314873f267,tampa bay rays,texas rangers,bovada,h2h,Texas Rangers,,,,,,pregame,2026-09-04 00:05:00+00:00,106,,2026-09-03 05:14:09.062352+00:00,2026-09-03 05:12:40+00:00,,MLB_ODDS_API_MARKET_HISTORY.csv,106,,7833,106,,2026-09-03 05:13:57.019887+00:00,0,,0.4854368932038835,0.4854368932038835,0.0,0.0,2,moneyline,texas rangers,True,False,False,ODDS_API,,"ODDS_API,SGO",2,True
3ce16b1285f3f868ac4262314873f267,tampa bay rays,texas rangers,bovada,spreads,Tampa Bay Rays,,,,,,pregame,2026-09-04 00:05:00+00:00,135,-1.5,2026-09-03 05:14:09.062356+00:00,2026-09-03 05:12:40+00:00,,MLB_ODDS_API_MARKET_HISTORY.csv,135,-1.5,7834,135,-1.5,2026-09-03 05:13:57.019887+00:00,0,0.0,0.425531914893617,0.425531914893617,0.0,0.0,2,spread,tampa bay rays,True,False,False,ODDS_API,-1.5,"ODDS_API,SGO",2,True
3ce16b1285f3f868ac4262314873f267,tampa bay rays,texas rangers,bovada,spreads,Texas Rangers,,,,,,pregame,2026-09-04 00:05:00+00:00,-160,1.5,2026-09-03 05:14:09.062359+00:00,2026-09-03 05:12:40+00:00,,MLB_ODDS_API_MARKET_HISTORY.csv,-160,1.5,7835,-160,1.5,2026-09-03 05:13:57.019887+00:00,0,0.0,0.6153846153846154,0.6153846153846154,0.0,0.0,2,spread,texas rangers,True,False,False,ODDS_API,1.5,"ODDS_API,SGO",2,True
VsqhAAAjdKFXpgAC6PJZ,tampa bay rays,texas rangers,bovada,ou,over,,,points,points-home-game-ou-over,game,pregame,2026-09-04 00:05:00+00:00,-115,3.5,2026-09-03 05:14:08.749473+00:00,2026-09-03 05:10:22.375000+00:00,1.0,MLB_SGO_MARKET_HISTORY.csv,-115,3.5,349112,-115,3.5,2026-09-03 05:13:56.618657+00:00,0,0.0,0.5348837209302325,0.5348837209302325,0.0,0.0,2,total,over,True,False,False,SGO,3.5,SGO,1,False
VsqhAAAjdKFXpgAC6PJZ,tampa bay rays,texas rangers,bovada,ou,over,,,points,points-away-game-ou-over,game,pregame,2026-09-04 00:05:00+00:00,110,4.5,2026-09-03 05:14:08.749393+00:00,2026-09-03 05:10:22.375000+00:00,1.0,MLB_SGO_MARKET_HISTORY.csv,110,4.5,349091,110,4.5,2026-09-03 05:13:56.618657+00:00,0,0.0,0.4761904761904761,0.4761904761904761,0.0,0.0,2,total,over,True,False,False,SGO,4.5,SGO,1,False
3ce16b1285f3f868ac4262314873f267,tampa bay rays,texas rangers,bovada,totals,Over,,,,,,pregame,2026-09-04 00:05:00+00:00,-105,8.0,2026-09-03 05:14:09.062363+00:00,2026-09-03 05:12:40+00:00,,MLB_ODDS_API_MARKET_HISTORY.csv,-105,8.0,7836,-105,8.0,2026-09-03 05:13:57.019887+00:00,0,0.0,0.5121951219512195,0.5121951219512195,0.0,0.0,2,total,over,True,False,False,ODDS_API,8.0,"ODDS_API,SGO",2,True
VsqhAAAjdKFXpgAC6PJZ,tampa bay rays,texas rangers,bovada,ou,under,,,points,points-home-game-ou-under,game,pregame,2026-09-04 00:05:00+00:00,-115,3.5,2026-09-03 05:14:08.749499+00:00,2026-09-03 05:10:22.375000+00:00,1.0,MLB_SGO_MARKET_HISTORY.csv,-115,3.5,349117,-115,3.5,2026-09-03 05:13:56.618657+00:00,0,0.0,0.5348837209302325,0.5348837209302325,0.0,0.0,2,total,under,True,False,False,SGO,3.5,SGO,1,False
VsqhAAAjdKFXpgAC6PJZ,tampa bay rays,texas rangers,bovada,ou,under,,,points,points-away-game-ou-under,game,pregame,2026-09-04 00:05:00+00:00,-145,4.5,2026-09-03 05:14:08.749411+00:00,2026-09-03 05:10:22.375000+00:00,1.0,MLB_SGO_MARKET_HISTORY.csv,-145,4.5,349096,-145,4.5,2026-09-03 05:13:56.618657+00:00,0,0.0,0.5918367346938775,0.5918367346938775,0.0,0.0,2,total,under,True,False,False,SGO,4.5,SGO,1,False
3ce16b1285f3f868ac4262314873f267,tampa bay rays,texas rangers,bovada,totals,Under,,,,,,pregame,2026-09-04 00:05:00+00:00,-115,8.0,2026-09-03 05:14:09.062367+00:00,2026-09-03 05:12:40+00:00,,MLB_ODDS_API_MARKET_HISTORY.csv,-115,8.0,7837,-115,8.0,2026-09-03 05:13:57.019887+00:00,0,0.0,0.5348837209302325,0.5348837209302325,0.0,0.0,2,total,under,True,False,False,ODDS_API,8.0,"ODDS_API,SGO",2,True
VsqhAAAjdKFXpgAC6PJZ,tampa bay rays,texas rangers,caesars,ml,away,,,points,points-away-game-ml-away,game,pregame,2026-09-04 00:05:00+00:00,-121,,2026-09-03 05:14:08.749108+00:00,2026-09-03 05:09:37.505000+00:00,1.0,MLB_SGO_MARKET_HISTORY.csv,-121,,349016,-121,,2026-09-03 05:13:56.618657+00:00,0,,0.5475113122171946,0.5475113122171946,0.0,0.0,2,moneyline,tampa bay rays,True,False,False,SGO,,SGO,1,False
VsqhAAAjdKFXpgAC6PJZ,tampa bay rays,texas rangers,caesars,ml,home,,,points,points-home-game-ml-home,game,pregame,2026-09-04 00:05:00+00:00,110,,2026-09-03 05:14:08.749142+00:00,2026-09-03 05:09:37.505000+00:00,1.0,MLB_SGO_MARKET_HISTORY.csv,110,,349025,110,,2026-09-03 05:13:56.618657+00:00,0,,0.4761904761904761,0.4761904761904761,0.0,0.0,2,moneyline,texas rangers,True,False,False,SGO,,SGO,1,False
VsqhAAAjdKFXpgAC6PJZ,tampa bay rays,texas rangers,caesars,sp,away,,,points,points-away-game-sp-away,game,pregame,2026-09-04 00:05:00+00:00,135,-1.5,2026-09-03 05:14:08.749234+00:00,2026-09-03 05:09:37.505000+00:00,1.0,MLB_SGO_MARKET_HISTORY.csv,135,-1.5,349049,135,-1.5,2026-09-03 05:13:56.618657+00:00,0,0.0,0.425531914893617,0.425531914893617,0.0,0.0,2,spread,tampa bay rays,True,False,False,SGO,-1.5,SGO,1,False
VsqhAAAjdKFXpgAC6PJZ,tampa bay rays,texas rangers,caesars,sp,home,,,points,points-home-game-sp-home,game,pregame,2026-09-04 00:05:00+00:00,-160,1.5,2026-09-03 05:14:08.749264+00:00,2026-09-03 05:09:37.505000+00:00,1.0,MLB_SGO_MARKET_HISTORY.csv,-160,1.5,349057,-160,1.5,2026-09-03 05:13:56.618657+00:00,0,0.0,0.6153846153846154,0.6153846153846154,0.0,0.0,2,spread,texas rangers,True,False,False,SGO,1.5,SGO,1,False
VsqhAAAjdKFXpgAC6PJZ,tampa bay rays,texas rangers,caesars,ou,over,,,points,points-away-game-ou-over,game,pregame,2026-09-04 00:05:00+00:00,-150,3.5,2026-09-03 05:14:08.749389+00:00,2026-09-03 05:10:52.375000+00:00,1.0,MLB_SGO_MARKET_HISTORY.csv,-150,3.5,349090,-150,3.5,2026-09-03 05:13:56.618657+00:00,0,0.0,0.6,0.6,0.0,0.0,2,total,over,True,False,False,SGO,3.5,SGO,2,False
VsqhAAAjdKFXpgAC6PJZ,tampa bay rays,texas rangers,caesars,ou,over,,,points,points-all-game-ou-over,game,pregame,2026-09-04 00:05:00+00:00,-120,7.5,2026-09-03 05:14:08.749172+00:00,2026-09-03 05:09:37.505000+00:00,1.0,MLB_SGO_MARKET_HISTORY.csv,-120,7.5,349033,-120,7.5,2026-09-03 05:13:56.618657+00:00,0,0.0,0.5454545454545454,0.5454545454545454,0.0,0.0,2,total,over,True,False,False,SGO,7.5,SGO,1,False
VsqhAAAjdKFXpgAC6PJZ,tampa bay rays,texas rangers,caesars,ou,under,,,points,points-away-game-ou-under,game,pregame,2026-09-04 00:05:00+00:00,115,3.5,2026-09-03 05:14:08.749408+00:00,2026-09-03 05:10:52.375000+00:00,1.0,MLB_SGO_MARKET_HISTORY.csv,115,3.5,349095,115,3.5,2026-09-03 05:13:56.618657+00:00,0,0.0,0.4651162790697674,0.4651162790697674,0.0,0.0,2,total,under,True,False,False,SGO,3.5,SGO,2,False
VsqhAAAjdKFXpgAC6PJZ,tampa bay rays,texas rangers,caesars,ou,under,,,points,points-all-game-ou-under,game,pregame,2026-09-04 00:05:00+00:00,100,7.5,2026-09-03 05:14:08.749202+00:00,2026-09-03 05:09:37.505000+00:00,1.0,MLB_SGO_MARKET_HISTORY.csv,100,7.5,349041,100,7.5,2026-09-03 05:13:56.618657+00:00,0,0.0,0.5,0.5,0.0,0.0,2,total,under,True,False,False,SGO,7.5,SGO,1,False
3ce16b1285f3f868ac4262314873f267,tampa bay rays,texas rangers,draftkings,h2h,Tampa Bay Rays,,,,,,pregame,2026-09-04 00:05:00+00:00,-126,,2026-09-03 05:14:09.062393+00:00,2026-09-03 05:13:36+00:00,,MLB_ODDS_API_MARKET_HISTORY.csv,-126,,7844,-126,,2026-09-03 05:13:57.019887+00:00,0,,0.5575221238938053,0.5575221238938053,0.0,0.0,2,moneyline,tampa bay rays,True,False,False,ODDS_API,,"ODDS_API,SGO",2,True
3ce16b1285f3f868ac4262314873f267,tampa bay rays,texas rangers,draftkings,h2h,Texas Rangers,,,,,,pregame,2026-09-04 00:05:00+00:00,104,,2026-09-03 05:14:09.062396+00:00,2026-09-03 05:13:36+00:00,,MLB_ODDS_API_MARKET_HISTORY.csv,104,,7845,104,,2026-09-03 05:13:57.019887+00:00,0,,0.4901960784313725,0.4901960784313725,0.0,0.0,2,moneyline,texas rangers,True,False,False,ODDS_API,,"ODDS_API,SGO",2,True
3ce16b1285f3f868ac4262314873f267,tampa bay rays,texas rangers,draftkings,spreads,Tampa Bay Rays,,,,,,pregame,2026-09-04 00:05:00+00:00,135,-1.5,2026-09-03 05:14:09.062400+00:00,2026-09-03 05:13:36+00:00,,MLB_ODDS_API_MARKET_HISTORY.csv,135,-1.5,7846,135,-1.5,2026-09-03 05:13:57.019887+00:00,0,0.0,0.425531914893617,0.425531914893617,0.0,0.0,2,spread,tampa bay rays,True,False,False,ODDS_API,-1.5,"ODDS_API,SGO",2,True
3ce16b1285f3f868ac4262314873f267,tampa bay rays,texas rangers,draftkings,spreads,Texas Rangers,,,,,,pregame,2026-09-04 00:05:00+00:00,-163,1.5,2026-09-03 05:14:09.062404+00:00,2026-09-03 05:13:36+00:00,,MLB_ODDS_API_MARKET_HISTORY.csv,-163,1.5,7847,-163,1.5,2026-09-03 05:13:57.019887+00:00,0,0.0,0.6197718631178707,0.6197718631178707,0.0,0.0,2,spread,texas rangers,True,False,False,ODDS_API,1.5,"ODDS_API,SGO",2,True
VsqhAAAjdKFXpgAC6PJZ,tampa bay rays,texas rangers,draftkings,ou,over,,,points,points-home-game-ou-over,game,pregame,2026-09-04 00:05:00+00:00,-120,3.5,2026-09-03 05:14:08.749465+00:00,2026-09-03 05:09:55.697000+00:00,1.0,MLB_SGO_MARKET_HISTORY.csv,-120,3.5,349110,-120,3.5,2026-09-03 05:13:56.618657+00:00,0,0.0,0.5454545454545454,0.5454545454545454,0.0,0.0,2,total,over,True,False,False,SGO,3.5,SGO,1,False
VsqhAAAjdKFXpgAC6PJZ,tampa bay rays,texas rangers,draftkings,ou,over,,,points,points-away-game-ou-over,game,pregame,2026-09-04 00:05:00+00:00,114,4.5,2026-09-03 05:14:08.749385+00:00,2026-09-03 05:09:55.697000+00:00,1.0,MLB_SGO_MARKET_HISTORY.csv,114,4.5,349089,114,4.5,2026-09-03 05:13:56.618657+00:00,0,0.0,0.4672897196261682,0.4672897196261682,0.0,0.0,2,total,over,True,False,False,SGO,4.5,SGO,1,False
3ce16b1285f3f868ac4262314873f267,tampa bay rays,texas rangers,draftkings,totals,Over,,,,,,pregame,2026-09-04 00:05:00+00:00,-103,8.0,2026-09-03 05:14:09.062407+00:00,2026-09-03 05:13:36+00:00,,MLB_ODDS_API_MARKET_HISTORY.csv,-103,8.0,7848,-103,8.0,2026-09-03 05:13:57.019887+00:00,0,0.0,0.5073891625615764,0.5073891625615764,0.0,0.0,2,total,over,True,False,False,ODDS_API,8.0,"ODDS_API,SGO",2,True
VsqhAAAjdKFXpgAC6PJZ,tampa bay rays,texas rangers,draftkings,ou,under,,,points,points-home-game-ou-under,game,pregame,2026-09-04 00:05:00+00:00,-110,3.5,2026-09-03 05:14:08.749484+00:00,2026-09-03 05:09:55.697000+00:00,1.0,MLB_SGO_MARKET_HISTORY.csv,-110,3.5,349115,-110,3.5,2026-09-03 05:13:56.618657+00:00,0,0.0,0.5238095238095238,0.5238095238095238,0.0,0.0,2,total,under,True,False,False,SGO,3.5,SGO,1,False
VsqhAAAjdKFXpgAC6PJZ,tampa bay rays,texas rangers,draftkings,ou,under,,,points,points-away-game-ou-under,game,pregame,2026-09-04 00:05:00+00:00,-145,4.5,2026-09-03 05:14:08.749404+00:00,2026-09-03 05:09:55.697000+00:00,1.0,MLB_SGO_MARKET_HISTORY.csv,-145,4.5,349094,-145,4.5,2026-09-03 05:13:56.618657+00:00,0,0.0,0.5918367346938775,0.5918367346938775,0.0,0.0,2,total,under,True,False,False,SGO,4.5,SGO,1,False
3ce16b1285f3f868ac4262314873f267,tampa bay rays,texas rangers,draftkings,totals,Under,,,,,,pregame,2026-09-04 00:05:00+00:00,-117,8.0,2026-09-03 05:14:09.062411+00:00,2026-09-03 05:13:36+00:00,,MLB_ODDS_API_MARKET_HISTORY.csv,-117,8.0,7849,-117,8.0,2026-09-03 05:13:57.019887+00:00,0,0.0,0.5391705069124424,0.5391705069124424,0.0,0.0,2,total,under,True,False,False,ODDS_API,8.0,"ODDS_API,SGO",2,True
VsqhAAAjdKFXpgAC6PJZ,tampa bay rays,texas rangers,espnbet,ml,away,,,points,points-away-game-ml-away,game,pregame,2026-09-04 00:05:00+00:00,-130,,2026-09-03 05:14:08.749096+00:00,2026-09-03 05:09:43.505000+00:00,1.0,MLB_SGO_MARKET_HISTORY.csv,-130,,349013,-130,,2026-09-03 05:13:56.618657+00:00,0,,0.5652173913043478,0.5652173913043478,0.0,0.0,2,moneyline,tampa bay rays,True,False,False,SGO,,SGO,1,False
VsqhAAAjdKFXpgAC6PJZ,tampa bay rays,texas rangers,espnbet,ml,home,,,points,points-home-game-ml-home,game,pregame,2026-09-04 00:05:00+00:00,110,,2026-09-03 05:14:08.749130+00:00,2026-09-03 05:09:43.505000+00:00,1.0,MLB_SGO_MARKET_HISTORY.csv,110,,349022,110,,2026-09-03 05:13:56.618657+00:00,0,,0.4761904761904761,0.4761904761904761,0.0,0.0,2,moneyline,texas rangers,True,False,False,SGO,,SGO,1,False
VsqhAAAjdKFXpgAC6PJZ,tampa bay rays,texas rangers,espnbet,sp,away,,,points,points-away-game-sp-away,game,pregame,2026-09-04 00:05:00+00:00,140,-1.5,2026-09-03 05:14:08.749221+00:00,2026-09-03 05:09:43.505000+00:00,1.0,MLB_SGO_MARKET_HISTORY.csv,140,-1.5,349046,140,-1.5,2026-09-03 05:13:56.618657+00:00,0,0.0,0.4166666666666667,0.4166666666666667,0.0,0.0,2,spread,tampa bay rays,True,False,False,SGO,-1.5,SGO,1,False
VsqhAAAjdKFXpgAC6PJZ,tampa bay rays,texas rangers,espnbet,sp,home,,,points,points-home-game-sp-home,game,pregame,2026-09-04 00:05:00+00:00,-165,1.5,2026-09-03 05:14:08.749253+00:00,2026-09-03 05:09:43.505000+00:00,1.0,MLB_SGO_MARKET_HISTORY.csv,-165,1.5,349054,-165,1.5,2026-09-03 05:13:56.618657+00:00,0,0.0,0.6226415094339622,0.6226415094339622,0.0,0.0,2,spread,texas rangers,True,False,False,SGO,1.5,SGO,1,False
VsqhAAAjdKFXpgAC6PJZ,tampa bay rays,texas rangers,espnbet,ou,over,,,points,points-home-game-ou-over,game,pregame,2026-09-04 00:05:00+00:00,-115,3.5,2026-09-03 05:14:08.749462+00:00,2026-09-03 05:11:20.403000+00:00,1.0,MLB_SGO_MARKET_HISTORY.csv,-115,3.5,349109,-115,3.5,2026-09-03 05:13:56.618657+00:00,0,0.0,0.5348837209302325,0.5348837209302325,0.0,0.0,2,total,over,True,False,False,SGO,3.5,SGO,1,False
VsqhAAAjdKFXpgAC6PJZ,tampa bay rays,texas rangers,espnbet,ou,over,,,points,points-away-game-ou-over,game,pregame,2026-09-04 00:05:00+00:00,115,4.5,2026-09-03 05:14:08.749382+00:00,2026-09-03 05:11:20.403000+00:00,1.0,MLB_SGO_MARKET_HISTORY.csv,115,4.5,349088,115,4.5,2026-09-03 05:13:56.618657+00:00,0,0.0,0.4651162790697674,0.4651162790697674,0.0,0.0,2,total,over,True,False,False,SGO,4.5,SGO,1,False
VsqhAAAjdKFXpgAC6PJZ,tampa bay rays,texas rangers,espnbet,ou,over,,,points,points-all-game-ou-over,game,pregame,2026-09-04 00:05:00+00:00,-120,7.5,2026-09-03 05:14:08.749161+00:00,2026-09-03 05:09:43.505000+00:00,1.0,MLB_SGO_MARKET_HISTORY.csv,-120,7.5,349030,-120,7.5,2026-09-03 05:13:56.618657+00:00,0,0.0,0.5454545454545454,0.5454545454545454,0.0,0.0,2,total,over,True,False,False,SGO,7.5,SGO,1,False
VsqhAAAjdKFXpgAC6PJZ,tampa bay rays,texas rangers,espnbet,ou,under,,,points,points-home-game-ou-under,game,pregame,2026-09-04 00:05:00+00:00,-115,3.5,2026-09-03 05:14:08.749480+00:00,2026-09-03 05:11:20.403000+00:00,1.0,MLB_SGO_MARKET_HISTORY.csv,-115,3.5,349114,-115,3.5,2026-09-03 05:13:56.618657+00:00,0,0.0,0.5348837209302325,0.5348837209302325,0.0,0.0,2,total,under,True,False,False,SGO,3.5,SGO,1,False
VsqhAAAjdKFXpgAC6PJZ,tampa bay rays,texas rangers,espnbet,ou,under,,,points,points-away-game-ou-under,game,pregame,2026-09-04 00:05:00+00:00,-145,4.5,2026-09-03 05:14:08.749400+00:00,2026-09-03 05:11:20.403000+00:00,1.0,MLB_SGO_MARKET_HISTORY.csv,-145,4.5,349093,-145,4.5,2026-09-03 05:13:56.618657+00:00,0,0.0,0.5918367346938775,0.5918367346938775,0.0,0.0,2,total,under,True,False,False,SGO,4.5,SGO,1,False
VsqhAAAjdKFXpgAC6PJZ,tampa bay rays,texas rangers,espnbet,ou,under,,,points,points-all-game-ou-under,game,pregame,2026-09-04 00:05:00+00:00,100,7.5,2026-09-03 05:14:08.749191+00:00,2026-09-03 05:09:43.505000+00:00,1.0,MLB_SGO_MARKET_HISTORY.csv,100,7.5,349038,100,7.5,2026-09-03 05:13:56.618657+00:00,0,0.0,0.5,0.5,0.0,0.0,2,total,under,True,False,False,SGO,7.5,SGO,1,False
3ce16b1285f3f868ac4262314873f267,tampa bay rays,texas rangers,fanduel,h2h,Tampa Bay Rays,,,,,,pregame,2026-09-04 00:05:00+00:00,-126,,2026-09-03 05:14:09.062304+00:00,2026-09-03 05:13:36+00:00,,MLB_ODDS_API_MARKET_HISTORY.csv,-126,,7820,-126,,2026-09-03 05:13:57.019887+00:00,0,,0.5575221238938053,0.5575221238938053,0.0,0.0,2,moneyline,tampa bay rays,True,False,False,ODDS_API,,"ODDS_API,SGO",2,True
3ce16b1285f3f868ac4262314873f267,tampa bay rays,texas rangers,fanduel,h2h,Texas Rangers,,,,,,pregame,2026-09-04 00:05:00+00:00,108,,2026-09-03 05:14:09.062308+00:00,2026-09-03 05:13:36+00:00,,MLB_ODDS_API_MARKET_HISTORY.csv,108,,7821,108,,2026-09-03 05:13:57.019887+00:00,0,,0.4807692307692308,0.4807692307692308,0.0,0.0,2,moneyline,texas rangers,True,False,False,ODDS_API,,"ODDS_API,SGO",2,True
3ce16b1285f3f868ac4262314873f267,tampa bay rays,texas rangers,fanduel,spreads,Tampa Bay Rays,,,,,,pregame,2026-09-04 00:05:00+00:00,136,-1.5,2026-09-03 05:14:09.062312+00:00,2026-09-03 05:13:36+00:00,,MLB_ODDS_API_MARKET_HISTORY.csv,136,-1.5,7822,136,-1.5,2026-09-03 05:13:57.019887+00:00,0,0.0,0.423728813559322,0.423728813559322,0.0,0.0,2,spread,tampa bay rays,True,False,False,ODDS_API,-1.5,"ODDS_API,SGO",2,True
3ce16b1285f3f868ac4262314873f267,tampa bay rays,texas rangers,fanduel,spreads,Texas Rangers,,,,,,pregame,2026-09-04 00:05:00+00:00,-164,1.5,2026-09-03 05:14:09.062315+00:00,2026-09-03 05:13:36+00:00,,MLB_ODDS_API_MARKET_HISTORY.csv,-164,1.5,7823,-164,1.5,2026-09-03 05:13:57.019887+00:00,0,0.0,0.6212121212121212,0.6212121212121212,0.0,0.0,2,spread,texas rangers,True,False,False,ODDS_API,1.5,"ODDS_API,SGO",2,True
VsqhAAAjdKFXpgAC6PJZ,tampa bay rays,texas rangers,fanduel,ou,over,,,points,points-away-game-ou-over,game,pregame,2026-09-04 00:05:00+00:00,-150,3.5,2026-09-03 05:14:08.749378+00:00,2026-09-03 05:09:55.898000+00:00,1.0,MLB_SGO_MARKET_HISTORY.csv,-150,3.5,349087,-150,3.5,2026-09-03 05:13:56.618657+00:00,0,0.0,0.6,0.6,0.0,0.0,2,total,over,True,False,False,SGO,3.5,SGO,2,False
3ce16b1285f3f868ac4262314873f267,tampa bay rays,texas rangers,fanduel,totals,Over,,,,,,pregame,2026-09-04 00:05:00+00:00,-120,7.5,2026-09-03 05:14:09.062319+00:00,2026-09-03 05:13:36+00:00,,MLB_ODDS_API_MARKET_HISTORY.csv,-120,7.5,7824,-120,7.5,2026-09-03 05:13:57.019887+00:00,0,0.0,0.5454545454545454,0.5454545454545454,0.0,0.0,2,total,over,True,False,False,ODDS_API,7.5,"ODDS_API,SGO",2,True
VsqhAAAjdKFXpgAC6PJZ,tampa bay rays,texas rangers,fanduel,ou,under,,,points,points-away-game-ou-under,game,pregame,2026-09-04 00:05:00+00:00,118,3.5,2026-09-03 05:14:08.749396+00:00,2026-09-03 05:09:55.898000+00:00,1.0,MLB_SGO_MARKET_HISTORY.csv,118,3.5,349092,118,3.5,2026-09-03 05:13:56.618657+00:00,0,0.0,0.4587155963302752,0.4587155963302752,0.0,0.0,2,total,under,True,False,False,SGO,3.5,SGO,2,False
3ce16b1285f3f868ac4262314873f267,tampa bay rays,texas rangers,fanduel,totals,Under,,,,,,pregame,2026-09-04 00:05:00+00:00,-102,7.5,2026-09-03 05:14:09.062323+00:00,2026-09-03 05:13:36+00:00,,MLB_ODDS_API_MARKET_HISTORY.csv,-102,7.5,7825,-102,7.5,2026-09-03 05:13:57.019887+00:00,0,0.0,0.504950495049505,0.504950495049505,0.0,0.0,2,total,under,True,False,False,ODDS_API,7.5,"ODDS_API,SGO",2,True
3ce16b1285f3f868ac4262314873f267,tampa bay rays,texas rangers,lowvig,h2h,Tampa Bay Rays,,,,,,pregame,2026-09-04 00:05:00+00:00,-122,,2026-09-03 05:14:09.062459+00:00,2026-09-03 05:13:38+00:00,,MLB_ODDS_API_MARKET_HISTORY.csv,-122,,7862,-122,,2026-09-03 05:13:57.019887+00:00,0,,0.5495495495495496,0.5495495495495496,0.0,0.0,2,moneyline,tampa bay rays,True,False,False,ODDS_API,,ODDS_API,1,False
3ce16b1285f3f868ac4262314873f267,tampa bay rays,texas rangers,lowvig,h2h,Texas Rangers,,,,,,pregame,2026-09-04 00:05:00+00:00,111,,2026-09-03 05:14:09.062462+00:00,2026-09-03 05:13:38+00:00,,MLB_ODDS_API_MARKET_HISTORY.csv,111,,7863,111,,2026-09-03 05:13:57.019887+00:00,0,,0.4739336492890995,0.4739336492890995,0.0,0.0,2,moneyline,texas rangers,True,False,False,ODDS_API,,ODDS_API,1,False
3ce16b1285f3f868ac4262314873f267,tampa bay rays,texas rangers,lowvig,spreads,Tampa Bay Rays,,,,,,pregame,2026-09-04 00:05:00+00:00,138,-1.5,2026-09-03 05:14:09.062466+00:00,2026-09-03 05:13:38+00:00,,MLB_ODDS_API_MARKET_HISTORY.csv,138,-1.5,7864,138,-1.5,2026-09-03 05:13:57.019887+00:00,0,0.0,0.4201680672268907,0.4201680672268907,0.0,0.0,2,spread,tampa bay rays,True,False,False,ODDS_API,-1.5,ODDS_API,1,False
3ce16b1285f3f868ac4262314873f267,tampa bay rays,texas rangers,lowvig,spreads,Texas Rangers,,,,,,pregame,2026-09-04 00:05:00+00:00,-156,1.5,2026-09-03 05:14:09.062470+00:00,2026-09-03 05:13:38+00:00,,MLB_ODDS_API_MARKET_HISTORY.csv,-156,1.5,7865,-156,1.5,2026-09-03 05:13:57.019887+00:00,0,0.0,0.609375,0.609375,0.0,0.0,2,spread,texas rangers,True,False,False,ODDS_API,1.5,ODDS_API,1,False
3ce16b1285f3f868ac4262314873f267,tampa bay rays,texas rangers,lowvig,totals,Over,,,,,,pregame,2026-09-04 00:05:00+00:00,-118,7.5,2026-09-03 05:14:09.062473+00:00,2026-09-03 05:13:38+00:00,,MLB_ODDS_API_MARKET_HISTORY.csv,-118,7.5,7866,-118,7.5,2026-09-03 05:13:57.019887+00:00,0,0.0,0.5412844036697247,0.5412844036697247,0.0,0.0,2,total,over,True,False,False,ODDS_API,7.5,ODDS_API,1,False
3ce16b1285f3f868ac4262314873f267,tampa bay rays,texas rangers,lowvig,totals,Under,,,,,,pregame,2026-09-04 00:05:00+00:00,103,7.5,2026-09-03 05:14:09.062477+00:00,2026-09-03 05:13:38+00:00,,MLB_ODDS_API_MARKET_HISTORY.csv,103,7.5,7867,103,7.5,2026-09-03 05:13:57.019887+00:00,0,0.0,0.4926108374384236,0.4926108374384236,0.0,0.0,2,total,under,True,False,False,ODDS_API,7.5,ODDS_API,1,False
3ce16b1285f3f868ac4262314873f267,tampa bay rays,texas rangers,mybookieag,h2h,Tampa Bay Rays,,,,,,pregame,2026-09-04 00:05:00+00:00,-125,,2026-09-03 05:14:09.062326+00:00,2026-09-03 05:12:15+00:00,,MLB_ODDS_API_MARKET_HISTORY.csv,-125,,7826,-125,,2026-09-03 05:13:57.019887+00:00,0,,0.5555555555555556,0.5555555555555556,0.0,0.0,2,moneyline,tampa bay rays,True,False,False,ODDS_API,,ODDS_API,1,False
3ce16b1285f3f868ac4262314873f267,tampa bay rays,texas rangers,mybookieag,h2h,Texas Rangers,,,,,,pregame,2026-09-04 00:05:00+00:00,106,,2026-09-03 05:14:09.062330+00:00,2026-09-03 05:12:15+00:00,,MLB_ODDS_API_MARKET_HISTORY.csv,106,,7827,106,,2026-09-03 05:13:57.019887+00:00,0,,0.4854368932038835,0.4854368932038835,0.0,0.0,2,moneyline,texas rangers,True,False,False,ODDS_API,,ODDS_API,1,False
3ce16b1285f3f868ac4262314873f267,tampa bay rays,texas rangers,mybookieag,spreads,Tampa Bay Rays,,,,,,pregame,2026-09-04 00:05:00+00:00,134,-1.5,2026-09-03 05:14:09.062334+00:00,2026-09-03 05:12:15+00:00,,MLB_ODDS_API_MARKET_HISTORY.csv,134,-1.5,7828,134,-1.5,2026-09-03 05:13:57.019887+00:00,0,0.0,0.4273504273504273,0.4273504273504273,0.0,0.0,2,spread,tampa bay rays,True,False,False,ODDS_API,-1.5,ODDS_API,1,False
3ce16b1285f3f868ac4262314873f267,tampa bay rays,texas rangers,mybookieag,spreads,Texas Rangers,,,,,,pregame,2026-09-04 00:05:00+00:00,-158,1.5,2026-09-03 05:14:09.062337+00:00,2026-09-03 05:12:15+00:00,,MLB_ODDS_API_MARKET_HISTORY.csv,-158,1.5,7829,-158,1.5,2026-09-03 05:13:57.019887+00:00,0,0.0,0.6124031007751938,0.6124031007751938,0.0,0.0,2,spread,texas rangers,True,False,False,ODDS_API,1.5,ODDS_API,1,False
3ce16b1285f3f868ac4262314873f267,tampa bay rays,texas rangers,mybookieag,totals,Over,,,,,,pregame,2026-09-04 00:05:00+00:00,-104,8.0,2026-09-03 05:14:09.062341+00:00,2026-09-03 05:12:15+00:00,,MLB_ODDS_API_MARKET_HISTORY.csv,-104,8.0,7830,-104,8.0,2026-09-03 05:13:57.019887+00:00,0,0.0,0.5098039215686274,0.5098039215686274,0.0,0.0,2,total,over,True,False,False,ODDS_API,8.0,ODDS_API,1,False
3ce16b1285f3f868ac4262314873f267,tampa bay rays,texas rangers,mybookieag,totals,Under,,,,,,pregame,2026-09-04 00:05:00+00:00,-117,8.0,2026-09-03 05:14:09.062345+00:00,2026-09-03 05:12:15+00:00,,MLB_ODDS_API_MARKET_HISTORY.csv,-117,8.0,7831,-117,8.0,2026-09-03 05:13:57.019887+00:00,0,0.0,0.5391705069124424,0.5391705069124424,0.0,0.0,2,total,under,True,False,False,ODDS_API,8.0,ODDS_API,1,False
VsqhAAAjdKFXpgAC6PJZ,tampa bay rays,texas rangers,pointsbet,ml,away,,,points,points-away-game-ml-away,game,pregame,2026-09-04 00:05:00+00:00,-125,,2026-09-03 05:14:08.749089+00:00,2026-09-03 05:09:53.505000+00:00,1.0,MLB_SGO_MARKET_HISTORY.csv,-125,,349011,-125,,2026-09-03 05:13:56.618657+00:00,0,,0.5555555555555556,0.5555555555555556,0.0,0.0,2,moneyline,tampa bay rays,True,False,False,SGO,,SGO,1,False
VsqhAAAjdKFXpgAC6PJZ,tampa bay rays,texas rangers,pointsbet,ml,home,,,points,points-home-game-ml-home,game,pregame,2026-09-04 00:05:00+00:00,105,,2026-09-03 05:14:08.749123+00:00,2026-09-03 05:09:53.505000+00:00,1.0,MLB_SGO_MARKET_HISTORY.csv,105,,349020,105,,2026-09-03 05:13:56.618657+00:00,0,,0.4878048780487805,0.4878048780487805,0.0,0.0,2,moneyline,texas rangers,True,False,False,SGO,,SGO,1,False
VsqhAAAjdKFXpgAC6PJZ,tampa bay rays,texas rangers,pointsbet,sp,away,,,points,points-away-game-sp-away,game,pregame,2026-09-04 00:05:00+00:00,130,-1.5,2026-09-03 05:14:08.749217+00:00,2026-09-03 05:09:53.505000+00:00,1.0,MLB_SGO_MARKET_HISTORY.csv,130,-1.5,349045,130,-1.5,2026-09-03 05:13:56.618657+00:00,0,0.0,0.4347826086956521,0.4347826086956521,0.0,0.0,2,spread,tampa bay rays,True,False,False,SGO,-1.5,SGO,1,False
VsqhAAAjdKFXpgAC6PJZ,tampa bay rays,texas rangers,pointsbet,sp,home,,,points,points-home-game-sp-home,game,pregame,2026-09-04 00:05:00+00:00,-149,1.5,2026-09-03 05:14:08.749249+00:00,2026-09-03 05:09:53.505000+00:00,1.0,MLB_SGO_MARKET_HISTORY.csv,-149,1.5,349053,-149,1.5,2026-09-03 05:13:56.618657+00:00,0,0.0,0.5983935742971888,0.5983935742971888,0.0,0.0,2,spread,texas rangers,True,False,False,SGO,1.5,SGO,1,False
VsqhAAAjdKFXpgAC6PJZ,tampa bay rays,texas rangers,pointsbet,ou,over,,,points,points-all-game-ou-over,game,pregame,2026-09-04 00:05:00+00:00,-120,7.5,2026-09-03 05:14:08.749157+00:00,2026-09-03 05:09:53.505000+00:00,1.0,MLB_SGO_MARKET_HISTORY.csv,-120,7.5,349029,-120,7.5,2026-09-03 05:13:56.618657+00:00,0,0.0,0.5454545454545454,0.5454545454545454,0.0,0.0,2,total,over,True,False,False,SGO,7.5,SGO,1,False
VsqhAAAjdKFXpgAC6PJZ,tampa bay rays,texas rangers,pointsbet,ou,under,,,points,points-all-game-ou-under,game,pregame,2026-09-04 00:05:00+00:00,100,7.5,2026-09-03 05:14:08.749187+00:00,2026-09-03 05:09:53.505000+00:00,1.0,MLB_SGO_MARKET_HISTORY.csv,100,7.5,349037,100,7.5,2026-09-03 05:13:56.618657+00:00,0,0.0,0.5,0.5,0.0,0.0,2,total,under,True,False,False,SGO,7.5,SGO,1,False
VsqhAAAjdKFXpgAC6PJZ,tampa bay rays,texas rangers,unibet,ml,away,,,points,points-away-game-ml-away,game,pregame,2026-09-04 00:05:00+00:00,-128,,2026-09-03 05:14:08.749093+00:00,2026-09-03 05:09:54.505000+00:00,1.0,MLB_SGO_MARKET_HISTORY.csv,-128,,349012,-128,,2026-09-03 05:13:56.618657+00:00,0,,0.5614035087719298,0.5614035087719298,0.0,0.0,2,moneyline,tampa bay rays,True,False,False,SGO,,SGO,1,False
VsqhAAAjdKFXpgAC6PJZ,tampa bay rays,texas rangers,unibet,ml,home,,,points,points-home-game-ml-home,game,pregame,2026-09-04 00:05:00+00:00,104,,2026-09-03 05:14:08.749127+00:00,2026-09-03 05:09:54.505000+00:00,1.0,MLB_SGO_MARKET_HISTORY.csv,104,,349021,104,,2026-09-03 05:13:56.618657+00:00,0,,0.4901960784313725,0.4901960784313725,0.0,0.0,2,moneyline,texas rangers,True,False,False,SGO,,SGO,1,False
VsqhAAAjdKFXpgAC6PJZ,tampa bay rays,texas rangers,unibet,sp,away,,,points,points-away-game-sp-away,game,pregame,2026-09-04 00:05:00+00:00,135,-1.5,2026-09-03 05:14:08.749241+00:00,2026-09-03 05:09:53.005000+00:00,1.0,MLB_SGO_MARKET_HISTORY.csv,135,-1.5,349051,135,-1.5,2026-09-03 05:13:56.618657+00:00,0,0.0,0.425531914893617,0.425531914893617,0.0,0.0,2,spread,tampa bay rays,True,False,False,SGO,-1.5,SGO,1,False
VsqhAAAjdKFXpgAC6PJZ,tampa bay rays,texas rangers,unibet,sp,home,,,points,points-home-game-sp-home,game,pregame,2026-09-04 00:05:00+00:00,-167,1.5,2026-09-03 05:14:08.749272+00:00,2026-09-03 05:09:53.005000+00:00,1.0,MLB_SGO_MARKET_HISTORY.csv,-167,1.5,349059,-167,1.5,2026-09-03 05:13:56.618657+00:00,0,0.0,0.6254681647940075,0.6254681647940075,0.0,0.0,2,spread,texas rangers,True,False,False,SGO,1.5,SGO,1,False
VsqhAAAjdKFXpgAC6PJZ,tampa bay rays,texas rangers,unibet,ou,over,,,points,points-all-game-ou-over,game,pregame,2026-09-04 00:05:00+00:00,-114,7.5,2026-09-03 05:14:08.749180+00:00,2026-09-03 05:09:53.005000+00:00,1.0,MLB_SGO_MARKET_HISTORY.csv,-114,7.5,349035,-114,7.5,2026-09-03 05:13:56.618657+00:00,0,0.0,0.5327102803738317,0.5327102803738317,0.0,0.0,2,total,over,True,False,False,SGO,7.5,SGO,1,False
VsqhAAAjdKFXpgAC6PJZ,tampa bay rays,texas rangers,unibet,ou,under,,,points,points-all-game-ou-under,game,pregame,2026-09-04 00:05:00+00:00,-107,7.5,2026-09-03 05:14:08.749210+00:00,2026-09-03 05:09:53.005000+00:00,1.0,MLB_SGO_MARKET_HISTORY.csv,-107,7.5,349043,-107,7.5,2026-09-03 05:13:56.618657+00:00,0,0.0,0.5169082125603864,0.5169082125603864,0.0,0.0,2,total,under,True,False,False,SGO,7.5,SGO,1,False
VsqhAAAjdKFXpgAC6PJZ,tampa bay rays,texas rangers,williamhill,ml,away,,,points,points-away-game-ml-away,game,pregame,2026-09-04 00:05:00+00:00,-125,,2026-09-03 05:14:08.749115+00:00,2026-09-03 05:09:43.505000+00:00,1.0,MLB_SGO_MARKET_HISTORY.csv,-125,,349018,-125,,2026-09-03 05:13:56.618657+00:00,0,,0.5555555555555556,0.5555555555555556,0.0,0.0,2,moneyline,tampa bay rays,True,False,False,SGO,,SGO,1,False
VsqhAAAjdKFXpgAC6PJZ,tampa bay rays,texas rangers,williamhill,ml,home,,,points,points-home-game-ml-home,game,pregame,2026-09-04 00:05:00+00:00,100,,2026-09-03 05:14:08.749150+00:00,2026-09-03 05:09:43.505000+00:00,1.0,MLB_SGO_MARKET_HISTORY.csv,100,,349027,100,,2026-09-03 05:13:56.618657+00:00,0,,0.5,0.5,0.0,0.0,2,moneyline,texas rangers,True,False,False,SGO,,SGO,1,False
5552db2bbb6ea8db5548a0b2bd77cc77,toronto blue jays,cleveland guardians,betmgm,h2h,Cleveland Guardians,,,,,,pregame,2026-09-02 22:41:00+00:00,110,,2026-09-02 12:03:02.767951+00:00,2026-09-02 12:02:55+00:00,,MLB_ODDS_API_MARKET_HISTORY.csv,110,,6528,110,,2026-09-02 03:08:28.144202+00:00,0,,0.4761904761904761,0.4761904761904761,0.0,0.0,9,moneyline,cleveland guardians,True,False,False,ODDS_API,,"ODDS_API,SGO",4,True
5552db2bbb6ea8db5548a0b2bd77cc77,toronto blue jays,cleveland guardians,betmgm,h2h,Toronto Blue Jays,,,,,,pregame,2026-09-02 22:41:00+00:00,-135,,2026-09-02 12:03:02.767951+00:00,2026-09-02 12:02:55+00:00,,MLB_ODDS_API_MARKET_HISTORY.csv,-135,,6529,-135,,2026-09-02 03:08:28.144210+00:00,0,,0.574468085106383,0.574468085106383,0.0,0.0,9,moneyline,toronto blue jays,True,False,False,ODDS_API,,"ODDS_API,SGO",4,True
5552db2bbb6ea8db5548a0b2bd77cc77,toronto blue jays,cleveland guardians,betmgm,spreads,Cleveland Guardians,,,,,,pregame,2026-09-02 22:41:00+00:00,-165,1.5,2026-09-02 12:03:02.767951+00:00,2026-09-02 12:02:55+00:00,,MLB_ODDS_API_MARKET_HISTORY.csv,-165,1.5,6530,-170,1.5,2026-09-02 03:08:28.144218+00:00,5,0.0,0.6296296296296297,0.6226415094339622,-0.6988120195667413,0.6988120195667413,9,spread,cleveland guardians,True,True,False,ODDS_API,1.5,"ODDS_API,SGO",4,True
5552db2bbb6ea8db5548a0b2bd77cc77,toronto blue jays,cleveland guardians,betmgm,spreads,Toronto Blue Jays,,,,,,pregame,2026-09-02 22:41:00+00:00,135,-1.5,2026-09-02 12:03:02.767951+00:00,2026-09-02 12:02:55+00:00,,MLB_ODDS_API_MARKET_HISTORY.csv,135,-1.5,6531,140,-1.5,2026-09-02 03:08:28.144226+00:00,-5,0.0,0.4166666666666667,0.425531914893617,0.886524822695034,0.886524822695034,9,spread,toronto blue jays,True,True,False,ODDS_API,-1.5,"ODDS_API,SGO",4,True
5552db2bbb6ea8db5548a0b2bd77cc77,toronto blue jays,cleveland guardians,betmgm,totals,Over,,,,,,pregame,2026-09-02 22:41:00+00:00,-115,7.0,2026-09-02 12:03:02.767951+00:00,2026-09-02 12:02:55+00:00,,MLB_ODDS_API_MARKET_HISTORY.csv,-115,7.0,6532,-115,7.0,2026-09-02 03:08:28.144235+00:00,0,0.0,0.5348837209302325,0.5348837209302325,0.0,0.0,9,total,over,True,False,False,ODDS_API,7.0,"ODDS_API,SGO",2,True
e956df5f498f78f522f5b8656f304df4,toronto blue jays,cleveland guardians,betmgm,totals,Over,,,,,,pregame,2026-09-03 17:10:00+00:00,-105,8.0,2026-09-03 05:14:09.061403+00:00,2026-09-03 05:13:16+00:00,,MLB_ODDS_API_MARKET_HISTORY.csv,-105,8.0,7578,-105,8.0,2026-09-03 05:13:57.019887+00:00,0,0.0,0.5121951219512195,0.5121951219512195,0.0,0.0,2,total,over,True,False,False,ODDS_API,8.0,"ODDS_API,SGO",2,True
5552db2bbb6ea8db5548a0b2bd77cc77,toronto blue jays,cleveland guardians,betmgm,totals,Under,,,,,,pregame,2026-09-02 22:41:00+00:00,-105,7.0,2026-09-02 12:03:02.767951+00:00,2026-09-02 12:02:55+00:00,,MLB_ODDS_API_MARKET_HISTORY.csv,-105,7.0,6533,-105,7.0,2026-09-02 03:08:28.144243+00:00,0,0.0,0.5121951219512195,0.5121951219512195,0.0,0.0,9,total,under,True,False,False,ODDS_API,7.0,"ODDS_API,SGO",2,True
e956df5f498f78f522f5b8656f304df4,toronto blue jays,cleveland guardians,betmgm,totals,Under,,,,,,pregame,2026-09-03 17:10:00+00:00,-115,8.0,2026-09-03 05:14:09.061407+00:00,2026-09-03 05:13:16+00:00,,MLB_ODDS_API_MARKET_HISTORY.csv,-115,8.0,7579,-115,8.0,2026-09-03 05:13:57.019887+00:00,0,0.0,0.5348837209302325,0.5348837209302325,0.0,0.0,2,total,under,True,False,False,ODDS_API,8.0,"ODDS_API,SGO",2,True
5552db2bbb6ea8db5548a0b2bd77cc77,toronto blue jays,cleveland guardians,betonlineag,h2h,Cleveland Guardians,,,,,,pregame,2026-09-02 22:41:00+00:00,112,,2026-09-02 12:03:02.767951+00:00,2026-09-02 12:02:12+00:00,,MLB_ODDS_API_MARKET_HISTORY.csv,112,,6516,118,,2026-09-02 03:08:28.144105+00:00,-6,,0.4587155963302752,0.4716981132075472,1.298251687727192,1.298251687727192,9,moneyline,cleveland guardians,True,True,False,ODDS_API,,ODDS_API,2,False
5552db2bbb6ea8db5548a0b2bd77cc77,toronto blue jays,cleveland guardians,betonlineag,h2h,Toronto Blue Jays,,,,,,pregame,2026-09-02 22:41:00+00:00,-123,,2026-09-02 12:03:02.767951+00:00,2026-09-02 12:02:12+00:00,,MLB_ODDS_API_MARKET_HISTORY.csv,-123,,6517,-130,,2026-09-02 03:08:28.144113+00:00,7,,0.5652173913043478,0.5515695067264574,-1.3647884577890346,1.3647884577890346,9,moneyline,toronto blue jays,True,True,False,ODDS_API,,ODDS_API,2,False
e956df5f498f78f522f5b8656f304df4,toronto blue jays,cleveland guardians,betonlineag,spreads,Cleveland Guardians,,,,,,pregame,2026-09-03 17:10:00+00:00,180,-1.5,2026-09-03 05:14:09.061330+00:00,2026-09-03 05:13:35+00:00,,MLB_ODDS_API_MARKET_HISTORY.csv,180,-1.5,7558,180,-1.5,2026-09-03 05:13:57.019887+00:00,0,0.0,0.3571428571428571,0.3571428571428571,0.0,0.0,2,spread,cleveland guardians,True,False,False,ODDS_API,-1.5,ODDS_API,1,False
5552db2bbb6ea8db5548a0b2bd77cc77,toronto blue jays,cleveland guardians,betonlineag,spreads,Cleveland Guardians,,,,,,pregame,2026-09-02 22:41:00+00:00,-163,1.5,2026-09-02 12:03:02.767951+00:00,2026-09-02 12:02:12+00:00,,MLB_ODDS_API_MARKET_HISTORY.csv,-163,1.5,6518,-160,1.5,2026-09-02 03:08:28.144121+00:00,-3,0.0,0.6153846153846154,0.6197718631178707,0.4387247733255273,0.4387247733255273,9,spread,cleveland guardians,True,True,False,ODDS_API,1.5,ODDS_API,1,False
5552db2bbb6ea8db5548a0b2bd77cc77,toronto blue jays,cleveland guardians,betonlineag,spreads,Toronto Blue Jays,,,,,,pregame,2026-09-02 22:41:00+00:00,143,-1.5,2026-09-02 12:03:02.767951+00:00,2026-09-02 12:02:12+00:00,,MLB_ODDS_API_MARKET_HISTORY.csv,143,-1.5,6519,140,-1.5,2026-09-02 03:08:28.144129+00:00,3,0.0,0.4166666666666667,0.411522633744856,-0.5144032921810704,0.5144032921810704,9,spread,toronto blue jays,True,True,False,ODDS_API,-1.5,ODDS_API,1,False
e956df5f498f78f522f5b8656f304df4,toronto blue jays,cleveland guardians,betonlineag,spreads,Toronto Blue Jays,,,,,,pregame,2026-09-03 17:10:00+00:00,-210,1.5,2026-09-03 05:14:09.061333+00:00,2026-09-03 05:13:35+00:00,,MLB_ODDS_API_MARKET_HISTORY.csv,-210,1.5,7559,-210,1.5,2026-09-03 05:13:57.019887+00:00,0,0.0,0.6774193548387096,0.6774193548387096,0.0,0.0,2,spread,toronto blue jays,True,False,False,ODDS_API,1.5,ODDS_API,1,False
5552db2bbb6ea8db5548a0b2bd77cc77,toronto blue jays,cleveland guardians,betonlineag,totals,Over,,,,,,pregame,2026-09-02 22:41:00+00:00,-115,7.0,2026-09-02 12:03:02.767951+00:00,2026-09-02 12:02:12+00:00,,MLB_ODDS_API_MARKET_HISTORY.csv,-115,7.0,6520,-115,7.0,2026-09-02 03:08:28.144137+00:00,0,0.0,0.5348837209302325,0.5348837209302325,0.0,0.0,9,total,over,True,False,False,ODDS_API,7.0,ODDS_API,1,False
e956df5f498f78f522f5b8656f304df4,toronto blue jays,cleveland guardians,betonlineag,totals,Over,,,,,,pregame,2026-09-03 17:10:00+00:00,-120,7.5,2026-09-03 05:14:09.061337+00:00,2026-09-03 05:13:35+00:00,,MLB_ODDS_API_MARKET_HISTORY.csv,-120,7.5,7560,-120,7.5,2026-09-03 05:13:57.019887+00:00,0,0.0,0.5454545454545454,0.5454545454545454,0.0,0.0,2,total,over,True,False,False,ODDS_API,7.5,ODDS_API,1,False
5552db2bbb6ea8db5548a0b2bd77cc77,toronto blue jays,cleveland guardians,betonlineag,totals,Under,,,,,,pregame,2026-09-02 22:41:00+00:00,-105,7.0,2026-09-02 12:03:02.767951+00:00,2026-09-02 12:02:12+00:00,,MLB_ODDS_API_MARKET_HISTORY.csv,-105,7.0,6521,-105,7.0,2026-09-02 03:08:28.144145+00:00,0,0.0,0.5121951219512195,0.5121951219512195,0.0,0.0,9,total,under,True,False,False,ODDS_API,7.0,ODDS_API,1,False
e956df5f498f78f522f5b8656f304df4,toronto blue jays,cleveland guardians,betonlineag,totals,Under,,,,,,pregame,2026-09-03 17:10:00+00:00,100,7.5,2026-09-03 05:14:09.061341+00:00,2026-09-03 05:13:35+00:00,,MLB_ODDS_API_MARKET_HISTORY.csv,100,7.5,7561,100,7.5,2026-09-03 05:13:57.019887+00:00,0,0.0,0.5,0.5,0.0,0.0,2,total,under,True,False,False,ODDS_API,7.5,ODDS_API,1,False
5552db2bbb6ea8db5548a0b2bd77cc77,toronto blue jays,cleveland guardians,betrivers,h2h,Cleveland Guardians,,,,,,pregame,2026-09-02 22:41:00+00:00,108,,2026-09-02 12:03:02.767951+00:00,2026-09-02 12:02:55+00:00,,MLB_ODDS_API_MARKET_HISTORY.csv,108,,6540,106,,2026-09-02 03:08:28.144300+00:00,2,,0.4854368932038835,0.4807692307692308,-0.4667662434652719,0.4667662434652719,9,moneyline,cleveland guardians,True,True,False,ODDS_API,,ODDS_API,2,False
5552db2bbb6ea8db5548a0b2bd77cc77,toronto blue jays,cleveland guardians,betrivers,h2h,Toronto Blue Jays,,,,,,pregame,2026-09-02 22:41:00+00:00,-129,,2026-09-02 12:03:02.767951+00:00,2026-09-02 12:02:55+00:00,,MLB_ODDS_API_MARKET_HISTORY.csv,-129,,6541,-127,,2026-09-02 03:08:28.144308+00:00,-2,,0.5594713656387665,0.5633187772925764,0.3847411653809862,0.3847411653809862,9,moneyline,toronto blue jays,True,True,False,ODDS_API,,ODDS_API,2,False
e956df5f498f78f522f5b8656f304df4,toronto blue jays,cleveland guardians,betrivers,spreads,Cleveland Guardians,,,,,,pregame,2026-09-03 17:10:00+00:00,-152,1.0,2026-09-03 05:14:09.061484+00:00,2026-09-03 05:13:36+00:00,,MLB_ODDS_API_MARKET_HISTORY.csv,-152,1.0,7600,-152,1.0,2026-09-03 05:13:57.019887+00:00,0,0.0,0.6031746031746031,0.6031746031746031,0.0,0.0,2,spread,cleveland guardians,True,False,False,ODDS_API,1.0,ODDS_API,1,False
5552db2bbb6ea8db5548a0b2bd77cc77,toronto blue jays,cleveland guardians,betrivers,spreads,Cleveland Guardians,,,,,,pregame,2026-09-02 22:41:00+00:00,-165,1.5,2026-09-02 12:03:02.767951+00:00,2026-09-02 12:02:55+00:00,,MLB_ODDS_API_MARKET_HISTORY.csv,-165,1.5,6542,-175,1.5,2026-09-02 03:08:28.144316+00:00,10,0.0,0.6363636363636364,0.6226415094339622,-1.3722126929674117,1.3722126929674117,9,spread,cleveland guardians,True,True,False,ODDS_API,1.5,ODDS_API,1,False
5552db2bbb6ea8db5548a0b2bd77cc77,toronto blue jays,cleveland guardians,betrivers,spreads,Toronto Blue Jays,,,,,,pregame,2026-09-02 22:41:00+00:00,135,-1.5,2026-09-02 12:03:02.767951+00:00,2026-09-02 12:02:55+00:00,,MLB_ODDS_API_MARKET_HISTORY.csv,135,-1.5,6543,138,-1.5,2026-09-02 03:08:28.144324+00:00,-3,0.0,0.4201680672268907,0.425531914893617,0.5363847666726262,0.5363847666726262,9,spread,toronto blue jays,True,True,False,ODDS_API,-1.5,ODDS_API,1,False
e956df5f498f78f522f5b8656f304df4,toronto blue jays,cleveland guardians,betrivers,spreads,Toronto Blue Jays,,,,,,pregame,2026-09-03 17:10:00+00:00,125,-1.0,2026-09-03 05:14:09.061488+00:00,2026-09-03 05:13:36+00:00,,MLB_ODDS_API_MARKET_HISTORY.csv,125,-1.0,7601,125,-1.0,2026-09-03 05:13:57.019887+00:00,0,0.0,0.4444444444444444,0.4444444444444444,0.0,0.0,2,spread,toronto blue jays,True,False,False,ODDS_API,-1.0,ODDS_API,1,False
5552db2bbb6ea8db5548a0b2bd77cc77,toronto blue jays,cleveland guardians,betrivers,totals,Over,,,,,,pregame,2026-09-02 22:41:00+00:00,-127,7.0,2026-09-02 12:03:02.767951+00:00,2026-09-02 12:02:55+00:00,,MLB_ODDS_API_MARKET_HISTORY.csv,-127,7.0,6544,-129,7.0,2026-09-02 03:08:28.144332+00:00,2,0.0,0.5633187772925764,0.5594713656387665,-0.3847411653809862,0.3847411653809862,9,total,over,True,True,False,ODDS_API,7.0,ODDS_API,1,False
e956df5f498f78f522f5b8656f304df4,toronto blue jays,cleveland guardians,betrivers,totals,Over,,,,,,pregame,2026-09-03 17:10:00+00:00,104,8.5,2026-09-03 05:14:09.061500+00:00,2026-09-03 05:13:36+00:00,,MLB_ODDS_API_MARKET_HISTORY.csv,104,8.5,7602,104,8.5,2026-09-03 05:13:57.019887+00:00,0,0.0,0.4901960784313725,0.4901960784313725,0.0,0.0,2,total,over,True,False,False,ODDS_API,8.5,ODDS_API,1,False
5552db2bbb6ea8db5548a0b2bd77cc77,toronto blue jays,cleveland guardians,betrivers,totals,Under,,,,,,pregame,2026-09-02 22:41:00+00:00,-112,7.0,2026-09-02 12:03:02.767951+00:00,2026-09-02 12:02:55+00:00,,MLB_ODDS_API_MARKET_HISTORY.csv,-112,7.0,6545,-112,7.0,2026-09-02 03:08:28.144340+00:00,0,0.0,0.5283018867924528,0.5283018867924528,0.0,0.0,9,total,under,True,False,False,ODDS_API,7.0,ODDS_API,1,False
e956df5f498f78f522f5b8656f304df4,toronto blue jays,cleveland guardians,betrivers,totals,Under,,,,,,pregame,2026-09-03 17:10:00+00:00,-125,8.5,2026-09-03 05:14:09.061504+00:00,2026-09-03 05:13:36+00:00,,MLB_ODDS_API_MARKET_HISTORY.csv,-125,8.5,7603,-125,8.5,2026-09-03 05:13:57.019887+00:00,0,0.0,0.5555555555555556,0.5555555555555556,0.0,0.0,2,total,under,True,False,False,ODDS_API,8.5,ODDS_API,1,False
5552db2bbb6ea8db5548a0b2bd77cc77,toronto blue jays,cleveland guardians,betus,h2h,Cleveland Guardians,,,,,,pregame,2026-09-02 22:41:00+00:00,114,,2026-09-02 12:03:02.767951+00:00,2026-09-02 12:02:54+00:00,,MLB_ODDS_API_MARKET_HISTORY.csv,114,,6546,118,,2026-09-02 03:08:28.144348+00:00,-4,,0.4587155963302752,0.4672897196261682,0.8574123295892966,0.8574123295892966,9,moneyline,cleveland guardians,True,True,False,ODDS_API,,ODDS_API,2,False
5552db2bbb6ea8db5548a0b2bd77cc77,toronto blue jays,cleveland guardians,betus,h2h,Toronto Blue Jays,,,,,,pregame,2026-09-02 22:41:00+00:00,-125,,2026-09-02 12:03:02.767951+00:00,2026-09-02 12:02:54+00:00,,MLB_ODDS_API_MARKET_HISTORY.csv,-125,,6547,-130,,2026-09-02 03:08:28.144356+00:00,5,,0.5652173913043478,0.5555555555555556,-0.9661835748792202,0.9661835748792202,9,moneyline,toronto blue jays,True,True,False,ODDS_API,,ODDS_API,2,False
e956df5f498f78f522f5b8656f304df4,toronto blue jays,cleveland guardians,betus,spreads,Cleveland Guardians,,,,,,pregame,2026-09-03 17:10:00+00:00,180,-1.5,2026-09-03 05:14:09.061462+00:00,2026-09-03 05:13:17+00:00,,MLB_ODDS_API_MARKET_HISTORY.csv,180,-1.5,7594,180,-1.5,2026-09-03 05:13:57.019887+00:00,0,0.0,0.3571428571428571,0.3571428571428571,0.0,0.0,2,spread,cleveland guardians,True,False,False,ODDS_API,-1.5,ODDS_API,1,False
5552db2bbb6ea8db5548a0b2bd77cc77,toronto blue jays,cleveland guardians,betus,spreads,Cleveland Guardians,,,,,,pregame,2026-09-02 22:41:00+00:00,-163,1.5,2026-09-02 12:03:02.767951+00:00,2026-09-02 12:02:54+00:00,,MLB_ODDS_API_MARKET_HISTORY.csv,-163,1.5,6548,-160,1.5,2026-09-02 03:08:28.144364+00:00,-3,0.0,0.6153846153846154,0.6197718631178707,0.4387247733255273,0.4387247733255273,9,spread,cleveland guardians,True,True,False,ODDS_API,1.5,ODDS_API,1,False
5552db2bbb6ea8db5548a0b2bd77cc77,toronto blue jays,cleveland guardians,betus,spreads,Toronto Blue Jays,,,,,,pregame,2026-09-02 22:41:00+00:00,143,-1.5,2026-09-02 12:03:02.767951+00:00,2026-09-02 12:02:54+00:00,,MLB_ODDS_API_MARKET_HISTORY.csv,143,-1.5,6549,140,-1.5,2026-09-02 03:08:28.144372+00:00,3,0.0,0.4166666666666667,0.411522633744856,-0.5144032921810704,0.5144032921810704,9,spread,toronto blue jays,True,True,False,ODDS_API,-1.5,ODDS_API,1,False
e956df5f498f78f522f5b8656f304df4,toronto blue jays,cleveland guardians,betus,spreads,Toronto Blue Jays,,,,,,pregame,2026-09-03 17:10:00+00:00,-210,1.5,2026-09-03 05:14:09.061466+00:00,2026-09-03 05:13:17+00:00,,MLB_ODDS_API_MARKET_HISTORY.csv,-210,1.5,7595,-210,1.5,2026-09-03 05:13:57.019887+00:00,0,0.0,0.6774193548387096,0.6774193548387096,0.0,0.0,2,spread,toronto blue jays,True,False,False,ODDS_API,1.5,ODDS_API,1,False
5552db2bbb6ea8db5548a0b2bd77cc77,toronto blue jays,cleveland guardians,betus,totals,Over,,,,,,pregame,2026-09-02 22:41:00+00:00,-115,7.0,2026-09-02 12:03:02.767951+00:00,2026-09-02 12:02:54+00:00,,MLB_ODDS_API_MARKET_HISTORY.csv,-115,7.0,6550,-115,7.0,2026-09-02 03:08:28.144381+00:00,0,0.0,0.5348837209302325,0.5348837209302325,0.0,0.0,9,total,over,True,False,False,ODDS_API,7.0,ODDS_API,1,False
e956df5f498f78f522f5b8656f304df4,toronto blue jays,cleveland guardians,betus,totals,Over,,,,,,pregame,2026-09-03 17:10:00+00:00,-120,7.5,2026-09-03 05:14:09.061469+00:00,2026-09-03 05:13:17+00:00,,MLB_ODDS_API_MARKET_HISTORY.csv,-120,7.5,7596,-120,7.5,2026-09-03 05:13:57.019887+00:00,0,0.0,0.5454545454545454,0.5454545454545454,0.0,0.0,2,total,over,True,False,False,ODDS_API,7.5,ODDS_API,1,False
5552db2bbb6ea8db5548a0b2bd77cc77,toronto blue jays,cleveland guardians,betus,totals,Under,,,,,,pregame,2026-09-02 22:41:00+00:00,-105,7.0,2026-09-02 12:03:02.767951+00:00,2026-09-02 12:02:54+00:00,,MLB_ODDS_API_MARKET_HISTORY.csv,-105,7.0,6551,-105,7.0,2026-09-02 03:08:28.144389+00:00,0,0.0,0.5121951219512195,0.5121951219512195,0.0,0.0,9,total,under,True,False,False,ODDS_API,7.0,ODDS_API,1,False
e956df5f498f78f522f5b8656f304df4,toronto blue jays,cleveland guardians,betus,totals,Under,,,,,,pregame,2026-09-03 17:10:00+00:00,100,7.5,2026-09-03 05:14:09.061473+00:00,2026-09-03 05:13:17+00:00,,MLB_ODDS_API_MARKET_HISTORY.csv,100,7.5,7597,100,7.5,2026-09-03 05:13:57.019887+00:00,0,0.0,0.5,0.5,0.0,0.0,2,total,under,True,False,False,ODDS_API,7.5,ODDS_API,1,False
5552db2bbb6ea8db5548a0b2bd77cc77,toronto blue jays,cleveland guardians,bovada,h2h,Cleveland Guardians,,,,,,pregame,2026-09-02 22:41:00+00:00,106,,2026-09-02 12:03:02.767951+00:00,2026-09-02 12:01:49+00:00,,MLB_ODDS_API_MARKET_HISTORY.csv,106,,6534,106,,2026-09-02 03:08:28.144251+00:00,0,,0.4854368932038835,0.4854368932038835,0.0,0.0,9,moneyline,cleveland guardians,True,False,False,ODDS_API,,"ODDS_API,SGO",4,True
5552db2bbb6ea8db5548a0b2bd77cc77,toronto blue jays,cleveland guardians,bovada,h2h,Toronto Blue Jays,,,,,,pregame,2026-09-02 22:41:00+00:00,-126,,2026-09-02 12:03:02.767951+00:00,2026-09-02 12:01:49+00:00,,MLB_ODDS_API_MARKET_HISTORY.csv,-126,,6535,-126,,2026-09-02 03:08:28.144259+00:00,0,,0.5575221238938053,0.5575221238938053,0.0,0.0,9,moneyline,toronto blue jays,True,False,False,ODDS_API,,"ODDS_API,SGO",4,True
5552db2bbb6ea8db5548a0b2bd77cc77,toronto blue jays,cleveland guardians,bovada,spreads,Cleveland Guardians,,,,,,pregame,2026-09-02 22:41:00+00:00,-165,1.5,2026-09-02 12:03:02.767951+00:00,2026-09-02 12:01:49+00:00,,MLB_ODDS_API_MARKET_HISTORY.csv,-165,1.5,6536,-170,1.5,2026-09-02 03:08:28.144267+00:00,5,0.0,0.6296296296296297,0.6226415094339622,-0.6988120195667413,0.6988120195667413,9,spread,cleveland guardians,True,True,False,ODDS_API,1.5,"ODDS_API,SGO",4,True
5552db2bbb6ea8db5548a0b2bd77cc77,toronto blue jays,cleveland guardians,bovada,spreads,Toronto Blue Jays,,,,,,pregame,2026-09-02 22:41:00+00:00,140,-1.5,2026-09-02 12:03:02.767951+00:00,2026-09-02 12:01:49+00:00,,MLB_ODDS_API_MARKET_HISTORY.csv,140,-1.5,6537,145,-1.5,2026-09-02 03:08:28.144275+00:00,-5,0.0,0.4081632653061224,0.4166666666666667,0.8503401360544227,0.8503401360544227,9,spread,toronto blue jays,True,True,False,ODDS_API,-1.5,"ODDS_API,SGO",4,True
pUOFRnQyJdqkujDs888p,toronto blue jays,cleveland guardians,bovada,ou,over,,,points,points-away-game-ou-over,game,pregame,2026-09-02 22:40:00+00:00,-125,3.5,2026-09-02 12:03:02.122557+00:00,2026-09-02 12:00:54.763000+00:00,1.0,MLB_SGO_MARKET_HISTORY.csv,-125,3.5,302341,-120,3.5,2026-09-02 03:08:27.486547+00:00,-5,0.0,0.5454545454545454,0.5555555555555556,1.0101010101010166,1.0101010101010166,9,total,over,True,True,False,SGO,3.5,SGO,4,False
5552db2bbb6ea8db5548a0b2bd77cc77,toronto blue jays,cleveland guardians,bovada,totals,Over,,,,,,pregame,2026-09-02 22:41:00+00:00,-120,7.0,2026-09-02 12:03:02.767951+00:00,2026-09-02 12:01:49+00:00,,MLB_ODDS_API_MARKET_HISTORY.csv,-120,7.0,6538,-115,7.0,2026-09-02 03:08:28.144284+00:00,-5,0.0,0.5348837209302325,0.5454545454545454,1.0570824524312905,1.0570824524312905,9,total,over,True,True,False,ODDS_API,7.0,"ODDS_API,SGO",2,True
e956df5f498f78f522f5b8656f304df4,toronto blue jays,cleveland guardians,bovada,totals,Over,,,,,,pregame,2026-09-03 17:10:00+00:00,-105,8.0,2026-09-03 05:14:09.061447+00:00,2026-09-03 05:12:40+00:00,,MLB_ODDS_API_MARKET_HISTORY.csv,-105,8.0,7590,-105,8.0,2026-09-03 05:13:57.019887+00:00,0,0.0,0.5121951219512195,0.5121951219512195,0.0,0.0,2,total,over,True,False,False,ODDS_API,8.0,"ODDS_API,SGO",2,True
pUOFRnQyJdqkujDs888p,toronto blue jays,cleveland guardians,bovada,ou,under,,,points,points-away-game-ou-under,game,pregame,2026-09-02 22:40:00+00:00,-105,3.5,2026-09-02 12:03:02.122557+00:00,2026-09-02 12:00:54.763000+00:00,1.0,MLB_SGO_MARKET_HISTORY.csv,-105,3.5,302345,-110,3.5,2026-09-02 03:08:27.486555+00:00,5,0.0,0.5238095238095238,0.5121951219512195,-1.1614401858304313,1.1614401858304313,9,total,under,True,True,False,SGO,3.5,SGO,4,False
5552db2bbb6ea8db5548a0b2bd77cc77,toronto blue jays,cleveland guardians,bovada,totals,Under,,,,,,pregame,2026-09-02 22:41:00+00:00,100,7.0,2026-09-02 12:03:02.767951+00:00,2026-09-02 12:01:49+00:00,,MLB_ODDS_API_MARKET_HISTORY.csv,100,7.0,6539,-105,7.0,2026-09-02 03:08:28.144292+00:00,205,0.0,0.5121951219512195,0.5,-1.2195121951219523,1.2195121951219523,9,total,under,True,True,False,ODDS_API,7.0,"ODDS_API,SGO",2,True
e956df5f498f78f522f5b8656f304df4,toronto blue jays,cleveland guardians,bovada,totals,Under,,,,,,pregame,2026-09-03 17:10:00+00:00,-115,8.0,2026-09-03 05:14:09.061451+00:00,2026-09-03 05:12:40+00:00,,MLB_ODDS_API_MARKET_HISTORY.csv,-115,8.0,7591,-115,8.0,2026-09-03 05:13:57.019887+00:00,0,0.0,0.5348837209302325,0.5348837209302325,0.0,0.0,2,total,under,True,False,False,ODDS_API,8.0,"ODDS_API,SGO",2,True
pUOFRnQyJdqkujDs888p,toronto blue jays,cleveland guardians,caesars,ml,home,,,points,points-home-game-ml-home,game,pregame,2026-09-02 22:40:00+00:00,115,,2026-09-02 12:03:02.122557+00:00,2026-09-02 11:58:40.772000+00:00,1.0,MLB_SGO_MARKET_HISTORY.csv,115,,302276,120,,2026-09-02 03:08:27.486398+00:00,-5,,0.4545454545454545,0.4651162790697674,1.0570824524312905,1.0570824524312905,9,moneyline,cleveland guardians,True,True,False,SGO,,SGO,2,False
pUOFRnQyJdqkujDs888p,toronto blue jays,cleveland guardians,caesars,ml,away,,,points,points-away-game-ml-away,game,pregame,2026-09-02 22:40:00+00:00,-125,,2026-09-02 12:03:02.122557+00:00,2026-09-02 11:58:40.772000+00:00,1.0,MLB_SGO_MARKET_HISTORY.csv,-125,,302267,-130,,2026-09-02 03:08:27.486376+00:00,5,,0.5652173913043478,0.5555555555555556,-0.9661835748792202,0.9661835748792202,9,moneyline,toronto blue jays,True,True,False,SGO,,SGO,2,False
pUOFRnQyJdqkujDs888p,toronto blue jays,cleveland guardians,caesars,sp,home,,,points,points-home-game-sp-home,game,pregame,2026-09-02 22:40:00+00:00,-165,1.5,2026-09-02 12:03:02.122557+00:00,2026-09-02 11:58:40.772000+00:00,1.0,MLB_SGO_MARKET_HISTORY.csv,-165,1.5,302311,-165,1.5,2026-09-02 03:08:27.486490+00:00,0,0.0,0.6226415094339622,0.6226415094339622,0.0,0.0,9,spread,cleveland guardians,True,False,False,SGO,1.5,SGO,2,False
pUOFRnQyJdqkujDs888p,toronto blue jays,cleveland guardians,caesars,sp,away,,,points,points-away-game-sp-away,game,pregame,2026-09-02 22:40:00+00:00,140,-1.5,2026-09-02 12:03:02.122557+00:00,2026-09-02 11:58:40.772000+00:00,1.0,MLB_SGO_MARKET_HISTORY.csv,140,-1.5,302303,140,-1.5,2026-09-02 03:08:27.486469+00:00,0,0.0,0.4166666666666667,0.4166666666666667,0.0,0.0,9,spread,toronto blue jays,True,False,False,SGO,-1.5,SGO,2,False
nVz37iLpM6rdCSmDodSb,toronto blue jays,cleveland guardians,caesars,ou,over,,,points,points-away-game-ou-over,game,pregame,2026-09-03 17:10:00+00:00,-150,3.5,2026-09-03 05:14:08.724018+00:00,2026-09-03 05:11:17.332000+00:00,1.0,MLB_SGO_MARKET_HISTORY.csv,-150,3.5,342763,-150,3.5,2026-09-03 05:13:56.618657+00:00,0,0.0,0.6,0.6,0.0,0.0,2,total,over,True,False,False,SGO,3.5,SGO,2,False
pUOFRnQyJdqkujDs888p,toronto blue jays,cleveland guardians,caesars,ou,over,,,points,points-all-game-ou-over,game,pregame,2026-09-02 22:40:00+00:00,-115,7.0,2026-09-02 12:03:02.122557+00:00,2026-09-02 11:58:40.772000+00:00,1.0,MLB_SGO_MARKET_HISTORY.csv,-115,7.0,302284,-115,7.0,2026-09-02 03:08:27.486418+00:00,0,0.0,0.5348837209302325,0.5348837209302325,0.0,0.0,9,total,over,True,False,False,SGO,7.0,SGO,1,False
nVz37iLpM6rdCSmDodSb,toronto blue jays,cleveland guardians,caesars,ou,over,,,points,points-all-game-ou-over,game,pregame,2026-09-03 17:10:00+00:00,-110,8.0,2026-09-03 05:14:08.723773+00:00,2026-09-03 05:09:37.505000+00:00,1.0,MLB_SGO_MARKET_HISTORY.csv,-110,8.0,342698,-110,8.0,2026-09-03 05:13:56.618657+00:00,0,0.0,0.5238095238095238,0.5238095238095238,0.0,0.0,2,total,over,True,False,False,SGO,8.0,SGO,1,False
nVz37iLpM6rdCSmDodSb,toronto blue jays,cleveland guardians,caesars,ou,under,,,points,points-away-game-ou-under,game,pregame,2026-09-03 17:10:00+00:00,115,3.5,2026-09-03 05:14:08.724037+00:00,2026-09-03 05:11:17.332000+00:00,1.0,MLB_SGO_MARKET_HISTORY.csv,115,3.5,342768,115,3.5,2026-09-03 05:13:56.618657+00:00,0,0.0,0.4651162790697674,0.4651162790697674,0.0,0.0,2,total,under,True,False,False,SGO,3.5,SGO,2,False
pUOFRnQyJdqkujDs888p,toronto blue jays,cleveland guardians,caesars,ou,under,,,points,points-all-game-ou-under,game,pregame,2026-09-02 22:40:00+00:00,-105,7.0,2026-09-02 12:03:02.122557+00:00,2026-09-02 11:58:40.772000+00:00,1.0,MLB_SGO_MARKET_HISTORY.csv,-105,7.0,302292,-105,7.0,2026-09-02 03:08:27.486439+00:00,0,0.0,0.5121951219512195,0.5121951219512195,0.0,0.0,9,total,under,True,False,False,SGO,7.0,SGO,1,False
nVz37iLpM6rdCSmDodSb,toronto blue jays,cleveland guardians,caesars,ou,under,,,points,points-all-game-ou-under,game,pregame,2026-09-03 17:10:00+00:00,-110,8.0,2026-09-03 05:14:08.723803+00:00,2026-09-03 05:09:37.505000+00:00,1.0,MLB_SGO_MARKET_HISTORY.csv,-110,8.0,342706,-110,8.0,2026-09-03 05:13:56.618657+00:00,0,0.0,0.5238095238095238,0.5238095238095238,0.0,0.0,2,total,under,True,False,False,SGO,8.0,SGO,1,False
5552db2bbb6ea8db5548a0b2bd77cc77,toronto blue jays,cleveland guardians,draftkings,h2h,Cleveland Guardians,,,,,,pregame,2026-09-02 22:41:00+00:00,109,,2026-09-02 12:03:02.767951+00:00,2026-09-02 12:02:54+00:00,,MLB_ODDS_API_MARKET_HISTORY.csv,109,,6522,110,,2026-09-02 03:08:28.144153+00:00,-1,,0.4761904761904761,0.4784688995215311,0.2278423331054935,0.2278423331054935,9,moneyline,cleveland guardians,True,True,False,ODDS_API,,"ODDS_API,SGO",4,True
5552db2bbb6ea8db5548a0b2bd77cc77,toronto blue jays,cleveland guardians,draftkings,h2h,Toronto Blue Jays,,,,,,pregame,2026-09-02 22:41:00+00:00,-131,,2026-09-02 12:03:02.767951+00:00,2026-09-02 12:02:54+00:00,,MLB_ODDS_API_MARKET_HISTORY.csv,-131,,6523,-132,,2026-09-02 03:08:28.144161+00:00,1,,0.5689655172413793,0.5670995670995671,-0.1865950141812233,0.1865950141812233,9,moneyline,toronto blue jays,True,True,False,ODDS_API,,"ODDS_API,SGO",4,True
5552db2bbb6ea8db5548a0b2bd77cc77,toronto blue jays,cleveland guardians,draftkings,spreads,Cleveland Guardians,,,,,,pregame,2026-09-02 22:41:00+00:00,-167,1.5,2026-09-02 12:03:02.767951+00:00,2026-09-02 12:02:54+00:00,,MLB_ODDS_API_MARKET_HISTORY.csv,-167,1.5,6524,-167,1.5,2026-09-02 03:08:28.144170+00:00,0,0.0,0.6254681647940075,0.6254681647940075,0.0,0.0,9,spread,cleveland guardians,True,False,False,ODDS_API,1.5,"ODDS_API,SGO",4,True
5552db2bbb6ea8db5548a0b2bd77cc77,toronto blue jays,cleveland guardians,draftkings,spreads,Toronto Blue Jays,,,,,,pregame,2026-09-02 22:41:00+00:00,138,-1.5,2026-09-02 12:03:02.767951+00:00,2026-09-02 12:02:54+00:00,,MLB_ODDS_API_MARKET_HISTORY.csv,138,-1.5,6525,138,-1.5,2026-09-02 03:08:28.144178+00:00,0,0.0,0.4201680672268907,0.4201680672268907,0.0,0.0,9,spread,toronto blue jays,True,False,False,ODDS_API,-1.5,"ODDS_API,SGO",4,True
pUOFRnQyJdqkujDs888p,toronto blue jays,cleveland guardians,draftkings,ou,over,,,points,points-away-game-ou-over,game,pregame,2026-09-02 22:40:00+00:00,-130,3.5,2026-09-02 12:03:02.122557+00:00,2026-09-02 11:59:21.819000+00:00,1.0,MLB_SGO_MARKET_HISTORY.csv,-130,3.5,302343,-130,3.5,2026-09-02 08:15:43.454797+00:00,0,0.0,0.5652173913043478,0.5652173913043478,0.0,0.0,8,total,over,True,False,False,SGO,3.5,SGO,4,False
5552db2bbb6ea8db5548a0b2bd77cc77,toronto blue jays,cleveland guardians,draftkings,totals,Over,,,,,,pregame,2026-09-02 22:41:00+00:00,-117,7.0,2026-09-02 12:03:02.767951+00:00,2026-09-02 12:02:54+00:00,,MLB_ODDS_API_MARKET_HISTORY.csv,-117,7.0,6526,-114,7.0,2026-09-02 03:08:28.144186+00:00,-3,0.0,0.5327102803738317,0.5391705069124424,0.6460226538610669,0.6460226538610669,9,total,over,True,True,False,ODDS_API,7.0,"ODDS_API,SGO",2,True
e956df5f498f78f522f5b8656f304df4,toronto blue jays,cleveland guardians,draftkings,totals,Over,,,,,,pregame,2026-09-03 17:10:00+00:00,-108,8.0,2026-09-03 05:14:09.061315+00:00,2026-09-03 05:13:36+00:00,,MLB_ODDS_API_MARKET_HISTORY.csv,-108,8.0,7554,-108,8.0,2026-09-03 05:13:57.019887+00:00,0,0.0,0.5192307692307693,0.5192307692307693,0.0,0.0,2,total,over,True,False,False,ODDS_API,8.0,"ODDS_API,SGO",2,True
pUOFRnQyJdqkujDs888p,toronto blue jays,cleveland guardians,draftkings,ou,under,,,points,points-away-game-ou-under,game,pregame,2026-09-02 22:40:00+00:00,100,3.5,2026-09-02 12:03:02.122557+00:00,2026-09-02 11:59:21.819000+00:00,1.0,MLB_SGO_MARKET_HISTORY.csv,100,3.5,302347,100,3.5,2026-09-02 08:15:43.454797+00:00,0,0.0,0.5,0.5,0.0,0.0,8,total,under,True,False,False,SGO,3.5,SGO,4,False
5552db2bbb6ea8db5548a0b2bd77cc77,toronto blue jays,cleveland guardians,draftkings,totals,Under,,,,,,pregame,2026-09-02 22:41:00+00:00,-103,7.0,2026-09-02 12:03:02.767951+00:00,2026-09-02 12:02:54+00:00,,MLB_ODDS_API_MARKET_HISTORY.csv,-103,7.0,6527,-105,7.0,2026-09-02 03:08:28.144194+00:00,2,0.0,0.5121951219512195,0.5073891625615764,-0.4805959389643122,0.4805959389643122,9,total,under,True,True,False,ODDS_API,7.0,"ODDS_API,SGO",2,True
e956df5f498f78f522f5b8656f304df4,toronto blue jays,cleveland guardians,draftkings,totals,Under,,,,,,pregame,2026-09-03 17:10:00+00:00,-112,8.0,2026-09-03 05:14:09.061318+00:00,2026-09-03 05:13:36+00:00,,MLB_ODDS_API_MARKET_HISTORY.csv,-112,8.0,7555,-112,8.0,2026-09-03 05:13:57.019887+00:00,0,0.0,0.5283018867924528,0.5283018867924528,0.0,0.0,2,total,under,True,False,False,ODDS_API,8.0,"ODDS_API,SGO",2,True
pUOFRnQyJdqkujDs888p,toronto blue jays,cleveland guardians,espnbet,ml,home,,,points,points-home-game-ml-home,game,pregame,2026-09-02 22:40:00+00:00,110,,2026-09-02 12:03:02.122557+00:00,2026-09-02 11:59:13.272000+00:00,1.0,MLB_SGO_MARKET_HISTORY.csv,110,,302277,110,,2026-09-02 03:08:27.486400+00:00,0,,0.4761904761904761,0.4761904761904761,0.0,0.0,9,moneyline,cleveland guardians,True,False,False,SGO,,SGO,2,False
pUOFRnQyJdqkujDs888p,toronto blue jays,cleveland guardians,espnbet,ml,away,,,points,points-away-game-ml-away,game,pregame,2026-09-02 22:40:00+00:00,-130,,2026-09-02 12:03:02.122557+00:00,2026-09-02 11:59:13.272000+00:00,1.0,MLB_SGO_MARKET_HISTORY.csv,-130,,302268,-130,,2026-09-02 03:08:27.486378+00:00,0,,0.5652173913043478,0.5652173913043478,0.0,0.0,9,moneyline,toronto blue jays,True,False,False,SGO,,SGO,2,False
pUOFRnQyJdqkujDs888p,toronto blue jays,cleveland guardians,espnbet,sp,home,,,points,points-home-game-sp-home,game,pregame,2026-09-02 22:40:00+00:00,-165,1.5,2026-09-02 12:03:02.122557+00:00,2026-09-02 11:59:13.272000+00:00,1.0,MLB_SGO_MARKET_HISTORY.csv,-165,1.5,302307,-165,1.5,2026-09-02 03:08:27.486480+00:00,0,0.0,0.6226415094339622,0.6226415094339622,0.0,0.0,9,spread,cleveland guardians,True,False,False,SGO,1.5,SGO,2,False
pUOFRnQyJdqkujDs888p,toronto blue jays,cleveland guardians,espnbet,sp,away,,,points,points-away-game-sp-away,game,pregame,2026-09-02 22:40:00+00:00,140,-1.5,2026-09-02 12:03:02.122557+00:00,2026-09-02 11:59:13.272000+00:00,1.0,MLB_SGO_MARKET_HISTORY.csv,140,-1.5,302299,140,-1.5,2026-09-02 03:08:27.486458+00:00,0,0.0,0.4166666666666667,0.4166666666666667,0.0,0.0,9,spread,toronto blue jays,True,False,False,SGO,-1.5,SGO,2,False
nVz37iLpM6rdCSmDodSb,toronto blue jays,cleveland guardians,espnbet,ou,over,,,points,points-away-game-ou-over,game,pregame,2026-09-03 17:10:00+00:00,-140,3.5,2026-09-03 05:14:08.724033+00:00,2026-09-03 05:11:12.860000+00:00,1.0,MLB_SGO_MARKET_HISTORY.csv,-140,3.5,342767,-140,3.5,2026-09-03 05:13:56.618657+00:00,0,0.0,0.5833333333333334,0.5833333333333334,0.0,0.0,2,total,over,True,False,False,SGO,3.5,SGO,1,False
pUOFRnQyJdqkujDs888p,toronto blue jays,cleveland guardians,espnbet,ou,over,,,points,points-away-game-ou-over,game,pregame,2026-09-02 22:40:00+00:00,340,6.5,2026-09-02 12:03:02.122557+00:00,2026-09-02 03:00:10.790000+00:00,0.0,MLB_SGO_MARKET_HISTORY.csv,340,6.5,302342,340,6.5,2026-09-02 03:08:27.486550+00:00,0,0.0,0.2272727272727272,0.2272727272727272,0.0,0.0,9,total,over,True,False,False,SGO,6.5,SGO,2,False
pUOFRnQyJdqkujDs888p,toronto blue jays,cleveland guardians,espnbet,ou,over,,,points,points-all-game-ou-over,game,pregame,2026-09-02 22:40:00+00:00,115,7.5,2026-09-02 12:03:02.122557+00:00,2026-09-02 11:59:13.272000+00:00,1.0,MLB_SGO_MARKET_HISTORY.csv,115,7.5,302285,115,7.5,2026-09-02 03:08:27.486420+00:00,0,0.0,0.4651162790697674,0.4651162790697674,0.0,0.0,9,total,over,True,False,False,SGO,7.5,SGO,2,False
nVz37iLpM6rdCSmDodSb,toronto blue jays,cleveland guardians,espnbet,ou,over,,,points,points-home-game-ou-over,game,pregame,2026-09-03 17:10:00+00:00,2000,10.5,2026-09-03 05:14:08.724113+00:00,2026-09-03 00:40:01.993000+00:00,0.0,MLB_SGO_MARKET_HISTORY.csv,2000,10.5,342788,2000,10.5,2026-09-03 05:13:56.618657+00:00,0,0.0,0.0476190476190476,0.0476190476190476,0.0,0.0,2,total,over,True,False,False,SGO,10.5,SGO,1,False
nVz37iLpM6rdCSmDodSb,toronto blue jays,cleveland guardians,espnbet,ou,under,,,points,points-away-game-ou-under,game,pregame,2026-09-03 17:10:00+00:00,110,3.5,2026-09-03 05:14:08.724052+00:00,2026-09-03 05:11:12.860000+00:00,1.0,MLB_SGO_MARKET_HISTORY.csv,110,3.5,342772,110,3.5,2026-09-03 05:13:56.618657+00:00,0,0.0,0.4761904761904761,0.4761904761904761,0.0,0.0,2,total,under,True,False,False,SGO,3.5,SGO,1,False
pUOFRnQyJdqkujDs888p,toronto blue jays,cleveland guardians,espnbet,ou,under,,,points,points-away-game-ou-under,game,pregame,2026-09-02 22:40:00+00:00,-500,6.5,2026-09-02 12:03:02.122557+00:00,2026-09-02 03:00:10.790000+00:00,0.0,MLB_SGO_MARKET_HISTORY.csv,-500,6.5,302346,-500,6.5,2026-09-02 03:08:27.486558+00:00,0,0.0,0.8333333333333334,0.8333333333333334,0.0,0.0,9,total,under,True,False,False,SGO,6.5,SGO,2,False
pUOFRnQyJdqkujDs888p,toronto blue jays,cleveland guardians,espnbet,ou,under,,,points,points-all-game-ou-under,game,pregame,2026-09-02 22:40:00+00:00,-135,7.5,2026-09-02 12:03:02.122557+00:00,2026-09-02 11:59:13.272000+00:00,1.0,MLB_SGO_MARKET_HISTORY.csv,-135,7.5,302293,-135,7.5,2026-09-02 03:08:27.486442+00:00,0,0.0,0.574468085106383,0.574468085106383,0.0,0.0,9,total,under,True,False,False,SGO,7.5,SGO,2,False
nVz37iLpM6rdCSmDodSb,toronto blue jays,cleveland guardians,espnbet,ou,under,,,points,points-home-game-ou-under,game,pregame,2026-09-03 17:10:00+00:00,-6000,10.5,2026-09-03 05:14:08.724131+00:00,2026-09-03 00:40:01.993000+00:00,0.0,MLB_SGO_MARKET_HISTORY.csv,-6000,10.5,342793,-6000,10.5,2026-09-03 05:13:56.618657+00:00,0,0.0,0.9836065573770492,0.9836065573770492,0.0,0.0,2,total,under,True,False,False,SGO,10.5,SGO,1,False
5552db2bbb6ea8db5548a0b2bd77cc77,toronto blue jays,cleveland guardians,fanduel,h2h,Cleveland Guardians,,,,,,pregame,2026-09-02 22:41:00+00:00,114,,2026-09-02 12:03:02.767951+00:00,2026-09-02 12:02:37+00:00,,MLB_ODDS_API_MARKET_HISTORY.csv,114,,6498,106,,2026-09-02 03:08:28.143958+00:00,8,,0.4854368932038835,0.4672897196261682,-1.814717357771528,1.814717357771528,9,moneyline,cleveland guardians,True,True,False,ODDS_API,,"ODDS_API,SGO",4,True
5552db2bbb6ea8db5548a0b2bd77cc77,toronto blue jays,cleveland guardians,fanduel,h2h,Toronto Blue Jays,,,,,,pregame,2026-09-02 22:41:00+00:00,-134,,2026-09-02 12:03:02.767951+00:00,2026-09-02 12:02:37+00:00,,MLB_ODDS_API_MARKET_HISTORY.csv,-134,,6499,-124,,2026-09-02 03:08:28.143966+00:00,-10,,0.5535714285714286,0.5726495726495726,1.907814407814401,1.907814407814401,9,moneyline,toronto blue jays,True,True,False,ODDS_API,,"ODDS_API,SGO",4,True
5552db2bbb6ea8db5548a0b2bd77cc77,toronto blue jays,cleveland guardians,fanduel,spreads,Cleveland Guardians,,,,,,pregame,2026-09-02 22:41:00+00:00,-164,1.5,2026-09-02 12:03:02.767951+00:00,2026-09-02 12:02:37+00:00,,MLB_ODDS_API_MARKET_HISTORY.csv,-164,1.5,6500,-176,1.5,2026-09-02 03:08:28.143974+00:00,12,0.0,0.6376811594202898,0.6212121212121212,-1.6469038208168585,1.6469038208168585,9,spread,cleveland guardians,True,True,False,ODDS_API,1.5,"ODDS_API,SGO",4,True
5552db2bbb6ea8db5548a0b2bd77cc77,toronto blue jays,cleveland guardians,fanduel,spreads,Toronto Blue Jays,,,,,,pregame,2026-09-02 22:41:00+00:00,136,-1.5,2026-09-02 12:03:02.767951+00:00,2026-09-02 12:02:37+00:00,,MLB_ODDS_API_MARKET_HISTORY.csv,136,-1.5,6501,146,-1.5,2026-09-02 03:08:28.143982+00:00,-10,0.0,0.4065040650406504,0.423728813559322,1.7224748518671618,1.7224748518671618,9,spread,toronto blue jays,True,True,False,ODDS_API,-1.5,"ODDS_API,SGO",4,True
pUOFRnQyJdqkujDs888p,toronto blue jays,cleveland guardians,fanduel,ou,over,,,points,points-away-game-ou-over,game,pregame,2026-09-02 22:40:00+00:00,-128,3.5,2026-09-02 12:03:02.122557+00:00,2026-09-02 11:59:36.693000+00:00,1.0,MLB_SGO_MARKET_HISTORY.csv,-128,3.5,302340,-115,3.5,2026-09-02 03:08:27.486544+00:00,-13,0.0,0.5348837209302325,0.5614035087719298,2.6519787841697284,2.6519787841697284,9,total,over,True,True,False,SGO,3.5,SGO,4,False
5552db2bbb6ea8db5548a0b2bd77cc77,toronto blue jays,cleveland guardians,fanduel,totals,Over,,,,,,pregame,2026-09-02 22:41:00+00:00,-122,7.0,2026-09-02 12:03:02.767951+00:00,2026-09-02 12:02:37+00:00,,MLB_ODDS_API_MARKET_HISTORY.csv,-122,7.0,6502,-115,7.0,2026-09-02 03:08:28.143991+00:00,-7,0.0,0.5348837209302325,0.5495495495495496,1.466582861931709,1.466582861931709,9,total,over,True,True,False,ODDS_API,7.0,"ODDS_API,SGO",2,True
e956df5f498f78f522f5b8656f304df4,toronto blue jays,cleveland guardians,fanduel,totals,Over,,,,,,pregame,2026-09-03 17:10:00+00:00,-110,8.0,2026-09-03 05:14:09.061425+00:00,2026-09-03 05:13:36+00:00,,MLB_ODDS_API_MARKET_HISTORY.csv,-110,8.0,7584,-110,8.0,2026-09-03 05:13:57.019887+00:00,0,0.0,0.5238095238095238,0.5238095238095238,0.0,0.0,2,total,over,True,False,False,ODDS_API,8.0,"ODDS_API,SGO",2,True
pUOFRnQyJdqkujDs888p,toronto blue jays,cleveland guardians,fanduel,ou,under,,,points,points-away-game-ou-under,game,pregame,2026-09-02 22:40:00+00:00,100,3.5,2026-09-02 12:03:02.122557+00:00,2026-09-02 11:59:36.693000+00:00,1.0,MLB_SGO_MARKET_HISTORY.csv,100,3.5,302344,-111,3.5,2026-09-02 03:08:27.486552+00:00,211,0.0,0.5260663507109005,0.5,-2.6066350710900466,2.6066350710900466,9,total,under,True,True,False,SGO,3.5,SGO,4,False
5552db2bbb6ea8db5548a0b2bd77cc77,toronto blue jays,cleveland guardians,fanduel,totals,Under,,,,,,pregame,2026-09-02 22:41:00+00:00,100,7.0,2026-09-02 12:03:02.767951+00:00,2026-09-02 12:02:37+00:00,,MLB_ODDS_API_MARKET_HISTORY.csv,100,7.0,6503,-105,7.0,2026-09-02 03:08:28.143999+00:00,205,0.0,0.5121951219512195,0.5,-1.2195121951219523,1.2195121951219523,9,total,under,True,True,False,ODDS_API,7.0,"ODDS_API,SGO",2,True
e956df5f498f78f522f5b8656f304df4,toronto blue jays,cleveland guardians,fanduel,totals,Under,,,,,,pregame,2026-09-03 17:10:00+00:00,-110,8.0,2026-09-03 05:14:09.061429+00:00,2026-09-03 05:13:36+00:00,,MLB_ODDS_API_MARKET_HISTORY.csv,-110,8.0,7585,-110,8.0,2026-09-03 05:13:57.019887+00:00,0,0.0,0.5238095238095238,0.5238095238095238,0.0,0.0,2,total,under,True,False,False,ODDS_API,8.0,"ODDS_API,SGO",2,True
5552db2bbb6ea8db5548a0b2bd77cc77,toronto blue jays,cleveland guardians,lowvig,h2h,Cleveland Guardians,,,,,,pregame,2026-09-02 22:41:00+00:00,112,,2026-09-02 12:03:02.767951+00:00,2026-09-02 12:02:13+00:00,,MLB_ODDS_API_MARKET_HISTORY.csv,112,,6510,118,,2026-09-02 03:08:28.144056+00:00,-6,,0.4587155963302752,0.4716981132075472,1.298251687727192,1.298251687727192,9,moneyline,cleveland guardians,True,True,False,ODDS_API,,ODDS_API,2,False
5552db2bbb6ea8db5548a0b2bd77cc77,toronto blue jays,cleveland guardians,lowvig,h2h,Toronto Blue Jays,,,,,,pregame,2026-09-02 22:41:00+00:00,-123,,2026-09-02 12:03:02.767951+00:00,2026-09-02 12:02:13+00:00,,MLB_ODDS_API_MARKET_HISTORY.csv,-123,,6511,-130,,2026-09-02 03:08:28.144064+00:00,7,,0.5652173913043478,0.5515695067264574,-1.3647884577890346,1.3647884577890346,9,moneyline,toronto blue jays,True,True,False,ODDS_API,,ODDS_API,2,False
e956df5f498f78f522f5b8656f304df4,toronto blue jays,cleveland guardians,lowvig,spreads,Cleveland Guardians,,,,,,pregame,2026-09-03 17:10:00+00:00,182,-1.5,2026-09-03 05:14:09.061352+00:00,2026-09-03 05:13:38+00:00,,MLB_ODDS_API_MARKET_HISTORY.csv,182,-1.5,7564,182,-1.5,2026-09-03 05:13:57.019887+00:00,0,0.0,0.3546099290780142,0.3546099290780142,0.0,0.0,2,spread,cleveland guardians,True,False,False,ODDS_API,-1.5,ODDS_API,1,False
5552db2bbb6ea8db5548a0b2bd77cc77,toronto blue jays,cleveland guardians,lowvig,spreads,Cleveland Guardians,,,,,,pregame,2026-09-02 22:41:00+00:00,-163,1.5,2026-09-02 12:03:02.767951+00:00,2026-09-02 12:02:13+00:00,,MLB_ODDS_API_MARKET_HISTORY.csv,-163,1.5,6512,-160,1.5,2026-09-02 03:08:28.144072+00:00,-3,0.0,0.6153846153846154,0.6197718631178707,0.4387247733255273,0.4387247733255273,9,spread,cleveland guardians,True,True,False,ODDS_API,1.5,ODDS_API,1,False
5552db2bbb6ea8db5548a0b2bd77cc77,toronto blue jays,cleveland guardians,lowvig,spreads,Toronto Blue Jays,,,,,,pregame,2026-09-02 22:41:00+00:00,144,-1.5,2026-09-02 12:03:02.767951+00:00,2026-09-02 12:02:13+00:00,,MLB_ODDS_API_MARKET_HISTORY.csv,144,-1.5,6513,141,-1.5,2026-09-02 03:08:28.144080+00:00,3,0.0,0.4149377593360996,0.4098360655737705,-0.5101693762329107,0.5101693762329107,9,spread,toronto blue jays,True,True,False,ODDS_API,-1.5,ODDS_API,1,False
e956df5f498f78f522f5b8656f304df4,toronto blue jays,cleveland guardians,lowvig,spreads,Toronto Blue Jays,,,,,,pregame,2026-09-03 17:10:00+00:00,-209,1.5,2026-09-03 05:14:09.061355+00:00,2026-09-03 05:13:38+00:00,,MLB_ODDS_API_MARKET_HISTORY.csv,-209,1.5,7565,-209,1.5,2026-09-03 05:13:57.019887+00:00,0,0.0,0.6763754045307443,0.6763754045307443,0.0,0.0,2,spread,toronto blue jays,True,False,False,ODDS_API,1.5,ODDS_API,1,False
5552db2bbb6ea8db5548a0b2bd77cc77,toronto blue jays,cleveland guardians,lowvig,totals,Over,,,,,,pregame,2026-09-02 22:41:00+00:00,-113,7.0,2026-09-02 12:03:02.767951+00:00,2026-09-02 12:02:13+00:00,,MLB_ODDS_API_MARKET_HISTORY.csv,-113,7.0,6514,-113,7.0,2026-09-02 03:08:28.144088+00:00,0,0.0,0.5305164319248826,0.5305164319248826,0.0,0.0,9,total,over,True,False,False,ODDS_API,7.0,ODDS_API,1,False
e956df5f498f78f522f5b8656f304df4,toronto blue jays,cleveland guardians,lowvig,totals,Over,,,,,,pregame,2026-09-03 17:10:00+00:00,-118,7.5,2026-09-03 05:14:09.061359+00:00,2026-09-03 05:13:38+00:00,,MLB_ODDS_API_MARKET_HISTORY.csv,-118,7.5,7566,-118,7.5,2026-09-03 05:13:57.019887+00:00,0,0.0,0.5412844036697247,0.5412844036697247,0.0,0.0,2,total,over,True,False,False,ODDS_API,7.5,ODDS_API,1,False
5552db2bbb6ea8db5548a0b2bd77cc77,toronto blue jays,cleveland guardians,lowvig,totals,Under,,,,,,pregame,2026-09-02 22:41:00+00:00,-102,7.0,2026-09-02 12:03:02.767951+00:00,2026-09-02 12:02:13+00:00,,MLB_ODDS_API_MARKET_HISTORY.csv,-102,7.0,6515,-102,7.0,2026-09-02 03:08:28.144097+00:00,0,0.0,0.504950495049505,0.504950495049505,0.0,0.0,9,total,under,True,False,False,ODDS_API,7.0,ODDS_API,1,False
e956df5f498f78f522f5b8656f304df4,toronto blue jays,cleveland guardians,lowvig,totals,Under,,,,,,pregame,2026-09-03 17:10:00+00:00,103,7.5,2026-09-03 05:14:09.061363+00:00,2026-09-03 05:13:38+00:00,,MLB_ODDS_API_MARKET_HISTORY.csv,103,7.5,7567,103,7.5,2026-09-03 05:13:57.019887+00:00,0,0.0,0.4926108374384236,0.4926108374384236,0.0,0.0,2,total,under,True,False,False,ODDS_API,7.5,ODDS_API,1,False
5552db2bbb6ea8db5548a0b2bd77cc77,toronto blue jays,cleveland guardians,mybookieag,h2h,Cleveland Guardians,,,,,,pregame,2026-09-02 22:41:00+00:00,110,,2026-09-02 12:03:02.767951+00:00,2026-09-02 12:02:37+00:00,,MLB_ODDS_API_MARKET_HISTORY.csv,110,,6504,110,,2026-09-02 03:08:28.144007+00:00,0,,0.4761904761904761,0.4761904761904761,0.0,0.0,9,moneyline,cleveland guardians,True,False,False,ODDS_API,,ODDS_API,2,False
5552db2bbb6ea8db5548a0b2bd77cc77,toronto blue jays,cleveland guardians,mybookieag,h2h,Toronto Blue Jays,,,,,,pregame,2026-09-02 22:41:00+00:00,-130,,2026-09-02 12:03:02.767951+00:00,2026-09-02 12:02:37+00:00,,MLB_ODDS_API_MARKET_HISTORY.csv,-130,,6505,-130,,2026-09-02 03:08:28.144015+00:00,0,,0.5652173913043478,0.5652173913043478,0.0,0.0,9,moneyline,toronto blue jays,True,False,False,ODDS_API,,ODDS_API,2,False
5552db2bbb6ea8db5548a0b2bd77cc77,toronto blue jays,cleveland guardians,mybookieag,spreads,Cleveland Guardians,,,,,,pregame,2026-09-02 22:41:00+00:00,-166,1.5,2026-09-02 12:03:02.767951+00:00,2026-09-02 12:02:37+00:00,,MLB_ODDS_API_MARKET_HISTORY.csv,-166,1.5,6506,-155,1.5,2026-09-02 03:08:28.144023+00:00,-11,0.0,0.6078431372549019,0.6240601503759399,1.621701312103796,1.621701312103796,9,spread,cleveland guardians,True,True,False,ODDS_API,1.5,ODDS_API,2,False
5552db2bbb6ea8db5548a0b2bd77cc77,toronto blue jays,cleveland guardians,mybookieag,spreads,Toronto Blue Jays,,,,,,pregame,2026-09-02 22:41:00+00:00,140,-1.5,2026-09-02 12:03:02.767951+00:00,2026-09-02 12:02:37+00:00,,MLB_ODDS_API_MARKET_HISTORY.csv,140,-1.5,6507,132,-1.5,2026-09-02 03:08:28.144032+00:00,8,0.0,0.4310344827586206,0.4166666666666667,-1.4367816091953978,1.4367816091953978,9,spread,toronto blue jays,True,True,False,ODDS_API,-1.5,ODDS_API,2,False
5552db2bbb6ea8db5548a0b2bd77cc77,toronto blue jays,cleveland guardians,mybookieag,totals,Over,,,,,,pregame,2026-09-02 22:41:00+00:00,-120,7.0,2026-09-02 12:03:02.767951+00:00,2026-09-02 12:02:37+00:00,,MLB_ODDS_API_MARKET_HISTORY.csv,-120,7.0,6508,-116,7.0,2026-09-02 03:08:28.144040+00:00,-4,0.0,0.5370370370370371,0.5454545454545454,0.8417508417508324,0.8417508417508324,9,total,over,True,True,False,ODDS_API,7.0,ODDS_API,1,False
e956df5f498f78f522f5b8656f304df4,toronto blue jays,cleveland guardians,mybookieag,totals,Over,,,,,,pregame,2026-09-03 17:10:00+00:00,-110,8.0,2026-09-03 05:14:09.061381+00:00,2026-09-03 05:12:15+00:00,,MLB_ODDS_API_MARKET_HISTORY.csv,-110,8.0,7572,-110,8.0,2026-09-03 05:13:57.019887+00:00,0,0.0,0.5238095238095238,0.5238095238095238,0.0,0.0,2,total,over,True,False,False,ODDS_API,8.0,ODDS_API,1,False
5552db2bbb6ea8db5548a0b2bd77cc77,toronto blue jays,cleveland guardians,mybookieag,totals,Under,,,,,,pregame,2026-09-02 22:41:00+00:00,-102,7.0,2026-09-02 12:03:02.767951+00:00,2026-09-02 12:02:37+00:00,,MLB_ODDS_API_MARKET_HISTORY.csv,-102,7.0,6509,-105,7.0,2026-09-02 03:08:28.144048+00:00,3,0.0,0.5121951219512195,0.504950495049505,-0.7244626901714568,0.7244626901714568,9,total,under,True,True,False,ODDS_API,7.0,ODDS_API,1,False
e956df5f498f78f522f5b8656f304df4,toronto blue jays,cleveland guardians,mybookieag,totals,Under,,,,,,pregame,2026-09-03 17:10:00+00:00,-111,8.0,2026-09-03 05:14:09.061385+00:00,2026-09-03 05:12:15+00:00,,MLB_ODDS_API_MARKET_HISTORY.csv,-111,8.0,7573,-111,8.0,2026-09-03 05:13:57.019887+00:00,0,0.0,0.5260663507109005,0.5260663507109005,0.0,0.0,2,total,under,True,False,False,ODDS_API,8.0,ODDS_API,1,False
pUOFRnQyJdqkujDs888p,toronto blue jays,cleveland guardians,pointsbet,ml,home,,,points,points-home-game-ml-home,game,pregame,2026-09-02 22:40:00+00:00,115,,2026-09-02 12:03:02.122557+00:00,2026-09-02 11:59:13.272000+00:00,1.0,MLB_SGO_MARKET_HISTORY.csv,115,,302273,115,,2026-09-02 03:08:27.486389+00:00,0,,0.4651162790697674,0.4651162790697674,0.0,0.0,9,moneyline,cleveland guardians,True,False,False,SGO,,SGO,2,False
pUOFRnQyJdqkujDs888p,toronto blue jays,cleveland guardians,pointsbet,ml,away,,,points,points-away-game-ml-away,game,pregame,2026-09-02 22:40:00+00:00,-135,,2026-09-02 12:03:02.122557+00:00,2026-09-02 11:59:13.272000+00:00,1.0,MLB_SGO_MARKET_HISTORY.csv,-135,,302264,-135,,2026-09-02 03:08:27.486367+00:00,0,,0.574468085106383,0.574468085106383,0.0,0.0,9,moneyline,toronto blue jays,True,False,False,SGO,,SGO,2,False
pUOFRnQyJdqkujDs888p,toronto blue jays,cleveland guardians,pointsbet,sp,home,,,points,points-home-game-sp-home,game,pregame,2026-09-02 22:40:00+00:00,-169,1.5,2026-09-02 12:03:02.122557+00:00,2026-09-02 11:59:13.272000+00:00,1.0,MLB_SGO_MARKET_HISTORY.csv,-169,1.5,302306,-169,1.5,2026-09-02 03:08:27.486477+00:00,0,0.0,0.6282527881040892,0.6282527881040892,0.0,0.0,9,spread,cleveland guardians,True,False,False,SGO,1.5,SGO,2,False
pUOFRnQyJdqkujDs888p,toronto blue jays,cleveland guardians,pointsbet,sp,away,,,points,points-away-game-sp-away,game,pregame,2026-09-02 22:40:00+00:00,140,-1.5,2026-09-02 12:03:02.122557+00:00,2026-09-02 11:59:13.272000+00:00,1.0,MLB_SGO_MARKET_HISTORY.csv,140,-1.5,302298,140,-1.5,2026-09-02 03:08:27.486456+00:00,0,0.0,0.4166666666666667,0.4166666666666667,0.0,0.0,9,spread,toronto blue jays,True,False,False,SGO,-1.5,SGO,2,False
pUOFRnQyJdqkujDs888p,toronto blue jays,cleveland guardians,pointsbet,ou,over,,,points,points-all-game-ou-over,game,pregame,2026-09-02 22:40:00+00:00,-111,7.0,2026-09-02 12:03:02.122557+00:00,2026-09-02 11:59:13.272000+00:00,1.0,MLB_SGO_MARKET_HISTORY.csv,-111,7.0,302282,-111,7.0,2026-09-02 03:08:27.486412+00:00,0,0.0,0.5260663507109005,0.5260663507109005,0.0,0.0,9,total,over,True,False,False,SGO,7.0,SGO,1,False
nVz37iLpM6rdCSmDodSb,toronto blue jays,cleveland guardians,pointsbet,ou,over,,,points,points-all-game-ou-over,game,pregame,2026-09-03 17:10:00+00:00,-111,8.0,2026-09-03 05:14:08.723784+00:00,2026-09-03 05:09:53.505000+00:00,1.0,MLB_SGO_MARKET_HISTORY.csv,-111,8.0,342701,-111,8.0,2026-09-03 05:13:56.618657+00:00,0,0.0,0.5260663507109005,0.5260663507109005,0.0,0.0,2,total,over,True,False,False,SGO,8.0,SGO,1,False
pUOFRnQyJdqkujDs888p,toronto blue jays,cleveland guardians,pointsbet,ou,under,,,points,points-all-game-ou-under,game,pregame,2026-09-02 22:40:00+00:00,-111,7.0,2026-09-02 12:03:02.122557+00:00,2026-09-02 11:59:13.272000+00:00,1.0,MLB_SGO_MARKET_HISTORY.csv,-111,7.0,302290,-111,7.0,2026-09-02 03:08:27.486434+00:00,0,0.0,0.5260663507109005,0.5260663507109005,0.0,0.0,9,total,under,True,False,False,SGO,7.0,SGO,1,False
nVz37iLpM6rdCSmDodSb,toronto blue jays,cleveland guardians,pointsbet,ou,under,,,points,points-all-game-ou-under,game,pregame,2026-09-03 17:10:00+00:00,-111,8.0,2026-09-03 05:14:08.723814+00:00,2026-09-03 05:09:53.505000+00:00,1.0,MLB_SGO_MARKET_HISTORY.csv,-111,8.0,342709,-111,8.0,2026-09-03 05:13:56.618657+00:00,0,0.0,0.5260663507109005,0.5260663507109005,0.0,0.0,2,total,under,True,False,False,SGO,8.0,SGO,1,False
pUOFRnQyJdqkujDs888p,toronto blue jays,cleveland guardians,unibet,ml,home,,,points,points-home-game-ml-home,game,pregame,2026-09-02 22:40:00+00:00,108,,2026-09-02 12:03:02.122557+00:00,2026-09-02 11:59:34.272000+00:00,1.0,MLB_SGO_MARKET_HISTORY.csv,108,,302274,106,,2026-09-02 03:08:27.486392+00:00,2,,0.4854368932038835,0.4807692307692308,-0.4667662434652719,0.4667662434652719,9,moneyline,cleveland guardians,True,True,False,SGO,,SGO,2,False
pUOFRnQyJdqkujDs888p,toronto blue jays,cleveland guardians,unibet,ml,away,,,points,points-away-game-ml-away,game,pregame,2026-09-02 22:40:00+00:00,-133,,2026-09-02 12:03:02.122557+00:00,2026-09-02 11:59:34.272000+00:00,1.0,MLB_SGO_MARKET_HISTORY.csv,-133,,302265,-127,,2026-09-02 03:08:27.486370+00:00,-6,,0.5594713656387665,0.5708154506437768,1.1344085005010274,1.1344085005010274,9,moneyline,toronto blue jays,True,True,False,SGO,,SGO,2,False
nVz37iLpM6rdCSmDodSb,toronto blue jays,cleveland guardians,unibet,sp,home,,,points,points-home-game-sp-home,game,pregame,2026-09-03 17:10:00+00:00,-152,1.0,2026-09-03 05:14:08.723891+00:00,2026-09-03 05:09:53.005000+00:00,1.0,MLB_SGO_MARKET_HISTORY.csv,-152,1.0,342729,-152,1.0,2026-09-03 05:13:56.618657+00:00,0,0.0,0.6031746031746031,0.6031746031746031,0.0,0.0,2,spread,cleveland guardians,True,False,False,SGO,1.0,SGO,1,False
pUOFRnQyJdqkujDs888p,toronto blue jays,cleveland guardians,unibet,sp,home,,,points,points-home-game-sp-home,game,pregame,2026-09-02 22:40:00+00:00,-165,1.5,2026-09-02 12:03:02.122557+00:00,2026-09-02 11:59:13.272000+00:00,1.0,MLB_SGO_MARKET_HISTORY.csv,-165,1.5,302312,-175,1.5,2026-09-02 03:08:27.486493+00:00,10,0.0,0.6363636363636364,0.6226415094339622,-1.3722126929674117,1.3722126929674117,9,spread,cleveland guardians,True,True,False,SGO,1.5,SGO,1,False
pUOFRnQyJdqkujDs888p,toronto blue jays,cleveland guardians,unibet,sp,away,,,points,points-away-game-sp-away,game,pregame,2026-09-02 22:40:00+00:00,135,-1.5,2026-09-02 12:03:02.122557+00:00,2026-09-02 11:59:13.272000+00:00,1.0,MLB_SGO_MARKET_HISTORY.csv,135,-1.5,302304,138,-1.5,2026-09-02 03:08:27.486472+00:00,-3,0.0,0.4201680672268907,0.425531914893617,0.5363847666726262,0.5363847666726262,9,spread,toronto blue jays,True,True,False,SGO,-1.5,SGO,1,False
nVz37iLpM6rdCSmDodSb,toronto blue jays,cleveland guardians,unibet,sp,away,,,points,points-away-game-sp-away,game,pregame,2026-09-03 17:10:00+00:00,125,-1.0,2026-09-03 05:14:08.723860+00:00,2026-09-03 05:09:53.005000+00:00,1.0,MLB_SGO_MARKET_HISTORY.csv,125,-1.0,342721,125,-1.0,2026-09-03 05:13:56.618657+00:00,0,0.0,0.4444444444444444,0.4444444444444444,0.0,0.0,2,spread,toronto blue jays,True,False,False,SGO,-1.0,SGO,1,False
pUOFRnQyJdqkujDs888p,toronto blue jays,cleveland guardians,unibet,ou,over,,,points,points-all-game-ou-over,game,pregame,2026-09-02 22:40:00+00:00,-127,7.0,2026-09-02 12:03:02.122557+00:00,2026-09-02 11:59:13.272000+00:00,1.0,MLB_SGO_MARKET_HISTORY.csv,-127,7.0,302288,-129,7.0,2026-09-02 03:08:27.486428+00:00,2,0.0,0.5633187772925764,0.5594713656387665,-0.3847411653809862,0.3847411653809862,9,total,over,True,True,False,SGO,7.0,SGO,1,False
nVz37iLpM6rdCSmDodSb,toronto blue jays,cleveland guardians,unibet,ou,over,,,points,points-all-game-ou-over,game,pregame,2026-09-03 17:10:00+00:00,104,8.5,2026-09-03 05:14:08.723799+00:00,2026-09-03 05:09:53.005000+00:00,1.0,MLB_SGO_MARKET_HISTORY.csv,104,8.5,342705,104,8.5,2026-09-03 05:13:56.618657+00:00,0,0.0,0.4901960784313725,0.4901960784313725,0.0,0.0,2,total,over,True,False,False,SGO,8.5,SGO,1,False
pUOFRnQyJdqkujDs888p,toronto blue jays,cleveland guardians,unibet,ou,under,,,points,points-all-game-ou-under,game,pregame,2026-09-02 22:40:00+00:00,-112,7.0,2026-09-02 12:03:02.122557+00:00,2026-09-02 11:59:13.272000+00:00,1.0,MLB_SGO_MARKET_HISTORY.csv,-112,7.0,302296,-112,7.0,2026-09-02 03:08:27.486450+00:00,0,0.0,0.5283018867924528,0.5283018867924528,0.0,0.0,9,total,under,True,False,False,SGO,7.0,SGO,1,False
nVz37iLpM6rdCSmDodSb,toronto blue jays,cleveland guardians,unibet,ou,under,,,points,points-all-game-ou-under,game,pregame,2026-09-03 17:10:00+00:00,-125,8.5,2026-09-03 05:14:08.723829+00:00,2026-09-03 05:09:53.005000+00:00,1.0,MLB_SGO_MARKET_HISTORY.csv,-125,8.5,342713,-125,8.5,2026-09-03 05:13:56.618657+00:00,0,0.0,0.5555555555555556,0.5555555555555556,0.0,0.0,2,total,under,True,False,False,SGO,8.5,SGO,1,False
pUOFRnQyJdqkujDs888p,toronto blue jays,cleveland guardians,williamhill,ml,home,,,points,points-home-game-ml-home,game,pregame,2026-09-02 22:40:00+00:00,110,,2026-09-02 12:03:02.122557+00:00,2026-09-02 11:59:33.272000+00:00,1.0,MLB_SGO_MARKET_HISTORY.csv,110,,302280,110,,2026-09-02 08:15:43.454797+00:00,0,,0.4761904761904761,0.4761904761904761,0.0,0.0,8,moneyline,cleveland guardians,True,False,False,SGO,,SGO,2,False
pUOFRnQyJdqkujDs888p,toronto blue jays,cleveland guardians,williamhill,ml,away,,,points,points-away-game-ml-away,game,pregame,2026-09-02 22:40:00+00:00,-138,,2026-09-02 12:03:02.122557+00:00,2026-09-02 11:59:33.272000+00:00,1.0,MLB_SGO_MARKET_HISTORY.csv,-138,,302271,-138,,2026-09-02 08:15:43.454797+00:00,0,,0.5798319327731093,0.5798319327731093,0.0,0.0,8,moneyline,toronto blue jays,True,False,False,SGO,,SGO,2,False
