gamePk,officialDate,away_team,home_team,features_used,comp_count,comp_median_distance,distance_bucket,pred_home_win_rate,pred_home_side,actual_home_win,winner_correct,pred_total_runs,actual_total_runs,total_abs_error,pred_home_margin,actual_home_margin,margin_abs_error
823117,2026-07-05 00:00:00+00:00,Toronto Blue Jays,Seattle Mariners,11,25,0.30920990783980856,A_CLOSE,0.56,1,1.0,1,9.52,4.0,5.52,0.8,4.0,3.2
823525,2026-07-05 00:00:00+00:00,Minnesota Twins,New York Yankees,11,25,0.42434640527312645,B_GOOD,0.44,0,0.0,1,10.12,7.0,3.119999999999999,0.2,-5.0,5.2
823931,2026-07-05 00:00:00+00:00,San Diego Padres,Los Angeles Dodgers,11,25,0.5118977852671147,C_FAIR,0.8,1,0.0,0,9.68,7.0,2.6799999999999997,2.08,-3.0,5.08
824010,2026-07-05 00:00:00+00:00,Boston Red Sox,Los Angeles Angels,11,25,0.3354026482600851,A_CLOSE,0.52,1,0.0,0,7.76,12.0,4.24,0.16,-2.0,2.16
824091,2026-07-05 00:00:00+00:00,Philadelphia Phillies,Kansas City Royals,11,25,0.4645557466787512,B_GOOD,0.24,0,1.0,0,11.36,7.0,4.359999999999999,-2.96,3.0,5.96
824172,2026-07-05 00:00:00+00:00,Tampa Bay Rays,Houston Astros,11,25,0.470458396242848,B_GOOD,0.44,0,1.0,0,8.96,2.0,6.960000000000001,-1.36,2.0,3.3600000000000003
824333,2026-07-05 00:00:00+00:00,San Francisco Giants,Colorado Rockies,11,25,0.5418438859470847,C_FAIR,0.52,1,1.0,1,9.24,13.0,3.76,1.0,1.0,0.0
824413,2026-07-05 00:00:00+00:00,Chicago White Sox,Cleveland Guardians,11,25,0.3957314390111058,B_GOOD,0.52,1,0.0,0,8.28,13.0,4.720000000000001,-1.0,-1.0,0.0
824497,2026-07-05 00:00:00+00:00,Baltimore Orioles,Cincinnati Reds,11,25,0.27581940437583014,A_CLOSE,0.36,0,1.0,0,7.92,5.0,2.92,-0.96,1.0,1.96
824656,2026-07-05 00:00:00+00:00,St. Louis Cardinals,Chicago Cubs,11,25,0.3453704534448017,A_CLOSE,0.48,0,1.0,0,8.8,10.0,1.1999999999999993,-0.08,2.0,2.08
824902,2026-07-05 00:00:00+00:00,New York Mets,Atlanta Braves,11,25,0.35038750290602755,B_GOOD,0.52,1,0.0,0,8.84,19.0,10.16,-0.52,-1.0,0.48
824980,2026-07-05 00:00:00+00:00,Miami Marlins,Athletics,11,25,0.3666764290501409,B_GOOD,0.36,0,0.0,1,12.24,17.0,4.76,-0.88,-1.0,0.12
825061,2026-07-05 00:00:00+00:00,Milwaukee Brewers,Arizona Diamondbacks,11,25,0.23355992021324437,A_CLOSE,0.52,1,0.0,0,7.92,5.0,2.92,-0.16,-1.0,0.84
822712,2026-07-06 00:00:00+00:00,Houston Astros,Washington Nationals,11,25,0.35482239058822396,B_GOOD,0.56,1,1.0,1,11.76,23.0,11.24,-0.64,1.0,1.6400000000000001
822958,2026-07-06 00:00:00+00:00,New York Yankees,Tampa Bay Rays,11,25,0.5221368278187815,C_FAIR,0.72,1,0.0,0,7.88,6.0,1.88,0.76,-4.0,4.76
823036,2026-07-06 00:00:00+00:00,Milwaukee Brewers,St. Louis Cardinals,11,25,0.281824350553913,A_CLOSE,0.52,1,0.0,0,8.84,7.0,1.8399999999999999,-0.36,-1.0,0.64
823205,2026-07-06 00:00:00+00:00,Toronto Blue Jays,San Francisco Giants,11,25,0.34297984043947416,A_CLOSE,0.52,1,1.0,1,8.72,11.0,2.2799999999999994,1.12,9.0,7.88
823282,2026-07-06 00:00:00+00:00,Arizona Diamondbacks,San Diego Padres,11,25,0.5314414028378687,C_FAIR,0.48,0,0.0,1,6.88,8.0,1.12,-0.64,-8.0,7.36
823930,2026-07-06 00:00:00+00:00,Colorado Rockies,Los Angeles Dodgers,11,25,0.5684248478901256,C_FAIR,0.4,0,1.0,0,9.2,15.0,5.800000000000001,-0.96,1.0,1.96
824089,2026-07-06 00:00:00+00:00,Philadelphia Phillies,Kansas City Royals,11,25,0.5263613511406823,C_FAIR,0.4,0,1.0,0,11.64,16.0,4.359999999999999,-1.4,14.0,15.4
824900,2026-07-06 00:00:00+00:00,New York Mets,Atlanta Braves,11,25,0.31065408507218334,A_CLOSE,0.6,1,0.0,0,9.08,13.0,3.92,0.44,-1.0,1.44
822713,2026-07-07 00:00:00+00:00,Houston Astros,Washington Nationals,11,25,0.4229401889154249,B_GOOD,0.6,1,0.0,0,9.2,9.0,0.1999999999999993,0.96,-3.0,3.96
822881,2026-07-07 00:00:00+00:00,Los Angeles Angels,Texas Rangers,11,25,0.327445539880412,A_CLOSE,0.52,1,1.0,1,8.2,11.0,2.8000000000000007,-0.2,5.0,5.2
822956,2026-07-07 00:00:00+00:00,New York Yankees,Tampa Bay Rays,11,25,0.38045480702819423,B_GOOD,0.76,1,1.0,1,8.4,10.0,1.5999999999999996,1.84,2.0,0.15999999999999992
823035,2026-07-07 00:00:00+00:00,Milwaukee Brewers,St. Louis Cardinals,11,25,0.3109295329061935,A_CLOSE,0.64,1,0.0,0,8.8,12.0,3.1999999999999993,0.88,-8.0,8.88
823062,2026-07-07 00:00:00+00:00,Milwaukee Brewers,St. Louis Cardinals,11,25,0.28944845516599466,A_CLOSE,0.56,1,0.0,0,9.04,7.0,2.039999999999999,0.48,-1.0,1.48
823203,2026-07-07 00:00:00+00:00,Toronto Blue Jays,San Francisco Giants,11,25,0.33810548102749965,A_CLOSE,0.6,1,0.0,0,7.96,12.0,4.04,0.36,-6.0,6.36
823280,2026-07-07 00:00:00+00:00,Arizona Diamondbacks,San Diego Padres,11,25,0.7143857245237655,D_LOOSE,0.56,1,1.0,1,8.56,5.0,3.5600000000000005,-0.56,3.0,3.56
823361,2026-07-07 00:00:00+00:00,Atlanta Braves,Pittsburgh Pirates,11,25,0.5191907519769684,C_FAIR,0.44,0,1.0,0,10.56,16.0,5.4399999999999995,-1.36,8.0,9.36
823607,2026-07-07 00:00:00+00:00,Kansas City Royals,New York Mets,11,25,0.4610801313391394,B_GOOD,0.64,1,0.0,0,6.52,28.0,21.48,0.6,-4.0,4.6
823687,2026-07-07 00:00:00+00:00,Cleveland Guardians,Minnesota Twins,11,25,0.2787427230979532,A_CLOSE,0.64,1,1.0,1,9.28,4.0,5.279999999999999,0.4,2.0,1.6
823847,2026-07-07 00:00:00+00:00,Seattle Mariners,Miami Marlins,11,25,0.507559089470301,C_FAIR,0.68,1,1.0,1,8.12,11.0,2.880000000000001,1.64,1.0,0.6399999999999999
823929,2026-07-07 00:00:00+00:00,Colorado Rockies,Los Angeles Dodgers,11,25,0.6102718989492106,C_FAIR,0.44,0,0.0,1,9.0,7.0,2.0,-0.76,-1.0,0.24
824254,2026-07-07 00:00:00+00:00,Athletics,Detroit Tigers,11,25,0.39585002625099147,B_GOOD,0.6,1,1.0,1,7.6,8.0,0.40000000000000036,0.56,4.0,3.44
824495,2026-07-07 00:00:00+00:00,Philadelphia Phillies,Cincinnati Reds,11,25,0.3179236063182702,A_CLOSE,0.36,0,0.0,1,7.2,5.0,2.2,-0.56,-3.0,2.44
824579,2026-07-07 00:00:00+00:00,Boston Red Sox,Chicago White Sox,11,25,0.4932457672263641,B_GOOD,0.6,1,0.0,0,8.36,9.0,0.6400000000000006,0.12,-7.0,7.12
824820,2026-07-07 00:00:00+00:00,Chicago Cubs,Baltimore Orioles,11,25,0.32167456168813546,A_CLOSE,0.56,1,0.0,0,9.28,7.0,2.2799999999999994,1.04,-3.0,4.04
822710,2026-07-08 00:00:00+00:00,Houston Astros,Washington Nationals,11,25,0.42816497120251457,B_GOOD,0.64,1,1.0,1,10.52,10.0,0.5199999999999996,1.48,6.0,4.52
822880,2026-07-08 00:00:00+00:00,Los Angeles Angels,Texas Rangers,11,25,0.3666127704234735,B_GOOD,0.64,1,0.0,0,6.48,14.0,7.52,0.4,-12.0,12.4
822957,2026-07-08 00:00:00+00:00,New York Yankees,Tampa Bay Rays,11,25,0.3631770449845552,B_GOOD,0.84,1,1.0,1,8.6,3.0,5.6,2.36,3.0,0.6400000000000001
823032,2026-07-08 00:00:00+00:00,Milwaukee Brewers,St. Louis Cardinals,11,25,0.31400159437871217,A_CLOSE,0.6,1,1.0,1,8.4,6.0,2.4000000000000004,0.72,4.0,3.2800000000000002
823202,2026-07-08 00:00:00+00:00,Toronto Blue Jays,San Francisco Giants,11,25,0.31813189755225857,A_CLOSE,0.44,0,0.0,1,8.8,10.0,1.1999999999999993,0.32,-10.0,10.32
823279,2026-07-08 00:00:00+00:00,Arizona Diamondbacks,San Diego Padres,11,25,0.4628654725910407,B_GOOD,0.44,0,1.0,0,8.56,14.0,5.4399999999999995,-0.88,6.0,6.88
823360,2026-07-08 00:00:00+00:00,Atlanta Braves,Pittsburgh Pirates,11,25,0.5955114319713225,C_FAIR,0.6,1,0.0,0,8.96,3.0,5.960000000000001,0.32,-3.0,3.32
823605,2026-07-08 00:00:00+00:00,Kansas City Royals,New York Mets,11,25,0.6070993593268336,C_FAIR,0.68,1,1.0,1,8.72,8.0,0.7200000000000006,1.68,4.0,2.3200000000000003
823684,2026-07-08 00:00:00+00:00,Cleveland Guardians,Minnesota Twins,11,25,0.2792104762425738,A_CLOSE,0.64,1,1.0,1,8.36,11.0,2.6400000000000006,0.36,1.0,0.64
823848,2026-07-08 00:00:00+00:00,Seattle Mariners,Miami Marlins,11,25,0.5519559350311258,C_FAIR,0.68,1,1.0,1,8.32,2.0,6.32,1.52,2.0,0.48
823928,2026-07-08 00:00:00+00:00,Colorado Rockies,Los Angeles Dodgers,11,25,0.4750527997936796,B_GOOD,0.4,0,1.0,0,9.04,7.0,2.039999999999999,-0.8,1.0,1.8
824253,2026-07-08 00:00:00+00:00,Athletics,Detroit Tigers,11,25,0.383016009343821,B_GOOD,0.76,1,1.0,1,9.68,7.0,2.6799999999999997,1.36,5.0,3.6399999999999997
824496,2026-07-08 00:00:00+00:00,Philadelphia Phillies,Cincinnati Reds,11,25,0.3084646224198539,A_CLOSE,0.4,0,1.0,0,8.84,16.0,7.16,-0.04,6.0,6.04
824578,2026-07-08 00:00:00+00:00,Boston Red Sox,Chicago White Sox,11,25,0.27518557607956795,A_CLOSE,0.52,1,0.0,0,8.2,5.0,3.1999999999999993,-0.68,-5.0,4.32
824815,2026-07-08 00:00:00+00:00,Chicago Cubs,Baltimore Orioles,11,25,0.31358585539006967,A_CLOSE,0.56,1,0.0,0,9.32,16.0,6.68,1.0,-2.0,3.0
822877,2026-07-09 00:00:00+00:00,Los Angeles Angels,Texas Rangers,11,25,0.3277461389640566,A_CLOSE,0.28,0,1.0,0,9.52,13.0,3.4800000000000004,-1.6,1.0,2.6
822954,2026-07-09 00:00:00+00:00,New York Yankees,Tampa Bay Rays,11,25,0.36882912615610536,B_GOOD,0.72,1,0.0,0,8.12,16.0,7.880000000000001,1.56,-8.0,9.56
823034,2026-07-09 00:00:00+00:00,Milwaukee Brewers,St. Louis Cardinals,11,25,0.3031813522790493,A_CLOSE,0.52,1,0.0,0,9.08,12.0,2.92,-0.28,-4.0,3.7199999999999998
823201,2026-07-09 00:00:00+00:00,Colorado Rockies,San Francisco Giants,11,25,0.5188147951750983,C_FAIR,0.56,1,1.0,1,8.68,10.0,1.3200000000000003,0.2,6.0,5.8
823277,2026-07-09 00:00:00+00:00,Arizona Diamondbacks,San Diego Padres,11,25,0.3898379274048754,B_GOOD,0.4,0,0.0,1,8.4,4.0,4.4,-1.2,-2.0,0.8
823359,2026-07-09 00:00:00+00:00,Atlanta Braves,Pittsburgh Pirates,11,25,0.4687901567068551,B_GOOD,0.56,1,0.0,0,9.44,15.0,5.5600000000000005,0.64,-5.0,5.64
823606,2026-07-09 00:00:00+00:00,Kansas City Royals,New York Mets,11,25,0.5028972783298324,C_FAIR,0.48,0,1.0,0,8.76,10.0,1.2400000000000002,-0.68,4.0,4.68
823683,2026-07-09 00:00:00+00:00,Cleveland Guardians,Minnesota Twins,11,25,0.30072130811313774,A_CLOSE,0.68,1,0.0,0,8.72,7.0,1.7200000000000006,0.88,-3.0,3.88
823846,2026-07-09 00:00:00+00:00,Seattle Mariners,Miami Marlins,11,25,0.5119527480655766,C_FAIR,0.8,1,1.0,1,7.88,12.0,4.12,2.28,4.0,1.7200000000000002
824251,2026-07-09 00:00:00+00:00,Athletics,Detroit Tigers,11,25,0.4348083704843022,B_GOOD,0.72,1,1.0,1,9.6,5.0,4.6,1.12,3.0,1.88
824494,2026-07-09 00:00:00+00:00,Philadelphia Phillies,Cincinnati Reds,11,25,0.3270611610666818,A_CLOSE,0.44,0,0.0,1,6.88,1.0,5.88,0.32,-1.0,1.32
824577,2026-07-09 00:00:00+00:00,Boston Red Sox,Chicago White Sox,11,25,0.31182673346291,A_CLOSE,0.36,0,0.0,1,9.2,3.0,6.199999999999999,-2.16,-1.0,1.1600000000000001
824816,2026-07-09 00:00:00+00:00,Chicago Cubs,Baltimore Orioles,11,25,0.40778457544686164,B_GOOD,0.32,0,1.0,0,9.28,5.0,4.279999999999999,-1.12,1.0,2.12
822709,2026-07-10 00:00:00+00:00,New York Yankees,Washington Nationals,11,25,0.49076745441244496,B_GOOD,0.52,1,0.0,0,8.44,8.0,0.4399999999999995,0.52,-2.0,2.52
822878,2026-07-10 00:00:00+00:00,Houston Astros,Texas Rangers,11,25,0.36890603274389466,B_GOOD,0.48,0,1.0,0,9.08,10.0,0.9199999999999999,-0.6,4.0,4.6
822955,2026-07-10 00:00:00+00:00,Seattle Mariners,Tampa Bay Rays,11,25,0.3177264725071867,A_CLOSE,0.4,0,1.0,0,9.32,9.0,0.3200000000000003,-0.52,5.0,5.52
823033,2026-07-10 00:00:00+00:00,Atlanta Braves,St. Louis Cardinals,11,25,0.45215670875388614,B_GOOD,0.56,1,1.0,1,9.8,3.0,6.800000000000001,0.84,1.0,0.16000000000000003
823200,2026-07-10 00:00:00+00:00,Colorado Rockies,San Francisco Giants,11,25,0.4251272323945822,B_GOOD,0.56,1,0.0,0,8.88,7.0,1.8800000000000008,0.16,-1.0,1.16
823278,2026-07-10 00:00:00+00:00,Toronto Blue Jays,San Diego Padres,11,25,0.4127235076289872,B_GOOD,0.52,1,0.0,0,8.64,8.0,0.6400000000000006,-0.56,-2.0,1.44
823604,2026-07-10 00:00:00+00:00,Boston Red Sox,New York Mets,11,25,0.5480749973197234,C_FAIR,0.52,1,0.0,0,7.8,8.0,0.20000000000000018,-0.2,-4.0,3.8
823685,2026-07-10 00:00:00+00:00,Los Angeles Angels,Minnesota Twins,11,25,0.3540759718013714,B_GOOD,0.52,1,0.0,0,11.28,7.0,4.279999999999999,-0.08,-1.0,0.92
823845,2026-07-10 00:00:00+00:00,Cleveland Guardians,Miami Marlins,11,25,0.5158224616249213,C_FAIR,0.64,1,0.0,0,8.52,5.0,3.5199999999999996,0.92,-1.0,1.92
823927,2026-07-10 00:00:00+00:00,Arizona Diamondbacks,Los Angeles Dodgers,11,25,0.30131238003080596,A_CLOSE,0.64,1,0.0,0,7.36,12.0,4.64,0.32,-6.0,6.32
824252,2026-07-10 00:00:00+00:00,Philadelphia Phillies,Detroit Tigers,11,25,0.34245541203167634,A_CLOSE,0.64,1,1.0,1,8.44,12.0,3.5600000000000005,0.44,8.0,7.56
824493,2026-07-10 00:00:00+00:00,Chicago Cubs,Cincinnati Reds,11,25,0.351958407036785,B_GOOD,0.48,0,1.0,0,8.56,4.0,4.5600000000000005,0.08,4.0,3.92
824575,2026-07-10 00:00:00+00:00,Athletics,Chicago White Sox,11,25,0.43260206834478143,B_GOOD,0.52,1,1.0,1,8.52,15.0,6.48,0.12,13.0,12.88
824817,2026-07-10 00:00:00+00:00,Kansas City Royals,Baltimore Orioles,11,25,0.3205568110352759,A_CLOSE,0.44,0,1.0,0,10.16,8.0,2.16,-0.48,2.0,2.48
822711,2026-07-11 00:00:00+00:00,New York Yankees,Washington Nationals,11,25,0.41234577464735644,B_GOOD,0.56,1,0.0,0,9.92,6.0,3.92,1.36,-2.0,3.3600000000000003
822875,2026-07-11 00:00:00+00:00,Houston Astros,Texas Rangers,11,25,0.32471920587348985,A_CLOSE,0.68,1,0.0,0,8.28,12.0,3.7200000000000006,1.8,-6.0,7.8
822953,2026-07-11 00:00:00+00:00,Seattle Mariners,Tampa Bay Rays,11,25,0.2986938253510048,A_CLOSE,0.52,1,1.0,1,6.64,7.0,0.3600000000000003,0.08,5.0,4.92
823030,2026-07-11 00:00:00+00:00,Atlanta Braves,St. Louis Cardinals,11,25,0.39517445367055737,B_GOOD,0.76,1,1.0,1,9.64,5.0,4.640000000000001,2.12,3.0,0.8799999999999999
823198,2026-07-11 00:00:00+00:00,Colorado Rockies,San Francisco Giants,11,25,0.3948923165055622,B_GOOD,0.64,1,1.0,1,8.16,6.0,2.16,1.6,2.0,0.3999999999999999
823276,2026-07-11 00:00:00+00:00,Toronto Blue Jays,San Diego Padres,11,25,0.4041960864702511,B_GOOD,0.6,1,1.0,1,8.4,15.0,6.6,0.48,1.0,0.52
823356,2026-07-11 00:00:00+00:00,Milwaukee Brewers,Pittsburgh Pirates,11,25,0.44670462972912217,B_GOOD,0.44,0,1.0,0,10.64,5.0,5.640000000000001,-0.88,1.0,1.88
823357,2026-07-11 00:00:00+00:00,Milwaukee Brewers,Pittsburgh Pirates,11,25,0.35828135296849106,B_GOOD,0.28,0,1.0,0,11.2,13.0,1.8000000000000007,-3.36,1.0,4.359999999999999
823603,2026-07-11 00:00:00+00:00,Boston Red Sox,New York Mets,11,25,0.6038527230019941,C_FAIR,0.6,1,0.0,0,8.48,4.0,4.48,0.72,-4.0,4.72
823682,2026-07-11 00:00:00+00:00,Los Angeles Angels,Minnesota Twins,11,25,0.3284483743154802,A_CLOSE,0.6,1,1.0,1,10.44,8.0,2.4399999999999995,1.08,2.0,0.9199999999999999
823844,2026-07-11 00:00:00+00:00,Cleveland Guardians,Miami Marlins,11,25,0.3735473497543826,B_GOOD,0.52,1,0.0,0,7.12,5.0,2.12,0.16,-3.0,3.16
823926,2026-07-11 00:00:00+00:00,Arizona Diamondbacks,Los Angeles Dodgers,11,25,0.2707178747910675,A_CLOSE,0.4,0,0.0,1,10.24,11.0,0.7599999999999998,-1.2,-7.0,5.8
824249,2026-07-11 00:00:00+00:00,Philadelphia Phillies,Detroit Tigers,11,25,0.47475293551352726,B_GOOD,0.56,1,0.0,0,7.8,6.0,1.7999999999999998,0.36,-2.0,2.36
824492,2026-07-11 00:00:00+00:00,Chicago Cubs,Cincinnati Reds,11,25,0.3076135310896704,A_CLOSE,0.56,1,0.0,0,8.96,8.0,0.9600000000000009,0.08,-2.0,2.08
824576,2026-07-11 00:00:00+00:00,Athletics,Chicago White Sox,11,25,0.5374053245531405,C_FAIR,0.56,1,1.0,1,9.16,1.0,8.16,0.2,1.0,0.8
824813,2026-07-11 00:00:00+00:00,Kansas City Royals,Baltimore Orioles,11,25,0.32533029104249117,A_CLOSE,0.68,1,1.0,1,9.44,7.0,2.4399999999999995,0.4,5.0,4.6
822708,2026-07-12 00:00:00+00:00,New York Yankees,Washington Nationals,11,25,0.37401077608897904,B_GOOD,0.6,1,0.0,0,10.8,8.0,2.8000000000000007,1.04,-2.0,3.04
822876,2026-07-12 00:00:00+00:00,Houston Astros,Texas Rangers,11,25,0.36435811140053687,B_GOOD,0.56,1,1.0,1,7.52,11.0,3.4800000000000004,0.16,1.0,0.84
822951,2026-07-12 00:00:00+00:00,Seattle Mariners,Tampa Bay Rays,11,25,0.29065059719101566,A_CLOSE,0.68,1,0.0,0,9.0,10.0,1.0,1.08,-6.0,7.08
823029,2026-07-12 00:00:00+00:00,Atlanta Braves,St. Louis Cardinals,11,25,0.35457170455519055,B_GOOD,0.68,1,0.0,0,8.84,7.0,1.8399999999999999,1.56,-1.0,2.56
823199,2026-07-12 00:00:00+00:00,Colorado Rockies,San Francisco Giants,11,25,0.36867595076106674,B_GOOD,0.52,1,1.0,1,7.92,4.0,3.92,0.32,2.0,1.68
823274,2026-07-12 00:00:00+00:00,Toronto Blue Jays,San Diego Padres,11,25,0.26536498366356875,A_CLOSE,0.64,1,1.0,1,7.44,9.0,1.5599999999999996,0.88,1.0,0.12
823358,2026-07-12 00:00:00+00:00,Milwaukee Brewers,Pittsburgh Pirates,11,25,0.38286259383796195,B_GOOD,0.44,0,1.0,0,8.76,19.0,10.24,-1.64,9.0,10.64
823602,2026-07-12 00:00:00+00:00,Boston Red Sox,New York Mets,11,25,0.6235797433344167,C_FAIR,0.52,1,0.0,0,8.44,5.0,3.4399999999999995,0.12,-1.0,1.12
823681,2026-07-12 00:00:00+00:00,Los Angeles Angels,Minnesota Twins,11,25,0.3357315543801044,A_CLOSE,0.48,0,1.0,0,10.64,6.0,4.640000000000001,0.4,2.0,1.6
823842,2026-07-12 00:00:00+00:00,Cleveland Guardians,Miami Marlins,11,25,0.31639375620080407,A_CLOSE,0.56,1,0.0,0,7.68,7.0,0.6799999999999997,0.0,-3.0,3.0
823925,2026-07-12 00:00:00+00:00,Arizona Diamondbacks,Los Angeles Dodgers,11,25,0.27239081026011047,A_CLOSE,0.44,0,0.0,1,9.16,8.0,1.1600000000000001,-0.84,-2.0,1.1600000000000001
824250,2026-07-12 00:00:00+00:00,Philadelphia Phillies,Detroit Tigers,11,25,0.44560934202825253,B_GOOD,0.6,1,0.0,0,8.84,5.0,3.84,0.6,-5.0,5.6
824491,2026-07-12 00:00:00+00:00,Chicago Cubs,Cincinnati Reds,11,25,0.33491637365226967,A_CLOSE,0.64,1,0.0,0,9.16,12.0,2.84,1.56,-4.0,5.5600000000000005
824574,2026-07-12 00:00:00+00:00,Athletics,Chicago White Sox,11,25,0.5020484963196012,C_FAIR,0.64,1,1.0,1,7.92,10.0,2.08,1.04,8.0,6.96
824814,2026-07-12 00:00:00+00:00,Kansas City Royals,Baltimore Orioles,11,25,0.3402893557826996,A_CLOSE,0.24,0,1.0,0,9.52,10.0,0.4800000000000004,-1.6,6.0,7.6
823440,2026-07-16 00:00:00+00:00,New York Mets,Philadelphia Phillies,11,25,0.4363728155394718,B_GOOD,0.76,1,0.0,0,9.16,5.0,4.16,2.28,-3.0,5.279999999999999
822789,2026-07-17 00:00:00+00:00,Chicago White Sox,Toronto Blue Jays,11,25,0.3140194167090314,A_CLOSE,0.36,0,0.0,1,9.92,16.0,6.08,-1.92,-8.0,6.08
823115,2026-07-17 00:00:00+00:00,San Francisco Giants,Seattle Mariners,11,25,0.39523869829685293,B_GOOD,0.64,1,0.0,0,8.48,7.0,1.4800000000000004,0.96,-7.0,7.96
823524,2026-07-17 00:00:00+00:00,Los Angeles Dodgers,New York Yankees,11,25,0.32831024197863334,A_CLOSE,0.4,0,0.0,1,7.32,3.0,4.32,-0.68,-1.0,0.31999999999999995
823766,2026-07-17 00:00:00+00:00,Miami Marlins,Milwaukee Brewers,11,25,0.332029224860959,A_CLOSE,0.44,0,1.0,0,8.32,3.0,5.32,-0.72,1.0,1.72
824009,2026-07-17 00:00:00+00:00,Detroit Tigers,Los Angeles Angels,11,25,0.4069778082650643,B_GOOD,0.44,0,0.0,1,7.76,3.0,4.76,0.8,-1.0,1.8
824090,2026-07-17 00:00:00+00:00,San Diego Padres,Kansas City Royals,11,25,0.37180125941478354,B_GOOD,0.68,1,1.0,1,9.52,13.0,3.4800000000000004,0.56,1.0,0.43999999999999995
824170,2026-07-17 00:00:00+00:00,Baltimore Orioles,Houston Astros,11,25,0.36356435829834755,B_GOOD,0.6,1,0.0,0,10.36,5.0,5.359999999999999,0.04,-1.0,1.04
824332,2026-07-17 00:00:00+00:00,Cincinnati Reds,Colorado Rockies,11,25,0.3948750408284908,B_GOOD,0.52,1,0.0,0,8.0,9.0,1.0,-0.16,-5.0,4.84
824655,2026-07-17 00:00:00+00:00,Minnesota Twins,Chicago Cubs,11,25,0.3792631799771122,B_GOOD,0.48,0,0.0,1,10.48,7.0,3.4800000000000004,-0.24,-3.0,2.76
824737,2026-07-17 00:00:00+00:00,Tampa Bay Rays,Boston Red Sox,11,25,0.4612003659318111,B_GOOD,0.52,1,1.0,1,10.08,8.0,2.08,0.0,2.0,2.0
824766,2026-07-17 00:00:00+00:00,Tampa Bay Rays,Boston Red Sox,11,25,0.5638097934563128,C_FAIR,0.6,1,1.0,1,8.84,10.0,1.1600000000000001,1.32,10.0,8.68
824901,2026-07-17 00:00:00+00:00,Texas Rangers,Atlanta Braves,11,25,0.3810898815904212,B_GOOD,0.64,1,1.0,1,9.88,16.0,6.119999999999999,2.6,14.0,11.4
824981,2026-07-17 00:00:00+00:00,Washington Nationals,Athletics,11,25,0.6534375323599257,C_FAIR,0.4,0,0.0,1,11.56,27.0,15.44,0.28,-19.0,19.28
825060,2026-07-17 00:00:00+00:00,St. Louis Cardinals,Arizona Diamondbacks,11,25,0.3104708514739684,A_CLOSE,0.6,1,0.0,0,8.64,9.0,0.35999999999999943,0.88,-1.0,1.88
822790,2026-07-18 00:00:00+00:00,Chicago White Sox,Toronto Blue Jays,11,25,0.3242332001024111,A_CLOSE,0.44,0,1.0,0,7.72,1.0,6.72,-0.36,1.0,1.3599999999999999
823116,2026-07-18 00:00:00+00:00,San Francisco Giants,Seattle Mariners,11,25,0.3057402765934538,A_CLOSE,0.72,1,1.0,1,8.36,7.0,1.3599999999999994,0.92,1.0,0.07999999999999996
823441,2026-07-18 00:00:00+00:00,New York Mets,Philadelphia Phillies,11,25,0.4453869787330663,B_GOOD,0.6,1,1.0,1,8.84,7.0,1.8399999999999999,0.68,5.0,4.32
823763,2026-07-18 00:00:00+00:00,Miami Marlins,Milwaukee Brewers,11,25,0.2673243248787332,A_CLOSE,0.44,0,1.0,0,9.72,14.0,4.279999999999999,-1.64,2.0,3.6399999999999997
824008,2026-07-18 00:00:00+00:00,Detroit Tigers,Los Angeles Angels,11,25,0.35423424034285567,B_GOOD,0.44,0,0.0,1,8.88,7.0,1.8800000000000008,0.48,-7.0,7.48
824088,2026-07-18 00:00:00+00:00,San Diego Padres,Kansas City Royals,11,25,0.3205475726115571,A_CLOSE,0.4,0,1.0,0,9.8,7.0,2.8000000000000007,-1.4,5.0,6.4
824169,2026-07-18 00:00:00+00:00,Baltimore Orioles,Houston Astros,11,25,0.3314195479849752,A_CLOSE,0.48,0,0.0,1,10.84,6.0,4.84,0.2,-2.0,2.2
824331,2026-07-18 00:00:00+00:00,Cincinnati Reds,Colorado Rockies,11,25,0.34249569340688624,A_CLOSE,0.6,1,1.0,1,8.92,13.0,4.08,-0.36,7.0,7.36
824412,2026-07-18 00:00:00+00:00,Pittsburgh Pirates,Cleveland Guardians,11,25,0.46001754190878225,B_GOOD,0.36,0,1.0,0,9.72,8.0,1.7200000000000006,-1.16,2.0,3.16
824414,2026-07-18 00:00:00+00:00,Pittsburgh Pirates,Cleveland Guardians,11,25,0.4178164917403982,B_GOOD,0.44,0,0.0,1,9.04,8.0,1.0399999999999991,0.32,-6.0,6.32
824657,2026-07-18 00:00:00+00:00,Minnesota Twins,Chicago Cubs,11,25,0.3356169958042178,A_CLOSE,0.52,1,1.0,1,8.56,8.0,0.5600000000000005,-0.08,4.0,4.08
824738,2026-07-18 00:00:00+00:00,Tampa Bay Rays,Boston Red Sox,11,25,0.6551879547773082,C_FAIR,0.76,1,1.0,1,8.88,13.0,4.119999999999999,2.0,1.0,1.0
824899,2026-07-18 00:00:00+00:00,Texas Rangers,Atlanta Braves,11,25,0.46649864472985003,B_GOOD,0.64,1,0.0,0,11.04,13.0,1.9600000000000009,1.68,-1.0,2.6799999999999997
824979,2026-07-18 00:00:00+00:00,Washington Nationals,Athletics,11,25,1.1021560922128038,D_LOOSE,0.48,0,1.0,0,11.56,16.0,4.4399999999999995,-1.8,14.0,15.8
825059,2026-07-18 00:00:00+00:00,St. Louis Cardinals,Arizona Diamondbacks,11,25,0.251809414273362,A_CLOSE,0.56,1,1.0,1,9.8,8.0,1.8000000000000007,0.6,2.0,1.4
822786,2026-07-19 00:00:00+00:00,Chicago White Sox,Toronto Blue Jays,11,25,0.34623634282563015,A_CLOSE,0.52,1,0.0,0,8.36,3.0,5.359999999999999,0.92,-3.0,3.92
823113,2026-07-19 00:00:00+00:00,San Francisco Giants,Seattle Mariners,11,25,0.25940476133101115,A_CLOSE,0.64,1,1.0,1,6.44,9.0,2.5599999999999996,0.44,3.0,2.56
823439,2026-07-19 00:00:00+00:00,New York Mets,Philadelphia Phillies,11,25,0.37873826148891215,B_GOOD,0.56,1,0.0,0,9.0,7.0,2.0,0.28,-5.0,5.28
823521,2026-07-19 00:00:00+00:00,Los Angeles Dodgers,New York Yankees,11,25,0.30344342663913315,A_CLOSE,0.44,0,1.0,0,8.52,3.0,5.52,0.04,1.0,0.96
823523,2026-07-19 00:00:00+00:00,Los Angeles Dodgers,New York Yankees,11,25,0.2925472807511771,A_CLOSE,0.6,1,0.0,0,8.0,10.0,2.0,1.6,-6.0,7.6
823764,2026-07-19 00:00:00+00:00,Miami Marlins,Milwaukee Brewers,11,25,0.2626618404821498,A_CLOSE,0.4,0,1.0,0,10.76,4.0,6.76,-1.64,2.0,3.6399999999999997
824007,2026-07-19 00:00:00+00:00,Detroit Tigers,Los Angeles Angels,11,25,0.4667956466199766,B_GOOD,0.56,1,1.0,1,8.68,5.0,3.6799999999999997,0.68,1.0,0.31999999999999995
824086,2026-07-19 00:00:00+00:00,San Diego Padres,Kansas City Royals,11,25,0.338009820900287,A_CLOSE,0.48,0,0.0,1,8.52,21.0,12.48,-0.68,-17.0,16.32
824168,2026-07-19 00:00:00+00:00,Baltimore Orioles,Houston Astros,11,25,0.3175756612304186,A_CLOSE,0.48,0,0.0,1,11.28,7.0,4.279999999999999,0.16,-3.0,3.16
824330,2026-07-19 00:00:00+00:00,Cincinnati Reds,Colorado Rockies,11,25,0.3120512598625845,A_CLOSE,0.44,0,0.0,1,9.48,15.0,5.52,-0.2,-3.0,2.8
824411,2026-07-19 00:00:00+00:00,Pittsburgh Pirates,Cleveland Guardians,11,25,0.37438616310837725,B_GOOD,0.44,0,0.0,1,9.36,8.0,1.3599999999999994,-1.12,-6.0,4.88
824653,2026-07-19 00:00:00+00:00,Minnesota Twins,Chicago Cubs,11,25,0.26330410477753113,A_CLOSE,0.32,0,1.0,0,8.68,11.0,2.3200000000000003,-2.36,9.0,11.36
824739,2026-07-19 00:00:00+00:00,Tampa Bay Rays,Boston Red Sox,11,25,0.5184226101499556,C_FAIR,0.6,1,1.0,1,8.8,7.0,1.8000000000000007,0.72,5.0,4.28
824897,2026-07-19 00:00:00+00:00,Texas Rangers,Atlanta Braves,11,25,0.4810919219424948,B_GOOD,0.72,1,1.0,1,10.32,13.0,2.6799999999999997,2.8,3.0,0.20000000000000018
824978,2026-07-19 00:00:00+00:00,Washington Nationals,Athletics,11,25,0.871467288601009,D_LOOSE,0.44,0,0.0,1,10.64,7.0,3.6400000000000006,-0.8,-3.0,2.2
825057,2026-07-19 00:00:00+00:00,St. Louis Cardinals,Arizona Diamondbacks,11,25,0.25355662924850825,A_CLOSE,0.56,1,1.0,1,9.32,15.0,5.68,0.6,1.0,0.4
822788,2026-07-20 00:00:00+00:00,Tampa Bay Rays,Toronto Blue Jays,11,25,0.3026640160953093,A_CLOSE,0.28,0,0.0,1,9.16,8.0,1.1600000000000001,-1.4,-6.0,4.6
822874,2026-07-20 00:00:00+00:00,Chicago White Sox,Texas Rangers,11,25,0.5712160446564373,C_FAIR,0.4,0,0.0,1,7.0,13.0,6.0,-0.92,-7.0,6.08
823112,2026-07-20 00:00:00+00:00,Cincinnati Reds,Seattle Mariners,11,25,0.2602030987965624,A_CLOSE,0.64,1,1.0,1,7.4,8.0,0.5999999999999996,0.52,8.0,7.48
823436,2026-07-20 00:00:00+00:00,Los Angeles Dodgers,Philadelphia Phillies,11,25,0.3716613851252531,B_GOOD,0.64,1,1.0,1,9.72,17.0,7.279999999999999,1.48,3.0,1.52
823522,2026-07-20 00:00:00+00:00,Pittsburgh Pirates,New York Yankees,11,25,0.42935392336875916,B_GOOD,0.32,0,1.0,0,9.32,13.0,3.6799999999999997,-1.88,3.0,4.88
823762,2026-07-20 00:00:00+00:00,New York Mets,Milwaukee Brewers,11,25,0.2753721475318999,A_CLOSE,0.44,0,1.0,0,8.72,11.0,2.2799999999999994,-1.36,5.0,6.36
824006,2026-07-20 00:00:00+00:00,St. Louis Cardinals,Los Angeles Angels,11,25,0.2924565956792957,A_CLOSE,0.44,0,1.0,0,8.12,5.0,3.119999999999999,-0.68,1.0,1.6800000000000002
824087,2026-07-20 00:00:00+00:00,San Francisco Giants,Kansas City Royals,11,25,0.43009205489372815,B_GOOD,0.32,0,1.0,0,8.12,7.0,1.1199999999999992,-1.96,1.0,2.96
824167,2026-07-20 00:00:00+00:00,Miami Marlins,Houston Astros,11,25,0.3106901796840386,A_CLOSE,0.56,1,1.0,1,9.16,13.0,3.84,-0.44,3.0,3.44
824328,2026-07-20 00:00:00+00:00,Washington Nationals,Colorado Rockies,11,25,0.5048839611196583,C_FAIR,0.32,0,0.0,1,10.04,10.0,0.03999999999999915,-2.36,-4.0,1.6400000000000001
824410,2026-07-20 00:00:00+00:00,Minnesota Twins,Cleveland Guardians,11,25,0.29312130410379106,A_CLOSE,0.4,0,1.0,0,9.08,17.0,7.92,-0.28,9.0,9.28
824654,2026-07-20 00:00:00+00:00,Detroit Tigers,Chicago Cubs,11,25,0.3830254109869047,B_GOOD,0.4,0,0.0,1,9.4,14.0,4.6,-1.0,-2.0,1.0
824736,2026-07-20 00:00:00+00:00,Baltimore Orioles,Boston Red Sox,11,25,0.6096851748316997,C_FAIR,0.52,1,1.0,1,8.2,11.0,2.8000000000000007,0.52,1.0,0.48
824898,2026-07-20 00:00:00+00:00,San Diego Padres,Atlanta Braves,11,25,0.3559404548168853,B_GOOD,0.52,1,1.0,1,9.6,5.0,4.6,-0.72,1.0,1.72
825058,2026-07-20 00:00:00+00:00,Athletics,Arizona Diamondbacks,11,25,0.5318321682535795,C_FAIR,0.64,1,0.0,0,9.56,7.0,2.5600000000000005,0.36,-3.0,3.36
822787,2026-07-21 00:00:00+00:00,Tampa Bay Rays,Toronto Blue Jays,11,25,0.2715795633662264,A_CLOSE,0.2,0,0.0,1,8.64,14.0,5.359999999999999,-2.4,-10.0,7.6
822871,2026-07-21 00:00:00+00:00,Chicago White Sox,Texas Rangers,11,25,0.6505108578670087,C_FAIR,0.36,0,1.0,0,7.92,10.0,2.08,-1.44,10.0,11.44
823114,2026-07-21 00:00:00+00:00,Cincinnati Reds,Seattle Mariners,11,25,0.2508407068896966,A_CLOSE,0.36,0,0.0,1,8.32,6.0,2.3200000000000003,-1.68,-2.0,0.32000000000000006
823437,2026-07-21 00:00:00+00:00,Los Angeles Dodgers,Philadelphia Phillies,11,25,0.30403943673606876,A_CLOSE,0.36,0,0.0,1,8.52,3.0,5.52,-1.32,-1.0,0.32000000000000006
823760,2026-07-21 00:00:00+00:00,New York Mets,Milwaukee Brewers,11,25,0.281751553481295,A_CLOSE,0.56,1,0.0,0,7.88,4.0,3.88,-0.2,-4.0,3.8
824005,2026-07-21 00:00:00+00:00,St. Louis Cardinals,Los Angeles Angels,11,25,0.26693110638381023,A_CLOSE,0.52,1,1.0,1,8.2,6.0,2.1999999999999993,-0.2,4.0,4.2
824085,2026-07-21 00:00:00+00:00,San Francisco Giants,Kansas City Royals,11,25,0.44664440714045506,B_GOOD,0.44,0,1.0,0,8.96,5.0,3.960000000000001,-0.48,1.0,1.48
824165,2026-07-21 00:00:00+00:00,Miami Marlins,Houston Astros,11,25,0.38528924654999375,B_GOOD,0.64,1,1.0,1,8.92,8.0,0.9199999999999999,0.6,2.0,1.4
824329,2026-07-21 00:00:00+00:00,Washington Nationals,Colorado Rockies,11,25,0.42559442356402194,B_GOOD,0.32,0,1.0,0,10.68,15.0,4.32,-2.36,1.0,3.36
824409,2026-07-21 00:00:00+00:00,Minnesota Twins,Cleveland Guardians,11,25,0.3029554268655347,A_CLOSE,0.52,1,1.0,1,10.0,7.0,3.0,0.08,3.0,2.92
824652,2026-07-21 00:00:00+00:00,Detroit Tigers,Chicago Cubs,11,25,0.3445639301394845,A_CLOSE,0.36,0,1.0,0,9.2,13.0,3.8000000000000007,-1.12,9.0,10.120000000000001
824895,2026-07-21 00:00:00+00:00,San Diego Padres,Atlanta Braves,11,25,0.3573509827567668,B_GOOD,0.56,1,0.0,0,9.0,11.0,2.0,-0.52,-5.0,4.48
825056,2026-07-21 00:00:00+00:00,Athletics,Arizona Diamondbacks,11,25,0.4540055727024878,B_GOOD,0.56,1,1.0,1,8.44,11.0,2.5600000000000005,0.04,1.0,0.96
822784,2026-07-22 00:00:00+00:00,Tampa Bay Rays,Toronto Blue Jays,11,25,0.2983501378915934,A_CLOSE,0.44,0,0.0,1,6.76,6.0,0.7599999999999998,-1.24,-2.0,0.76
822873,2026-07-22 00:00:00+00:00,Chicago White Sox,Texas Rangers,11,25,0.5842851428629424,C_FAIR,0.4,0,0.0,1,8.32,6.0,2.3200000000000003,-0.88,-2.0,1.12
823110,2026-07-22 00:00:00+00:00,Cincinnati Reds,Seattle Mariners,11,25,0.25478713659706603,A_CLOSE,0.6,1,0.0,0,7.64,8.0,0.3600000000000003,0.2,-2.0,2.2
823438,2026-07-22 00:00:00+00:00,Los Angeles Dodgers,Philadelphia Phillies,11,25,0.31161866499923,A_CLOSE,0.4,0,0.0,1,8.12,14.0,5.880000000000001,-0.6,-4.0,3.4
823518,2026-07-22 00:00:00+00:00,Pittsburgh Pirates,New York Yankees,11,25,0.37193796918279054,B_GOOD,0.36,0,0.0,1,7.56,8.0,0.4400000000000004,-1.16,-2.0,0.8400000000000001
823519,2026-07-22 00:00:00+00:00,Pittsburgh Pirates,New York Yankees,11,25,0.2982541773916034,A_CLOSE,0.56,1,1.0,1,8.64,2.0,6.640000000000001,0.08,2.0,1.92
823761,2026-07-22 00:00:00+00:00,New York Mets,Milwaukee Brewers,11,25,0.2796886100864526,A_CLOSE,0.56,1,1.0,1,8.12,7.0,1.1199999999999992,-0.04,1.0,1.04
824004,2026-07-22 00:00:00+00:00,St. Louis Cardinals,Los Angeles Angels,11,25,0.2684400159268113,A_CLOSE,0.6,1,0.0,0,8.76,1.0,7.76,1.16,-1.0,2.16
824083,2026-07-22 00:00:00+00:00,San Francisco Giants,Kansas City Royals,11,25,0.46004406192818775,B_GOOD,0.48,0,1.0,0,8.16,9.0,0.8399999999999999,-1.28,1.0,2.2800000000000002
824166,2026-07-22 00:00:00+00:00,Miami Marlins,Houston Astros,11,25,0.3707184757571662,B_GOOD,0.64,1,1.0,1,9.28,7.0,2.2799999999999994,1.76,3.0,1.24
824327,2026-07-22 00:00:00+00:00,Washington Nationals,Colorado Rockies,11,25,0.42021104196561115,B_GOOD,0.36,0,0.0,1,11.08,8.0,3.08,-1.8,-8.0,6.2
824408,2026-07-22 00:00:00+00:00,Minnesota Twins,Cleveland Guardians,11,25,0.3026879136371134,A_CLOSE,0.48,0,0.0,1,9.04,16.0,6.960000000000001,-0.48,-4.0,3.52
824650,2026-07-22 00:00:00+00:00,Detroit Tigers,Chicago Cubs,11,25,0.3126092183213144,A_CLOSE,0.64,1,0.0,0,9.08,6.0,3.08,0.92,-4.0,4.92
824732,2026-07-22 00:00:00+00:00,Baltimore Orioles,Boston Red Sox,11,25,0.5377345486706531,C_FAIR,0.52,1,0.0,0,9.04,6.0,3.039999999999999,0.08,-4.0,4.08
824735,2026-07-22 00:00:00+00:00,Baltimore Orioles,Boston Red Sox,11,25,0.4837877357234258,B_GOOD,0.52,1,1.0,1,9.8,9.0,0.8000000000000007,0.04,3.0,2.96
824896,2026-07-22 00:00:00+00:00,San Diego Padres,Atlanta Braves,11,25,0.40374092363954434,B_GOOD,0.64,1,1.0,1,7.92,13.0,5.08,1.04,1.0,0.040000000000000036
825055,2026-07-22 00:00:00+00:00,Athletics,Arizona Diamondbacks,11,25,0.4225727588022519,B_GOOD,0.68,1,1.0,1,9.68,20.0,10.32,0.8,10.0,9.2
822785,2026-07-23 00:00:00+00:00,Tampa Bay Rays,Toronto Blue Jays,11,25,0.283047303891588,A_CLOSE,0.48,0,1.0,0,8.72,4.0,4.720000000000001,0.32,2.0,1.68
823042,2026-07-23 00:00:00+00:00,Arizona Diamondbacks,St. Louis Cardinals,11,25,0.3694046453973661,B_GOOD,0.48,0,0.0,1,10.28,16.0,5.720000000000001,-0.04,-4.0,3.96
824247,2026-07-23 00:00:00+00:00,Kansas City Royals,Detroit Tigers,11,25,0.38402579497842526,B_GOOD,0.44,0,1.0,0,9.2,7.0,2.1999999999999993,-0.96,1.0,1.96
824406,2026-07-23 00:00:00+00:00,Minnesota Twins,Cleveland Guardians,11,25,0.29940508845917335,A_CLOSE,0.4,0,0.0,1,9.6,4.0,5.6,-0.72,-2.0,1.28
824893,2026-07-23 00:00:00+00:00,San Diego Padres,Atlanta Braves,11,25,0.3789036810102023,B_GOOD,0.72,1,1.0,1,10.12,11.0,0.8800000000000008,1.32,1.0,0.32000000000000006
822707,2026-07-24 00:00:00+00:00,Arizona Diamondbacks,Washington Nationals,11,25,0.6282548488073227,C_FAIR,0.64,1,0.0,0,11.08,5.0,6.08,2.04,-1.0,3.04
822872,2026-07-24 00:00:00+00:00,Seattle Mariners,Texas Rangers,11,25,0.4305301798680163,B_GOOD,0.4,0,1.0,0,8.32,9.0,0.6799999999999997,-1.12,1.0,2.12
822952,2026-07-24 00:00:00+00:00,Cleveland Guardians,Tampa Bay Rays,11,25,0.24684146478160277,A_CLOSE,0.48,0,1.0,0,8.08,14.0,5.92,0.24,8.0,7.76
823031,2026-07-24 00:00:00+00:00,Cincinnati Reds,St. Louis Cardinals,11,25,0.2680070688453473,A_CLOSE,0.68,1,0.0,0,8.76,6.0,2.76,1.48,-2.0,3.48
823196,2026-07-24 00:00:00+00:00,Los Angeles Angels,San Francisco Giants,11,25,0.395685793795818,B_GOOD,0.76,1,1.0,1,9.92,13.0,3.08,1.84,1.0,0.8400000000000001
823352,2026-07-24 00:00:00+00:00,Chicago Cubs,Pittsburgh Pirates,11,25,0.40934412284917987,B_GOOD,0.52,1,0.0,0,10.28,5.0,5.279999999999999,-0.12,-1.0,0.88
823434,2026-07-24 00:00:00+00:00,New York Yankees,Philadelphia Phillies,11,25,0.3272453656417004,A_CLOSE,0.4,0,0.0,1,9.6,1.0,8.6,-0.56,-1.0,0.43999999999999995
823601,2026-07-24 00:00:00+00:00,Los Angeles Dodgers,New York Mets,11,25,0.2840154783385782,A_CLOSE,0.48,0,0.0,1,7.12,6.0,1.12,-0.64,-2.0,1.3599999999999999
823680,2026-07-24 00:00:00+00:00,Athletics,Minnesota Twins,11,25,0.5348892516199035,C_FAIR,0.64,1,0.0,0,8.96,2.0,6.960000000000001,0.8,-2.0,2.8
823759,2026-07-24 00:00:00+00:00,Colorado Rockies,Milwaukee Brewers,11,25,0.3332725605265902,A_CLOSE,0.6,1,0.0,0,7.84,7.0,0.8399999999999999,0.24,-3.0,3.24
823843,2026-07-24 00:00:00+00:00,San Diego Padres,Miami Marlins,11,25,0.533229171933236,C_FAIR,0.44,0,0.0,1,9.92,6.0,3.92,-0.64,-2.0,1.3599999999999999
824248,2026-07-24 00:00:00+00:00,Kansas City Royals,Detroit Tigers,11,25,0.34363290631514576,A_CLOSE,0.4,0,1.0,0,9.12,3.0,6.119999999999999,-1.04,1.0,2.04
824573,2026-07-24 00:00:00+00:00,Houston Astros,Chicago White Sox,11,25,0.4028166006451299,B_GOOD,0.56,1,0.0,0,8.96,14.0,5.039999999999999,-0.24,-4.0,3.76
824733,2026-07-24 00:00:00+00:00,Toronto Blue Jays,Boston Red Sox,11,25,0.4619168117787082,B_GOOD,0.64,1,1.0,1,8.2,10.0,1.8000000000000007,0.76,2.0,1.24
824812,2026-07-24 00:00:00+00:00,Atlanta Braves,Baltimore Orioles,11,25,0.36185804382200926,B_GOOD,0.36,0,0.0,1,8.6,13.0,4.4,-1.08,-1.0,0.08000000000000007
822704,2026-07-25 00:00:00+00:00,Arizona Diamondbacks,Washington Nationals,11,25,0.508055189208655,C_FAIR,0.64,1,1.0,1,9.32,8.0,1.3200000000000003,0.6,2.0,1.4
822869,2026-07-25 00:00:00+00:00,Seattle Mariners,Texas Rangers,11,25,0.3872165026179499,B_GOOD,0.56,1,1.0,1,8.12,8.0,0.11999999999999922,0.2,6.0,5.8
822948,2026-07-25 00:00:00+00:00,Cleveland Guardians,Tampa Bay Rays,11,25,0.3028393380201297,A_CLOSE,0.48,0,1.0,0,8.6,3.0,5.6,-1.08,3.0,4.08
823027,2026-07-25 00:00:00+00:00,Cincinnati Reds,St. Louis Cardinals,11,25,0.2806452773090272,A_CLOSE,0.56,1,1.0,1,8.04,7.0,1.0399999999999991,0.36,7.0,6.64
823197,2026-07-25 00:00:00+00:00,Los Angeles Angels,San Francisco Giants,11,25,0.35671592992509493,B_GOOD,0.68,1,1.0,1,9.0,11.0,2.0,0.76,7.0,6.24
823355,2026-07-25 00:00:00+00:00,Chicago Cubs,Pittsburgh Pirates,11,25,0.4038428706003189,B_GOOD,0.6,1,0.0,0,10.08,11.0,0.9199999999999999,1.04,-11.0,12.04
823435,2026-07-25 00:00:00+00:00,New York Yankees,Philadelphia Phillies,11,25,0.3560894277492068,B_GOOD,0.52,1,0.0,0,8.0,4.0,4.0,-0.08,-2.0,1.92
823600,2026-07-25 00:00:00+00:00,Los Angeles Dodgers,New York Mets,11,25,0.3162557459454932,A_CLOSE,0.44,0,0.0,1,7.8,7.0,0.7999999999999998,-0.84,-1.0,0.16000000000000003
823679,2026-07-25 00:00:00+00:00,Athletics,Minnesota Twins,11,25,0.4901464074193802,B_GOOD,0.52,1,1.0,1,8.44,2.0,6.4399999999999995,-0.44,2.0,2.44
823758,2026-07-25 00:00:00+00:00,Colorado Rockies,Milwaukee Brewers,11,25,0.27969206159154153,A_CLOSE,0.36,0,1.0,0,9.16,13.0,3.84,-2.04,3.0,5.04
823841,2026-07-25 00:00:00+00:00,San Diego Padres,Miami Marlins,11,25,0.5461326915881479,C_FAIR,0.48,0,0.0,1,8.52,9.0,0.4800000000000004,-0.04,-5.0,4.96
824244,2026-07-25 00:00:00+00:00,Kansas City Royals,Detroit Tigers,11,25,0.3914764208441859,B_GOOD,0.52,1,0.0,0,8.24,5.0,3.24,-0.16,-1.0,0.84
824571,2026-07-25 00:00:00+00:00,Houston Astros,Chicago White Sox,11,25,0.338949470160288,A_CLOSE,0.68,1,0.0,0,8.08,5.0,3.08,0.48,-3.0,3.48
824734,2026-07-25 00:00:00+00:00,Toronto Blue Jays,Boston Red Sox,11,25,0.45380284119883385,B_GOOD,0.64,1,0.0,0,8.68,6.0,2.6799999999999997,0.44,-6.0,6.44
824811,2026-07-25 00:00:00+00:00,Atlanta Braves,Baltimore Orioles,11,25,0.35639694311942854,B_GOOD,0.4,0,1.0,0,9.12,5.0,4.119999999999999,-1.2,1.0,2.2
822706,2026-07-26 00:00:00+00:00,Arizona Diamondbacks,Washington Nationals,11,25,0.4532058745785763,B_GOOD,0.56,1,1.0,1,10.96,17.0,6.039999999999999,0.96,3.0,2.04
822870,2026-07-26 00:00:00+00:00,Seattle Mariners,Texas Rangers,11,25,0.36239169976967806,B_GOOD,0.56,1,0.0,0,8.72,10.0,1.2799999999999994,-0.08,-2.0,1.92
822950,2026-07-26 00:00:00+00:00,Cleveland Guardians,Tampa Bay Rays,11,25,0.275884739022195,A_CLOSE,0.48,0,1.0,0,8.68,1.0,7.68,0.44,1.0,0.56
823028,2026-07-26 00:00:00+00:00,Cincinnati Reds,St. Louis Cardinals,11,25,0.31573502101850365,A_CLOSE,0.44,0,0.0,1,8.88,8.0,0.8800000000000008,-0.4,-2.0,1.6
823194,2026-07-26 00:00:00+00:00,Los Angeles Angels,San Francisco Giants,11,25,0.3089429052345141,A_CLOSE,0.64,1,0.0,0,9.16,7.0,2.16,1.16,-1.0,2.16
823354,2026-07-26 00:00:00+00:00,Chicago Cubs,Pittsburgh Pirates,11,25,0.443401607472169,B_GOOD,0.52,1,1.0,1,9.72,15.0,5.279999999999999,-0.36,1.0,1.3599999999999999
823433,2026-07-26 00:00:00+00:00,New York Yankees,Philadelphia Phillies,11,25,0.4056370368611155,B_GOOD,0.56,1,1.0,1,7.72,15.0,7.28,-0.2,7.0,7.2
823599,2026-07-26 00:00:00+00:00,Los Angeles Dodgers,New York Mets,11,25,0.29899595349022684,A_CLOSE,0.6,1,1.0,1,7.84,11.0,3.16,1.2,5.0,3.8
823678,2026-07-26 00:00:00+00:00,Athletics,Minnesota Twins,11,25,0.39319210431616963,B_GOOD,0.52,1,1.0,1,8.04,19.0,10.96,-0.44,3.0,3.44
823755,2026-07-26 00:00:00+00:00,Colorado Rockies,Milwaukee Brewers,11,25,0.3299333653429639,A_CLOSE,0.56,1,1.0,1,8.24,13.0,4.76,-0.32,9.0,9.32
823840,2026-07-26 00:00:00+00:00,San Diego Padres,Miami Marlins,11,25,0.5303827659175246,C_FAIR,0.44,0,0.0,1,8.48,8.0,0.4800000000000004,0.0,-2.0,2.0
824246,2026-07-26 00:00:00+00:00,Kansas City Royals,Detroit Tigers,11,25,0.3885102530726608,B_GOOD,0.4,0,0.0,1,7.84,9.0,1.1600000000000001,-0.56,-1.0,0.43999999999999995
824572,2026-07-26 00:00:00+00:00,Houston Astros,Chicago White Sox,11,25,0.2841207849133267,A_CLOSE,0.6,1,1.0,1,7.76,15.0,7.24,-0.08,9.0,9.08
824730,2026-07-26 00:00:00+00:00,Toronto Blue Jays,Boston Red Sox,11,25,0.37890178987383605,B_GOOD,0.44,0,1.0,0,9.6,7.0,2.5999999999999996,-0.56,5.0,5.5600000000000005
824810,2026-07-26 00:00:00+00:00,Atlanta Braves,Baltimore Orioles,11,25,0.36094234870156566,B_GOOD,0.4,0,0.0,1,8.72,5.0,3.7200000000000006,-1.04,-1.0,0.040000000000000036
822705,2026-07-27 00:00:00+00:00,Toronto Blue Jays,Washington Nationals,11,25,0.5899704308080552,C_FAIR,0.52,1,0.0,0,9.96,5.0,4.960000000000001,1.0,-1.0,2.0
822868,2026-07-27 00:00:00+00:00,Seattle Mariners,Texas Rangers,11,25,0.35051818545002356,B_GOOD,0.6,1,1.0,1,8.8,10.0,1.1999999999999993,-0.08,4.0,4.08
823025,2026-07-27 00:00:00+00:00,Chicago Cubs,St. Louis Cardinals,11,25,0.3807599789531235,B_GOOD,0.52,1,0.0,0,9.36,10.0,0.6400000000000006,0.88,-4.0,4.88
823195,2026-07-27 00:00:00+00:00,Milwaukee Brewers,San Francisco Giants,11,25,0.32309155945336315,A_CLOSE,0.44,0,1.0,0,9.6,3.0,6.6,0.0,3.0,3.0
823353,2026-07-27 00:00:00+00:00,Arizona Diamondbacks,Pittsburgh Pirates,11,25,0.3739335660007903,B_GOOD,0.32,0,1.0,0,13.24,5.0,8.24,-2.68,1.0,3.68
823597,2026-07-27 00:00:00+00:00,Atlanta Braves,New York Mets,11,25,0.3611077763221361,B_GOOD,0.24,0,1.0,0,9.08,17.0,7.92,-2.36,11.0,13.36
823839,2026-07-27 00:00:00+00:00,Philadelphia Phillies,Miami Marlins,11,25,0.4812635203383989,B_GOOD,0.4,0,1.0,0,9.08,15.0,5.92,-0.6,1.0,1.6
824001,2026-07-27 00:00:00+00:00,Houston Astros,Los Angeles Angels,11,25,0.29997021578684263,A_CLOSE,0.6,1,0.0,0,7.08,10.0,2.92,-0.12,-2.0,1.88
824245,2026-07-27 00:00:00+00:00,Baltimore Orioles,Detroit Tigers,11,25,0.28594363236082077,A_CLOSE,0.6,1,0.0,0,8.2,13.0,4.800000000000001,1.16,-3.0,4.16
824570,2026-07-27 00:00:00+00:00,New York Yankees,Chicago White Sox,11,25,0.4062665155015165,B_GOOD,0.56,1,0.0,0,8.52,14.0,5.48,0.76,-4.0,4.76
824977,2026-07-27 00:00:00+00:00,Boston Red Sox,Athletics,11,25,0.48625696320250705,B_GOOD,0.4,0,0.0,1,9.4,6.0,3.4000000000000004,-1.0,-2.0,1.0
822703,2026-07-28 00:00:00+00:00,Toronto Blue Jays,Washington Nationals,11,25,0.6070384520624474,C_FAIR,0.52,1,1.0,1,8.88,14.0,5.119999999999999,-0.24,2.0,2.24
822949,2026-07-28 00:00:00+00:00,Texas Rangers,Tampa Bay Rays,11,25,0.2989281445229363,A_CLOSE,0.72,1,0.0,0,8.4,5.0,3.4000000000000004,1.12,-3.0,4.12
823026,2026-07-28 00:00:00+00:00,Chicago Cubs,St. Louis Cardinals,11,25,0.4131507228362455,B_GOOD,0.52,1,0.0,0,7.92,12.0,4.08,0.08,-8.0,8.08
823193,2026-07-28 00:00:00+00:00,Milwaukee Brewers,San Francisco Giants,11,25,0.3266466356472933,A_CLOSE,0.56,1,0.0,0,8.4,10.0,1.5999999999999996,0.48,-6.0,6.48
823275,2026-07-28 00:00:00+00:00,Colorado Rockies,San Diego Padres,11,25,0.45631990317410126,B_GOOD,0.6,1,1.0,1,10.92,15.0,4.08,0.44,1.0,0.56
823350,2026-07-28 00:00:00+00:00,Arizona Diamondbacks,Pittsburgh Pirates,11,25,0.4080704552695599,B_GOOD,0.4,0,0.0,1,11.32,15.0,3.6799999999999997,-1.88,-1.0,0.8799999999999999
823676,2026-07-28 00:00:00+00:00,Kansas City Royals,Minnesota Twins,11,25,0.41037344788501906,B_GOOD,0.48,0,1.0,0,9.04,5.0,4.039999999999999,-0.4,1.0,1.4
823838,2026-07-28 00:00:00+00:00,Philadelphia Phillies,Miami Marlins,11,25,0.4448436068228589,B_GOOD,0.48,0,1.0,0,8.88,1.0,7.880000000000001,-0.08,1.0,1.08
823923,2026-07-28 00:00:00+00:00,Seattle Mariners,Los Angeles Dodgers,11,25,0.23036032920966584,A_CLOSE,0.52,1,0.0,0,9.28,13.0,3.7200000000000006,0.4,-1.0,1.4
824003,2026-07-28 00:00:00+00:00,Houston Astros,Los Angeles Angels,11,25,0.2938906243791785,A_CLOSE,0.64,1,0.0,0,8.64,5.0,3.6400000000000006,0.64,-1.0,1.6400000000000001
824243,2026-07-28 00:00:00+00:00,Baltimore Orioles,Detroit Tigers,11,25,0.2353729415616917,A_CLOSE,0.68,1,1.0,1,7.68,14.0,6.32,0.72,14.0,13.28
824489,2026-07-28 00:00:00+00:00,Cleveland Guardians,Cincinnati Reds,11,25,0.3258482582200443,A_CLOSE,0.6,1,1.0,1,8.2,2.0,6.199999999999999,0.68,2.0,1.3199999999999998
824490,2026-07-28 00:00:00+00:00,Cleveland Guardians,Cincinnati Reds,11,25,0.4056291561460231,B_GOOD,0.56,1,0.0,0,7.6,11.0,3.4000000000000004,0.16,-1.0,1.16
824569,2026-07-28 00:00:00+00:00,New York Yankees,Chicago White Sox,11,25,0.3127351572709146,A_CLOSE,0.52,1,0.0,0,8.28,5.0,3.2799999999999994,-0.2,-1.0,0.8
824976,2026-07-28 00:00:00+00:00,Boston Red Sox,Athletics,11,25,0.4144661658732702,B_GOOD,0.4,0,1.0,0,9.88,7.0,2.880000000000001,-0.68,1.0,1.6800000000000002
822702,2026-07-29 00:00:00+00:00,Toronto Blue Jays,Washington Nationals,11,25,0.4163734438145585,B_GOOD,0.4,0,0.0,1,8.96,7.0,1.9600000000000009,-2.08,-3.0,0.9199999999999999
822947,2026-07-29 00:00:00+00:00,Texas Rangers,Tampa Bay Rays,11,25,0.3094660664496666,A_CLOSE,0.52,1,1.0,1,7.44,3.0,4.44,0.16,3.0,2.84
823022,2026-07-29 00:00:00+00:00,Chicago Cubs,St. Louis Cardinals,11,25,0.5085501898650706,C_FAIR,0.36,0,1.0,0,9.48,5.0,4.48,-1.08,1.0,2.08
823192,2026-07-29 00:00:00+00:00,Milwaukee Brewers,San Francisco Giants,11,25,0.31950765193768554,A_CLOSE,0.48,0,1.0,0,10.2,19.0,8.8,-0.2,13.0,13.2
823273,2026-07-29 00:00:00+00:00,Colorado Rockies,San Diego Padres,11,25,0.4431953287298827,B_GOOD,0.76,1,1.0,1,10.64,4.0,6.640000000000001,2.0,2.0,0.0
823351,2026-07-29 00:00:00+00:00,Arizona Diamondbacks,Pittsburgh Pirates,11,25,0.40661527601596953,B_GOOD,0.44,0,0.0,1,13.64,3.0,10.64,-2.04,-3.0,0.96
823596,2026-07-29 00:00:00+00:00,Atlanta Braves,New York Mets,11,25,0.3888084204529505,B_GOOD,0.6,1,1.0,1,8.32,5.0,3.3200000000000003,0.08,1.0,0.92
823598,2026-07-29 00:00:00+00:00,Atlanta Braves,New York Mets,11,25,0.33638088276275535,A_CLOSE,0.6,1,0.0,0,8.36,1.0,7.359999999999999,-0.36,-1.0,0.64
823677,2026-07-29 00:00:00+00:00,Kansas City Royals,Minnesota Twins,11,25,0.3839724663119142,B_GOOD,0.6,1,0.0,0,8.4,4.0,4.4,0.32,-4.0,4.32
823837,2026-07-29 00:00:00+00:00,Philadelphia Phillies,Miami Marlins,11,25,0.3762644326681333,B_GOOD,0.56,1,1.0,1,7.4,14.0,6.6,-0.12,2.0,2.12
823924,2026-07-29 00:00:00+00:00,Seattle Mariners,Los Angeles Dodgers,11,25,0.24057548607335508,A_CLOSE,0.64,1,1.0,1,8.52,6.0,2.5199999999999996,0.2,2.0,1.8
824002,2026-07-29 00:00:00+00:00,Houston Astros,Los Angeles Angels,11,25,0.2983919484632385,A_CLOSE,0.44,0,0.0,1,8.36,11.0,2.6400000000000006,-0.84,-3.0,2.16
824242,2026-07-29 00:00:00+00:00,Baltimore Orioles,Detroit Tigers,11,25,0.2808900769807561,A_CLOSE,0.52,1,0.0,0,8.12,19.0,10.88,-0.68,-1.0,0.31999999999999995
824487,2026-07-29 00:00:00+00:00,Cleveland Guardians,Cincinnati Reds,11,25,0.31761690010746063,A_CLOSE,0.44,0,0.0,1,8.92,7.0,1.92,-0.52,-5.0,4.48
824567,2026-07-29 00:00:00+00:00,New York Yankees,Chicago White Sox,11,25,0.3200911025362303,A_CLOSE,0.64,1,1.0,1,7.76,11.0,3.24,1.2,1.0,0.19999999999999996
824973,2026-07-29 00:00:00+00:00,Boston Red Sox,Athletics,11,25,0.34496510023621213,A_CLOSE,0.44,0,0.0,1,10.2,6.0,4.199999999999999,-1.72,-2.0,0.28
822946,2026-07-30 00:00:00+00:00,Texas Rangers,Tampa Bay Rays,11,25,0.3945060437094974,B_GOOD,0.48,0,1.0,0,7.0,5.0,2.0,-0.36,1.0,1.3599999999999999
823023,2026-07-30 00:00:00+00:00,Chicago Cubs,St. Louis Cardinals,11,25,0.45151515463156006,B_GOOD,0.56,1,0.0,0,7.4,6.0,1.4000000000000004,0.2,-2.0,2.2
823271,2026-07-30 00:00:00+00:00,San Francisco Giants,San Diego Padres,11,25,0.4304471140033213,B_GOOD,0.44,0,0.0,1,7.6,5.0,2.5999999999999996,-0.88,-3.0,2.12
823595,2026-07-30 00:00:00+00:00,Miami Marlins,New York Mets,11,25,0.3551393035365737,B_GOOD,0.6,1,1.0,1,8.32,6.0,2.3200000000000003,0.0,2.0,2.0
823674,2026-07-30 00:00:00+00:00,Kansas City Royals,Minnesota Twins,11,25,0.3763197551321205,B_GOOD,0.68,1,1.0,1,8.56,7.0,1.5600000000000005,1.12,1.0,0.1200000000000001
823921,2026-07-30 00:00:00+00:00,Seattle Mariners,Los Angeles Dodgers,11,25,0.24187888797871218,A_CLOSE,0.52,1,1.0,1,9.08,8.0,1.08,-0.76,4.0,4.76
824488,2026-07-30 00:00:00+00:00,Pittsburgh Pirates,Cincinnati Reds,11,25,0.306656562197291,A_CLOSE,0.24,0,1.0,0,8.72,5.0,3.7200000000000006,-2.24,1.0,3.24
824568,2026-07-30 00:00:00+00:00,New York Yankees,Chicago White Sox,11,25,0.2806006763765068,A_CLOSE,0.4,0,1.0,0,7.92,3.0,4.92,-0.48,1.0,1.48
824894,2026-07-30 00:00:00+00:00,Washington Nationals,Atlanta Braves,11,25,0.3488852267374296,A_CLOSE,0.56,1,1.0,1,9.92,9.0,0.9199999999999999,0.16,1.0,0.84
824974,2026-07-30 00:00:00+00:00,Boston Red Sox,Athletics,11,25,0.3670678637531553,B_GOOD,0.56,1,0.0,0,10.64,9.0,1.6400000000000006,-0.8,-1.0,0.19999999999999996
822782,2026-07-31 00:00:00+00:00,St. Louis Cardinals,Toronto Blue Jays,11,25,0.3274131945963418,A_CLOSE,0.52,1,1.0,1,8.2,4.0,4.199999999999999,0.92,2.0,1.08
822945,2026-07-31 00:00:00+00:00,Chicago White Sox,Tampa Bay Rays,11,25,0.46686236932238945,B_GOOD,0.6,1,0.0,0,9.16,7.0,2.16,0.36,-5.0,5.36
823111,2026-07-31 00:00:00+00:00,Minnesota Twins,Seattle Mariners,11,25,0.30905180430072193,A_CLOSE,0.68,1,0.0,0,7.28,8.0,0.7199999999999998,1.44,-2.0,3.44
823272,2026-07-31 00:00:00+00:00,San Francisco Giants,San Diego Padres,11,25,0.3223401471027708,A_CLOSE,0.6,1,1.0,1,7.52,7.0,0.5199999999999996,0.88,7.0,6.12
823593,2026-07-31 00:00:00+00:00,Miami Marlins,New York Mets,11,25,0.32716901050366215,A_CLOSE,0.68,1,0.0,0,8.2,7.0,1.1999999999999993,0.44,-3.0,3.44
823922,2026-07-31 00:00:00+00:00,Boston Red Sox,Los Angeles Dodgers,11,25,0.345063774895678,A_CLOSE,0.52,1,0.0,0,8.32,13.0,4.68,-0.56,-5.0,4.4399999999999995
823999,2026-07-31 00:00:00+00:00,Milwaukee Brewers,Los Angeles Angels,11,25,0.2649577701777079,A_CLOSE,0.52,1,0.0,0,8.0,8.0,0.0,-0.24,-4.0,3.76
824164,2026-07-31 00:00:00+00:00,Texas Rangers,Houston Astros,11,25,0.32091478592528794,A_CLOSE,0.56,1,1.0,1,8.96,13.0,4.039999999999999,0.16,9.0,8.84
824325,2026-07-31 00:00:00+00:00,Kansas City Royals,Colorado Rockies,11,25,0.48145896123761606,B_GOOD,0.36,0,1.0,0,10.76,4.0,6.76,-2.12,2.0,4.12
824407,2026-07-31 00:00:00+00:00,Arizona Diamondbacks,Cleveland Guardians,11,25,0.2784004475289935,A_CLOSE,0.44,0,0.0,1,9.4,5.0,4.4,0.12,-3.0,3.12
824486,2026-07-31 00:00:00+00:00,Pittsburgh Pirates,Cincinnati Reds,11,25,0.37775037453156957,B_GOOD,0.44,0,1.0,0,7.16,15.0,7.84,-0.12,1.0,1.12
824651,2026-07-31 00:00:00+00:00,New York Yankees,Chicago Cubs,11,25,0.32297022850279244,A_CLOSE,0.48,0,0.0,1,8.68,2.0,6.68,0.04,-2.0,2.04
824809,2026-07-31 00:00:00+00:00,Philadelphia Phillies,Baltimore Orioles,11,25,0.3829407140590969,B_GOOD,0.72,1,1.0,1,7.88,10.0,2.12,1.24,2.0,0.76
824892,2026-07-31 00:00:00+00:00,Washington Nationals,Atlanta Braves,11,25,0.35407848144475523,B_GOOD,0.6,1,1.0,1,9.08,8.0,1.08,0.44,4.0,3.56
824975,2026-07-31 00:00:00+00:00,Detroit Tigers,Athletics,11,25,0.3869112103577588,B_GOOD,0.4,0,0.0,1,11.88,14.0,2.119999999999999,-1.72,-12.0,10.28
822781,2026-08-01 00:00:00+00:00,St. Louis Cardinals,Toronto Blue Jays,11,25,0.3018589645147094,A_CLOSE,0.44,0,1.0,0,7.8,6.0,1.7999999999999998,-0.68,4.0,4.68
822944,2026-08-01 00:00:00+00:00,Chicago White Sox,Tampa Bay Rays,11,25,0.37250274815505385,B_GOOD,0.72,1,1.0,1,7.04,1.0,6.04,0.72,1.0,0.28
823109,2026-08-01 00:00:00+00:00,Minnesota Twins,Seattle Mariners,11,25,0.3922185306819677,B_GOOD,0.52,1,1.0,1,8.76,7.0,1.7599999999999998,1.88,1.0,0.8799999999999999
823269,2026-08-01 00:00:00+00:00,San Francisco Giants,San Diego Padres,11,25,0.3299733438339433,A_CLOSE,0.48,0,1.0,0,7.8,11.0,3.2,0.28,1.0,0.72
823594,2026-08-01 00:00:00+00:00,Miami Marlins,New York Mets,11,25,0.3291485940168205,A_CLOSE,0.68,1,0.0,0,8.36,8.0,0.35999999999999943,1.88,-4.0,5.88
823920,2026-08-01 00:00:00+00:00,Boston Red Sox,Los Angeles Dodgers,11,25,0.30575789424832633,A_CLOSE,0.36,0,0.0,1,8.96,5.0,3.960000000000001,-0.64,-1.0,0.36
824000,2026-08-01 00:00:00+00:00,Milwaukee Brewers,Los Angeles Angels,11,25,0.2896665945580545,A_CLOSE,0.52,1,0.0,0,8.76,4.0,4.76,-0.28,-2.0,1.72
824162,2026-08-01 00:00:00+00:00,Texas Rangers,Houston Astros,11,25,0.409628980990041,B_GOOD,0.4,0,1.0,0,8.08,9.0,0.9199999999999999,-1.12,1.0,2.12
824326,2026-08-01 00:00:00+00:00,Kansas City Royals,Colorado Rockies,11,25,0.4378283428045574,B_GOOD,0.4,0,1.0,0,10.84,18.0,7.16,-2.44,6.0,8.44
824405,2026-08-01 00:00:00+00:00,Arizona Diamondbacks,Cleveland Guardians,11,25,0.34876367385100016,A_CLOSE,0.48,0,0.0,1,8.56,20.0,11.44,-0.32,-4.0,3.68
824485,2026-08-01 00:00:00+00:00,Pittsburgh Pirates,Cincinnati Reds,11,25,0.34917883096530045,A_CLOSE,0.48,0,0.0,1,9.64,5.0,4.640000000000001,-0.2,-3.0,2.8
824649,2026-08-01 00:00:00+00:00,New York Yankees,Chicago Cubs,11,25,0.35354715057536906,B_GOOD,0.48,0,1.0,0,7.76,7.0,0.7599999999999998,0.88,3.0,2.12
824808,2026-08-01 00:00:00+00:00,Philadelphia Phillies,Baltimore Orioles,11,25,0.422657441126501,B_GOOD,0.76,1,0.0,0,8.76,5.0,3.76,1.4,-5.0,6.4
824890,2026-08-01 00:00:00+00:00,Washington Nationals,Atlanta Braves,11,25,0.3632438371536546,B_GOOD,0.4,0,1.0,0,9.12,11.0,1.8800000000000008,-0.88,5.0,5.88
824972,2026-08-01 00:00:00+00:00,Detroit Tigers,Athletics,11,25,0.48306435863845854,B_GOOD,0.56,1,0.0,0,11.44,14.0,2.5600000000000005,1.44,-2.0,3.44
822783,2026-08-02 00:00:00+00:00,St. Louis Cardinals,Toronto Blue Jays,11,25,0.3439810229860685,A_CLOSE,0.64,1,0.0,0,7.72,6.0,1.7199999999999998,1.48,-4.0,5.48
822943,2026-08-02 00:00:00+00:00,Chicago White Sox,Tampa Bay Rays,11,25,0.45860749492092395,B_GOOD,0.48,0,0.0,1,7.92,10.0,2.08,-0.88,-8.0,7.12
823107,2026-08-02 00:00:00+00:00,Minnesota Twins,Seattle Mariners,11,25,0.35770457874072525,B_GOOD,0.56,1,1.0,1,8.72,13.0,4.279999999999999,1.92,1.0,0.9199999999999999
823270,2026-08-02 00:00:00+00:00,San Francisco Giants,San Diego Padres,11,25,0.3027432676571094,A_CLOSE,0.52,1,1.0,1,7.92,9.0,1.08,0.48,1.0,0.52
823592,2026-08-02 00:00:00+00:00,Miami Marlins,New York Mets,11,25,0.3253173449036393,A_CLOSE,0.4,0,0.0,1,8.08,2.0,6.08,-0.56,-2.0,1.44
823919,2026-08-02 00:00:00+00:00,Boston Red Sox,Los Angeles Dodgers,11,25,0.31177990260228167,A_CLOSE,0.52,1,0.0,0,8.12,12.0,3.880000000000001,-0.12,-4.0,3.88
823996,2026-08-02 00:00:00+00:00,Milwaukee Brewers,Los Angeles Angels,11,25,0.33980716912039516,A_CLOSE,0.52,1,1.0,1,7.52,3.0,4.52,0.56,3.0,2.44
824163,2026-08-02 00:00:00+00:00,Texas Rangers,Houston Astros,11,25,0.39504612961097235,B_GOOD,0.64,1,1.0,1,7.28,10.0,2.7199999999999998,0.48,4.0,3.52
824323,2026-08-02 00:00:00+00:00,Kansas City Royals,Colorado Rockies,11,25,0.3665014666788832,B_GOOD,0.56,1,1.0,1,8.72,9.0,0.27999999999999936,-0.56,7.0,7.5600000000000005
824404,2026-08-02 00:00:00+00:00,Arizona Diamondbacks,Cleveland Guardians,11,25,0.4118356177112346,B_GOOD,0.64,1,1.0,1,8.2,5.0,3.1999999999999993,1.16,5.0,3.84
824483,2026-08-02 00:00:00+00:00,Pittsburgh Pirates,Cincinnati Reds,11,25,0.2965660637710338,A_CLOSE,0.4,0,1.0,0,7.68,12.0,4.32,-1.12,8.0,9.120000000000001
824648,2026-08-02 00:00:00+00:00,New York Yankees,Chicago Cubs,11,25,0.34164761948750305,A_CLOSE,0.52,1,0.0,0,8.68,3.0,5.68,0.36,-1.0,1.3599999999999999
824807,2026-08-02 00:00:00+00:00,Philadelphia Phillies,Baltimore Orioles,11,25,0.40676062716409433,B_GOOD,0.76,1,0.0,0,7.24,8.0,0.7599999999999998,1.72,-8.0,9.72
824891,2026-08-02 00:00:00+00:00,Washington Nationals,Atlanta Braves,11,25,0.3148556897085518,A_CLOSE,0.6,1,1.0,1,8.32,6.0,2.3200000000000003,0.48,2.0,1.52
824971,2026-08-02 00:00:00+00:00,Detroit Tigers,Athletics,11,25,0.5330157213008274,C_FAIR,0.32,0,0.0,1,11.16,11.0,0.16000000000000014,-1.56,-11.0,9.44
822867,2026-08-03 00:00:00+00:00,San Francisco Giants,Texas Rangers,11,25,0.2607572400447604,A_CLOSE,0.56,1,0.0,0,8.96,6.0,2.960000000000001,0.16,-4.0,4.16
823431,2026-08-03 00:00:00+00:00,Washington Nationals,Philadelphia Phillies,11,25,0.41993245387849604,B_GOOD,0.52,1,1.0,1,8.16,9.0,0.8399999999999999,0.24,3.0,2.76
823520,2026-08-03 00:00:00+00:00,St. Louis Cardinals,New York Yankees,11,25,0.35259190550776914,B_GOOD,0.56,1,0.0,0,7.84,20.0,12.16,1.52,-6.0,7.52
823757,2026-08-03 00:00:00+00:00,Pittsburgh Pirates,Milwaukee Brewers,11,25,0.30533080648970645,A_CLOSE,0.6,1,0.0,0,8.52,7.0,1.5199999999999996,0.44,-1.0,1.44
824160,2026-08-03 00:00:00+00:00,Toronto Blue Jays,Houston Astros,11,25,0.41674562151168,B_GOOD,0.52,1,0.0,0,8.56,4.0,4.5600000000000005,0.24,-2.0,2.24
824324,2026-08-03 00:00:00+00:00,Tampa Bay Rays,Colorado Rockies,11,25,0.45320317675612365,B_GOOD,0.48,0,0.0,1,9.24,22.0,12.76,-0.68,-4.0,3.32
824647,2026-08-03 00:00:00+00:00,Los Angeles Dodgers,Chicago Cubs,11,25,0.36057415007739707,B_GOOD,0.64,1,1.0,1,7.2,15.0,7.8,0.56,5.0,4.4399999999999995
825095,2026-08-03 00:00:00+00:00,San Diego Padres,Arizona Diamondbacks,11,25,0.3263495011321894,A_CLOSE,0.52,1,1.0,1,9.64,6.0,3.6400000000000006,-0.12,4.0,4.12
822865,2026-08-04 00:00:00+00:00,San Francisco Giants,Texas Rangers,11,25,0.3155672772862532,A_CLOSE,0.52,1,1.0,1,7.88,9.0,1.12,-0.28,1.0,1.28
823108,2026-08-04 00:00:00+00:00,Detroit Tigers,Seattle Mariners,11,25,0.4456222461087145,B_GOOD,0.48,0,0.0,1,7.0,8.0,1.0,-0.44,-8.0,7.56
823432,2026-08-04 00:00:00+00:00,Washington Nationals,Philadelphia Phillies,11,25,0.38115039404485535,B_GOOD,0.44,0,1.0,0,8.2,5.0,3.1999999999999993,0.12,5.0,4.88
823517,2026-08-04 00:00:00+00:00,St. Louis Cardinals,New York Yankees,11,25,0.2660089119231501,A_CLOSE,0.4,0,1.0,0,7.48,2.0,5.48,-1.32,2.0,3.3200000000000003
823756,2026-08-04 00:00:00+00:00,Pittsburgh Pirates,Milwaukee Brewers,11,25,0.28623999560144314,A_CLOSE,0.44,0,1.0,0,8.24,6.0,2.24,-0.48,2.0,2.48
824084,2026-08-04 00:00:00+00:00,Minnesota Twins,Kansas City Royals,11,25,0.33614729611988164,A_CLOSE,0.4,0,1.0,0,9.4,10.0,0.5999999999999996,-1.96,6.0,7.96
824161,2026-08-04 00:00:00+00:00,Toronto Blue Jays,Houston Astros,11,25,0.3524704313536247,B_GOOD,0.52,1,1.0,1,8.44,9.0,0.5600000000000005,0.44,5.0,4.56
824321,2026-08-04 00:00:00+00:00,Tampa Bay Rays,Colorado Rockies,11,25,0.42098380608180225,B_GOOD,0.32,0,0.0,1,9.12,16.0,6.880000000000001,-2.8,-2.0,0.7999999999999998
824403,2026-08-04 00:00:00+00:00,New York Mets,Cleveland Guardians,11,25,0.34741372645933616,A_CLOSE,0.36,0,0.0,1,8.84,8.0,0.8399999999999999,-1.16,-4.0,2.84
824484,2026-08-04 00:00:00+00:00,Athletics,Cincinnati Reds,11,25,0.34823666204866377,A_CLOSE,0.72,1,1.0,1,6.96,9.0,2.04,1.28,1.0,0.28
824645,2026-08-04 00:00:00+00:00,Los Angeles Dodgers,Chicago Cubs,11,25,0.3525431469575156,B_GOOD,0.56,1,1.0,1,9.0,6.0,3.0,-0.2,4.0,4.2
824731,2026-08-04 00:00:00+00:00,Chicago White Sox,Boston Red Sox,11,25,0.35184630644718307,B_GOOD,0.52,1,1.0,1,8.96,16.0,7.039999999999999,0.32,12.0,11.68
824805,2026-08-04 00:00:00+00:00,Los Angeles Angels,Baltimore Orioles,11,25,0.41548096018876685,B_GOOD,0.6,1,1.0,1,9.2,4.0,5.199999999999999,1.04,2.0,0.96
824888,2026-08-04 00:00:00+00:00,Miami Marlins,Atlanta Braves,11,25,0.3253851041993101,A_CLOSE,0.52,1,1.0,1,9.48,6.0,3.4800000000000004,-0.92,2.0,2.92
825054,2026-08-04 00:00:00+00:00,San Diego Padres,Arizona Diamondbacks,11,25,0.31109481722677323,A_CLOSE,0.48,0,0.0,1,9.04,13.0,3.960000000000001,0.08,-5.0,5.08
822866,2026-08-05 00:00:00+00:00,San Francisco Giants,Texas Rangers,11,25,0.3084027340918484,A_CLOSE,0.64,1,1.0,1,8.16,6.0,2.16,0.4,6.0,5.6
823106,2026-08-05 00:00:00+00:00,Detroit Tigers,Seattle Mariners,11,25,0.5826345104279169,C_FAIR,0.44,0,1.0,0,6.36,6.0,0.3600000000000003,-0.76,2.0,2.76
823429,2026-08-05 00:00:00+00:00,Washington Nationals,Philadelphia Phillies,11,25,0.38387421960587376,B_GOOD,0.52,1,0.0,0,9.2,14.0,4.800000000000001,0.32,-6.0,6.32
823516,2026-08-05 00:00:00+00:00,St. Louis Cardinals,New York Yankees,11,25,0.2843805889163283,A_CLOSE,0.4,0,0.0,1,7.44,4.0,3.4400000000000004,-0.64,-2.0,1.3599999999999999
823753,2026-08-05 00:00:00+00:00,Pittsburgh Pirates,Milwaukee Brewers,11,25,0.22367576820962998,A_CLOSE,0.48,0,1.0,0,8.92,6.0,2.92,-0.68,2.0,2.68
824082,2026-08-05 00:00:00+00:00,Minnesota Twins,Kansas City Royals,11,25,0.28675623783352455,A_CLOSE,0.52,1,1.0,1,9.12,3.0,6.119999999999999,-0.08,1.0,1.08
824158,2026-08-05 00:00:00+00:00,Toronto Blue Jays,Houston Astros,11,25,0.3474016173298923,A_CLOSE,0.56,1,0.0,0,8.6,9.0,0.40000000000000036,0.76,-1.0,1.76
824322,2026-08-05 00:00:00+00:00,Tampa Bay Rays,Colorado Rockies,11,25,0.48658695495122717,B_GOOD,0.4,0,0.0,1,12.08,4.0,8.08,-1.6,-4.0,2.4
824402,2026-08-05 00:00:00+00:00,New York Mets,Cleveland Guardians,11,25,0.31792842397712584,A_CLOSE,0.36,0,0.0,1,8.36,11.0,2.6400000000000006,-1.0,-1.0,0.0
824482,2026-08-05 00:00:00+00:00,Athletics,Cincinnati Reds,11,25,0.401214906488113,B_GOOD,0.72,1,1.0,1,8.6,5.0,3.5999999999999996,1.8,1.0,0.8
824646,2026-08-05 00:00:00+00:00,Los Angeles Dodgers,Chicago Cubs,11,25,0.3378700070515833,A_CLOSE,0.64,1,1.0,1,8.84,13.0,4.16,0.76,1.0,0.24
824728,2026-08-05 00:00:00+00:00,Chicago White Sox,Boston Red Sox,11,25,0.3366693754429976,A_CLOSE,0.52,1,1.0,1,9.08,4.0,5.08,-0.6,4.0,4.6
824806,2026-08-05 00:00:00+00:00,Los Angeles Angels,Baltimore Orioles,11,25,0.35966061064480714,B_GOOD,0.72,1,1.0,1,9.0,7.0,2.0,2.6,3.0,0.3999999999999999
824889,2026-08-05 00:00:00+00:00,Miami Marlins,Atlanta Braves,11,25,0.31185681752796096,A_CLOSE,0.52,1,1.0,1,9.44,5.0,4.4399999999999995,-0.96,3.0,3.96
825052,2026-08-05 00:00:00+00:00,San Diego Padres,Arizona Diamondbacks,11,25,0.3070569472776437,A_CLOSE,0.48,0,1.0,0,9.56,14.0,4.4399999999999995,-0.6,6.0,6.6
823105,2026-08-06 00:00:00+00:00,Detroit Tigers,Seattle Mariners,11,25,0.5738565823515233,C_FAIR,0.52,1,0.0,0,8.04,11.0,2.960000000000001,-0.36,-11.0,10.64
823430,2026-08-06 00:00:00+00:00,Washington Nationals,Philadelphia Phillies,11,25,0.34612868404782426,A_CLOSE,0.6,1,1.0,1,8.92,10.0,1.08,1.24,4.0,2.76
823754,2026-08-06 00:00:00+00:00,Pittsburgh Pirates,Milwaukee Brewers,11,25,0.27440000425023314,A_CLOSE,0.56,1,1.0,1,10.36,7.0,3.3599999999999994,0.44,3.0,2.56
824080,2026-08-06 00:00:00+00:00,Minnesota Twins,Kansas City Royals,11,25,0.29000991125890174,A_CLOSE,0.44,0,0.0,1,8.32,7.0,1.3200000000000003,-0.32,-1.0,0.6799999999999999
824401,2026-08-06 00:00:00+00:00,New York Mets,Cleveland Guardians,11,25,0.2850708778223732,A_CLOSE,0.56,1,0.0,0,8.48,19.0,10.52,0.16,-7.0,7.16
824481,2026-08-06 00:00:00+00:00,Athletics,Cincinnati Reds,11,25,0.42646065790523785,B_GOOD,0.72,1,1.0,1,9.16,11.0,1.8399999999999999,1.16,1.0,0.15999999999999992
824664,2026-08-06 00:00:00+00:00,Toronto Blue Jays,Chicago Cubs,11,25,0.33145518949422165,A_CLOSE,0.44,0,1.0,0,8.52,5.0,3.5199999999999996,-0.12,1.0,1.12
824729,2026-08-06 00:00:00+00:00,Chicago White Sox,Boston Red Sox,11,25,0.41206106203769366,B_GOOD,0.52,1,1.0,1,8.88,23.0,14.12,0.16,1.0,0.84
824804,2026-08-06 00:00:00+00:00,Los Angeles Angels,Baltimore Orioles,11,25,0.43028710331692155,B_GOOD,0.56,1,0.0,0,8.32,5.0,3.3200000000000003,0.32,-3.0,3.32
824885,2026-08-06 00:00:00+00:00,Miami Marlins,Atlanta Braves,11,25,0.41482110271581607,B_GOOD,0.6,1,1.0,1,8.48,14.0,5.52,-0.56,8.0,8.56
825053,2026-08-06 00:00:00+00:00,San Diego Padres,Arizona Diamondbacks,11,25,0.3436776599476098,A_CLOSE,0.4,0,0.0,1,9.04,6.0,3.039999999999999,-1.04,-4.0,2.96
822699,2026-08-07 00:00:00+00:00,Cincinnati Reds,Washington Nationals,11,25,0.3798263334863493,B_GOOD,0.64,1,1.0,1,10.24,8.0,2.24,0.32,2.0,1.68
822863,2026-08-07 00:00:00+00:00,Baltimore Orioles,Texas Rangers,11,25,0.3578942662774383,B_GOOD,0.56,1,1.0,1,8.04,3.0,5.039999999999999,0.84,1.0,0.16000000000000003
823024,2026-08-07 00:00:00+00:00,Colorado Rockies,St. Louis Cardinals,11,25,0.388895245509516,B_GOOD,0.52,1,1.0,1,8.4,5.0,3.4000000000000004,-0.32,1.0,1.32
823103,2026-08-07 00:00:00+00:00,Tampa Bay Rays,Seattle Mariners,11,25,0.4421955374526873,B_GOOD,0.6,1,0.0,0,8.2,3.0,5.199999999999999,0.36,-1.0,1.3599999999999999
823191,2026-08-07 00:00:00+00:00,Detroit Tigers,San Francisco Giants,11,25,0.669606467503549,C_FAIR,0.56,1,1.0,1,9.72,7.0,2.7200000000000006,-0.36,3.0,3.36
823266,2026-08-07 00:00:00+00:00,Houston Astros,San Diego Padres,11,25,0.32230708310030376,A_CLOSE,0.56,1,0.0,0,7.0,9.0,2.0,0.2,-3.0,3.2
823349,2026-08-07 00:00:00+00:00,New York Mets,Pittsburgh Pirates,11,25,0.385608476209026,B_GOOD,0.48,0,0.0,1,10.28,10.0,0.27999999999999936,-0.68,-2.0,1.3199999999999998
823428,2026-08-07 00:00:00+00:00,Toronto Blue Jays,Philadelphia Phillies,11,25,0.3234087839452226,A_CLOSE,0.44,0,0.0,1,10.28,9.0,1.2799999999999994,-0.44,-1.0,0.56
823515,2026-08-07 00:00:00+00:00,Atlanta Braves,New York Yankees,11,25,0.3267146836979209,A_CLOSE,0.44,0,1.0,0,7.08,5.0,2.08,0.04,1.0,0.96
823750,2026-08-07 00:00:00+00:00,Minnesota Twins,Milwaukee Brewers,11,25,0.2878899536062119,A_CLOSE,0.6,1,0.0,0,8.6,14.0,5.4,0.76,-2.0,2.76
823836,2026-08-07 00:00:00+00:00,Los Angeles Angels,Miami Marlins,11,25,0.3398451083876115,A_CLOSE,0.52,1,0.0,0,8.24,7.0,1.2400000000000002,0.56,-1.0,1.56
824081,2026-08-07 00:00:00+00:00,Chicago Cubs,Kansas City Royals,11,25,0.3167960609493368,A_CLOSE,0.36,0,0.0,1,8.08,10.0,1.92,-1.2,-2.0,0.8
824566,2026-08-07 00:00:00+00:00,Cleveland Guardians,Chicago White Sox,11,25,0.29460938059256564,A_CLOSE,0.24,0,0.0,1,8.6,10.0,1.4000000000000004,-2.6,-6.0,3.4
824727,2026-08-07 00:00:00+00:00,Athletics,Boston Red Sox,11,25,0.46920700420006245,B_GOOD,0.72,1,1.0,1,8.8,14.0,5.199999999999999,0.96,12.0,11.04
825051,2026-08-07 00:00:00+00:00,Los Angeles Dodgers,Arizona Diamondbacks,11,25,0.32764798127458455,A_CLOSE,0.72,1,1.0,1,8.76,7.0,1.7599999999999998,0.84,1.0,0.16000000000000003
822701,2026-08-08 00:00:00+00:00,Cincinnati Reds,Washington Nationals,11,25,0.37307480675412036,B_GOOD,0.6,1,1.0,1,10.24,10.0,0.2400000000000002,-0.64,6.0,6.64
822864,2026-08-08 00:00:00+00:00,Baltimore Orioles,Texas Rangers,11,25,0.39352860362397174,B_GOOD,0.64,1,1.0,1,8.08,6.0,2.08,1.04,4.0,2.96
823021,2026-08-08 00:00:00+00:00,Colorado Rockies,St. Louis Cardinals,11,25,0.3920076072880518,B_GOOD,0.48,0,0.0,1,8.08,14.0,5.92,-0.48,-2.0,1.52
823102,2026-08-08 00:00:00+00:00,Tampa Bay Rays,Seattle Mariners,11,25,0.40002810865128335,B_GOOD,0.48,0,0.0,1,7.96,5.0,2.96,-0.2,-1.0,0.8
823188,2026-08-08 00:00:00+00:00,Detroit Tigers,San Francisco Giants,11,25,0.6367820318736708,C_FAIR,0.56,1,0.0,0,9.16,8.0,1.1600000000000001,-0.36,-8.0,7.64
823267,2026-08-08 00:00:00+00:00,Houston Astros,San Diego Padres,11,25,0.3242351476077426,A_CLOSE,0.4,0,1.0,0,8.72,5.0,3.7200000000000006,-1.6,1.0,2.6
823348,2026-08-08 00:00:00+00:00,New York Mets,Pittsburgh Pirates,11,25,0.36357321697734546,B_GOOD,0.6,1,1.0,1,10.0,9.0,1.0,-0.08,9.0,9.08
823426,2026-08-08 00:00:00+00:00,Toronto Blue Jays,Philadelphia Phillies,11,25,0.2959608591168205,A_CLOSE,0.48,0,0.0,1,9.84,12.0,2.16,0.24,-2.0,2.24
823514,2026-08-08 00:00:00+00:00,Atlanta Braves,New York Yankees,11,25,0.43973258780945235,B_GOOD,0.64,1,1.0,1,5.48,9.0,3.5199999999999996,0.84,1.0,0.16000000000000003
823752,2026-08-08 00:00:00+00:00,Minnesota Twins,Milwaukee Brewers,11,25,0.2565603657067064,A_CLOSE,0.48,0,1.0,0,7.6,7.0,0.5999999999999996,0.32,1.0,0.6799999999999999
823834,2026-08-08 00:00:00+00:00,Los Angeles Angels,Miami Marlins,11,25,0.35524199378567556,B_GOOD,0.6,1,1.0,1,8.56,7.0,1.5600000000000005,1.12,7.0,5.88
824079,2026-08-08 00:00:00+00:00,Chicago Cubs,Kansas City Royals,11,25,0.3378595859047634,A_CLOSE,0.52,1,1.0,1,9.52,9.0,0.5199999999999996,0.0,3.0,3.0
824565,2026-08-08 00:00:00+00:00,Cleveland Guardians,Chicago White Sox,11,25,0.261556426724075,A_CLOSE,0.48,0,1.0,0,7.04,9.0,1.96,-1.12,3.0,4.12
824726,2026-08-08 00:00:00+00:00,Athletics,Boston Red Sox,11,25,0.6129991645388385,C_FAIR,0.76,1,0.0,0,7.96,10.0,2.04,2.04,-4.0,6.04
825049,2026-08-08 00:00:00+00:00,Los Angeles Dodgers,Arizona Diamondbacks,11,25,0.3303929790783462,A_CLOSE,0.56,1,0.0,0,9.16,3.0,6.16,0.28,-1.0,1.28
822700,2026-08-09 00:00:00+00:00,Cincinnati Reds,Washington Nationals,11,25,0.3513547274333903,B_GOOD,0.56,1,1.0,1,11.56,8.0,3.5600000000000005,-1.32,6.0,7.32
822862,2026-08-09 00:00:00+00:00,Baltimore Orioles,Texas Rangers,11,25,0.41418966375040944,B_GOOD,0.52,1,0.0,0,7.52,15.0,7.48,0.64,-5.0,5.64
823020,2026-08-09 00:00:00+00:00,Colorado Rockies,St. Louis Cardinals,11,25,0.3713619524138745,B_GOOD,0.52,1,1.0,1,9.24,11.0,1.7599999999999998,1.08,3.0,1.92
823104,2026-08-09 00:00:00+00:00,Tampa Bay Rays,Seattle Mariners,11,25,0.48321342788535526,B_GOOD,0.44,0,0.0,1,8.92,5.0,3.92,0.52,-3.0,3.52
823190,2026-08-09 00:00:00+00:00,Detroit Tigers,San Francisco Giants,11,25,0.7692486488221667,D_LOOSE,0.56,1,0.0,0,9.24,4.0,5.24,-0.92,-2.0,1.08
823268,2026-08-09 00:00:00+00:00,Houston Astros,San Diego Padres,11,25,0.2967981082758414,A_CLOSE,0.44,0,1.0,0,7.96,9.0,1.04,-2.28,5.0,7.279999999999999
823345,2026-08-09 00:00:00+00:00,New York Mets,Pittsburgh Pirates,11,25,0.3639469087771577,B_GOOD,0.56,1,0.0,0,9.6,12.0,2.4000000000000004,0.64,-10.0,10.64
823425,2026-08-09 00:00:00+00:00,Toronto Blue Jays,Philadelphia Phillies,11,25,0.33397367560543606,A_CLOSE,0.32,0,1.0,0,9.4,13.0,3.5999999999999996,-0.92,1.0,1.92
823513,2026-08-09 00:00:00+00:00,Atlanta Braves,New York Yankees,11,25,0.412367613460631,B_GOOD,0.72,1,0.0,0,6.08,3.0,3.08,1.12,-1.0,2.12
823751,2026-08-09 00:00:00+00:00,Minnesota Twins,Milwaukee Brewers,11,25,0.27915253458747824,A_CLOSE,0.36,0,1.0,0,8.44,7.0,1.4399999999999995,-1.48,1.0,2.48
823835,2026-08-09 00:00:00+00:00,Los Angeles Angels,Miami Marlins,11,25,0.3389419819872324,A_CLOSE,0.6,1,1.0,1,8.76,15.0,6.24,1.48,9.0,7.52
824078,2026-08-09 00:00:00+00:00,Chicago Cubs,Kansas City Royals,11,25,0.2909002873852483,A_CLOSE,0.4,0,0.0,1,8.64,12.0,3.3599999999999994,-0.4,-8.0,7.6
824564,2026-08-09 00:00:00+00:00,Cleveland Guardians,Chicago White Sox,11,25,0.28527461203841054,A_CLOSE,0.56,1,1.0,1,8.04,8.0,0.03999999999999915,0.04,2.0,1.96
824724,2026-08-09 00:00:00+00:00,Athletics,Boston Red Sox,11,25,0.5637237657489732,C_FAIR,0.68,1,0.0,0,8.12,7.0,1.1199999999999992,0.92,-1.0,1.92
825050,2026-08-09 00:00:00+00:00,Los Angeles Dodgers,Arizona Diamondbacks,11,25,0.2587162961494295,A_CLOSE,0.44,0,1.0,0,9.92,6.0,3.92,-1.04,2.0,3.04
822780,2026-08-10 00:00:00+00:00,Boston Red Sox,Toronto Blue Jays,11,25,0.420404490189978,B_GOOD,0.36,0,1.0,0,9.92,3.0,6.92,-2.4,1.0,3.4
823018,2026-08-10 00:00:00+00:00,Philadelphia Phillies,St. Louis Cardinals,11,25,0.287396614762223,A_CLOSE,0.52,1,0.0,0,9.08,11.0,1.92,-0.12,-1.0,0.88
823189,2026-08-10 00:00:00+00:00,Houston Astros,San Francisco Giants,11,25,0.33152801583401925,A_CLOSE,0.64,1,0.0,0,8.88,9.0,0.11999999999999922,0.72,-3.0,3.7199999999999998
823265,2026-08-10 00:00:00+00:00,Milwaukee Brewers,San Diego Padres,11,25,0.3535139592815955,B_GOOD,0.52,1,1.0,1,7.84,5.0,2.84,-1.04,1.0,2.04
823675,2026-08-10 00:00:00+00:00,Baltimore Orioles,Minnesota Twins,11,25,0.25874924465503857,A_CLOSE,0.56,1,1.0,1,8.12,14.0,5.880000000000001,0.76,4.0,3.24
823918,2026-08-10 00:00:00+00:00,Kansas City Royals,Los Angeles Dodgers,11,25,0.35584014959488064,B_GOOD,0.6,1,1.0,1,6.44,11.0,4.56,1.0,1.0,0.0
823998,2026-08-10 00:00:00+00:00,Texas Rangers,Los Angeles Angels,11,25,0.37343471109321674,B_GOOD,0.48,0,0.0,1,8.4,5.0,3.4000000000000004,-0.56,-3.0,2.44
824887,2026-08-10 00:00:00+00:00,New York Mets,Atlanta Braves,11,25,0.34352276983433616,A_CLOSE,0.52,1,0.0,0,9.64,13.0,3.3599999999999994,0.2,-3.0,3.2
824969,2026-08-10 00:00:00+00:00,Tampa Bay Rays,Athletics,11,25,0.5237595890852368,C_FAIR,0.56,1,0.0,0,11.28,16.0,4.720000000000001,-0.08,-4.0,3.92
825048,2026-08-10 00:00:00+00:00,Colorado Rockies,Arizona Diamondbacks,11,25,0.3226327799706506,A_CLOSE,0.52,1,1.0,1,8.36,9.0,0.6400000000000006,0.2,9.0,8.8
822697,2026-08-11 00:00:00+00:00,Chicago Cubs,Washington Nationals,11,25,0.3646938433062622,B_GOOD,0.44,0,0.0,1,9.08,14.0,4.92,-1.4,-2.0,0.6000000000000001
822778,2026-08-11 00:00:00+00:00,Boston Red Sox,Toronto Blue Jays,11,25,0.38250703787825857,B_GOOD,0.4,0,1.0,0,9.96,8.0,1.9600000000000009,-2.2,2.0,4.2
823019,2026-08-11 00:00:00+00:00,Philadelphia Phillies,St. Louis Cardinals,11,25,0.2828820932521829,A_CLOSE,0.48,0,1.0,0,9.44,2.0,7.4399999999999995,-0.96,2.0,2.96
823186,2026-08-11 00:00:00+00:00,Houston Astros,San Francisco Giants,11,25,0.3205085005606482,A_CLOSE,0.52,1,1.0,1,8.12,5.0,3.119999999999999,-0.04,3.0,3.04
823264,2026-08-11 00:00:00+00:00,Milwaukee Brewers,San Diego Padres,11,25,0.3466578288448156,A_CLOSE,0.52,1,1.0,1,8.56,13.0,4.4399999999999995,-0.4,9.0,9.4
823512,2026-08-11 00:00:00+00:00,Seattle Mariners,New York Yankees,11,25,0.47164046064431897,B_GOOD,0.56,1,1.0,1,8.16,5.0,3.16,-0.08,3.0,3.08
823673,2026-08-11 00:00:00+00:00,Baltimore Orioles,Minnesota Twins,11,25,0.29816814875285635,A_CLOSE,0.52,1,0.0,0,8.96,7.0,1.9600000000000009,0.72,-3.0,3.7199999999999998
823832,2026-08-11 00:00:00+00:00,Pittsburgh Pirates,Miami Marlins,11,25,0.3083426181725519,A_CLOSE,0.68,1,1.0,1,7.36,2.0,5.36,0.24,2.0,1.76
823917,2026-08-11 00:00:00+00:00,Kansas City Royals,Los Angeles Dodgers,11,25,0.36165003172673893,B_GOOD,0.56,1,1.0,1,7.04,9.0,1.96,0.48,1.0,0.52
823997,2026-08-11 00:00:00+00:00,Texas Rangers,Los Angeles Angels,11,25,0.3669050194246707,B_GOOD,0.64,1,1.0,1,8.24,5.0,3.24,-0.48,1.0,1.48
824240,2026-08-11 00:00:00+00:00,Cleveland Guardians,Detroit Tigers,11,25,0.6447873703849764,C_FAIR,0.52,1,1.0,1,9.04,10.0,0.9600000000000009,0.56,2.0,1.44
824563,2026-08-11 00:00:00+00:00,Cincinnati Reds,Chicago White Sox,11,25,0.26106642363025995,A_CLOSE,0.44,0,0.0,1,7.8,9.0,1.2000000000000002,-0.28,-1.0,0.72
824886,2026-08-11 00:00:00+00:00,New York Mets,Atlanta Braves,11,25,0.290013988606415,A_CLOSE,0.56,1,1.0,1,8.48,4.0,4.48,0.16,4.0,3.84
824970,2026-08-11 00:00:00+00:00,Tampa Bay Rays,Athletics,11,25,0.5439608761359731,C_FAIR,0.4,0,0.0,1,11.32,16.0,4.68,-0.44,-8.0,7.56
825046,2026-08-11 00:00:00+00:00,Colorado Rockies,Arizona Diamondbacks,11,25,0.29433641501034974,A_CLOSE,0.44,0,0.0,1,8.48,5.0,3.4800000000000004,0.16,-1.0,1.16
822698,2026-08-12 00:00:00+00:00,Chicago Cubs,Washington Nationals,11,25,0.39044305060405865,B_GOOD,0.44,0,0.0,1,10.68,18.0,7.32,-0.2,-6.0,5.8
822779,2026-08-12 00:00:00+00:00,Boston Red Sox,Toronto Blue Jays,11,25,0.34521864265178387,A_CLOSE,0.4,0,1.0,0,9.52,10.0,0.4800000000000004,-1.84,2.0,3.84
823017,2026-08-12 00:00:00+00:00,Philadelphia Phillies,St. Louis Cardinals,11,25,0.2578383343540356,A_CLOSE,0.48,0,1.0,0,7.88,8.0,0.1200000000000001,-1.16,6.0,7.16
823187,2026-08-12 00:00:00+00:00,Houston Astros,San Francisco Giants,11,25,0.26568563004175805,A_CLOSE,0.48,0,0.0,1,8.68,3.0,5.68,0.28,-1.0,1.28
823263,2026-08-12 00:00:00+00:00,Milwaukee Brewers,San Diego Padres,11,25,0.3287573445849523,A_CLOSE,0.64,1,1.0,1,8.6,7.0,1.5999999999999996,1.56,1.0,0.56
823511,2026-08-12 00:00:00+00:00,Seattle Mariners,New York Yankees,11,25,0.4525838970497631,B_GOOD,0.6,1,1.0,1,7.8,15.0,7.2,0.68,5.0,4.32
823672,2026-08-12 00:00:00+00:00,Baltimore Orioles,Minnesota Twins,11,25,0.322633394947156,A_CLOSE,0.64,1,1.0,1,9.04,12.0,2.960000000000001,0.08,2.0,1.92
823833,2026-08-12 00:00:00+00:00,Pittsburgh Pirates,Miami Marlins,11,25,0.25954467050083946,A_CLOSE,0.68,1,1.0,1,8.32,10.0,1.6799999999999997,1.28,6.0,4.72
823916,2026-08-12 00:00:00+00:00,Kansas City Royals,Los Angeles Dodgers,11,25,0.3029177978666388,A_CLOSE,0.48,0,1.0,0,8.92,6.0,2.92,-1.08,2.0,3.08
823994,2026-08-12 00:00:00+00:00,Texas Rangers,Los Angeles Angels,11,25,0.352032267745564,B_GOOD,0.6,1,1.0,1,7.24,7.0,0.2400000000000002,-0.36,3.0,3.36
824241,2026-08-12 00:00:00+00:00,Cleveland Guardians,Detroit Tigers,11,25,0.681086827348262,C_FAIR,0.8,1,0.0,0,10.36,10.0,0.35999999999999943,3.0,-2.0,5.0
824562,2026-08-12 00:00:00+00:00,Cincinnati Reds,Chicago White Sox,11,25,0.3030296284865384,A_CLOSE,0.56,1,1.0,1,7.76,5.0,2.76,0.64,5.0,4.36
824883,2026-08-12 00:00:00+00:00,New York Mets,Atlanta Braves,11,25,0.297404178900286,A_CLOSE,0.6,1,1.0,1,8.52,9.0,0.4800000000000004,0.44,3.0,2.56
824967,2026-08-12 00:00:00+00:00,Tampa Bay Rays,Athletics,11,25,0.5847708818137952,C_FAIR,0.4,0,0.0,1,10.0,12.0,2.0,-1.92,-4.0,2.08
825047,2026-08-12 00:00:00+00:00,Colorado Rockies,Arizona Diamondbacks,11,25,0.33564437090811944,A_CLOSE,0.56,1,0.0,0,8.92,10.0,1.08,0.28,-2.0,2.2800000000000002
822696,2026-08-13 00:00:00+00:00,Chicago Cubs,Washington Nationals,11,25,0.3881799099968275,B_GOOD,0.4,0,1.0,0,11.6,7.0,4.6,-0.48,7.0,7.48
822776,2026-08-13 00:00:00+00:00,Boston Red Sox,Toronto Blue Jays,11,25,0.4246238130256102,B_GOOD,0.44,0,0.0,1,7.84,7.0,0.8399999999999999,-0.24,-7.0,6.76
823508,2026-08-13 00:00:00+00:00,Seattle Mariners,New York Yankees,11,25,0.3537955348627265,B_GOOD,0.64,1,0.0,0,7.24,1.0,6.24,0.68,-1.0,1.6800000000000002
823669,2026-08-13 00:00:00+00:00,Philadelphia Phillies,Minnesota Twins,11,25,0.2564220043484697,A_CLOSE,0.64,1,0.0,0,6.96,8.0,1.04,0.48,-6.0,6.48
823829,2026-08-13 00:00:00+00:00,Pittsburgh Pirates,Miami Marlins,11,25,0.339722804560646,A_CLOSE,0.64,1,0.0,0,8.76,14.0,5.24,0.28,-12.0,12.28
823915,2026-08-13 00:00:00+00:00,Milwaukee Brewers,Los Angeles Dodgers,11,25,0.25568217116794434,A_CLOSE,0.68,1,0.0,0,7.84,9.0,1.1600000000000001,1.28,-1.0,2.2800000000000002
823995,2026-08-13 00:00:00+00:00,Texas Rangers,Los Angeles Angels,11,25,0.3509040951566543,B_GOOD,0.52,1,1.0,1,9.0,7.0,2.0,0.12,7.0,6.88
824238,2026-08-13 00:00:00+00:00,Cleveland Guardians,Detroit Tigers,11,25,0.4966314842758762,B_GOOD,0.64,1,1.0,1,8.84,3.0,5.84,1.0,3.0,2.0
824561,2026-08-13 00:00:00+00:00,Cincinnati Reds,Chicago White Sox,11,25,0.298432935031176,A_CLOSE,0.6,1,0.0,0,7.64,17.0,9.36,0.6,-1.0,1.6
822777,2026-08-14 00:00:00+00:00,New York Yankees,Toronto Blue Jays,11,25,0.3065971669206939,A_CLOSE,0.56,1,1.0,1,7.8,4.0,3.8,-0.2,2.0,2.2
822942,2026-08-14 00:00:00+00:00,Baltimore Orioles,Tampa Bay Rays,11,25,0.385855909618681,B_GOOD,0.56,1,0.0,0,9.6,11.0,1.4000000000000004,0.88,-1.0,1.88
823185,2026-08-14 00:00:00+00:00,Colorado Rockies,San Francisco Giants,11,25,0.36117904721159233,B_GOOD,0.36,0,0.0,1,9.2,7.0,2.1999999999999993,-1.6,-3.0,1.4
823346,2026-08-14 00:00:00+00:00,Boston Red Sox,Pittsburgh Pirates,11,25,0.5041128520147958,C_FAIR,0.4,0,1.0,0,11.24,12.0,0.7599999999999998,-0.2,4.0,4.2
823591,2026-08-14 00:00:00+00:00,Washington Nationals,New York Mets,11,25,0.3108831290112341,A_CLOSE,0.52,1,1.0,1,8.56,5.0,3.5600000000000005,-0.08,3.0,3.08
823913,2026-08-14 00:00:00+00:00,Milwaukee Brewers,Los Angeles Dodgers,11,25,0.2663902772177832,A_CLOSE,0.64,1,1.0,1,7.52,4.0,3.5199999999999996,1.92,2.0,0.08000000000000007
823993,2026-08-14 00:00:00+00:00,Kansas City Royals,Los Angeles Angels,11,25,0.3180780688889146,A_CLOSE,0.56,1,0.0,0,8.64,13.0,4.359999999999999,1.12,-1.0,2.12
824159,2026-08-14 00:00:00+00:00,Seattle Mariners,Houston Astros,11,25,0.3482904201608979,A_CLOSE,0.6,1,1.0,1,8.36,17.0,8.64,1.48,3.0,1.52
824237,2026-08-14 00:00:00+00:00,Chicago White Sox,Detroit Tigers,11,25,0.5204510938882121,C_FAIR,0.64,1,0.0,0,9.16,14.0,4.84,1.16,-4.0,5.16
824399,2026-08-14 00:00:00+00:00,San Diego Padres,Cleveland Guardians,11,25,0.26143811948759144,A_CLOSE,0.6,1,0.0,0,9.2,12.0,2.8000000000000007,0.88,-2.0,2.88
824479,2026-08-14 00:00:00+00:00,Miami Marlins,Cincinnati Reds,11,25,0.2696425989376565,A_CLOSE,0.48,0,1.0,0,10.64,1.0,9.64,-0.72,1.0,1.72
824643,2026-08-14 00:00:00+00:00,St. Louis Cardinals,Chicago Cubs,11,25,0.37201008347983594,B_GOOD,0.6,1,1.0,1,8.2,3.0,5.199999999999999,1.08,3.0,1.92
824882,2026-08-14 00:00:00+00:00,Arizona Diamondbacks,Atlanta Braves,11,25,0.3326713219595877,A_CLOSE,0.72,1,0.0,0,8.44,2.0,6.4399999999999995,1.72,-2.0,3.7199999999999998
824968,2026-08-14 00:00:00+00:00,Texas Rangers,Athletics,11,25,0.5816304682701589,C_FAIR,0.44,0,1.0,0,12.76,11.0,1.7599999999999998,-0.36,5.0,5.36
822775,2026-08-15 00:00:00+00:00,New York Yankees,Toronto Blue Jays,11,25,0.32278609568747557,A_CLOSE,0.56,1,1.0,1,8.52,5.0,3.5199999999999996,-0.2,3.0,3.2
822941,2026-08-15 00:00:00+00:00,Baltimore Orioles,Tampa Bay Rays,11,25,0.4006510104382357,B_GOOD,0.56,1,0.0,0,8.84,7.0,1.8399999999999999,0.2,-1.0,1.2
823184,2026-08-15 00:00:00+00:00,Colorado Rockies,San Francisco Giants,11,25,0.3695610719387161,B_GOOD,0.4,0,1.0,0,8.72,8.0,0.7200000000000006,-1.76,6.0,7.76
823347,2026-08-15 00:00:00+00:00,Boston Red Sox,Pittsburgh Pirates,11,25,0.4512365885224586,B_GOOD,0.32,0,0.0,1,11.28,4.0,7.279999999999999,-2.64,-4.0,1.3599999999999999
823588,2026-08-15 00:00:00+00:00,Washington Nationals,New York Mets,11,25,0.3394052363528663,A_CLOSE,0.64,1,1.0,1,8.08,9.0,0.9199999999999999,1.36,1.0,0.3600000000000001
823671,2026-08-15 00:00:00+00:00,Philadelphia Phillies,Minnesota Twins,11,25,0.25567428176640505,A_CLOSE,0.48,0,0.0,1,8.8,10.0,1.1999999999999993,-0.16,-8.0,7.84
823914,2026-08-15 00:00:00+00:00,Milwaukee Brewers,Los Angeles Dodgers,11,25,0.27282182367327196,A_CLOSE,0.56,1,0.0,0,9.16,5.0,4.16,0.28,-3.0,3.2800000000000002
823990,2026-08-15 00:00:00+00:00,Kansas City Royals,Los Angeles Angels,11,25,0.27430334764372444,A_CLOSE,0.4,0,1.0,0,6.6,1.0,5.6,-1.64,1.0,2.6399999999999997
824157,2026-08-15 00:00:00+00:00,Seattle Mariners,Houston Astros,11,25,0.37120833942742554,B_GOOD,0.56,1,0.0,0,7.24,15.0,7.76,0.68,-5.0,5.68
824239,2026-08-15 00:00:00+00:00,Chicago White Sox,Detroit Tigers,11,25,0.42898666392184603,B_GOOD,0.68,1,0.0,0,8.88,7.0,1.8800000000000008,1.76,-1.0,2.76
824400,2026-08-15 00:00:00+00:00,San Diego Padres,Cleveland Guardians,11,25,0.3715497754307374,B_GOOD,0.6,1,1.0,1,9.16,7.0,2.16,0.44,5.0,4.56
824480,2026-08-15 00:00:00+00:00,Miami Marlins,Cincinnati Reds,11,25,0.32537876493795104,A_CLOSE,0.52,1,0.0,0,8.68,12.0,3.3200000000000003,-0.6,-4.0,3.4
824644,2026-08-15 00:00:00+00:00,St. Louis Cardinals,Chicago Cubs,11,25,0.29941969779577055,A_CLOSE,0.56,1,0.0,0,8.68,12.0,3.3200000000000003,0.2,-4.0,4.2
824884,2026-08-15 00:00:00+00:00,Arizona Diamondbacks,Atlanta Braves,11,25,0.3020192273805399,A_CLOSE,0.68,1,0.0,0,9.28,13.0,3.7200000000000006,0.48,-7.0,7.48
824966,2026-08-15 00:00:00+00:00,Texas Rangers,Athletics,11,25,0.4531511134314977,B_GOOD,0.6,1,0.0,0,10.0,8.0,2.0,1.12,-2.0,3.12
822774,2026-08-16 00:00:00+00:00,New York Yankees,Toronto Blue Jays,11,25,0.3973895867325052,B_GOOD,0.6,1,0.0,0,8.76,7.0,1.7599999999999998,-0.36,-1.0,0.64
822940,2026-08-16 00:00:00+00:00,Baltimore Orioles,Tampa Bay Rays,11,25,0.30718845392444877,A_CLOSE,0.6,1,0.0,0,8.64,12.0,3.3599999999999994,-0.32,-8.0,7.68
823182,2026-08-16 00:00:00+00:00,Colorado Rockies,San Francisco Giants,11,25,0.3320101260288589,A_CLOSE,0.64,1,0.0,0,8.24,20.0,11.76,0.8,-6.0,6.8
823344,2026-08-16 00:00:00+00:00,Boston Red Sox,Pittsburgh Pirates,11,25,0.43835932631694596,B_GOOD,0.4,0,1.0,0,11.32,11.0,0.3200000000000003,-2.52,5.0,7.52
823590,2026-08-16 00:00:00+00:00,Washington Nationals,New York Mets,11,25,0.3783283512258096,B_GOOD,0.52,1,1.0,1,8.24,7.0,1.2400000000000002,-0.08,1.0,1.08
823670,2026-08-16 00:00:00+00:00,Philadelphia Phillies,Minnesota Twins,11,25,0.2673364392032097,A_CLOSE,0.52,1,0.0,0,8.88,12.0,3.119999999999999,0.48,-2.0,2.48
823912,2026-08-16 00:00:00+00:00,Milwaukee Brewers,Los Angeles Dodgers,11,25,0.2726017549491626,A_CLOSE,0.52,1,0.0,0,8.8,8.0,0.8000000000000007,-0.16,-4.0,3.84
823991,2026-08-16 00:00:00+00:00,Kansas City Royals,Los Angeles Angels,11,25,0.2818890783125164,A_CLOSE,0.4,0,0.0,1,7.84,3.0,4.84,-0.32,-3.0,2.68
824156,2026-08-16 00:00:00+00:00,Seattle Mariners,Houston Astros,11,25,0.2851838721480241,A_CLOSE,0.48,0,0.0,1,8.4,5.0,3.4000000000000004,0.0,-1.0,1.0
824236,2026-08-16 00:00:00+00:00,Chicago White Sox,Detroit Tigers,11,25,0.3420028568642364,A_CLOSE,0.64,1,0.0,0,7.72,12.0,4.28,0.68,-2.0,2.68
824397,2026-08-16 00:00:00+00:00,San Diego Padres,Cleveland Guardians,11,25,0.28334259258935907,A_CLOSE,0.36,0,0.0,1,9.28,5.0,4.279999999999999,-1.2,-5.0,3.8
824477,2026-08-16 00:00:00+00:00,Miami Marlins,Cincinnati Reds,11,25,0.31535850772832724,A_CLOSE,0.52,1,0.0,0,8.92,8.0,0.9199999999999999,0.12,-6.0,6.12
824642,2026-08-16 00:00:00+00:00,St. Louis Cardinals,Chicago Cubs,11,25,0.3444236184805263,A_CLOSE,0.56,1,0.0,0,9.08,15.0,5.92,1.0,-7.0,8.0
824880,2026-08-16 00:00:00+00:00,Arizona Diamondbacks,Atlanta Braves,11,25,0.3089854229953109,A_CLOSE,0.36,0,1.0,0,6.68,8.0,1.3200000000000003,-0.84,2.0,2.84
824965,2026-08-16 00:00:00+00:00,Texas Rangers,Athletics,11,25,0.4341629124162913,B_GOOD,0.56,1,1.0,1,10.28,7.0,3.2799999999999994,0.44,3.0,2.56
822939,2026-08-17 00:00:00+00:00,Baltimore Orioles,Tampa Bay Rays,11,25,0.26872217755259853,A_CLOSE,0.68,1,1.0,1,8.44,13.0,4.5600000000000005,0.68,1.0,0.31999999999999995
823343,2026-08-17 00:00:00+00:00,Detroit Tigers,Pittsburgh Pirates,11,25,0.36078193868187025,B_GOOD,0.48,0,0.0,1,10.6,13.0,2.4000000000000004,-1.16,-3.0,1.84
823427,2026-08-17 00:00:00+00:00,Miami Marlins,Philadelphia Phillies,11,25,0.2820076791354933,A_CLOSE,0.52,1,1.0,1,8.64,11.0,2.3599999999999994,0.0,1.0,1.0
823589,2026-08-17 00:00:00+00:00,San Diego Padres,New York Mets,11,25,0.4049397539087032,B_GOOD,0.52,1,1.0,1,6.72,3.0,3.7199999999999998,-0.88,1.0,1.88
823668,2026-08-17 00:00:00+00:00,Atlanta Braves,Minnesota Twins,11,25,0.27946421244103936,A_CLOSE,0.4,0,1.0,0,9.2,6.0,3.1999999999999993,-1.6,2.0,3.6
824077,2026-08-17 00:00:00+00:00,Athletics,Kansas City Royals,11,25,0.3878569741501186,B_GOOD,0.56,1,1.0,1,9.6,14.0,4.4,-0.08,4.0,4.08
824320,2026-08-17 00:00:00+00:00,Los Angeles Dodgers,Colorado Rockies,11,25,0.35301517648684266,B_GOOD,0.6,1,0.0,0,9.04,16.0,6.960000000000001,0.08,-6.0,6.08
824478,2026-08-17 00:00:00+00:00,St. Louis Cardinals,Cincinnati Reds,11,25,0.40362574965595177,B_GOOD,0.6,1,1.0,1,7.12,11.0,3.88,0.72,1.0,0.28
824514,2026-08-17 00:00:00+00:00,St. Louis Cardinals,Cincinnati Reds,11,25,0.36591510010420614,B_GOOD,0.56,1,0.0,0,8.24,3.0,5.24,0.32,-1.0,1.32
824641,2026-08-17 00:00:00+00:00,Chicago White Sox,Chicago Cubs,11,25,0.3668751031549019,B_GOOD,0.44,0,1.0,0,9.56,12.0,2.4399999999999995,-1.4,2.0,3.4
824725,2026-08-17 00:00:00+00:00,Arizona Diamondbacks,Boston Red Sox,11,25,0.3796743711144569,B_GOOD,0.6,1,1.0,1,9.76,12.0,2.24,0.72,10.0,9.28
822859,2026-08-18 00:00:00+00:00,Washington Nationals,Texas Rangers,11,25,0.31370135627323986,A_CLOSE,0.6,1,1.0,1,8.2,5.0,3.1999999999999993,0.84,5.0,4.16
822938,2026-08-18 00:00:00+00:00,Toronto Blue Jays,Tampa Bay Rays,11,25,0.3489318292928244,A_CLOSE,0.48,0,0.0,1,9.6,15.0,5.4,-0.64,-5.0,4.36
823341,2026-08-18 00:00:00+00:00,Detroit Tigers,Pittsburgh Pirates,11,25,0.2900962875399592,A_CLOSE,0.36,0,1.0,0,11.44,5.0,6.4399999999999995,-2.0,3.0,5.0
823423,2026-08-18 00:00:00+00:00,Miami Marlins,Philadelphia Phillies,11,25,0.2884306102357278,A_CLOSE,0.64,1,1.0,1,9.32,10.0,0.6799999999999997,0.12,2.0,1.88
823586,2026-08-18 00:00:00+00:00,San Diego Padres,New York Mets,11,25,0.33525683128077255,A_CLOSE,0.6,1,0.0,0,7.56,7.0,0.5599999999999996,-0.12,-3.0,2.88
823667,2026-08-18 00:00:00+00:00,Atlanta Braves,Minnesota Twins,11,25,0.2756820860064791,A_CLOSE,0.64,1,1.0,1,8.08,5.0,3.08,0.32,3.0,2.68
823749,2026-08-18 00:00:00+00:00,Seattle Mariners,Milwaukee Brewers,11,25,0.2878454583244395,A_CLOSE,0.48,0,1.0,0,7.12,22.0,14.879999999999999,0.16,22.0,21.84
824075,2026-08-18 00:00:00+00:00,Athletics,Kansas City Royals,11,25,0.3575289685698683,B_GOOD,0.64,1,1.0,1,8.08,7.0,1.08,0.8,1.0,0.19999999999999996
824154,2026-08-18 00:00:00+00:00,Los Angeles Angels,Houston Astros,11,25,0.2892262188903641,A_CLOSE,0.6,1,0.0,0,8.72,4.0,4.720000000000001,0.08,-2.0,2.08
824319,2026-08-18 00:00:00+00:00,Los Angeles Dodgers,Colorado Rockies,11,25,0.37487592629182637,B_GOOD,0.36,0,0.0,1,9.64,13.0,3.3599999999999994,-2.92,-1.0,1.92
824398,2026-08-18 00:00:00+00:00,San Francisco Giants,Cleveland Guardians,11,25,0.3388885953025319,A_CLOSE,0.72,1,1.0,1,8.2,9.0,0.8000000000000007,1.72,7.0,5.28
824475,2026-08-18 00:00:00+00:00,St. Louis Cardinals,Cincinnati Reds,11,25,0.36184230357826214,B_GOOD,0.52,1,0.0,0,7.88,3.0,4.88,0.36,-3.0,3.36
824639,2026-08-18 00:00:00+00:00,Chicago White Sox,Chicago Cubs,11,25,0.36565628487807555,B_GOOD,0.6,1,1.0,1,9.28,7.0,2.2799999999999994,0.64,1.0,0.36
824723,2026-08-18 00:00:00+00:00,Arizona Diamondbacks,Boston Red Sox,11,25,0.33172888229031855,A_CLOSE,0.52,1,1.0,1,9.84,13.0,3.16,0.56,5.0,4.4399999999999995
824803,2026-08-18 00:00:00+00:00,New York Yankees,Baltimore Orioles,11,25,0.372766769052603,B_GOOD,0.32,0,0.0,1,8.92,4.0,4.92,-1.48,-2.0,0.52
822860,2026-08-19 00:00:00+00:00,Washington Nationals,Texas Rangers,11,25,0.28013128368200324,A_CLOSE,0.68,1,0.0,0,7.04,6.0,1.04,1.36,-6.0,7.36
822937,2026-08-19 00:00:00+00:00,Toronto Blue Jays,Tampa Bay Rays,11,25,0.3536884087247682,B_GOOD,0.36,0,1.0,0,9.24,13.0,3.76,-0.92,1.0,1.92
823342,2026-08-19 00:00:00+00:00,Detroit Tigers,Pittsburgh Pirates,11,25,0.30808927801556846,A_CLOSE,0.24,0,1.0,0,11.04,7.0,4.039999999999999,-2.64,1.0,3.64
823424,2026-08-19 00:00:00+00:00,Miami Marlins,Philadelphia Phillies,11,25,0.2846681797032182,A_CLOSE,0.64,1,1.0,1,8.76,5.0,3.76,0.04,3.0,2.96
823587,2026-08-19 00:00:00+00:00,San Diego Padres,New York Mets,11,25,0.3656363947361076,B_GOOD,0.76,1,1.0,1,7.24,6.0,1.2400000000000002,1.0,2.0,1.0
823664,2026-08-19 00:00:00+00:00,Atlanta Braves,Minnesota Twins,11,25,0.27931024272454624,A_CLOSE,0.52,1,1.0,1,9.32,10.0,0.6799999999999997,-0.28,2.0,2.2800000000000002
823748,2026-08-19 00:00:00+00:00,Seattle Mariners,Milwaukee Brewers,11,25,0.3713311774383298,B_GOOD,0.68,1,0.0,0,9.04,12.0,2.960000000000001,0.48,-2.0,2.48
824076,2026-08-19 00:00:00+00:00,Athletics,Kansas City Royals,11,25,0.3173618848543513,A_CLOSE,0.6,1,1.0,1,9.12,16.0,6.880000000000001,0.24,2.0,1.76
824155,2026-08-19 00:00:00+00:00,Los Angeles Angels,Houston Astros,11,25,0.28846366242660604,A_CLOSE,0.68,1,1.0,1,9.24,5.0,4.24,0.84,1.0,0.16000000000000003
824318,2026-08-19 00:00:00+00:00,Los Angeles Dodgers,Colorado Rockies,11,25,0.40392461719237405,B_GOOD,0.56,1,0.0,0,10.88,10.0,0.8800000000000008,0.16,-2.0,2.16
824394,2026-08-19 00:00:00+00:00,San Francisco Giants,Cleveland Guardians,11,25,0.2980320767404826,A_CLOSE,0.48,0,0.0,1,9.68,1.0,8.68,0.64,-1.0,1.6400000000000001
824476,2026-08-19 00:00:00+00:00,St. Louis Cardinals,Cincinnati Reds,11,25,0.40180769399264127,B_GOOD,0.48,0,1.0,0,8.52,9.0,0.4800000000000004,0.52,1.0,0.48
824640,2026-08-19 00:00:00+00:00,Chicago White Sox,Chicago Cubs,11,25,0.35746719867660404,B_GOOD,0.56,1,0.0,0,10.64,3.0,7.640000000000001,0.32,-3.0,3.32
824722,2026-08-19 00:00:00+00:00,Arizona Diamondbacks,Boston Red Sox,11,25,0.3374042837886316,A_CLOSE,0.52,1,0.0,0,8.0,13.0,5.0,0.8,-1.0,1.8
824801,2026-08-19 00:00:00+00:00,New York Yankees,Baltimore Orioles,11,25,0.3677717164162611,B_GOOD,0.44,0,0.0,1,8.56,8.0,0.5600000000000005,-0.72,-2.0,1.28
822861,2026-08-20 00:00:00+00:00,Washington Nationals,Texas Rangers,11,25,0.34832729469325907,A_CLOSE,0.48,0,1.0,0,7.4,2.0,5.4,-0.84,2.0,2.84
822934,2026-08-20 00:00:00+00:00,Toronto Blue Jays,Tampa Bay Rays,11,25,0.37319857837752685,B_GOOD,0.52,1,0.0,0,8.04,6.0,2.039999999999999,-0.84,-4.0,3.16
823747,2026-08-20 00:00:00+00:00,Seattle Mariners,Milwaukee Brewers,11,25,0.3954941111158339,B_GOOD,0.52,1,1.0,1,9.96,11.0,1.0399999999999991,-0.92,3.0,3.92
824074,2026-08-20 00:00:00+00:00,Athletics,Kansas City Royals,11,25,0.3394126091212391,A_CLOSE,0.64,1,1.0,1,9.08,8.0,1.08,-0.04,4.0,4.04
824153,2026-08-20 00:00:00+00:00,Los Angeles Angels,Houston Astros,11,25,0.29510926433646884,A_CLOSE,0.56,1,0.0,0,9.0,21.0,12.0,0.04,-15.0,15.04
824395,2026-08-20 00:00:00+00:00,San Francisco Giants,Cleveland Guardians,11,25,0.3600162714435392,B_GOOD,0.56,1,1.0,1,7.8,7.0,0.7999999999999998,0.92,3.0,2.08
824474,2026-08-20 00:00:00+00:00,St. Louis Cardinals,Cincinnati Reds,11,25,0.33899368383715134,A_CLOSE,0.72,1,0.0,0,8.16,19.0,10.84,1.44,-1.0,2.44
824589,2026-08-20 00:00:00+00:00,Atlanta Braves,Chicago White Sox,11,25,0.2891945512772097,A_CLOSE,0.76,1,0.0,0,9.4,2.0,7.4,1.64,-2.0,3.6399999999999997
824802,2026-08-20 00:00:00+00:00,New York Yankees,Baltimore Orioles,11,25,0.3501162593304028,B_GOOD,0.44,0,0.0,1,8.64,7.0,1.6400000000000006,-0.08,-5.0,4.92
822857,2026-08-21 00:00:00+00:00,Los Angeles Angels,Texas Rangers,11,25,0.4118038439391799,B_GOOD,0.64,1,1.0,1,7.36,3.0,4.36,1.12,1.0,0.1200000000000001
823101,2026-08-21 00:00:00+00:00,Chicago Cubs,Seattle Mariners,11,25,0.49321479833003845,B_GOOD,0.64,1,1.0,1,8.24,11.0,2.76,0.8,1.0,0.19999999999999996
823262,2026-08-21 00:00:00+00:00,Minnesota Twins,San Diego Padres,11,25,0.31081389148599403,A_CLOSE,0.64,1,1.0,1,7.56,8.0,0.4400000000000004,0.52,4.0,3.48
823420,2026-08-21 00:00:00+00:00,St. Louis Cardinals,Philadelphia Phillies,11,25,0.34973409063131533,A_CLOSE,0.44,0,1.0,0,9.24,13.0,3.76,-1.16,1.0,2.16
823510,2026-08-21 00:00:00+00:00,Toronto Blue Jays,New York Yankees,11,25,0.37854221718171527,B_GOOD,0.52,1,1.0,1,9.0,4.0,5.0,0.92,2.0,1.08
823746,2026-08-21 00:00:00+00:00,Atlanta Braves,Milwaukee Brewers,11,25,0.33912130975700155,A_CLOSE,0.56,1,1.0,1,7.92,3.0,4.92,1.28,1.0,0.28
823830,2026-08-21 00:00:00+00:00,Washington Nationals,Miami Marlins,11,25,0.3168663287253522,A_CLOSE,0.56,1,1.0,1,9.2,5.0,4.199999999999999,0.56,1.0,0.43999999999999995
823911,2026-08-21 00:00:00+00:00,Pittsburgh Pirates,Los Angeles Dodgers,11,25,0.2753142246369838,A_CLOSE,0.68,1,1.0,1,8.36,9.0,0.6400000000000006,0.28,1.0,0.72
824072,2026-08-21 00:00:00+00:00,Detroit Tigers,Kansas City Royals,11,25,0.2797447382741418,A_CLOSE,0.44,0,1.0,0,9.32,7.0,2.3200000000000003,-0.68,3.0,3.68
824152,2026-08-21 00:00:00+00:00,Athletics,Houston Astros,11,25,0.45043472307266585,B_GOOD,0.72,1,1.0,1,9.96,4.0,5.960000000000001,1.56,4.0,2.44
824317,2026-08-21 00:00:00+00:00,Cleveland Guardians,Colorado Rockies,11,25,0.38507076305716986,B_GOOD,0.52,1,0.0,0,8.84,10.0,1.1600000000000001,-0.84,-8.0,7.16
824559,2026-08-21 00:00:00+00:00,New York Mets,Chicago White Sox,11,25,0.2955667988097847,A_CLOSE,0.64,1,1.0,1,8.96,10.0,1.0399999999999991,0.24,2.0,1.76
824721,2026-08-21 00:00:00+00:00,San Francisco Giants,Boston Red Sox,11,25,0.3206610583923684,A_CLOSE,0.6,1,1.0,1,8.52,10.0,1.4800000000000004,0.92,2.0,1.08
824800,2026-08-21 00:00:00+00:00,Tampa Bay Rays,Baltimore Orioles,11,25,0.3502147455712821,B_GOOD,0.44,0,1.0,0,8.6,8.0,0.5999999999999996,-0.52,2.0,2.52
825045,2026-08-21 00:00:00+00:00,Cincinnati Reds,Arizona Diamondbacks,11,25,0.2619979392355397,A_CLOSE,0.4,0,1.0,0,8.2,9.0,0.8000000000000007,-0.36,9.0,9.36
822858,2026-08-22 00:00:00+00:00,Los Angeles Angels,Texas Rangers,11,25,0.4558529885211566,B_GOOD,0.56,1,0.0,0,7.44,3.0,4.44,0.72,-3.0,3.7199999999999998
823100,2026-08-22 00:00:00+00:00,Chicago Cubs,Seattle Mariners,11,25,0.5167271221976922,C_FAIR,0.56,1,1.0,1,8.92,9.0,0.08000000000000007,-0.36,1.0,1.3599999999999999
823261,2026-08-22 00:00:00+00:00,Minnesota Twins,San Diego Padres,11,25,0.30218612628430197,A_CLOSE,0.76,1,1.0,1,7.68,12.0,4.32,1.84,2.0,0.15999999999999992
823422,2026-08-22 00:00:00+00:00,St. Louis Cardinals,Philadelphia Phillies,11,25,0.33033582683736223,A_CLOSE,0.48,0,1.0,0,9.16,15.0,5.84,-0.92,9.0,9.92
823509,2026-08-22 00:00:00+00:00,Toronto Blue Jays,New York Yankees,11,25,0.3898968702429167,B_GOOD,0.48,0,0.0,1,7.84,7.0,0.8399999999999999,-0.08,-1.0,0.92
823743,2026-08-22 00:00:00+00:00,Atlanta Braves,Milwaukee Brewers,11,25,0.37770330484433245,B_GOOD,0.56,1,1.0,1,8.76,5.0,3.76,0.76,3.0,2.24
823831,2026-08-22 00:00:00+00:00,Washington Nationals,Miami Marlins,11,25,0.3374771745766656,A_CLOSE,0.48,0,1.0,0,7.32,6.0,1.3200000000000003,0.28,2.0,1.72
823910,2026-08-22 00:00:00+00:00,Pittsburgh Pirates,Los Angeles Dodgers,11,25,0.273479918416006,A_CLOSE,0.52,1,1.0,1,10.36,7.0,3.3599999999999994,-0.52,1.0,1.52
824073,2026-08-22 00:00:00+00:00,Detroit Tigers,Kansas City Royals,11,25,0.3190970816564668,A_CLOSE,0.28,0,1.0,0,10.12,4.0,6.119999999999999,-1.8,2.0,3.8
824151,2026-08-22 00:00:00+00:00,Athletics,Houston Astros,11,25,0.3820981858823963,B_GOOD,0.64,1,0.0,0,10.56,7.0,3.5600000000000005,0.32,-1.0,1.32
824316,2026-08-22 00:00:00+00:00,Cleveland Guardians,Colorado Rockies,11,25,0.4237137105874111,B_GOOD,0.48,0,0.0,1,8.48,7.0,1.4800000000000004,-1.6,-1.0,0.6000000000000001
824560,2026-08-22 00:00:00+00:00,New York Mets,Chicago White Sox,11,25,0.30497164245720976,A_CLOSE,0.56,1,0.0,0,9.84,15.0,5.16,0.24,-5.0,5.24
824718,2026-08-22 00:00:00+00:00,San Francisco Giants,Boston Red Sox,11,25,0.30160038336177025,A_CLOSE,0.6,1,1.0,1,8.52,5.0,3.5199999999999996,0.92,1.0,0.07999999999999996
824798,2026-08-22 00:00:00+00:00,Tampa Bay Rays,Baltimore Orioles,11,25,0.29911327504091967,A_CLOSE,0.44,0,1.0,0,9.88,5.0,4.880000000000001,-0.36,1.0,1.3599999999999999
825044,2026-08-22 00:00:00+00:00,Cincinnati Reds,Arizona Diamondbacks,11,25,0.29498959919002377,A_CLOSE,0.68,1,0.0,0,7.44,16.0,8.559999999999999,1.04,-6.0,7.04
822856,2026-08-23 00:00:00+00:00,Los Angeles Angels,Texas Rangers,11,25,0.5069164757595299,C_FAIR,0.6,1,1.0,1,6.68,8.0,1.3200000000000003,1.0,2.0,1.0
823099,2026-08-23 00:00:00+00:00,Chicago Cubs,Seattle Mariners,11,25,0.5541386567679443,C_FAIR,0.56,1,0.0,0,9.92,21.0,11.08,-0.32,-17.0,16.68
823258,2026-08-23 00:00:00+00:00,Minnesota Twins,San Diego Padres,11,25,0.28012015039372057,A_CLOSE,0.64,1,1.0,1,7.56,9.0,1.4400000000000004,0.36,7.0,6.64
823421,2026-08-23 00:00:00+00:00,St. Louis Cardinals,Philadelphia Phillies,11,25,0.377973280373312,B_GOOD,0.68,1,1.0,1,9.24,10.0,0.7599999999999998,1.48,2.0,0.52
823507,2026-08-23 00:00:00+00:00,Toronto Blue Jays,New York Yankees,11,25,0.3258883025421733,A_CLOSE,0.4,0,1.0,0,9.0,11.0,2.0,-0.2,5.0,5.2
823745,2026-08-23 00:00:00+00:00,Atlanta Braves,Milwaukee Brewers,11,25,0.6185253568584413,C_FAIR,0.56,1,0.0,0,8.28,6.0,2.2799999999999994,0.44,-2.0,2.44
823827,2026-08-23 00:00:00+00:00,Washington Nationals,Miami Marlins,11,25,0.34668568095909025,A_CLOSE,0.44,0,1.0,0,8.24,8.0,0.2400000000000002,0.72,4.0,3.2800000000000002
823909,2026-08-23 00:00:00+00:00,Pittsburgh Pirates,Los Angeles Dodgers,11,25,0.2913299991773332,A_CLOSE,0.6,1,1.0,1,10.16,4.0,6.16,-0.16,4.0,4.16
824071,2026-08-23 00:00:00+00:00,Detroit Tigers,Kansas City Royals,11,25,0.36385827019411116,B_GOOD,0.52,1,1.0,1,8.4,18.0,9.6,0.08,4.0,3.92
824150,2026-08-23 00:00:00+00:00,Athletics,Houston Astros,11,25,0.3118041001476506,A_CLOSE,0.52,1,0.0,0,8.92,13.0,4.08,0.12,-1.0,1.12
824315,2026-08-23 00:00:00+00:00,Cleveland Guardians,Colorado Rockies,11,25,0.37797728331452396,B_GOOD,0.44,0,0.0,1,9.44,9.0,0.4399999999999995,-0.88,-5.0,4.12
824558,2026-08-23 00:00:00+00:00,New York Mets,Chicago White Sox,11,25,0.292947347707619,A_CLOSE,0.48,0,1.0,0,7.72,3.0,4.72,0.12,1.0,0.88
824720,2026-08-23 00:00:00+00:00,San Francisco Giants,Boston Red Sox,11,25,0.32239283444667616,A_CLOSE,0.52,1,1.0,1,8.64,9.0,0.35999999999999943,0.08,1.0,0.92
824799,2026-08-23 00:00:00+00:00,Tampa Bay Rays,Baltimore Orioles,11,25,0.31005345641162063,A_CLOSE,0.56,1,0.0,0,8.84,4.0,4.84,0.12,-2.0,2.12
825043,2026-08-23 00:00:00+00:00,Cincinnati Reds,Arizona Diamondbacks,11,25,0.30146418523417456,A_CLOSE,0.24,0,1.0,0,10.28,8.0,2.2799999999999994,-2.36,2.0,4.359999999999999
822695,2026-08-24 00:00:00+00:00,Colorado Rockies,Washington Nationals,11,25,0.6093428438285876,C_FAIR,0.6,1,1.0,1,9.04,16.0,6.960000000000001,0.8,10.0,9.2
823097,2026-08-24 00:00:00+00:00,Philadelphia Phillies,Seattle Mariners,11,25,0.8152574051630099,D_LOOSE,0.4,0,1.0,0,8.8,11.0,2.1999999999999993,-1.44,7.0,8.44
823183,2026-08-24 00:00:00+00:00,Cincinnati Reds,San Francisco Giants,11,25,0.3695021425873984,B_GOOD,0.52,1,1.0,1,8.8,5.0,3.8000000000000007,-0.08,5.0,5.08
823260,2026-08-24 00:00:00+00:00,Pittsburgh Pirates,San Diego Padres,11,25,0.3094457651763692,A_CLOSE,0.64,1,0.0,0,7.28,5.0,2.2800000000000002,0.88,-1.0,1.88
823828,2026-08-24 00:00:00+00:00,Boston Red Sox,Miami Marlins,11,25,0.30719516375267314,A_CLOSE,0.4,0,0.0,1,9.88,6.0,3.880000000000001,-2.6,-2.0,0.6000000000000001
823992,2026-08-24 00:00:00+00:00,Cleveland Guardians,Los Angeles Angels,11,25,0.468317434476967,B_GOOD,0.52,1,0.0,0,8.08,6.0,2.08,0.48,-2.0,2.48
824235,2026-08-24 00:00:00+00:00,Tampa Bay Rays,Detroit Tigers,11,25,0.34846140545859583,A_CLOSE,0.64,1,0.0,0,7.44,5.0,2.4400000000000004,1.04,-3.0,4.04
824557,2026-08-24 00:00:00+00:00,Texas Rangers,Chicago White Sox,11,25,0.37539143834376343,B_GOOD,0.72,1,0.0,0,6.16,13.0,6.84,1.2,-9.0,10.2
824964,2026-08-24 00:00:00+00:00,Minnesota Twins,Athletics,11,25,0.3848689528732077,B_GOOD,0.48,0,0.0,1,10.28,15.0,4.720000000000001,-0.76,-3.0,2.24
825041,2026-08-24 00:00:00+00:00,Chicago Cubs,Arizona Diamondbacks,11,25,0.3195479679584408,A_CLOSE,0.44,0,0.0,1,8.64,7.0,1.6400000000000006,-1.04,-7.0,5.96
822693,2026-08-25 00:00:00+00:00,Colorado Rockies,Washington Nationals,11,25,0.6476546385905425,C_FAIR,0.52,1,0.0,0,10.04,4.0,6.039999999999999,1.08,-2.0,3.08
822773,2026-08-25 00:00:00+00:00,Kansas City Royals,Toronto Blue Jays,11,25,0.3637731520962559,B_GOOD,0.24,0,0.0,1,7.36,8.0,0.6399999999999997,-2.72,-2.0,0.7200000000000002
823016,2026-08-25 00:00:00+00:00,Baltimore Orioles,St. Louis Cardinals,11,25,0.3106236486092963,A_CLOSE,0.48,0,0.0,1,8.36,14.0,5.640000000000001,-1.48,-12.0,10.52
823098,2026-08-25 00:00:00+00:00,Philadelphia Phillies,Seattle Mariners,11,25,0.8316203046228927,D_LOOSE,0.44,0,1.0,0,8.76,5.0,3.76,-0.84,3.0,3.84
823181,2026-08-25 00:00:00+00:00,Cincinnati Reds,San Francisco Giants,11,25,0.29595425363732897,A_CLOSE,0.56,1,1.0,1,8.08,4.0,4.08,0.48,2.0,1.52
823259,2026-08-25 00:00:00+00:00,Pittsburgh Pirates,San Diego Padres,11,25,0.2974516064650587,A_CLOSE,0.52,1,0.0,0,8.36,1.0,7.359999999999999,-0.04,-1.0,0.96
823505,2026-08-25 00:00:00+00:00,Houston Astros,New York Yankees,11,25,0.3862288879305916,B_GOOD,0.52,1,0.0,0,7.88,16.0,8.120000000000001,-0.36,-2.0,1.6400000000000001
823585,2026-08-25 00:00:00+00:00,Milwaukee Brewers,New York Mets,11,25,0.4242266004207417,B_GOOD,0.44,0,1.0,0,8.96,5.0,3.960000000000001,-2.08,1.0,3.08
823826,2026-08-25 00:00:00+00:00,Boston Red Sox,Miami Marlins,11,25,0.32046374746586964,A_CLOSE,0.68,1,0.0,0,9.08,10.0,0.9199999999999999,1.64,-4.0,5.64
823989,2026-08-25 00:00:00+00:00,Cleveland Guardians,Los Angeles Angels,11,25,0.44602704744202587,B_GOOD,0.6,1,0.0,0,7.56,14.0,6.44,0.52,-2.0,2.52
824233,2026-08-25 00:00:00+00:00,Tampa Bay Rays,Detroit Tigers,11,25,0.38720790587360593,B_GOOD,0.56,1,1.0,1,7.84,5.0,2.84,0.32,3.0,2.68
824556,2026-08-25 00:00:00+00:00,Texas Rangers,Chicago White Sox,11,25,0.33144498152583196,A_CLOSE,0.68,1,1.0,1,8.36,18.0,9.64,1.0,4.0,3.0
824881,2026-08-25 00:00:00+00:00,Los Angeles Dodgers,Atlanta Braves,11,25,0.3880122663285153,B_GOOD,0.56,1,1.0,1,8.88,7.0,1.8800000000000008,0.48,1.0,0.52
824962,2026-08-25 00:00:00+00:00,Minnesota Twins,Athletics,11,25,0.4018526891239752,B_GOOD,0.52,1,1.0,1,8.88,6.0,2.880000000000001,0.32,2.0,1.68
825042,2026-08-25 00:00:00+00:00,Chicago Cubs,Arizona Diamondbacks,11,25,0.33261889502361136,A_CLOSE,0.52,1,1.0,1,9.48,9.0,0.4800000000000004,-0.36,1.0,1.3599999999999999
822692,2026-08-26 00:00:00+00:00,Colorado Rockies,Washington Nationals,11,25,0.6305744640331218,C_FAIR,0.56,1,0.0,0,9.56,14.0,4.4399999999999995,1.56,-12.0,13.56
822772,2026-08-26 00:00:00+00:00,Kansas City Royals,Toronto Blue Jays,11,25,0.3200440019062565,A_CLOSE,0.32,0,1.0,0,7.52,3.0,4.52,-2.08,3.0,5.08
823015,2026-08-26 00:00:00+00:00,Baltimore Orioles,St. Louis Cardinals,11,25,0.3438547344909369,A_CLOSE,0.68,1,0.0,0,8.68,15.0,6.32,0.36,-1.0,1.3599999999999999
823096,2026-08-26 00:00:00+00:00,Philadelphia Phillies,Seattle Mariners,11,25,0.7226728685803627,D_LOOSE,0.52,1,0.0,0,8.76,6.0,2.76,-0.68,-6.0,5.32
823180,2026-08-26 00:00:00+00:00,Cincinnati Reds,San Francisco Giants,11,25,0.2792948259155785,A_CLOSE,0.64,1,0.0,0,8.4,19.0,10.6,1.36,-1.0,2.3600000000000003
823255,2026-08-26 00:00:00+00:00,Pittsburgh Pirates,San Diego Padres,11,25,0.37014004292503366,B_GOOD,0.4,0,1.0,0,7.6,3.0,4.6,-0.64,3.0,3.64
823506,2026-08-26 00:00:00+00:00,Houston Astros,New York Yankees,11,25,0.3503659693128405,B_GOOD,0.48,0,1.0,0,8.6,12.0,3.4000000000000004,-0.36,6.0,6.36
823584,2026-08-26 00:00:00+00:00,Milwaukee Brewers,New York Mets,11,25,0.4679013099611083,B_GOOD,0.48,0,0.0,1,7.12,9.0,1.88,-0.88,-7.0,6.12
823825,2026-08-26 00:00:00+00:00,Boston Red Sox,Miami Marlins,11,25,0.296255735511849,A_CLOSE,0.36,0,1.0,0,8.72,4.0,4.720000000000001,-2.32,4.0,6.32
823988,2026-08-26 00:00:00+00:00,Cleveland Guardians,Los Angeles Angels,11,25,0.47321240426648337,B_GOOD,0.52,1,0.0,0,7.92,7.0,0.9199999999999999,-0.56,-1.0,0.43999999999999995
824234,2026-08-26 00:00:00+00:00,Tampa Bay Rays,Detroit Tigers,11,25,0.3324871237469034,A_CLOSE,0.68,1,0.0,0,7.68,3.0,4.68,0.8,-3.0,3.8
824555,2026-08-26 00:00:00+00:00,Texas Rangers,Chicago White Sox,11,25,0.2682078483674765,A_CLOSE,0.6,1,1.0,1,8.12,14.0,5.880000000000001,1.0,6.0,5.0
824878,2026-08-26 00:00:00+00:00,Los Angeles Dodgers,Atlanta Braves,11,25,0.3206473652817001,A_CLOSE,0.48,0,1.0,0,8.76,11.0,2.24,0.2,1.0,0.8
824963,2026-08-26 00:00:00+00:00,Minnesota Twins,Athletics,11,25,0.36315629403062805,B_GOOD,0.52,1,1.0,1,9.32,11.0,1.6799999999999997,0.36,3.0,2.64
825039,2026-08-26 00:00:00+00:00,Chicago Cubs,Arizona Diamondbacks,11,25,0.37535569245946326,B_GOOD,0.52,1,1.0,1,8.52,2.0,6.52,-0.28,2.0,2.2800000000000002
822694,2026-08-27 00:00:00+00:00,Colorado Rockies,Washington Nationals,11,25,0.5598123752268919,C_FAIR,0.48,0,1.0,0,11.16,8.0,3.16,-0.84,6.0,6.84
822771,2026-08-27 00:00:00+00:00,Kansas City Royals,Toronto Blue Jays,11,25,0.319340788368472,A_CLOSE,0.36,0,0.0,1,7.2,15.0,7.8,-1.52,-11.0,9.48
823014,2026-08-27 00:00:00+00:00,Baltimore Orioles,St. Louis Cardinals,11,25,0.33898095290739666,A_CLOSE,0.72,1,1.0,1,9.16,12.0,2.84,1.08,2.0,0.9199999999999999
823179,2026-08-27 00:00:00+00:00,Arizona Diamondbacks,San Francisco Giants,11,25,0.3366053734824453,A_CLOSE,0.32,0,1.0,0,8.04,7.0,1.0399999999999991,-1.0,5.0,6.0
823503,2026-08-27 00:00:00+00:00,Houston Astros,New York Yankees,11,25,0.35479539731711507,B_GOOD,0.64,1,0.0,0,9.04,6.0,3.039999999999999,0.56,-4.0,4.5600000000000005
823581,2026-08-27 00:00:00+00:00,Milwaukee Brewers,New York Mets,11,25,0.46537541617676953,B_GOOD,0.52,1,0.0,0,8.84,10.0,1.1600000000000001,-1.64,-6.0,4.36
824879,2026-08-27 00:00:00+00:00,Los Angeles Dodgers,Atlanta Braves,11,25,0.2887817917406217,A_CLOSE,0.4,0,1.0,0,8.44,1.0,7.4399999999999995,0.04,1.0,0.96
822691,2026-08-28 00:00:00+00:00,Miami Marlins,Washington Nationals,11,25,0.3965537895417924,B_GOOD,0.4,0,1.0,0,9.84,11.0,1.1600000000000001,-1.76,7.0,8.76
822769,2026-08-28 00:00:00+00:00,Seattle Mariners,Toronto Blue Jays,11,25,0.6195465832929663,C_FAIR,0.6,1,1.0,1,7.76,9.0,1.2400000000000002,0.0,7.0,7.0
822935,2026-08-28 00:00:00+00:00,San Diego Padres,Tampa Bay Rays,11,25,0.3767725188737973,B_GOOD,0.68,1,1.0,1,7.72,13.0,5.28,1.24,5.0,3.76
823013,2026-08-28 00:00:00+00:00,Pittsburgh Pirates,St. Louis Cardinals,11,25,0.3938398655643765,B_GOOD,0.44,0,1.0,0,8.64,5.0,3.6400000000000006,-1.44,3.0,4.4399999999999995
823178,2026-08-28 00:00:00+00:00,Arizona Diamondbacks,San Francisco Giants,11,25,0.3136731745155511,A_CLOSE,0.36,0,0.0,1,9.24,16.0,6.76,-1.48,-4.0,2.52
823504,2026-08-28 00:00:00+00:00,Boston Red Sox,New York Yankees,11,25,0.32046863586970914,A_CLOSE,0.6,1,1.0,1,6.72,1.0,5.72,0.56,1.0,0.43999999999999995
823583,2026-08-28 00:00:00+00:00,Houston Astros,New York Mets,11,25,0.31933462253064165,A_CLOSE,0.52,1,0.0,0,6.92,4.0,2.92,0.76,-2.0,2.76
823666,2026-08-28 00:00:00+00:00,Chicago White Sox,Minnesota Twins,11,25,0.2721883182085352,A_CLOSE,0.36,0,0.0,1,9.52,11.0,1.4800000000000004,-0.88,-3.0,2.12
823744,2026-08-28 00:00:00+00:00,Texas Rangers,Milwaukee Brewers,11,25,0.45676798410093267,B_GOOD,0.76,1,1.0,1,8.6,7.0,1.5999999999999996,1.4,5.0,3.6
823985,2026-08-28 00:00:00+00:00,Philadelphia Phillies,Los Angeles Angels,11,25,0.48042620534360686,B_GOOD,0.44,0,0.0,1,9.6,8.0,1.5999999999999996,-0.08,-2.0,1.92
824231,2026-08-28 00:00:00+00:00,Los Angeles Dodgers,Detroit Tigers,11,25,0.3239107086854544,A_CLOSE,0.64,1,0.0,0,7.36,3.0,4.36,1.2,-1.0,2.2
824396,2026-08-28 00:00:00+00:00,Kansas City Royals,Cleveland Guardians,11,25,0.5551119957839512,C_FAIR,0.64,1,0.0,0,8.32,3.0,5.32,0.96,-3.0,3.96
824638,2026-08-28 00:00:00+00:00,Cincinnati Reds,Chicago Cubs,11,25,0.35650141137737645,B_GOOD,0.44,0,0.0,1,8.92,18.0,9.08,-0.36,-2.0,1.6400000000000001
824877,2026-08-28 00:00:00+00:00,Colorado Rockies,Atlanta Braves,11,25,0.46086691398402646,B_GOOD,0.72,1,1.0,1,7.2,10.0,2.8,1.52,2.0,0.48
824960,2026-08-28 00:00:00+00:00,Baltimore Orioles,Athletics,11,25,0.36035290532538233,B_GOOD,0.52,1,0.0,0,11.0,7.0,4.0,-0.04,-1.0,0.96
822690,2026-08-29 00:00:00+00:00,Miami Marlins,Washington Nationals,11,25,0.3759456558658628,B_GOOD,0.32,0,1.0,0,9.84,9.0,0.8399999999999999,-1.36,1.0,2.3600000000000003
822770,2026-08-29 00:00:00+00:00,Seattle Mariners,Toronto Blue Jays,11,25,0.6152354998057286,C_FAIR,0.68,1,1.0,1,8.88,7.0,1.8800000000000008,0.88,1.0,0.12
822936,2026-08-29 00:00:00+00:00,San Diego Padres,Tampa Bay Rays,11,25,0.2936696186071225,A_CLOSE,0.64,1,1.0,1,8.24,13.0,4.76,0.64,1.0,0.36
823011,2026-08-29 00:00:00+00:00,Pittsburgh Pirates,St. Louis Cardinals,11,25,0.46905890820302876,B_GOOD,0.52,1,0.0,0,8.56,8.0,0.5600000000000005,0.24,-4.0,4.24
823176,2026-08-29 00:00:00+00:00,Arizona Diamondbacks,San Francisco Giants,11,25,0.3023652008201169,A_CLOSE,0.6,1,1.0,1,7.28,9.0,1.7199999999999998,1.28,5.0,3.7199999999999998
823177,2026-08-29 00:00:00+00:00,Arizona Diamondbacks,San Francisco Giants,11,25,0.3163002700841546,A_CLOSE,0.56,1,0.0,0,9.0,8.0,1.0,0.28,-6.0,6.28
823501,2026-08-29 00:00:00+00:00,Boston Red Sox,New York Yankees,11,25,0.34025168605699346,A_CLOSE,0.56,1,1.0,1,6.6,11.0,4.4,-0.44,7.0,7.44
823539,2026-08-29 00:00:00+00:00,Boston Red Sox,New York Yankees,11,25,0.31263321780455156,A_CLOSE,0.6,1,0.0,0,7.24,6.0,1.2400000000000002,0.28,-6.0,6.28
823582,2026-08-29 00:00:00+00:00,Houston Astros,New York Mets,11,25,0.298518464961913,A_CLOSE,0.52,1,1.0,1,7.4,8.0,0.5999999999999996,-0.28,4.0,4.28
823665,2026-08-29 00:00:00+00:00,Chicago White Sox,Minnesota Twins,11,25,0.26674375488668484,A_CLOSE,0.48,0,0.0,1,9.28,5.0,4.279999999999999,0.0,-1.0,1.0
823741,2026-08-29 00:00:00+00:00,Texas Rangers,Milwaukee Brewers,11,25,0.46957314951239576,B_GOOD,0.76,1,1.0,1,8.48,8.0,0.4800000000000004,1.28,2.0,0.72
823986,2026-08-29 00:00:00+00:00,Philadelphia Phillies,Los Angeles Angels,11,25,0.4403394057750605,B_GOOD,0.44,0,0.0,1,9.52,6.0,3.5199999999999996,-0.88,-2.0,1.12
824230,2026-08-29 00:00:00+00:00,Los Angeles Dodgers,Detroit Tigers,11,25,0.3556140145619982,B_GOOD,0.64,1,1.0,1,8.56,3.0,5.5600000000000005,1.04,1.0,0.040000000000000036
824392,2026-08-29 00:00:00+00:00,Kansas City Royals,Cleveland Guardians,11,25,0.5048112580297723,C_FAIR,0.56,1,0.0,0,8.2,11.0,2.8000000000000007,-0.12,-5.0,4.88
824637,2026-08-29 00:00:00+00:00,Cincinnati Reds,Chicago Cubs,11,25,0.3995108429288813,B_GOOD,0.64,1,1.0,1,10.68,22.0,11.32,2.36,12.0,9.64
824874,2026-08-29 00:00:00+00:00,Colorado Rockies,Atlanta Braves,11,25,0.39879066591184664,B_GOOD,0.68,1,1.0,1,9.0,3.0,6.0,2.6,1.0,1.6
824961,2026-08-29 00:00:00+00:00,Baltimore Orioles,Athletics,11,25,0.30774067917790565,A_CLOSE,0.52,1,0.0,0,10.88,8.0,2.880000000000001,-0.8,-2.0,1.2
822688,2026-08-30 00:00:00+00:00,Miami Marlins,Washington Nationals,11,25,0.3396943015955225,A_CLOSE,0.36,0,0.0,1,9.8,8.0,1.8000000000000007,-1.16,-4.0,2.84
822766,2026-08-30 00:00:00+00:00,Seattle Mariners,Toronto Blue Jays,11,25,0.3256040521829719,A_CLOSE,0.52,1,1.0,1,8.84,7.0,1.8399999999999999,-0.28,7.0,7.28
822933,2026-08-30 00:00:00+00:00,San Diego Padres,Tampa Bay Rays,11,25,0.27998672081760745,A_CLOSE,0.52,1,1.0,1,9.76,9.0,0.7599999999999998,-0.96,1.0,1.96
823010,2026-08-30 00:00:00+00:00,Pittsburgh Pirates,St. Louis Cardinals,11,25,0.47653675614232327,B_GOOD,0.52,1,0.0,0,9.6,9.0,0.5999999999999996,-0.96,-1.0,0.040000000000000036
823502,2026-08-30 00:00:00+00:00,Boston Red Sox,New York Yankees,11,25,0.2853985109915044,A_CLOSE,0.56,1,1.0,1,9.72,17.0,7.279999999999999,-0.12,15.0,15.12
823580,2026-08-30 00:00:00+00:00,Houston Astros,New York Mets,11,25,0.3028065368299912,A_CLOSE,0.44,0,0.0,1,7.36,9.0,1.6399999999999997,-0.88,-3.0,2.12
823662,2026-08-30 00:00:00+00:00,Chicago White Sox,Minnesota Twins,11,25,0.29860194767386306,A_CLOSE,0.56,1,1.0,1,9.44,6.0,3.4399999999999995,0.16,4.0,3.84
823740,2026-08-30 00:00:00+00:00,Texas Rangers,Milwaukee Brewers,11,25,0.3202084620844959,A_CLOSE,0.56,1,0.0,0,9.64,11.0,1.3599999999999994,0.12,-3.0,3.12
823987,2026-08-30 00:00:00+00:00,Philadelphia Phillies,Los Angeles Angels,11,25,0.4883721370600055,B_GOOD,0.56,1,0.0,0,7.96,7.0,0.96,1.0,-3.0,4.0
824232,2026-08-30 00:00:00+00:00,Los Angeles Dodgers,Detroit Tigers,11,25,0.4090260310014654,B_GOOD,0.68,1,0.0,0,8.4,7.0,1.4000000000000004,0.88,-5.0,5.88
824393,2026-08-30 00:00:00+00:00,Kansas City Royals,Cleveland Guardians,11,25,0.4380153853485037,B_GOOD,0.52,1,1.0,1,8.24,12.0,3.76,-0.16,10.0,10.16
824636,2026-08-30 00:00:00+00:00,Cincinnati Reds,Chicago Cubs,11,25,0.5995839607605389,C_FAIR,0.56,1,0.0,0,11.88,12.0,0.11999999999999922,1.48,-2.0,3.48
824876,2026-08-30 00:00:00+00:00,Colorado Rockies,Atlanta Braves,11,25,0.44666445881636596,B_GOOD,0.56,1,1.0,1,9.28,5.0,4.279999999999999,0.96,1.0,0.040000000000000036
824959,2026-08-30 00:00:00+00:00,Baltimore Orioles,Athletics,11,25,0.30751176782494805,A_CLOSE,0.36,0,0.0,1,10.44,13.0,2.5600000000000005,-1.88,-3.0,1.12
822689,2026-08-31 00:00:00+00:00,Miami Marlins,Washington Nationals,11,25,0.31138345605417744,A_CLOSE,0.4,0,1.0,0,10.56,9.0,1.5600000000000005,-1.36,3.0,4.36
822855,2026-08-31 00:00:00+00:00,Athletics,Texas Rangers,11,25,0.25736207566036834,A_CLOSE,0.4,0,1.0,0,7.2,9.0,1.7999999999999998,-1.6,7.0,8.6
822932,2026-08-31 00:00:00+00:00,New York Mets,Tampa Bay Rays,11,25,0.26076612085249323,A_CLOSE,0.52,1,0.0,0,9.12,5.0,4.119999999999999,0.4,-1.0,1.4
823663,2026-08-31 00:00:00+00:00,Detroit Tigers,Minnesota Twins,11,25,0.4298739841080179,B_GOOD,0.76,1,1.0,1,8.28,12.0,3.7200000000000006,2.68,10.0,7.32
823982,2026-08-31 00:00:00+00:00,New York Yankees,Los Angeles Angels,11,25,0.4676605898444676,B_GOOD,0.48,0,1.0,0,8.52,11.0,2.4800000000000004,0.12,9.0,8.88
824149,2026-08-31 00:00:00+00:00,Chicago White Sox,Houston Astros,11,25,0.30985853904383265,A_CLOSE,0.48,0,1.0,0,9.28,9.0,0.27999999999999936,-0.4,3.0,3.4
824314,2026-08-31 00:00:00+00:00,Baltimore Orioles,Colorado Rockies,11,25,0.3788106683758003,B_GOOD,0.48,0,0.0,1,9.44,3.0,6.4399999999999995,0.0,-1.0,1.0
824473,2026-08-31 00:00:00+00:00,San Diego Padres,Cincinnati Reds,11,25,0.5344899852952568,C_FAIR,0.52,1,0.0,0,9.48,5.0,4.48,0.44,-5.0,5.44
824635,2026-08-31 00:00:00+00:00,Milwaukee Brewers,Chicago Cubs,11,25,0.6233450714479004,C_FAIR,0.52,1,1.0,1,7.0,20.0,13.0,0.04,14.0,13.96
824719,2026-08-31 00:00:00+00:00,Seattle Mariners,Boston Red Sox,11,25,0.46402858021484905,B_GOOD,0.48,0,1.0,0,8.96,17.0,8.04,-0.48,1.0,1.48
824911,2026-08-31 00:00:00+00:00,San Francisco Giants,Atlanta Braves,11,25,0.4726210587429145,B_GOOD,0.56,1,0.0,0,7.16,10.0,2.84,-0.36,-4.0,3.64
825040,2026-08-31 00:00:00+00:00,Philadelphia Phillies,Arizona Diamondbacks,11,25,0.3065757335842415,A_CLOSE,0.56,1,0.0,0,9.44,3.0,6.4399999999999995,0.08,-1.0,1.08
822687,2026-09-01 00:00:00+00:00,Atlanta Braves,Washington Nationals,11,25,0.42108825057426597,B_GOOD,0.36,0,1.0,0,10.24,14.0,3.76,-0.4,4.0,4.4
822854,2026-09-01 00:00:00+00:00,Athletics,Texas Rangers,11,25,0.2811257398208529,A_CLOSE,0.48,0,1.0,0,8.08,13.0,4.92,-0.08,3.0,3.08
822929,2026-09-01 00:00:00+00:00,New York Mets,Tampa Bay Rays,11,25,0.2726438947959962,A_CLOSE,0.48,0,1.0,0,8.4,8.0,0.40000000000000036,0.16,4.0,3.84
823340,2026-09-01 00:00:00+00:00,San Francisco Giants,Pittsburgh Pirates,11,25,0.5075134999420002,C_FAIR,0.48,0,1.0,0,9.72,25.0,15.28,-1.0,1.0,2.0
823661,2026-09-01 00:00:00+00:00,Detroit Tigers,Minnesota Twins,11,25,0.43868196912712304,B_GOOD,0.64,1,1.0,1,10.72,17.0,6.279999999999999,1.68,13.0,11.32
823908,2026-09-01 00:00:00+00:00,St. Louis Cardinals,Los Angeles Dodgers,11,25,0.45822814796915684,B_GOOD,0.56,1,0.0,0,10.0,10.0,0.0,0.32,-4.0,4.32
823984,2026-09-01 00:00:00+00:00,New York Yankees,Los Angeles Angels,11,25,0.400362473964875,B_GOOD,0.64,1,0.0,0,8.6,5.0,3.5999999999999996,0.12,-3.0,3.12
824070,2026-09-01 00:00:00+00:00,Miami Marlins,Kansas City Royals,11,25,0.3448565745915318,A_CLOSE,0.68,1,0.0,0,8.96,9.0,0.03999999999999915,0.88,-3.0,3.88
824148,2026-09-01 00:00:00+00:00,Chicago White Sox,Houston Astros,11,25,0.3296633722740812,A_CLOSE,0.52,1,0.0,0,8.36,6.0,2.3599999999999994,-1.0,-4.0,3.0
824313,2026-09-01 00:00:00+00:00,Baltimore Orioles,Colorado Rockies,11,25,0.44549384183741053,B_GOOD,0.6,1,1.0,1,9.92,6.0,3.92,1.04,2.0,0.96
824391,2026-09-01 00:00:00+00:00,Toronto Blue Jays,Cleveland Guardians,11,25,0.31846968054798924,A_CLOSE,0.44,0,1.0,0,6.68,7.0,0.3200000000000003,-0.76,5.0,5.76
824472,2026-09-01 00:00:00+00:00,San Diego Padres,Cincinnati Reds,11,25,0.41443286333845747,B_GOOD,0.64,1,1.0,1,7.84,7.0,0.8399999999999999,0.32,1.0,0.6799999999999999
824633,2026-09-01 00:00:00+00:00,Milwaukee Brewers,Chicago Cubs,11,25,0.7382281998806659,D_LOOSE,0.64,1,0.0,0,9.52,13.0,3.4800000000000004,1.28,-5.0,6.28
824716,2026-09-01 00:00:00+00:00,Seattle Mariners,Boston Red Sox,11,25,0.4314033455876722,B_GOOD,0.44,0,0.0,1,8.68,15.0,6.32,-0.76,-3.0,2.24
825038,2026-09-01 00:00:00+00:00,Philadelphia Phillies,Arizona Diamondbacks,11,25,0.3103175203107374,A_CLOSE,0.44,0,0.0,1,9.32,4.0,5.32,-1.16,-2.0,0.8400000000000001
