overall_rank,position_rank,tier,full_name,position,team,depth_rank,status,rookie_2026,headshot_url,headshot,hulk_score,overall_score,adp,value_vs_adp,pass_yards,pass_td,rush_yards,rush_td,targets,receptions,rec_yards,rec_td,air_yard_share,sleeper_player_id,sleeper_name,sleeper_team,proj_ppr_points,proj_games,proj_pass_yd,proj_pass_td,proj_pass_int,proj_rush_att,proj_rush_yd,proj_rush_td,proj_rec,proj_rec_yd,proj_rec_td,role_adjustment,replacement_points,vorp,scarcity_multiplier,hulk_v2_score,hulk_v2_position_rank,hulk_v2_rank,hulk_v2_tier,_key,sleeper_ppr_adp,sleeper_half_adp,sleeper_std_adp,espn_adp,espn_ppr_room_rank,yahoo_adp,cbs_adp,cbs_rank,adp_source_count,consensus_adp,consensus_adp_median,market_adp_low,market_adp_high,platform_spread,roster_team,current_team,team_conflict,hulk_value_vs_consensus,hulk_value_vs_espn_room,hulk_value_vs_sleeper,hulk_value_vs_yahoo,hulk_value_vs_cbs,best_value_platform,best_platform_value,draft_action
33,4,1,Jahmyr Gibbs,RB,DET,1.0,ACT,False,"https://static.www.nfl.com/image/upload/f_auto,q_auto/league/cursejnmmp1i9hnxihkj","https://static.www.nfl.com/image/upload/f_auto,q_auto/league/cursejnmmp1i9hnxihkj",81.47142857142858,87.98914285714287,,,0.0,0.0,1223.0,13.0,0.0,0.0,0.0,0.0,0.0,9221.0,Jahmyr Gibbs,DET,331.4,18.0,,,,255.0,1251.0,12.0,63.0,533.0,3.0,6.0,160.1,171.29999999999998,1.08,191.004,1,1,1,jahmyr gibbs,1.2,1.5,2.7,1.33,1.0,1.3,1.12,1.0,4,1.2375,1.25,1.12,1.33,0.2099999999999999,DET,DET,False,0.23750000000000004,0.0,0.19999999999999996,0.30000000000000004,0.1200000000000001,Yahoo,0.30000000000000004,FAIR VALUE
79,10,2,Bijan Robinson,RB,ATL,1.0,ACT,False,"https://static.www.nfl.com/image/upload/f_auto,q_auto/league/esii5yb8yn9edboi4mlq","https://static.www.nfl.com/image/upload/f_auto,q_auto/league/esii5yb8yn9edboi4mlq",67.11428571428571,72.48342857142858,,,0.0,0.0,1478.0,7.0,0.0,0.0,0.0,0.0,0.0,9509.0,Bijan Robinson,ATL,324.9,18.0,,,,280.0,1372.0,9.0,64.0,537.0,3.0,6.0,160.1,164.79999999999998,1.08,183.984,2,2,1,bijan robinson,2.2,2.2,1.2,2.38,2.0,2.0,2.06,2.0,4,2.16,2.13,2.0,2.38,0.3799999999999999,ATL,ATL,False,0.16000000000000014,0.0,0.20000000000000018,0.0,0.06000000000000005,Sleeper,0.20000000000000018,FAIR VALUE
58,7,1,Christian McCaffrey,RB,SF,1.0,ACT,False,"https://static.www.nfl.com/image/upload/f_auto,q_auto/league/st82s2ytyzanatcmkqck","https://static.www.nfl.com/image/upload/f_auto,q_auto/league/st82s2ytyzanatcmkqck",72.17142857142858,77.94514285714287,,,0.0,0.0,1202.0,10.0,0.0,0.0,0.0,0.0,0.0,4034.0,Christian McCaffrey,SF,291.0,18.0,,,,240.0,984.0,7.0,70.0,606.0,4.0,6.0,160.1,130.9,1.08,147.372,3,3,1,christian mccaffrey,5.8,4.8,4.9,7.68,7.0,5.9,7.75,7.0,4,6.782500000000001,6.79,5.8,7.75,1.95,SF,SF,False,3.7825000000000006,4.0,2.8,2.9000000000000004,4.75,CBS,4.75,FAIR VALUE
3,3,1,Puka Nacua,WR,LA,1.0,ACT,False,"https://static.www.nfl.com/image/upload/f_auto,q_auto/league/ipy6qw7hdygdfc8k86ba","https://static.www.nfl.com/image/upload/f_auto,q_auto/league/ipy6qw7hdygdfc8k86ba",128.46389788773527,138.7410097187541,,,0.0,0.0,0.0,0.0,166.0,129.0,1715.0,10.0,27.8964125155994,9493.0,Puka Nacua,LAR,312.5,18.0,,,,10.0,55.0,,107.0,1400.0,10.0,6.0,177.3,135.2,1.0,141.2,1,4,1,puka nacua,4.3,6.9,8.9,5.28,4.0,4.9,5.23,4.0,4,4.9275,5.065,4.3,5.28,0.9800000000000004,LA,LAR,False,0.9275000000000002,0.0,0.2999999999999998,0.9000000000000004,1.2300000000000004,CBS,1.2300000000000004,FAIR VALUE
4,4,1,Ja'Marr Chase,WR,CIN,1.0,ACT,False,"https://static.www.nfl.com/image/upload/f_auto,q_auto/league/qya3dtjb5kgofcuj2tuw","https://static.www.nfl.com/image/upload/f_auto,q_auto/league/qya3dtjb5kgofcuj2tuw",123.79021736697092,133.6934347563286,,,0.0,0.0,0.0,0.0,185.0,125.0,1412.0,8.0,34.08570221946999,7564.0,Ja'Marr Chase,CIN,311.1,18.0,,,,3.0,16.0,,109.0,1345.0,11.0,6.0,177.3,133.8,1.0,139.8,2,5,1,ja marr chase,3.7,3.5,6.6,4.28,3.0,3.5,4.08,3.0,4,3.89,3.89,3.5,4.28,0.7800000000000002,CIN,CIN,False,-1.1099999999999999,-2.0,-1.2999999999999998,-1.5,-0.9199999999999999,CBS,-0.9199999999999999,FAIR VALUE
10,1,1,Jonathan Taylor,RB,IND,1.0,ACT,False,"https://static.www.nfl.com/image/upload/f_auto,q_auto/league/yw46ky6akdm7h7siofu8","https://static.www.nfl.com/image/upload/f_auto,q_auto/league/yw46ky6akdm7h7siofu8",101.64285714285714,109.77428571428572,,,0.0,0.0,1585.0,18.0,0.0,0.0,0.0,0.0,0.0,6813.0,Jonathan Taylor,IND,272.3,18.0,,,,287.0,1385.0,11.0,36.0,278.0,1.0,6.0,160.1,112.20000000000002,1.08,127.17600000000004,4,6,1,jonathan taylor,7.2,5.4,3.8,6.23,5.0,6.3,5.32,5.0,4,6.2625,6.265000000000001,5.32,7.2,1.88,IND,IND,False,0.2625000000000002,-1.0,1.2000000000000002,0.2999999999999998,-0.6799999999999997,Sleeper,1.2000000000000002,FAIR VALUE
31,3,1,James Cook,RB,BUF,1.0,ACT,False,"https://static.www.nfl.com/image/upload/f_auto,q_auto/league/anjbznqb9i21wzcgrtbs","https://static.www.nfl.com/image/upload/f_auto,q_auto/league/anjbznqb9i21wzcgrtbs",84.15714285714286,90.88971428571428,,,0.0,0.0,1621.0,12.0,0.0,0.0,0.0,0.0,0.0,8138.0,James Cook,BUF,260.8,18.0,,,,264.0,1270.0,11.0,31.0,268.0,2.0,6.0,160.1,100.70000000000002,1.08,114.75600000000004,5,7,1,james cook,8.9,9.0,5.1,10.23,9.0,9.4,9.21,9.0,4,9.435,9.305,8.9,10.23,1.33,BUF,BUF,False,2.4350000000000005,2.0,1.9000000000000004,2.4000000000000004,2.210000000000001,Yahoo,2.4000000000000004,FAIR VALUE
1,1,1,Jaxon Smith-Njigba,WR,SEA,1.0,ACT,False,"https://static.www.nfl.com/image/upload/f_auto,q_auto/league/yx1xjrupbqdknnjaq4a6","https://static.www.nfl.com/image/upload/f_auto,q_auto/league/yx1xjrupbqdknnjaq4a6",133.04680623889763,143.69055073800945,,,0.0,0.0,0.0,0.0,163.0,119.0,1793.0,10.0,48.56095427141123,9488.0,Jaxon Smith-Njigba,SEA,284.6,18.0,,,,6.0,33.0,,99.0,1343.0,8.0,6.0,177.3,107.3,1.0,113.3,3,8,1,jaxon smith njigba,6.5,8.4,9.2,6.25,6.0,7.2,6.46,6.0,4,6.6025,6.48,6.25,7.2,0.9500000000000002,SEA,SEA,False,-1.3975,-2.0,-1.5,-0.7999999999999998,-1.54,Yahoo,-0.7999999999999998,FAIR VALUE
74,8,1,De'Von Achane,RB,MIA,1.0,ACT,False,"https://static.www.nfl.com/image/upload/f_auto,q_auto/league/xk1xwio0bryfxo1ylweu","https://static.www.nfl.com/image/upload/f_auto,q_auto/league/xk1xwio0bryfxo1ylweu",68.28571428571428,73.74857142857142,,,0.0,0.0,1350.0,8.0,0.0,0.0,0.0,0.0,0.0,9226.0,De'Von Achane,MIA,257.4,18.0,,,,239.0,1168.0,6.0,55.0,416.0,2.0,6.0,160.1,97.29999999999998,1.08,111.084,6,9,2,de von achane,13.1,13.9,8.0,12.28,12.0,15.3,12.21,11.0,4,13.2225,12.69,12.21,15.3,3.09,MIA,MIA,False,4.2225,3.0,4.1,6.300000000000001,3.210000000000001,Yahoo,6.300000000000001,FAIR VALUE
2,2,1,Amon-Ra St. Brown,WR,DET,1.0,ACT,False,"https://static.www.nfl.com/image/upload/f_auto,q_auto/league/fd8nwhm6pvxfyzphzl6i","https://static.www.nfl.com/image/upload/f_auto,q_auto/league/fd8nwhm6pvxfyzphzl6i",130.23531839738672,140.65414386917766,,,0.0,0.0,0.0,0.0,172.0,117.0,1401.0,11.0,38.40736121770274,7547.0,Amon-Ra St. Brown,DET,280.5,18.0,,,,3.0,16.0,,106.0,1249.0,8.0,6.0,177.3,103.2,1.0,109.2,4,10,1,amon ra st brown,8.7,7.0,16.8,8.36,8.0,7.9,8.4,8.0,4,8.34,8.379999999999999,7.9,8.7,0.7999999999999989,DET,DET,False,-1.6600000000000001,-2.0,-1.3000000000000007,-2.0999999999999996,-1.5999999999999996,Sleeper,-1.3000000000000007,FAIR VALUE
102,16,2,Chase Brown,RB,CIN,1.0,ACT,False,"https://static.www.nfl.com/image/upload/f_auto,q_auto/league/tch3y6jlj7khvyi9jg0c","https://static.www.nfl.com/image/upload/f_auto,q_auto/league/tch3y6jlj7khvyi9jg0c",57.55714285714286,62.16171428571429,,,0.0,0.0,1019.0,6.0,0.0,0.0,0.0,0.0,0.0,9224.0,Chase Brown,CIN,255.2,18.0,,,,220.0,945.0,8.0,57.0,417.0,3.0,6.0,160.1,95.1,1.08,108.708,7,11,2,chase brown,16.7,17.8,17.8,17.2,14.0,15.8,12.11,10.0,4,15.4525,16.25,12.11,17.2,5.09,CIN,CIN,False,4.452500000000001,3.0,5.699999999999999,4.800000000000001,1.1099999999999994,Sleeper,5.699999999999999,FAIR VALUE
51,8,2,Brock Bowers,TE,LV,1.0,ACT,False,"https://static.www.nfl.com/image/upload/f_auto,q_auto/league/waorceny0ggpaeckaol8","https://static.www.nfl.com/image/upload/f_auto,q_auto/league/waorceny0ggpaeckaol8",83.95672847438956,78.91932476592619,,,0.0,0.0,0.0,0.0,86.0,64.0,680.0,7.0,18.61697570528119,11604.0,Brock Bowers,LV,253.5,18.0,,,,4.0,18.0,,102.0,1077.0,7.0,6.0,162.5,91.0,1.05,101.55,1,12,1,brock bowers,23.1,23.6,30.2,23.97,22.0,21.0,26.35,26.0,4,23.605,23.535,21.0,26.35,5.350000000000001,LV,LV,False,11.605,10.0,11.100000000000001,9.0,14.350000000000001,CBS,14.350000000000001,VALUE
16,2,1,Derrick Henry,RB,BAL,1.0,ACT,False,"https://static.www.nfl.com/image/upload/f_auto,q_auto/league/tm79x0iknqg6hms3ypyt","https://static.www.nfl.com/image/upload/f_auto,q_auto/league/tm79x0iknqg6hms3ypyt",95.78571428571428,103.44857142857144,,,0.0,0.0,1595.0,16.0,0.0,0.0,0.0,0.0,0.0,3198.0,Derrick Henry,BAL,246.9,18.0,,,,281.0,1406.0,12.0,17.0,133.0,1.0,6.0,160.1,86.80000000000001,1.08,99.744,8,13,2,derrick henry,19.0,15.2,7.4,16.64,16.0,17.2,13.82,12.0,4,16.665,16.92,13.82,19.0,5.18,BAL,BAL,False,3.664999999999999,3.0,6.0,4.199999999999999,0.8200000000000003,Sleeper,6.0,FAIR VALUE
89,11,2,Saquon Barkley,RB,PHI,1.0,ACT,False,"https://static.www.nfl.com/image/upload/f_auto,q_auto/league/qcayrzjpura2zydszonh","https://static.www.nfl.com/image/upload/f_auto,q_auto/league/qcayrzjpura2zydszonh",62.285714285714285,67.26857142857143,,,0.0,0.0,1140.0,7.0,0.0,0.0,0.0,0.0,0.0,4866.0,Saquon Barkley,PHI,246.7,18.0,,,,271.0,1220.0,8.0,37.0,277.0,2.0,6.0,160.1,86.6,1.08,99.528,9,14,2,saquon barkley,12.3,10.2,13.4,14.03,15.0,11.4,13.91,14.0,4,12.91,13.105,11.4,14.03,2.629999999999999,PHI,PHI,False,-1.0899999999999999,1.0,-1.6999999999999993,-2.5999999999999996,-0.08999999999999986,ESPN,1.0,FAIR VALUE
29,23,2,CeeDee Lamb,WR,DAL,1.0,ACT,False,"https://static.www.nfl.com/image/upload/f_auto,q_auto/league/mbblzwtynxr15ovzkevi","https://static.www.nfl.com/image/upload/f_auto,q_auto/league/mbblzwtynxr15ovzkevi",85.46662540892666,92.3039554416408,,,0.0,0.0,0.0,0.0,117.0,75.0,1077.0,3.0,28.236973198479465,6786.0,CeeDee Lamb,DAL,270.5,18.0,,,,3.0,16.0,,96.0,1249.0,8.0,6.0,177.3,93.2,1.0,99.2,5,15,1,ceedee lamb,10.5,11.9,14.3,11.8,10.0,11.0,13.89,13.0,4,11.7975,11.4,10.5,13.89,3.390000000000001,DAL,DAL,False,-3.2025000000000006,-5.0,-4.5,-4.0,-1.1099999999999994,CBS,-1.1099999999999994,FAIR VALUE
112,21,3,Kenneth Walker III,RB,KC,1.0,ACT,False,"https://static.www.nfl.com/image/upload/f_auto,q_auto/league/vk6nruaqdewdglofcwwg","https://static.www.nfl.com/image/upload/f_auto,q_auto/league/vk6nruaqdewdglofcwwg",54.67142857142857,59.045142857142864,,,0.0,0.0,1027.0,5.0,0.0,0.0,0.0,0.0,0.0,8151.0,Kenneth Walker,KC,244.0,18.0,,,,259.0,1158.0,9.0,37.0,272.0,2.0,6.0,160.1,83.9,1.08,96.612,10,16,2,kenneth walker,20.1,17.8,22.7,24.9,28.0,15.5,17.22,16.0,4,19.43,18.66,15.5,24.9,9.4,KC,KC,False,3.4299999999999997,12.0,4.100000000000001,-0.5,1.2199999999999989,ESPN,12.0,WAIT
145,30,3,Omarion Hampton,RB,LAC,1.0,ACT,False,"https://static.www.nfl.com/image/upload/f_auto,q_auto/league/lf2jxvxnbexlinoydbej","https://static.www.nfl.com/image/upload/f_auto,q_auto/league/lf2jxvxnbexlinoydbej",44.785714285714285,48.36857142857143,,,0.0,0.0,545.0,4.0,0.0,0.0,0.0,0.0,0.0,12507.0,Omarion Hampton,LAC,242.9,18.0,,,,232.0,1025.0,8.0,48.0,364.0,2.0,6.0,160.1,82.80000000000001,1.08,95.42400000000002,11,17,2,omarion hampton,15.5,16.3,12.2,18.58,13.0,18.3,18.44,17.0,4,17.705,18.37,15.5,18.58,3.0799999999999983,LAC,LAC,False,0.7049999999999983,-4.0,-1.5,1.3000000000000007,1.4400000000000013,CBS,1.4400000000000013,FAIR VALUE
14,11,2,Nico Collins,WR,HOU,1.0,ACT,False,"https://static.www.nfl.com/image/upload/f_auto,q_auto/league/fguybjrn1kwflxm5szwq","https://static.www.nfl.com/image/upload/f_auto,q_auto/league/fguybjrn1kwflxm5szwq",97.01480456087111,104.7759889257408,,,0.0,0.0,0.0,0.0,120.0,71.0,1117.0,6.0,34.15094588127861,7569.0,Nico Collins,HOU,262.0,18.0,,,,3.0,18.0,,84.0,1262.0,8.0,6.0,177.3,84.69999999999999,1.0,90.7,6,18,2,nico collins,25.6,22.5,26.7,25.75,23.0,21.7,25.62,25.0,4,24.6675,25.61,21.7,25.75,4.050000000000001,HOU,HOU,False,6.6675,5.0,7.600000000000001,3.6999999999999993,7.620000000000001,CBS,7.620000000000001,FAIR VALUE
117,23,3,Ashton Jeanty,RB,LV,1.0,ACT,False,"https://static.www.nfl.com/image/upload/f_auto,q_auto/league/syspis1mntov9kgspb7r","https://static.www.nfl.com/image/upload/f_auto,q_auto/league/syspis1mntov9kgspb7r",53.92857142857143,58.24285714285715,,,0.0,0.0,975.0,5.0,0.0,0.0,0.0,0.0,0.0,12527.0,Ashton Jeanty,LV,233.9,18.0,,,,244.0,1048.0,7.0,45.0,341.0,2.0,6.0,160.1,73.80000000000001,1.08,85.70400000000002,12,19,2,ashton jeanty,14.0,14.9,11.5,21.72,17.0,17.4,21.98,21.0,4,18.775,19.56,14.0,21.98,7.98,LV,LV,False,-0.22500000000000142,-2.0,-5.0,-1.6000000000000014,2.9800000000000004,CBS,2.9800000000000004,FAIR VALUE
7,1,1,Trey McBride,TE,ARI,1.0,ACT,False,"https://static.www.nfl.com/image/upload/f_auto,q_auto/league/psasp10nn5pcvkli9kil","https://static.www.nfl.com/image/upload/f_auto,q_auto/league/psasp10nn5pcvkli9kil",128.25701598579042,120.561595026643,,,0.0,0.0,0.0,0.0,169.0,126.0,1239.0,11.0,25.785079928952047,8130.0,Trey McBride,ARI,234.9,18.0,,,,,,,96.0,969.0,7.0,6.0,162.5,72.4,1.05,82.02000000000001,2,20,1,trey mcbride,24.8,26.5,21.7,22.78,21.0,26.9,27.62,27.0,4,25.525,25.85,22.78,27.62,4.84,ARI,ARI,False,5.524999999999999,1.0,4.800000000000001,6.899999999999999,7.620000000000001,CBS,7.620000000000001,FAIR VALUE
22,17,2,Justin Jefferson,WR,MIN,1.0,ACT,False,"https://static.www.nfl.com/image/upload/f_auto,q_auto/league/htjevkugzk6ietrjysny","https://static.www.nfl.com/image/upload/f_auto,q_auto/league/htjevkugzk6ietrjysny",90.05083317986063,97.25489983424949,,,0.0,0.0,0.0,0.0,141.0,84.0,1048.0,2.0,38.388781283918576,6794.0,Justin Jefferson,MIN,250.4,18.0,,,,1.0,6.0,,90.0,1178.0,7.0,6.0,177.3,73.1,1.0,79.1,7,21,2,justin jefferson,11.6,12.2,18.5,12.66,11.0,13.2,16.02,15.0,4,13.369999999999996,12.93,11.6,16.02,4.42,MIN,MIN,False,-7.630000000000004,-10.0,-9.4,-7.800000000000001,-4.98,CBS,-4.98,FAIR VALUE
19,14,2,Drake London,WR,ATL,1.0,ACT,False,"https://static.www.nfl.com/image/upload/f_auto,q_auto/league/mcllowcfrmmdeo4zy3g1","https://static.www.nfl.com/image/upload/f_auto,q_auto/league/mcllowcfrmmdeo4zy3g1",94.04797881613467,101.57181712142548,,,0.0,0.0,0.0,0.0,112.0,68.0,919.0,7.0,29.547586388365744,8112.0,Drake London,ATL,250.2,18.0,,,,1.0,6.0,,90.0,1156.0,7.0,6.0,177.3,72.89999999999998,1.0,78.89999999999998,8,22,2,drake london,17.9,21.1,19.1,20.17,18.0,20.0,21.33,20.0,4,19.85,20.085,17.9,21.33,3.43,ATL,ATL,False,-2.1499999999999986,-4.0,-4.100000000000001,-2.0,-0.6700000000000017,CBS,-0.6700000000000017,FAIR VALUE
13,10,1,A.J. Brown,WR,NE,1.0,ACT,False,"https://static.www.nfl.com/image/upload/f_auto,q_auto/league/qfhvjyssf0lwsh0kienp","https://static.www.nfl.com/image/upload/f_auto,q_auto/league/qfhvjyssf0lwsh0kienp",98.35367448284856,106.22196844147643,,,0.0,0.0,0.0,0.0,121.0,78.0,1003.0,7.0,33.36452626039665,5859.0,A.J. Brown,NE,247.2,18.0,,,,1.0,6.0,,79.0,1176.0,8.0,6.0,177.3,69.89999999999998,1.0,75.89999999999998,9,23,2,a j brown,17.5,19.5,33.2,21.19,20.0,24.1,21.17,19.0,4,20.99,21.18,17.5,24.1,6.600000000000001,NE,NE,False,-2.0100000000000016,-3.0,-5.5,1.1000000000000014,-1.8299999999999983,Yahoo,1.1000000000000014,FAIR VALUE
8,6,1,George Pickens,WR,DAL,2.0,ACT,False,"https://static.www.nfl.com/image/upload/f_auto,q_auto/league/cbpyykoguf7rsxezqzvk","https://static.www.nfl.com/image/upload/f_auto,q_auto/league/cbpyykoguf7rsxezqzvk",105.58064142351492,114.02709273739612,,,0.0,0.0,0.0,0.0,137.0,93.0,1429.0,9.0,31.73013019449776,8137.0,George Pickens,DAL,245.7,18.0,,,,1.0,6.0,,80.0,1211.0,7.0,2.0,177.3,68.39999999999998,1.0,70.39999999999998,10,24,2,george pickens,22.0,25.6,28.6,28.36,27.0,22.5,22.11,22.0,4,23.7425,22.305,22.0,28.36,6.359999999999999,DAL,DAL,False,-0.2575000000000003,3.0,-2.0,-1.5,-1.8900000000000006,ESPN,3.0,FAIR VALUE
109,52,4,Malik Nabers,WR,NYG,1.0,ACT,False,"https://static.www.nfl.com/image/upload/f_auto,q_auto/league/w3edoyyuomqlovvp9ixc","https://static.www.nfl.com/image/upload/f_auto,q_auto/league/w3edoyyuomqlovvp9ixc",55.424568590553655,59.85853407779795,,,0.0,0.0,0.0,0.0,32.0,16.0,251.0,2.0,62.81515064507597,11632.0,Malik Nabers,NYG,236.7,18.0,,,,3.0,17.0,,86.0,1110.0,6.0,6.0,177.3,59.39999999999998,1.0,65.39999999999998,11,25,2,malik nabers,26.0,28.5,30.3,34.84,33.0,30.6,31.26,29.0,4,30.675,30.93,26.0,34.84,8.840000000000003,NYG,NYG,False,5.675000000000001,8.0,1.0,5.600000000000001,6.260000000000002,ESPN,8.0,FAIR VALUE
59,10,2,Josh Allen,QB,BUF,1.0,ACT,False,"https://static.www.nfl.com/image/upload/f_auto,q_auto/league/mjwbioajzldkq1vzoz2d","https://static.www.nfl.com/image/upload/f_auto,q_auto/league/mjwbioajzldkq1vzoz2d",88.37777777777778,77.77244444444445,,,3668.0,25.0,0.0,0.0,0.0,0.0,0.0,0.0,0.0,4984.0,Josh Allen,BUF,361.5,18.0,3650.0,27.0,10.0,110.0,535.0,11.0,,,,6.0,295.72,65.77999999999997,0.9,65.20199999999997,1,26,1,josh allen,21.4,20.3,15.0,19.31,26.0,20.4,20.55,18.0,4,20.415,20.475,19.31,21.4,2.09,BUF,BUF,False,-5.585000000000001,0.0,-4.600000000000001,-5.600000000000001,-5.449999999999999,ESPN,0.0,FAIR VALUE
5,5,1,Chris Olave,WR,NO,1.0,ACT,False,"https://static.www.nfl.com/image/upload/f_auto,q_auto/league/onmxufsprtvglhejg94o","https://static.www.nfl.com/image/upload/f_auto,q_auto/league/onmxufsprtvglhejg94o",116.75727934740408,126.0978616951964,,,0.0,0.0,0.0,0.0,156.0,100.0,1163.0,9.0,39.32485827548183,8144.0,Chris Olave,NO,235.9,18.0,,,,1.0,6.0,,82.0,1093.0,7.0,6.0,177.3,58.6,1.0,64.6,12,27,2,chris olave,30.1,30.9,31.2,29.45,24.0,31.5,28.08,28.0,4,29.7825,29.775,28.08,31.5,3.4200000000000017,NO,NO,False,2.782499999999999,-3.0,3.1000000000000014,4.5,1.0799999999999983,Yahoo,4.5,FAIR VALUE
46,5,1,Javonte Williams,RB,DAL,1.0,ACT,False,"https://static.www.nfl.com/image/upload/f_auto,q_auto/league/xvwroirev2kie6oiphtz","https://static.www.nfl.com/image/upload/f_auto,q_auto/league/xvwroirev2kie6oiphtz",75.15714285714286,81.16971428571429,,,0.0,0.0,1201.0,11.0,0.0,0.0,0.0,0.0,0.0,7588.0,Javonte Williams,DAL,212.0,18.0,,,,246.0,1034.0,7.0,38.0,246.0,1.0,6.0,160.1,51.900000000000006,1.08,62.05200000000001,13,28,3,javonte williams,33.6,32.1,32.1,32.91,31.0,33.9,32.4,30.0,4,33.2025,33.254999999999995,32.4,33.9,1.5,DAL,DAL,False,5.202500000000001,3.0,5.600000000000001,5.899999999999999,4.399999999999999,Yahoo,5.899999999999999,FAIR VALUE
214,48,4,Jeremiyah Love,RB,ARI,1.0,ACT,True,"https://static.www.nfl.com/image/upload/f_auto,q_auto/league/b12gtjsylmql5v7iyyla","https://static.www.nfl.com/image/upload/f_auto,q_auto/league/b12gtjsylmql5v7iyyla",25.0,27.0,,,0.0,0.0,0.0,0.0,0.0,0.0,0.0,0.0,0.0,13287.0,Jeremiyah Love,ARI,211.8,18.0,,,,205.0,897.0,5.0,47.0,351.0,2.0,6.0,160.1,51.70000000000002,1.08,61.83600000000002,14,29,3,jeremiyah love,26.5,26.3,15.2,25.97,19.0,29.7,34.46,31.0,4,29.1575,28.1,25.97,34.46,8.490000000000002,ARI,ARI,False,0.15749999999999886,-10.0,-2.5,0.6999999999999993,5.460000000000001,CBS,5.460000000000001,FAIR VALUE
71,10,2,Colston Loveland,TE,CHI,1.0,ACT,False,"https://static.www.nfl.com/image/upload/f_auto,q_auto/league/cnxiyi76jeahgx94nh6d","https://static.www.nfl.com/image/upload/f_auto,q_auto/league/cnxiyi76jeahgx94nh6d",79.85403240128731,75.06279045721007,,,0.0,0.0,0.0,0.0,82.0,58.0,713.0,6.0,16.3534953397699,12517.0,Colston Loveland,CHI,215.4,18.0,,,,1.0,4.0,,84.0,950.0,6.0,6.0,162.5,52.900000000000006,1.05,61.54500000000001,3,30,1,colston loveland,40.5,43.7,46.6,42.54,43.0,39.3,41.74,41.0,4,41.02,41.120000000000005,39.3,42.54,3.240000000000002,CHI,CHI,False,11.020000000000003,13.0,10.5,9.299999999999997,11.740000000000002,ESPN,13.0,VALUE
124,24,3,Breece Hall,RB,NYJ,1.0,ACT,False,"https://static.www.nfl.com/image/upload/f_auto,q_auto/league/i01xtqbfajfq68lb6orh","https://static.www.nfl.com/image/upload/f_auto,q_auto/league/i01xtqbfajfq68lb6orh",52.2,56.376000000000005,,,0.0,0.0,1064.0,4.0,0.0,0.0,0.0,0.0,0.0,8155.0,Breece Hall,NYJ,211.0,18.0,,,,220.0,986.0,6.0,37.0,314.0,2.0,6.0,160.1,50.900000000000006,1.08,60.97200000000001,15,31,3,breece hall,34.1,31.8,27.1,35.89,30.0,34.7,40.44,38.0,4,36.2825,35.295,34.1,40.44,6.339999999999996,NYJ,NYJ,False,5.282499999999999,-1.0,3.1000000000000014,3.700000000000003,9.439999999999998,CBS,9.439999999999998,FAIR VALUE
66,37,3,Rashee Rice,WR,KC,1.0,ACT,False,"https://static.www.nfl.com/image/upload/f_auto,q_auto/league/qhkbqrydjeur8zvrrmfl","https://static.www.nfl.com/image/upload/f_auto,q_auto/league/qhkbqrydjeur8zvrrmfl",69.96376095790441,75.56086183453677,,,0.0,0.0,0.0,0.0,78.0,53.0,571.0,5.0,8.395727866445105,10229.0,Rashee Rice,KC,229.3,18.0,,,,6.0,29.0,,88.0,964.0,7.0,6.0,177.3,52.0,1.0,58.0,13,32,3,rashee rice,29.0,29.2,34.2,29.07,25.0,35.5,23.99,23.0,4,29.39,29.035,23.99,35.5,11.510000000000002,KC,KC,False,-2.6099999999999994,-7.0,-3.0,3.5,-8.010000000000002,Yahoo,3.5,FAIR VALUE
24,18,2,DeVonta Smith,WR,PHI,1.0,ACT,False,"https://static.www.nfl.com/image/upload/f_auto,q_auto/league/k724kq3hyv7jc0y9s03x","https://static.www.nfl.com/image/upload/f_auto,q_auto/league/k724kq3hyv7jc0y9s03x",87.22410514489142,94.20203355648276,,,0.0,0.0,0.0,0.0,113.0,77.0,1008.0,4.0,32.33206418599556,7525.0,DeVonta Smith,PHI,229.2,18.0,,,,1.0,6.0,,80.0,1066.0,7.0,6.0,177.3,51.89999999999998,1.0,57.89999999999998,14,33,3,devonta smith,32.3,33.2,53.2,36.81,34.0,29.5,34.47,32.0,4,33.27,33.385,29.5,36.81,7.310000000000002,PHI,PHI,False,0.2700000000000031,1.0,-0.7000000000000028,-3.5,1.4699999999999989,CBS,1.4699999999999989,FAIR VALUE
54,6,1,Kyren Williams,RB,LA,1.0,ACT,False,"https://static.www.nfl.com/image/upload/f_auto,q_auto/league/xti3pek6rmojqchakxpy","https://static.www.nfl.com/image/upload/f_auto,q_auto/league/xti3pek6rmojqchakxpy",72.88571428571429,78.71657142857143,,,0.0,0.0,1252.0,10.0,0.0,0.0,0.0,0.0,0.0,8150.0,Kyren Williams,LAR,208.0,18.0,,,,228.0,981.0,8.0,32.0,219.0,2.0,6.0,160.1,47.900000000000006,1.08,57.732000000000006,16,34,3,kyren williams,28.1,24.3,12.8,35.46,32.0,28.1,25.55,24.0,4,29.3025,28.1,25.55,35.46,9.91,LA,LAR,False,-4.697500000000002,-2.0,-5.899999999999999,-5.899999999999999,-8.45,ESPN,-2.0,FAIR VALUE
77,9,2,D'Andre Swift,RB,CHI,1.0,ACT,False,"https://static.www.nfl.com/image/upload/f_auto,q_auto/league/owpmwzoilitcodc6cmxo","https://static.www.nfl.com/image/upload/f_auto,q_auto/league/owpmwzoilitcodc6cmxo",67.52857142857142,72.93085714285715,,,0.0,0.0,1087.0,9.0,0.0,0.0,0.0,0.0,0.0,6790.0,D'Andre Swift,CHI,208.0,18.0,,,,217.0,978.0,7.0,37.0,272.0,1.0,6.0,160.1,47.900000000000006,1.08,57.732000000000006,17,35,3,d andre swift,51.0,48.7,47.1,52.19,47.0,45.8,37.86,35.0,4,46.712500000000006,48.4,37.86,52.19,14.329999999999998,CHI,CHI,False,11.712500000000006,12.0,16.0,10.799999999999997,2.8599999999999994,Sleeper,16.0,VALUE
90,12,2,Travis Etienne,RB,NO,1.0,ACT,False,"https://static.www.nfl.com/image/upload/f_auto,q_auto/league/pwko5dybmjie8qqo4qz2","https://static.www.nfl.com/image/upload/f_auto,q_auto/league/pwko5dybmjie8qqo4qz2",61.81428571428572,66.75942857142857,,,0.0,0.0,1107.0,7.0,0.0,0.0,0.0,0.0,0.0,7543.0,Travis Etienne,NO,207.7,18.0,,,,226.0,950.0,6.0,36.0,287.0,2.0,6.0,160.1,47.6,1.08,57.408,18,36,3,travis etienne,44.0,40.2,34.4,41.07,35.0,42.2,36.04,33.0,4,40.8275,41.635000000000005,36.04,44.0,7.960000000000001,NO,NO,False,4.827500000000001,-1.0,8.0,6.200000000000003,0.03999999999999915,Sleeper,8.0,FAIR VALUE
17,13,2,Zay Flowers,WR,BAL,1.0,ACT,False,"https://static.www.nfl.com/image/upload/f_auto,q_auto/league/xzhto2dejy2pflkfx40c","https://static.www.nfl.com/image/upload/f_auto,q_auto/league/xzhto2dejy2pflkfx40c",95.074776826983,102.68075897314164,,,0.0,0.0,0.0,0.0,118.0,86.0,1211.0,5.0,34.720037981068806,9997.0,Zay Flowers,BAL,228.2,18.0,,,,5.0,29.0,,81.0,1103.0,6.0,6.0,177.3,50.89999999999998,1.0,56.89999999999998,15,37,3,zay flowers,41.5,42.8,50.8,44.18,38.0,35.7,37.23,34.0,4,39.6525,39.365,35.7,44.18,8.479999999999997,BAL,BAL,False,2.6525000000000034,1.0,4.5,-1.2999999999999972,0.22999999999999687,Sleeper,4.5,FAIR VALUE
27,21,2,Ladd McConkey,WR,LAC,1.0,ACT,False,"https://static.www.nfl.com/image/upload/f_auto,q_auto/league/q2sk7yforrkiusvruo1o","https://static.www.nfl.com/image/upload/f_auto,q_auto/league/q2sk7yforrkiusvruo1o",86.40850450182378,93.3211848619697,,,0.0,0.0,0.0,0.0,106.0,66.0,789.0,6.0,23.8502148168112,11635.0,Ladd McConkey,LAC,228.2,18.0,,,,2.0,12.0,,81.0,1040.0,7.0,6.0,177.3,50.89999999999998,1.0,56.89999999999998,16,38,3,ladd mcconkey,35.5,35.2,46.8,46.03,41.0,44.7,41.13,39.0,4,41.84,42.915000000000006,35.5,46.03,10.53,LAC,LAC,False,3.8400000000000034,3.0,-2.5,6.700000000000003,3.1300000000000026,Yahoo,6.700000000000003,FAIR VALUE
99,14,2,David Montgomery,RB,HOU,1.0,ACT,False,"https://static.www.nfl.com/image/upload/f_auto,q_auto/league/csz0c9roa4pqsccothxg","https://static.www.nfl.com/image/upload/f_auto,q_auto/league/csz0c9roa4pqsccothxg",59.22857142857143,63.96685714285714,,,0.0,0.0,716.0,8.0,0.0,0.0,0.0,0.0,0.0,5892.0,David Montgomery,HOU,206.1,18.0,,,,236.0,986.0,8.0,32.0,235.0,1.0,6.0,160.1,46.0,1.08,55.68000000000001,19,39,3,david montgomery,47.2,44.0,48.3,61.92,60.0,53.1,51.9,49.0,4,53.53,52.5,47.2,61.92,14.72,HOU,HOU,False,14.530000000000001,21.0,8.200000000000003,14.100000000000001,12.899999999999999,ESPN,21.0,VALUE
92,47,4,Garrett Wilson,WR,NYJ,1.0,ACT,False,"https://static.www.nfl.com/image/upload/f_auto,q_auto/league/upxwxmhdd8xluztgqwhe","https://static.www.nfl.com/image/upload/f_auto,q_auto/league/upxwxmhdd8xluztgqwhe",61.22432453249871,66.12227049509862,,,0.0,0.0,0.0,0.0,59.0,36.0,395.0,4.0,16.98700727787818,8146.0,Garrett Wilson,NYJ,224.9,18.0,,,,3.0,16.0,,83.0,1043.0,6.0,6.0,177.3,47.6,1.0,53.6,17,40,3,garrett wilson,46.7,44.9,38.4,37.11,29.0,48.2,46.43,45.0,4,44.61,46.565,37.11,48.2,11.090000000000003,NYJ,NYJ,False,4.609999999999999,-11.0,6.700000000000003,8.200000000000003,6.43,Yahoo,8.200000000000003,FAIR VALUE
15,12,2,Emeka Egbuka,WR,TB,1.0,ACT,False,"https://static.www.nfl.com/image/upload/f_auto,q_auto/league/z224kbzs62rjuykc0vha","https://static.www.nfl.com/image/upload/f_auto,q_auto/league/z224kbzs62rjuykc0vha",96.2829975431192,103.98563734656877,,,0.0,0.0,0.0,0.0,127.0,63.0,938.0,6.0,35.51114156174991,12514.0,Emeka Egbuka,TB,224.0,18.0,,,,3.0,21.0,,77.0,1029.0,7.0,6.0,177.3,46.69999999999999,1.0,52.69999999999999,18,41,3,emeka egbuka,39.3,41.3,54.1,44.96,39.0,45.4,44.61,44.0,4,43.5675,44.785,39.3,45.4,6.100000000000001,TB,TB,False,2.5675000000000026,-2.0,-1.7000000000000028,4.399999999999999,3.6099999999999994,Yahoo,4.399999999999999,FAIR VALUE
11,8,1,Tetairoa McMillan,WR,CAR,1.0,ACT,False,"https://static.www.nfl.com/image/upload/f_auto,q_auto/league/gilgvjemumd6kpc9eiku","https://static.www.nfl.com/image/upload/f_auto,q_auto/league/gilgvjemumd6kpc9eiku",100.9857972682534,109.06466104971368,,,0.0,0.0,0.0,0.0,122.0,70.0,1013.0,7.0,44.50590941819013,12526.0,Tetairoa McMillan,CAR,223.0,18.0,,,,1.0,6.0,,77.0,1074.0,6.0,6.0,177.3,45.69999999999999,1.0,51.69999999999999,19,42,3,tetairoa mcmillan,37.6,35.8,37.5,42.09,36.0,41.9,43.14,42.0,4,41.182500000000005,41.995000000000005,37.6,43.14,5.539999999999999,CAR,CAR,False,-0.8174999999999955,-6.0,-4.399999999999999,-0.10000000000000142,1.1400000000000006,CBS,1.1400000000000006,FAIR VALUE
100,50,4,Mike Evans,WR,SF,1.0,ACT,False,"https://static.www.nfl.com/image/upload/f_auto,q_auto/league/zc4ujpmndyxrbiyyjomz","https://static.www.nfl.com/image/upload/f_auto,q_auto/league/zc4ujpmndyxrbiyyjomz",59.02816159809731,63.750414525945104,,,0.0,0.0,0.0,0.0,62.0,30.0,368.0,3.0,19.33311568279427,2216.0,Mike Evans,SF,222.2,18.0,,,,,,,70.0,1022.0,8.0,6.0,177.3,44.89999999999998,1.0,50.89999999999998,20,43,3,mike evans,62.5,62.1,59.5,84.49,68.0,69.2,70.69,66.0,4,71.72,69.945,62.5,84.49,21.989999999999995,SF,SF,False,28.72,25.0,19.5,26.200000000000003,27.689999999999998,CBS,27.689999999999998,PLATFORM STEAL
142,28,3,Cam Skattebo,RB,NYG,1.0,ACT,False,"https://static.www.nfl.com/image/upload/f_auto,q_auto/league/hlggiqdfvj1f4kntkafr","https://static.www.nfl.com/image/upload/f_auto,q_auto/league/hlggiqdfvj1f4kntkafr",45.85714285714286,49.52571428571429,,,0.0,0.0,410.0,5.0,0.0,0.0,0.0,0.0,0.0,12481.0,Cam Skattebo,NYG,201.2,18.0,,,,214.0,891.0,6.0,42.0,301.0,1.0,6.0,160.1,41.1,1.08,50.388,20,44,3,cam skattebo,42.4,37.5,41.3,45.06,46.0,42.4,38.34,36.0,4,42.05,42.4,38.34,45.06,6.719999999999999,NYG,NYG,False,-1.9500000000000028,2.0,-1.6000000000000014,-1.6000000000000014,-5.659999999999997,ESPN,2.0,FAIR VALUE
20,15,2,Tee Higgins,WR,CIN,2.0,ACT,False,"https://static.www.nfl.com/image/upload/f_auto,q_auto/league/gpwtyv3viwy9q4ewderl","https://static.www.nfl.com/image/upload/f_auto,q_auto/league/gpwtyv3viwy9q4ewderl",92.32394958570195,99.70986555255811,,,0.0,0.0,0.0,0.0,98.0,59.0,846.0,11.0,29.04282485158676,6801.0,Tee Higgins,CIN,224.4,18.0,,,,1.0,6.0,,75.0,1048.0,7.0,2.0,177.3,47.1,1.0,49.1,21,45,3,tee higgins,35.5,39.5,35.8,51.14,42.0,33.5,38.68,37.0,4,39.705,37.09,33.5,51.14,17.64,CIN,CIN,False,-5.295000000000002,-3.0,-9.5,-11.5,-6.32,ESPN,-3.0,FAIR VALUE
61,9,2,Tyler Warren,TE,IND,1.0,ACT,False,"https://static.www.nfl.com/image/upload/f_auto,q_auto/league/f1mfwwrr3qvnxuiackgq","https://static.www.nfl.com/image/upload/f_auto,q_auto/league/f1mfwwrr3qvnxuiackgq",82.28755960363583,77.35030602741767,,,0.0,0.0,0.0,0.0,112.0,76.0,817.0,4.0,14.354464684845777,12518.0,Tyler Warren,IND,201.1,18.0,,,,5.0,19.0,,83.0,862.0,5.0,6.0,162.5,38.6,1.05,46.53,4,46,1,tyler warren,49.1,50.3,56.8,52.09,53.0,47.1,57.09,56.0,4,51.345,50.595,47.1,57.09,9.990000000000002,IND,IND,False,5.344999999999999,7.0,3.1000000000000014,1.1000000000000014,11.090000000000003,CBS,11.090000000000003,FAIR VALUE
176,37,4,Bucky Irving,RB,TB,1.0,ACT,False,"https://static.www.nfl.com/image/upload/f_auto,q_auto/league/vkc00rvnix3f2b96vkwo","https://static.www.nfl.com/image/upload/f_auto,q_auto/league/vkc00rvnix3f2b96vkwo",36.4,39.312,,,0.0,0.0,588.0,1.0,0.0,0.0,0.0,0.0,0.0,11584.0,Bucky Irving,TB,197.3,18.0,,,,211.0,902.0,6.0,36.0,271.0,2.0,6.0,160.1,37.20000000000002,1.08,46.17600000000002,21,47,3,bucky irving,43.9,47.3,32.3,56.89,50.0,54.4,43.78,43.0,4,49.7425,49.15,43.78,56.89,13.11,TB,TB,False,2.7424999999999997,3.0,-3.1000000000000014,7.399999999999999,-3.219999999999999,Yahoo,7.399999999999999,FAIR VALUE
37,27,3,Jaylen Waddle,WR,DEN,2.0,ACT,False,"https://static.www.nfl.com/image/upload/f_auto,q_auto/league/gkh7m1jedon9mwn5jlf1","https://static.www.nfl.com/image/upload/f_auto,q_auto/league/gkh7m1jedon9mwn5jlf1",80.74905352881655,87.20897781112187,,,0.0,0.0,0.0,0.0,100.0,64.0,910.0,6.0,38.74526764408272,7526.0,Jaylen Waddle,DEN,221.0,18.0,,,,3.0,18.0,,77.0,1002.0,7.0,2.0,177.3,43.69999999999999,1.0,45.69999999999999,22,48,3,jaylen waddle,44.9,46.6,42.3,52.2,49.0,40.2,46.88,46.0,4,46.045,45.89,40.2,52.2,12.0,DEN,DEN,False,-1.9549999999999983,1.0,-3.1000000000000014,-7.799999999999997,-1.1199999999999974,ESPN,1.0,FAIR VALUE
101,15,2,Quinshon Judkins,RB,CLE,1.0,ACT,False,"https://static.www.nfl.com/image/upload/f_auto,q_auto/league/ojtce2im0wp2ltyel0vc","https://static.www.nfl.com/image/upload/f_auto,q_auto/league/ojtce2im0wp2ltyel0vc",57.81428571428572,62.43942857142858,,,0.0,0.0,827.0,7.0,0.0,0.0,0.0,0.0,0.0,12512.0,Quinshon Judkins,CLE,196.0,18.0,,,,244.0,1012.0,6.0,32.0,228.0,1.0,6.0,160.1,35.900000000000006,1.08,44.772000000000006,22,49,3,quinshon judkins,53.7,49.4,44.8,48.99,40.0,54.4,50.26,47.0,4,51.8375,51.98,48.99,54.4,5.409999999999997,CLE,CLE,False,2.8374999999999986,-9.0,4.700000000000003,5.399999999999999,1.259999999999998,Yahoo,5.399999999999999,FAIR VALUE
87,45,4,Terry McLaurin,WR,WAS,1.0,ACT,False,"https://static.www.nfl.com/image/upload/f_auto,q_auto/league/tmfl2zruajmkrtcg4zxp","https://static.www.nfl.com/image/upload/f_auto,q_auto/league/tmfl2zruajmkrtcg4zxp",62.4288001460972,67.42310415778498,,,0.0,0.0,0.0,0.0,60.0,38.0,582.0,3.0,22.374769961255232,5927.0,Terry McLaurin,WAS,213.8,18.0,,,,1.0,7.0,,74.0,1031.0,6.0,6.0,177.3,36.5,1.0,42.5,23,50,3,terry mclaurin,56.3,53.7,55.6,60.95,51.0,54.1,57.91,58.0,4,57.315,57.105,54.1,60.95,6.850000000000001,WAS,WAS,False,7.314999999999998,1.0,6.299999999999997,4.100000000000001,7.909999999999997,CBS,7.909999999999997,FAIR VALUE
132,24,4,Sam LaPorta,TE,DET,1.0,ACT,False,"https://static.www.nfl.com/image/upload/f_auto,q_auto/league/wxlk7ysg2nfq6h6ntdcu","https://static.www.nfl.com/image/upload/f_auto,q_auto/league/wxlk7ysg2nfq6h6ntdcu",56.47416218981837,53.08571245842926,,,0.0,0.0,0.0,0.0,49.0,40.0,489.0,3.0,7.370810949091839,10859.0,Sam LaPorta,DET,196.5,18.0,,,,1.0,3.0,,76.0,842.0,6.0,6.0,162.5,34.0,1.05,41.7,5,51,1,sam laporta,58.8,64.5,79.4,73.81,89.0,63.2,70.68,65.0,4,66.6225,66.94,58.8,73.81,15.010000000000003,DET,DET,False,15.622500000000002,38.0,7.799999999999997,12.200000000000003,19.680000000000007,ESPN,38.0,VALUE
56,34,3,Parker Washington,WR,JAX,2.0,ACT,False,"https://static.www.nfl.com/image/upload/f_auto,q_auto/league/yn0hc5xrz5nqeccg8two","https://static.www.nfl.com/image/upload/f_auto,q_auto/league/yn0hc5xrz5nqeccg8two",72.70429251295462,78.520635913991,,,0.0,0.0,0.0,0.0,95.0,58.0,847.0,5.0,24.61761641092701,9487.0,Parker Washington,JAX,212.4,18.0,,,,10.0,58.0,,72.0,906.0,7.0,2.0,177.3,35.099999999999994,1.0,37.1,24,52,3,parker washington,73.3,70.0,74.4,89.8,87.0,77.8,73.38,71.0,4,78.57,75.59,73.3,89.8,16.5,JAX,JAX,False,26.569999999999993,35.0,21.299999999999997,25.799999999999997,21.379999999999995,ESPN,35.0,PLATFORM STEAL
34,25,3,Rome Odunze,WR,CHI,1.0,ACT,False,"https://static.www.nfl.com/image/upload/f_auto,q_auto/league/niewdl2p2325kpohbw9v","https://static.www.nfl.com/image/upload/f_auto,q_auto/league/niewdl2p2325kpohbw9v",81.33449227044682,87.84125165208256,,,0.0,0.0,0.0,0.0,90.0,44.0,661.0,6.0,28.326307506080266,11620.0,Rome Odunze,CHI,207.9,18.0,,,,1.0,6.0,,68.0,973.0,7.0,6.0,177.3,30.599999999999994,1.0,36.6,25,53,4,rome odunze,65.7,62.7,67.6,64.8,55.0,66.4,66.22,61.0,4,65.78,65.96000000000001,64.8,66.4,1.6000000000000083,CHI,CHI,False,12.780000000000001,2.0,12.700000000000003,13.400000000000006,13.219999999999999,Yahoo,13.400000000000006,VALUE
65,36,3,Christian Watson,WR,GB,1.0,ACT,False,"https://static.www.nfl.com/image/upload/f_auto,q_auto/league/tumeg4d32sirkab2xzu5","https://static.www.nfl.com/image/upload/f_auto,q_auto/league/tumeg4d32sirkab2xzu5",70.97046009893319,76.64809690684785,,,0.0,0.0,0.0,0.0,55.0,35.0,611.0,6.0,24.10230049466596,8167.0,Christian Watson,GB,207.6,18.0,,,,2.0,14.0,,63.0,1012.0,7.0,6.0,177.3,30.299999999999983,1.0,36.29999999999998,26,54,4,christian watson,69.3,65.9,64.2,89.11,81.0,67.8,69.27,63.0,4,73.86999999999999,69.285,67.8,89.11,21.31,GB,GB,False,19.86999999999999,27.0,15.299999999999997,13.799999999999997,15.269999999999996,ESPN,27.0,PLATFORM STEAL
134,58,4,Luther Burden III,WR,CHI,2.0,ACT,False,"https://static.www.nfl.com/image/upload/f_auto,q_auto/league/iyuwdz7pbowdkwzq2tg5","https://static.www.nfl.com/image/upload/f_auto,q_auto/league/iyuwdz7pbowdkwzq2tg5",48.97841325651252,52.89668631703352,,,0.0,0.0,0.0,0.0,60.0,47.0,652.0,2.0,9.738220128716424,12519.0,Luther Burden,CHI,209.0,18.0,,,,10.0,61.0,,72.0,889.0,7.0,2.0,177.3,31.69999999999999,1.0,33.69999999999999,27,55,4,luther burden,55.9,60.6,39.7,75.16,64.0,58.1,60.4,59.0,4,62.39,59.25,55.9,75.16,19.26,CHI,CHI,False,7.390000000000001,9.0,0.8999999999999986,3.1000000000000014,5.399999999999999,ESPN,9.0,FAIR VALUE
85,18,3,Lamar Jackson,QB,BAL,1.0,ACT,False,"https://static.www.nfl.com/image/upload/f_auto,q_auto/league/eno6s5qzl9grbfbfwhoa","https://static.www.nfl.com/image/upload/f_auto,q_auto/league/eno6s5qzl9grbfbfwhoa",76.96111111111111,67.72577777777778,,,2549.0,21.0,0.0,0.0,0.0,0.0,0.0,0.0,0.0,4881.0,Lamar Jackson,BAL,326.0,18.0,3380.0,27.0,8.0,119.0,668.0,5.0,,,,6.0,295.72,30.279999999999973,0.9,33.25199999999998,2,56,1,lamar jackson,31.9,34.7,23.4,34.95,44.0,38.5,41.29,40.0,4,36.66,36.725,31.9,41.29,9.39,BAL,BAL,False,-19.340000000000003,-12.0,-24.1,-17.5,-14.71,ESPN,-12.0,REACH / WAIT
28,22,2,Jameson Williams,WR,DET,2.0,ACT,False,"https://static.www.nfl.com/image/upload/f_auto,q_auto/league/byiptqggtglvy5qrw5wp","https://static.www.nfl.com/image/upload/f_auto,q_auto/league/byiptqggtglvy5qrw5wp",86.30324563302307,93.20750528366491,,,0.0,0.0,0.0,0.0,102.0,65.0,1109.0,7.0,33.708535857423044,8148.0,Jameson Williams,DET,206.2,18.0,,,,8.0,44.0,,60.0,998.0,7.0,2.0,177.3,28.899999999999977,1.0,30.899999999999977,28,57,4,jameson williams,60.0,58.2,52.6,64.33,54.0,65.7,57.19,57.0,4,61.805,62.165,57.19,65.7,8.510000000000005,DET,DET,False,4.805,-3.0,3.0,8.700000000000003,0.18999999999999773,Yahoo,8.700000000000003,FAIR VALUE
23,3,1,Drake Maye,QB,NE,1.0,ACT,False,"https://static.www.nfl.com/image/upload/f_auto,q_auto/league/s1nmoon2xnrc3bnyulv4","https://static.www.nfl.com/image/upload/f_auto,q_auto/league/s1nmoon2xnrc3bnyulv4",108.01111111111112,95.0497777777778,,,4394.0,31.0,0.0,0.0,0.0,0.0,0.0,0.0,0.0,11564.0,Drake Maye,NE,320.76,18.0,3854.0,29.0,11.0,85.0,416.0,4.0,,,,6.0,295.72,25.039999999999964,0.9,28.53599999999997,3,58,1,drake maye,48.6,51.0,49.6,47.3,58.0,47.6,53.5,51.0,4,49.25,48.1,47.3,53.5,6.200000000000003,NE,NE,False,-8.75,0.0,-9.399999999999999,-10.399999999999999,-4.5,ESPN,0.0,FAIR VALUE
45,5,2,Harold Fannin Jr.,TE,CLE,1.0,ACT,False,"https://static.www.nfl.com/image/upload/f_auto,q_auto/league/fxublmpnxx9uggsddwik","https://static.www.nfl.com/image/upload/f_auto,q_auto/league/fxublmpnxx9uggsddwik",86.76701277539914,81.56099200887519,,,0.0,0.0,0.0,0.0,107.0,72.0,731.0,6.0,18.168397210328948,12506.0,Harold Fannin,CLE,180.4,18.0,,,,6.0,25.0,,74.0,739.0,5.0,6.0,162.5,17.900000000000006,1.05,24.795000000000005,6,59,2,harold fannin,70.0,76.4,62.6,70.78,76.0,70.9,71.53,67.0,4,70.80250000000001,70.84,70.0,71.53,1.5300000000000011,CLE,CLE,False,11.802500000000009,17.0,11.0,11.900000000000006,12.530000000000001,ESPN,17.0,VALUE
67,38,3,Brian Thomas Jr.,WR,JAX,1.0,ACT,False,"https://static.www.nfl.com/image/upload/f_auto,q_auto/league/plnekkriys4cm11rnxwl","https://static.www.nfl.com/image/upload/f_auto,q_auto/league/plnekkriys4cm11rnxwl",69.93791749900592,75.5329508989264,,,0.0,0.0,0.0,0.0,91.0,48.0,707.0,2.0,26.55497211041417,11631.0,Brian Thomas,JAX,195.4,18.0,,,,3.0,17.0,,62.0,897.0,7.0,6.0,177.3,18.099999999999994,1.0,24.099999999999994,29,60,4,brian thomas,74.9,75.3,78.9,113.49,118.0,84.1,86.86,86.0,4,89.8375,85.47999999999999,74.9,113.49,38.58999999999999,JAX,JAX,False,29.837500000000006,58.0,14.900000000000006,24.099999999999994,26.86,ESPN,58.0,PLATFORM STEAL
203,82,5,Jayden Reed,WR,GB,2.0,ACT,False,"https://static.www.nfl.com/image/upload/f_auto,q_auto/league/uhb95fij1uo92ymqxpmg","https://static.www.nfl.com/image/upload/f_auto,q_auto/league/uhb95fij1uo92ymqxpmg",27.10427766196682,29.272619874924168,,,0.0,0.0,0.0,0.0,11.0,8.0,100.0,1.0,19.079080617526408,10222.0,Jayden Reed,GB,197.6,18.0,,,,14.0,83.0,,70.0,853.0,6.0,2.0,177.3,20.299999999999983,1.0,22.299999999999983,30,61,4,jayden reed,109.9,101.3,118.6,138.85,148.0,116.9,124.83,126.0,4,122.62,120.865,109.9,138.85,28.94999999999999,GB,GB,False,61.620000000000005,87.0,48.900000000000006,55.900000000000006,63.83,ESPN,87.0,PLATFORM STEAL
194,42,4,Bhayshul Tuten,RB,JAX,1.0,ACT,False,"https://static.www.nfl.com/image/upload/f_auto,q_auto/league/ryjnphuyjbedmgpx5qqj","https://static.www.nfl.com/image/upload/f_auto,q_auto/league/ryjnphuyjbedmgpx5qqj",29.057142857142857,31.38171428571429,,,0.0,0.0,74.0,1.0,0.0,0.0,0.0,0.0,0.0,12490.0,Bhayshul Tuten,JAX,174.8,18.0,,,,184.0,794.0,6.0,32.0,234.0,1.0,6.0,160.1,14.700000000000015,1.08,21.87600000000002,23,62,3,bhayshul tuten,61.1,59.4,43.6,61.69,48.0,61.4,56.23,53.0,4,60.105,61.25,56.23,61.69,5.460000000000001,JAX,JAX,False,-1.8950000000000031,-14.0,-0.8999999999999986,-0.6000000000000014,-5.770000000000003,Yahoo,-0.6000000000000014,FAIR VALUE
50,7,2,Jalen Hurts,QB,PHI,1.0,ACT,False,"https://static.www.nfl.com/image/upload/f_auto,q_auto/league/xow5yvxjeqa6witmofmp","https://static.www.nfl.com/image/upload/f_auto,q_auto/league/xow5yvxjeqa6witmofmp",90.71111111111112,79.82577777777779,,,3224.0,25.0,0.0,0.0,0.0,0.0,0.0,0.0,0.0,6904.0,Jalen Hurts,PHI,310.54,18.0,3326.0,21.0,8.0,120.0,515.0,9.0,,,,6.0,295.72,14.819999999999991,0.9,19.337999999999997,4,63,1,jalen hurts,59.6,61.8,69.4,54.61,73.0,56.8,69.5,64.0,4,60.1275,58.2,54.61,69.5,14.89,PHI,PHI,False,-2.8725000000000023,10.0,-3.3999999999999986,-6.200000000000003,6.5,ESPN,10.0,FAIR VALUE
138,26,4,Tucker Kraft,TE,GB,1.0,ACT,False,"https://static.www.nfl.com/image/upload/f_auto,q_auto/league/n6vu44jbq31rydoaadaq","https://static.www.nfl.com/image/upload/f_auto,q_auto/league/n6vu44jbq31rydoaadaq",54.31909168395184,51.05994618291473,,,0.0,0.0,0.0,0.0,31.0,23.0,381.0,4.0,12.095458419759186,9484.0,Tucker Kraft,GB,174.4,18.0,,,,,,,67.0,774.0,5.0,6.0,162.5,11.900000000000006,1.05,18.495000000000005,7,64,2,tucker kraft,62.6,66.4,70.7,91.26,110.0,60.4,74.79,72.0,4,72.2625,68.69500000000001,60.4,91.26,30.860000000000007,GB,GB,False,8.262500000000003,46.0,-1.3999999999999986,-3.6000000000000014,10.790000000000006,ESPN,46.0,VALUE
172,31,5,Jayden Daniels,QB,WAS,1.0,ACT,False,"https://static.www.nfl.com/image/upload/f_auto,q_auto/league/gfz8k5onuqjrche9ogqc","https://static.www.nfl.com/image/upload/f_auto,q_auto/league/gfz8k5onuqjrche9ogqc",46.01111111111111,40.48977777777778,,,1262.0,8.0,0.0,0.0,0.0,0.0,0.0,0.0,0.0,11566.0,Jayden Daniels,WAS,308.72,18.0,3328.0,21.0,9.0,126.0,686.0,6.0,,,,6.0,295.72,13.0,0.9,17.700000000000003,5,65,1,jayden daniels,66.7,69.9,65.7,53.03,56.0,55.0,68.97,62.0,4,60.925,60.85,53.03,68.97,15.939999999999998,WAS,WAS,False,-4.075000000000003,-9.0,1.7000000000000028,-10.0,3.969999999999999,CBS,3.969999999999999,FAIR VALUE
105,17,2,Jaylen Warren,RB,PIT,1.0,ACT,False,"https://static.www.nfl.com/image/upload/f_auto,q_auto/league/dkiteytgnxar1mpaxcxv","https://static.www.nfl.com/image/upload/f_auto,q_auto/league/dkiteytgnxar1mpaxcxv",56.68571428571428,61.22057142857143,,,0.0,0.0,958.0,6.0,0.0,0.0,0.0,0.0,0.0,8228.0,Jaylen Warren,PIT,170.6,18.0,,,,172.0,759.0,5.0,36.0,267.0,1.0,6.0,160.1,10.5,1.08,17.34,24,66,3,jaylen warren,71.4,67.5,51.9,87.4,88.0,76.3,79.51,76.0,4,78.6525,77.905,71.4,87.4,16.0,PIT,PIT,False,12.652500000000003,22.0,5.400000000000006,10.299999999999997,13.510000000000005,ESPN,22.0,VALUE
9,7,1,Davante Adams,WR,LA,2.0,ACT,False,"https://static.www.nfl.com/image/upload/f_auto,q_auto/league/tdzluk4xau3arxqk9zsl","https://static.www.nfl.com/image/upload/f_auto,q_auto/league/tdzluk4xau3arxqk9zsl",104.30551411781173,112.64995524723666,,,0.0,0.0,0.0,0.0,114.0,60.0,789.0,14.0,28.33526289675082,2133.0,Davante Adams,LAR,192.5,18.0,,,,,,,63.0,795.0,8.0,2.0,177.3,15.199999999999989,1.0,17.19999999999999,31,67,4,davante adams,50.3,55.8,45.6,46.17,45.0,56.4,56.33,54.0,4,52.3,53.315,46.17,56.4,10.229999999999997,LA,LAR,False,-14.700000000000003,-22.0,-16.700000000000003,-10.600000000000001,-10.670000000000002,Yahoo,-10.600000000000001,FAIR VALUE
213,50,4,Jadarian Price,RB,SEA,1.0,ACT,True,"https://static.www.nfl.com/image/upload/f_auto,q_auto/league/toy90i08oumgbdlvctja","https://static.www.nfl.com/image/upload/f_auto,q_auto/league/toy90i08oumgbdlvctja",25.0,27.0,,,0.0,0.0,0.0,0.0,0.0,0.0,0.0,0.0,0.0,13286.0,Jadarian Price,SEA,170.0,18.0,,,,212.0,912.0,7.0,19.0,138.0,1.0,6.0,160.1,9.900000000000006,1.08,16.692000000000007,25,68,4,jadarian price,64.5,57.4,80.0,67.53,62.0,64.1,56.01,52.0,4,63.035,64.3,56.01,67.53,11.520000000000003,SEA,SEA,False,-4.965000000000003,-6.0,-3.5,-3.9000000000000057,-11.990000000000002,Sleeper,-3.5,FAIR VALUE
113,22,3,Rhamondre Stevenson,RB,NE,1.0,ACT,False,"https://static.www.nfl.com/image/upload/f_auto,q_auto/league/zmpuirvuw4r04inxth5i","https://static.www.nfl.com/image/upload/f_auto,q_auto/league/zmpuirvuw4r04inxth5i",54.614285714285714,58.983428571428576,,,0.0,0.0,603.0,7.0,0.0,0.0,0.0,0.0,0.0,7611.0,Rhamondre Stevenson,NE,169.0,18.0,,,,183.0,786.0,6.0,29.0,214.0,1.0,6.0,160.1,8.900000000000006,1.08,15.612000000000007,26,69,4,rhamondre stevenson,80.9,71.6,57.5,78.78,72.0,77.7,72.81,70.0,4,77.5475,78.24000000000001,72.81,80.9,8.090000000000003,NE,NE,False,8.5475,3.0,11.900000000000006,8.700000000000003,3.8100000000000023,Sleeper,11.900000000000006,VALUE
42,3,1,Kyle Pitts,TE,ATL,1.0,ACT,False,"https://static.www.nfl.com/image/upload/f_auto,q_auto/league/xczipzxvytnmvgznhhb4","https://static.www.nfl.com/image/upload/f_auto,q_auto/league/xczipzxvytnmvgznhhb4",90.10292919276652,84.69675344120051,,,0.0,0.0,0.0,0.0,118.0,88.0,928.0,5.0,20.68131263049924,7553.0,Kyle Pitts,ATL,171.6,18.0,,,,,,,66.0,756.0,5.0,6.0,162.5,9.099999999999994,1.05,15.554999999999994,8,70,2,kyle pitts,68.8,71.7,72.9,68.52,77.0,72.3,77.59,74.0,4,71.80250000000001,70.55,68.52,77.59,9.070000000000007,ATL,ATL,False,1.802500000000009,7.0,-1.2000000000000028,2.299999999999997,7.590000000000003,CBS,7.590000000000003,FAIR VALUE
115,23,4,Joe Burrow,QB,CIN,1.0,ACT,False,"https://static.www.nfl.com/image/upload/f_auto,q_auto/league/gnnvcgui1cijybukk2w7","https://static.www.nfl.com/image/upload/f_auto,q_auto/league/gnnvcgui1cijybukk2w7",66.45,58.476000000000006,,,1809.0,17.0,0.0,0.0,0.0,0.0,0.0,0.0,0.0,6770.0,Joe Burrow,CIN,306.12,18.0,4008.0,33.0,10.0,46.0,138.0,2.0,,,,6.0,295.72,10.399999999999975,0.9,15.35999999999998,6,71,2,joe burrow,52.2,53.9,54.0,53.89,70.0,50.1,51.74,48.0,4,51.9825,51.97,50.1,53.89,3.789999999999999,CIN,CIN,False,-19.0175,-1.0,-18.799999999999997,-20.9,-19.259999999999998,ESPN,-1.0,REACH / WAIT
47,6,2,Travis Kelce,TE,KC,1.0,ACT,False,"https://static.www.nfl.com/image/upload/f_auto,q_auto/league/dpxovcfku6ud2aohgf6a","https://static.www.nfl.com/image/upload/f_auto,q_auto/league/dpxovcfku6ud2aohgf6a",85.49563769628114,80.36589943450426,,,0.0,0.0,0.0,0.0,108.0,76.0,851.0,5.0,16.561521814738953,1466.0,Travis Kelce,KC,171.4,18.0,,,,,,,70.0,714.0,5.0,6.0,162.5,8.900000000000006,1.05,15.345000000000006,9,72,2,travis kelce,89.8,93.7,106.1,94.91,125.0,94.7,99.79,98.0,4,94.8,94.805,89.8,99.79,9.990000000000007,KC,KC,False,22.799999999999997,53.0,17.799999999999997,22.700000000000003,27.790000000000006,ESPN,53.0,PLATFORM STEAL
73,41,3,Marvin Harrison Jr.,WR,ARI,1.0,ACT,False,"https://static.www.nfl.com/image/upload/f_auto,q_auto/league/hwpoo1icpnh8emjvqaii","https://static.www.nfl.com/image/upload/f_auto,q_auto/league/hwpoo1icpnh8emjvqaii",69.01192785899713,74.5328820877169,,,0.0,0.0,0.0,0.0,73.0,41.0,608.0,4.0,22.040408525754888,11628.0,Marvin Harrison,ARI,186.2,18.0,,,,,,,62.0,882.0,6.0,6.0,177.3,8.899999999999977,1.0,14.899999999999975,32,73,4,marvin harrison,76.7,73.9,82.6,78.97,69.0,78.3,72.65,69.0,4,76.655,77.5,72.65,78.97,6.319999999999993,ARI,ARI,False,3.655000000000001,-4.0,3.700000000000003,5.299999999999997,-0.3499999999999943,Yahoo,5.299999999999997,FAIR VALUE
107,18,2,TreVeyon Henderson,RB,NE,2.0,ACT,False,"https://static.www.nfl.com/image/upload/f_auto,q_auto/league/ebcjvwytgu2y4kqm8ihv","https://static.www.nfl.com/image/upload/f_auto,q_auto/league/ebcjvwytgu2y4kqm8ihv",56.01428571428571,60.495428571428576,,,0.0,0.0,911.0,9.0,0.0,0.0,0.0,0.0,0.0,12529.0,TreVeyon Henderson,NE,171.0,18.0,,,,170.0,760.0,5.0,35.0,260.0,1.0,2.0,160.1,10.900000000000006,1.08,13.772000000000007,27,74,4,treveyon henderson,57.2,56.9,39.4,77.87,66.0,66.4,72.28,68.0,4,68.4375,69.34,57.2,77.87,20.67,NE,NE,False,-5.5625,-8.0,-16.799999999999997,-7.599999999999994,-1.7199999999999989,CBS,-1.7199999999999989,FAIR VALUE
30,4,1,Dak Prescott,QB,DAL,1.0,ACT,False,"https://static.www.nfl.com/image/upload/f_auto,q_auto/league/yvscmqq1qki8zfsemmcd","https://static.www.nfl.com/image/upload/f_auto,q_auto/league/yvscmqq1qki8zfsemmcd",104.28888888888888,91.77422222222222,,,4552.0,30.0,0.0,0.0,0.0,0.0,0.0,0.0,0.0,3294.0,Dak Prescott,DAL,303.88,18.0,4292.0,31.0,13.0,44.0,152.0,1.0,,,,6.0,295.72,8.159999999999968,0.9,13.343999999999973,7,75,2,dak prescott,77.8,86.1,97.7,72.47,85.0,73.3,61.97,60.0,4,71.38499999999999,72.88499999999999,61.97,77.8,15.829999999999998,DAL,DAL,False,-3.615000000000009,10.0,2.799999999999997,-1.7000000000000028,-13.030000000000001,ESPN,10.0,FAIR VALUE
78,12,3,George Kittle,TE,SF,1.0,ACT,False,"https://static.www.nfl.com/image/upload/f_auto,q_auto/league/vkicdglglkyukgyxtmpx","https://static.www.nfl.com/image/upload/f_auto,q_auto/league/vkicdglglkyukgyxtmpx",77.46448214140429,72.81661321292003,,,0.0,0.0,0.0,0.0,69.0,57.0,628.0,7.0,11.739077373688064,4217.0,George Kittle,SF,169.3,18.0,,,,,,,62.0,713.0,6.0,6.0,162.5,6.800000000000011,1.05,13.140000000000011,10,76,2,george kittle,83.3,84.7,99.2,74.37,79.0,83.3,82.74,80.0,4,80.92750000000001,83.02,74.37,83.3,8.929999999999993,SF,SF,False,4.927500000000009,3.0,7.299999999999997,7.299999999999997,6.739999999999995,Sleeper,7.299999999999997,FAIR VALUE
41,6,2,Trevor Lawrence,QB,JAX,1.0,ACT,False,"https://static.www.nfl.com/image/upload/f_auto,q_auto/league/k9uzdernqkx7oquy7dkg","https://static.www.nfl.com/image/upload/f_auto,q_auto/league/k9uzdernqkx7oquy7dkg",96.66111111111113,85.06177777777779,,,4007.0,29.0,0.0,0.0,0.0,0.0,0.0,0.0,0.0,7523.0,Trevor Lawrence,JAX,303.42,18.0,3788.0,26.0,12.0,79.0,339.0,5.0,,,,6.0,295.72,7.699999999999989,0.9,12.929999999999987,8,77,2,trevor lawrence,98.6,98.2,94.6,100.36,114.0,83.9,82.39,79.0,4,91.3125,91.25,82.39,100.36,17.97,JAX,JAX,False,14.3125,37.0,21.599999999999994,6.900000000000006,5.390000000000001,ESPN,37.0,VALUE
106,21,4,Brock Purdy,QB,SF,1.0,ACT,False,"https://static.www.nfl.com/image/upload/f_auto,q_auto/league/xs2fyj1sqdgwvt9ihbri","https://static.www.nfl.com/image/upload/f_auto,q_auto/league/xs2fyj1sqdgwvt9ihbri",69.03888888888889,60.75422222222223,,,2167.0,20.0,0.0,0.0,0.0,0.0,0.0,0.0,0.0,8183.0,Brock Purdy,SF,303.2,18.0,3900.0,30.0,13.0,64.0,242.0,3.0,,,,6.0,295.72,7.479999999999961,0.9,12.731999999999966,9,78,2,brock purdy,122.7,125.4,106.2,110.18,120.0,98.4,97.5,95.0,4,107.195,104.29,97.5,122.7,25.200000000000003,SF,SF,False,29.194999999999993,42.0,44.7,20.400000000000006,19.5,Sleeper,44.7,PLATFORM STEAL
25,19,2,DK Metcalf,WR,PIT,1.0,ACT,False,"https://static.www.nfl.com/image/upload/f_auto,q_auto/league/kxql4sjfelubhxawu2zh","https://static.www.nfl.com/image/upload/f_auto,q_auto/league/kxql4sjfelubhxawu2zh",87.14958155465942,94.12154807903218,,,0.0,0.0,0.0,0.0,99.0,59.0,850.0,6.0,31.61329238868173,5846.0,DK Metcalf,PIT,183.3,18.0,,,,2.0,10.0,,62.0,843.0,6.0,6.0,177.3,6.0,1.0,12.0,33,79,4,dk metcalf,75.4,77.0,73.3,85.22,78.0,85.8,91.09,89.0,4,84.3775,85.50999999999999,75.4,91.09,15.689999999999998,PIT,PIT,False,5.377499999999998,-1.0,-3.5999999999999943,6.799999999999997,12.090000000000003,CBS,12.090000000000003,WAIT
38,5,2,Caleb Williams,QB,CHI,1.0,ACT,False,"https://static.www.nfl.com/image/upload/f_auto,q_auto/league/h4qs11kutwiw7whekmyt","https://static.www.nfl.com/image/upload/f_auto,q_auto/league/h4qs11kutwiw7whekmyt",97.9,86.152,,,3942.0,27.0,0.0,0.0,0.0,0.0,0.0,0.0,0.0,11560.0,Caleb Williams,CHI,299.34,18.0,3651.0,28.0,10.0,75.0,373.0,3.0,,,,6.0,295.72,3.619999999999948,0.9,9.257999999999951,10,80,2,caleb williams,71.5,74.2,91.7,89.92,104.0,66.9,78.09,75.0,4,76.6025,74.795,66.9,89.92,23.02,CHI,CHI,False,-3.3974999999999937,24.0,-8.5,-13.099999999999994,-1.9099999999999966,ESPN,24.0,WAIT
40,29,3,DJ Moore,WR,BUF,1.0,ACT,False,"https://static.www.nfl.com/image/upload/f_auto,q_auto/league/lsavpxtqoqu25emwcnvy","https://static.www.nfl.com/image/upload/f_auto,q_auto/league/lsavpxtqoqu25emwcnvy",78.85744546202667,85.16604109898881,,,0.0,0.0,0.0,0.0,85.0,50.0,667.0,6.0,21.72953500244102,4983.0,DJ Moore,BUF,179.0,18.0,,,,5.0,29.0,,63.0,851.0,5.0,6.0,177.3,1.6999999999999886,1.0,7.699999999999989,34,81,4,dj moore,53.8,52.9,58.5,60.8,52.0,59.5,52.39,50.0,4,56.6225,56.65,52.39,60.8,8.409999999999997,BUF,BUF,False,-24.377499999999998,-29.0,-27.200000000000003,-21.5,-28.61,Yahoo,-21.5,REACH / WAIT
104,17,3,Dalton Kincaid,TE,BUF,1.0,ACT,False,"https://static.www.nfl.com/image/upload/f_auto,q_auto/league/z7k857flehljboaixj8m","https://static.www.nfl.com/image/upload/f_auto,q_auto/league/z7k857flehljboaixj8m",65.36624224616389,61.444267711394055,,,0.0,0.0,0.0,0.0,49.0,39.0,571.0,5.0,12.997877897486129,10236.0,Dalton Kincaid,BUF,163.6,18.0,,,,,,,66.0,736.0,4.0,6.0,162.5,1.0999999999999943,1.05,7.154999999999994,11,82,2,dalton kincaid,87.6,91.5,81.1,130.84,157.0,97.8,117.84,118.0,4,108.52,107.82,87.6,130.84,43.24000000000001,BUF,BUF,False,26.519999999999996,75.0,5.599999999999994,15.799999999999997,35.84,ESPN,75.0,PLATFORM STEAL
120,25,4,Jaxson Dart,QB,NYG,1.0,ACT,False,"https://static.www.nfl.com/image/upload/f_auto,q_auto/league/n6uymxssgiicjmxkzxoc","https://static.www.nfl.com/image/upload/f_auto,q_auto/league/n6uymxssgiicjmxkzxoc",64.62222222222222,56.86755555555556,,,2272.0,15.0,0.0,0.0,0.0,0.0,0.0,0.0,0.0,12508.0,Jaxson Dart,NYG,296.54,18.0,3366.0,22.0,12.0,106.0,539.0,6.0,,,,6.0,295.72,0.8199999999999932,0.9,6.737999999999994,11,83,2,jaxson dart,94.5,104.6,83.6,83.2,91.0,91.8,110.04,109.0,4,94.885,93.15,83.2,110.04,26.840000000000003,NYG,NYG,False,11.885000000000005,8.0,11.5,8.799999999999997,27.040000000000006,CBS,27.040000000000006,VALUE
26,20,2,Alec Pierce,WR,IND,1.0,ACT,False,"https://static.www.nfl.com/image/upload/f_auto,q_auto/league/qcg9t51wgp3hicavmkmy","https://static.www.nfl.com/image/upload/f_auto,q_auto/league/qcg9t51wgp3hicavmkmy",86.89943075662231,93.8513852171521,,,0.0,0.0,0.0,0.0,84.0,47.0,1003.0,6.0,37.34330762926538,8142.0,Alec Pierce,IND,177.9,18.0,,,,1.0,7.0,,54.0,872.0,6.0,6.0,177.3,0.5999999999999943,1.0,6.599999999999994,35,84,4,alec pierce,97.7,94.0,93.6,108.52,108.0,95.7,86.64,84.0,4,97.14,96.7,86.64,108.52,21.879999999999995,IND,IND,False,13.14,24.0,13.700000000000003,11.700000000000003,2.6400000000000006,ESPN,24.0,VALUE
136,26,3,J.K. Dobbins,RB,DEN,1.0,ACT,False,"https://static.www.nfl.com/image/upload/f_auto,q_auto/league/cevotvl3ho5h1mioruyg","https://static.www.nfl.com/image/upload/f_auto,q_auto/league/cevotvl3ho5h1mioruyg",48.02857142857143,51.87085714285714,,,0.0,0.0,772.0,4.0,0.0,0.0,0.0,0.0,0.0,6806.0,J.K. Dobbins,DEN,160.2,18.0,,,,171.0,732.0,6.0,26.0,190.0,1.0,6.0,160.1,0.0999999999999943,1.08,6.107999999999993,28,85,4,j k dobbins,92.5,85.1,68.3,111.93,122.0,94.9,86.75,85.0,4,96.52,93.7,86.75,111.93,25.180000000000007,DEN,DEN,False,11.519999999999996,37.0,7.5,9.900000000000006,1.75,ESPN,37.0,VALUE
57,9,2,Bo Nix,QB,DEN,1.0,ACT,False,"https://static.www.nfl.com/image/upload/f_auto,q_auto/league/zvo9xatffmqn9lnukpgk","https://static.www.nfl.com/image/upload/f_auto,q_auto/league/zvo9xatffmqn9lnukpgk",88.6388888888889,78.00222222222223,,,3931.0,25.0,0.0,0.0,0.0,0.0,0.0,0.0,0.0,11563.0,Bo Nix,DEN,295.72,18.0,3768.0,26.0,12.0,76.0,330.0,4.0,,,,6.0,295.72,0.0,0.9,6.0,12,86,2,bo nix,117.0,118.3,121.1,102.45,139.0,98.9,118.98,120.0,4,109.3325,109.725,98.9,118.98,20.08,DEN,DEN,False,23.332499999999996,53.0,31.0,12.900000000000006,32.980000000000004,ESPN,53.0,PLATFORM STEAL
215,86,5,Carnell Tate,WR,TEN,1.0,ACT,True,"https://static.www.nfl.com/image/upload/f_auto,q_auto/league/ghpmpzcnigxrdbyvcxke","https://static.www.nfl.com/image/upload/f_auto,q_auto/league/ghpmpzcnigxrdbyvcxke",25.0,27.0,,,0.0,0.0,0.0,0.0,0.0,0.0,0.0,0.0,0.0,13279.0,Carnell Tate,TEN,177.3,18.0,,,,2.0,10.0,,65.0,813.0,5.0,6.0,177.3,0.0,1.0,6.0,36,87,4,carnell tate,67.7,68.1,60.8,77.39,67.0,81.4,88.71,87.0,4,78.8,79.39500000000001,67.7,88.71,21.00999999999999,TEN,TEN,False,-8.200000000000003,-20.0,-19.299999999999997,-5.599999999999994,1.7099999999999937,CBS,1.7099999999999937,FAIR VALUE
98,16,3,Mark Andrews,TE,BAL,1.0,ACT,False,"https://static.www.nfl.com/image/upload/f_auto,q_auto/league/u4xzz7tclch0tpzm9hhz","https://static.www.nfl.com/image/upload/f_auto,q_auto/league/u4xzz7tclch0tpzm9hhz",68.77644184643384,64.6498553356478,,,0.0,0.0,0.0,0.0,70.0,48.0,422.0,5.0,16.215542565502506,5012.0,Mark Andrews,BAL,162.5,18.0,,,,6.0,12.0,,60.0,653.0,6.0,6.0,162.5,0.0,1.05,6.0,12,88,2,mark andrews,128.3,122.9,95.9,126.38,150.0,113.2,118.23,119.0,4,121.5275,122.305,113.2,128.3,15.100000000000009,BAL,BAL,False,33.5275,62.0,40.30000000000001,25.200000000000003,30.230000000000004,ESPN,62.0,PLATFORM STEAL
108,19,2,Tony Pollard,RB,TEN,1.0,ACT,False,"https://static.www.nfl.com/image/upload/f_auto,q_auto/league/mb2xdrqiys6ktlcuah2n","https://static.www.nfl.com/image/upload/f_auto,q_auto/league/mb2xdrqiys6ktlcuah2n",55.457142857142856,59.89371428571429,,,0.0,0.0,1082.0,5.0,0.0,0.0,0.0,0.0,0.0,5967.0,Tony Pollard,TEN,160.1,18.0,,,,189.0,794.0,5.0,28.0,187.0,1.0,6.0,160.1,0.0,1.08,6.0,29,89,4,tony pollard,84.5,78.1,63.4,88.63,75.0,85.9,77.1,73.0,4,84.0325,85.2,77.1,88.63,11.53,TEN,TEN,False,-4.967500000000001,-14.0,-4.5,-3.0999999999999943,-11.900000000000006,Yahoo,-3.0999999999999943,FAIR VALUE
63,12,3,Justin Herbert,QB,LAC,1.0,ACT,False,"https://static.www.nfl.com/image/upload/f_auto,q_auto/league/jnkspnntgebegzp4ghve","https://static.www.nfl.com/image/upload/f_auto,q_auto/league/jnkspnntgebegzp4ghve",87.30555555555557,76.8288888888889,,,3727.0,26.0,0.0,0.0,0.0,0.0,0.0,0.0,0.0,6797.0,Justin Herbert,LAC,295.48,18.0,3842.0,26.0,10.0,70.0,338.0,3.0,,,,6.0,295.72,-0.2400000000000091,0.9,5.783999999999992,13,90,3,justin herbert,82.3,80.2,86.3,86.77,97.0,70.3,85.69,83.0,4,81.265,83.995,70.3,86.77,16.47,LAC,LAC,False,-8.735,7.0,-7.700000000000003,-19.700000000000003,-4.310000000000002,ESPN,7.0,FAIR VALUE
122,21,4,Brenton Strange,TE,JAX,1.0,ACT,False,"https://static.www.nfl.com/image/upload/f_auto,q_auto/league/devxzxwf1sfficgncggm","https://static.www.nfl.com/image/upload/f_auto,q_auto/league/devxzxwf1sfficgncggm",60.21252886010257,56.59977712849641,,,0.0,0.0,0.0,0.0,60.0,46.0,540.0,3.0,8.062644300512844,9480.0,Brenton Strange,JAX,161.0,18.0,,,,,,,63.0,680.0,5.0,6.0,162.5,-1.5,1.05,4.425,13,91,3,brenton strange,155.2,170.3,103.7,167.71,274.0,129.4,141.58,144.0,4,148.4725,148.39,129.4,167.71,38.31,JAX,JAX,False,57.4725,183.0,64.19999999999999,38.400000000000006,50.58000000000001,ESPN,183.0,PLATFORM STEAL
44,4,1,Jake Ferguson,TE,DAL,1.0,ACT,False,"https://static.www.nfl.com/image/upload/f_auto,q_auto/league/xpykb0tbosfwsn6dqstb","https://static.www.nfl.com/image/upload/f_auto,q_auto/league/xpykb0tbosfwsn6dqstb",88.05874004818824,82.77521564529694,,,0.0,0.0,0.0,0.0,102.0,82.0,600.0,8.0,9.79370024094118,8110.0,Jake Ferguson,DAL,159.8,18.0,,,,,,,70.0,618.0,5.0,6.0,162.5,-2.6999999999999886,1.05,3.165000000000012,14,92,3,jake ferguson,98.8,113.7,96.9,110.49,141.0,117.2,123.17,123.0,4,112.415,113.845,98.8,123.17,24.370000000000005,DAL,DAL,False,20.415000000000006,49.0,6.799999999999997,25.200000000000003,31.17,ESPN,49.0,PLATFORM STEAL
131,25,3,Rico Dowdle,RB,PIT,2.0,ACT,False,"https://static.www.nfl.com/image/upload/f_auto,q_auto/league/mx2bxccuzmdvzbksypws","https://static.www.nfl.com/image/upload/f_auto,q_auto/league/mx2bxccuzmdvzbksypws",49.371428571428574,53.32114285714286,,,0.0,0.0,1076.0,6.0,0.0,0.0,0.0,0.0,0.0,7021.0,Rico Dowdle,PIT,161.1,18.0,,,,159.0,678.0,4.0,38.0,273.0,1.0,2.0,160.1,1.0,1.08,3.08,30,93,4,rico dowdle,86.2,83.2,65.2,95.27,106.0,86.5,80.68,77.0,4,87.16250000000001,86.35,80.68,95.27,14.58999999999999,PIT,PIT,False,-5.8374999999999915,13.0,-6.799999999999997,-6.5,-12.319999999999993,ESPN,13.0,WAIT
12,9,1,Courtland Sutton,WR,DEN,1.0,ACT,False,"https://static.www.nfl.com/image/upload/f_auto,q_auto/league/kqwmqcrlrwmqcvfuguhs","https://static.www.nfl.com/image/upload/f_auto,q_auto/league/kqwmqcrlrwmqcvfuguhs",99.7698928736106,107.75148430349944,,,0.0,0.0,0.0,0.0,124.0,74.0,1017.0,7.0,35.61869513728372,5045.0,Courtland Sutton,DEN,174.3,18.0,,,,,,,59.0,793.0,6.0,6.0,177.3,-3.0,1.0,3.0,37,94,5,courtland sutton,80.7,80.2,71.9,81.19,80.0,105.6,81.59,78.0,4,87.27000000000001,81.39,80.7,105.6,24.89999999999999,DEN,DEN,False,-6.72999999999999,-14.0,-13.299999999999997,11.599999999999994,-12.409999999999997,Yahoo,11.599999999999994,FAIR VALUE
189,37,5,Isaiah Likely,TE,NYG,1.0,ACT,False,"https://static.www.nfl.com/image/upload/f_auto,q_auto/league/b1pahldt9ixp9lssxi2d","https://static.www.nfl.com/image/upload/f_auto,q_auto/league/b1pahldt9ixp9lssxi2d",36.34066209766307,34.160222371803286,,,0.0,0.0,0.0,0.0,12.0,9.0,120.0,1.0,15.703310488315338,8131.0,Isaiah Likely,NYG,157.3,18.0,,,,,,,62.0,653.0,5.0,6.0,162.5,-5.199999999999989,1.05,0.5400000000000116,15,95,3,isaiah likely,107.1,108.0,113.2,122.6,145.0,109.5,93.3,90.0,4,108.125,108.3,93.3,122.6,29.3,NYG,NYG,False,13.125,50.0,12.099999999999994,14.5,-1.7000000000000028,ESPN,50.0,VALUE
158,67,5,Chris Godwin Jr.,WR,TB,2.0,ACT,False,"https://static.www.nfl.com/image/upload/f_auto,q_auto/league/ilkheljdx4hbjpisulke","https://static.www.nfl.com/image/upload/f_auto,q_auto/league/ilkheljdx4hbjpisulke",42.08246909798589,45.44906662582477,,,0.0,0.0,0.0,0.0,51.0,33.0,360.0,2.0,8.970037797621785,4037.0,Chris Godwin,TB,173.6,18.0,,,,1.0,6.0,,68.0,750.0,5.0,2.0,177.3,-3.700000000000017,1.0,-1.700000000000017,38,96,5,chris godwin,93.8,90.0,88.4,122.51,127.0,95.8,89.6,88.0,4,100.4275,94.8,89.6,122.51,32.91000000000001,TB,TB,False,4.427499999999995,31.0,-2.200000000000003,-0.20000000000000284,-6.400000000000006,ESPN,31.0,WAIT
123,22,4,T.J. Hockenson,TE,MIN,1.0,ACT,False,"https://static.www.nfl.com/image/upload/f_auto,q_auto/league/rs8o65x0u0n9xzde0fd6","https://static.www.nfl.com/image/upload/f_auto,q_auto/league/rs8o65x0u0n9xzde0fd6",60.05232177069016,56.449182464448754,,,0.0,0.0,0.0,0.0,66.0,51.0,438.0,3.0,8.261608853450792,5844.0,T.J. Hockenson,MIN,155.0,18.0,,,,,,,66.0,650.0,4.0,6.0,162.5,-7.5,1.05,-1.875,16,97,3,t j hockenson,165.4,184.8,127.7,151.36,201.0,128.4,165.51,194.0,4,152.6675,158.38,128.4,165.51,37.10999999999999,MIN,MIN,False,55.66749999999999,104.0,68.4,31.400000000000006,68.50999999999999,ESPN,104.0,PLATFORM STEAL
81,16,3,Patrick Mahomes,QB,KC,1.0,ACT,False,"https://static.www.nfl.com/image/upload/f_auto,q_auto/league/wdckwtob1lybvkmxnf7p","https://static.www.nfl.com/image/upload/f_auto,q_auto/league/wdckwtob1lybvkmxnf7p",80.12777777777778,70.51244444444444,,,3587.0,22.0,0.0,0.0,0.0,0.0,0.0,0.0,0.0,4046.0,Patrick Mahomes,KC,286.68,18.0,3962.0,29.0,12.0,47.0,202.0,1.0,,,,6.0,295.72,-9.04000000000002,0.9,-2.1360000000000188,14,98,3,patrick mahomes,111.3,115.0,102.3,108.66,134.0,103.1,103.55,102.0,4,106.6525,106.105,103.1,111.3,8.200000000000003,KC,KC,False,8.652500000000003,36.0,13.299999999999997,5.099999999999994,5.549999999999997,ESPN,36.0,VALUE
91,46,4,Josh Downs,WR,IND,2.0,ACT,False,"https://static.www.nfl.com/image/upload/f_auto,q_auto/league/z3wahaxpmc6d5lcxgh60","https://static.www.nfl.com/image/upload/f_auto,q_auto/league/z3wahaxpmc6d5lcxgh60",61.7940563999404,66.73758091193564,,,0.0,0.0,0.0,0.0,88.0,58.0,559.0,4.0,15.970281999701976,9500.0,Josh Downs,IND,172.3,18.0,,,,2.0,13.0,,70.0,770.0,4.0,2.0,177.3,-5.0,1.0,-3.0,39,99,5,josh downs,113.8,112.2,111.1,136.59,131.0,106.8,119.8,122.0,4,119.2475,116.8,106.8,136.59,29.790000000000006,IND,IND,False,20.247500000000002,32.0,14.799999999999997,7.799999999999997,20.799999999999997,ESPN,32.0,PLATFORM STEAL
48,7,2,Hunter Henry,TE,NE,1.0,ACT,False,"https://static.www.nfl.com/image/upload/f_auto,q_auto/league/cvlunbqgztudbhjrug7l","https://static.www.nfl.com/image/upload/f_auto,q_auto/league/cvlunbqgztudbhjrug7l",85.15523225499308,80.04591831969348,,,0.0,0.0,0.0,0.0,87.0,60.0,768.0,7.0,16.02616127496543,3214.0,Hunter Henry,NE,153.5,18.0,,,,,,,58.0,655.0,5.0,6.0,162.5,-9.0,1.05,-3.450000000000001,17,100,3,hunter henry,141.0,148.5,91.9,152.63,200.0,127.5,152.21,160.0,4,143.335,146.60500000000002,127.5,152.63,25.129999999999995,NE,NE,False,43.33500000000001,100.0,41.0,27.5,52.21000000000001,ESPN,100.0,PLATFORM STEAL
97,49,4,Jordan Addison,WR,MIN,2.0,ACT,False,"https://static.www.nfl.com/image/upload/f_auto,q_auto/league/mi4lzk9gvjrvo6rwdf1e","https://static.www.nfl.com/image/upload/f_auto,q_auto/league/mi4lzk9gvjrvo6rwdf1e",60.10896014042803,64.91767695166227,,,0.0,0.0,0.0,0.0,79.0,42.0,610.0,3.0,29.87172377906321,9756.0,Jordan Addison,MIN,171.7,18.0,,,,4.0,22.0,,60.0,795.0,5.0,2.0,177.3,-5.600000000000023,1.0,-3.6000000000000227,40,101,5,jordan addison,103.4,100.4,98.9,120.53,130.0,115.7,110.45,110.0,4,112.52,113.075,103.4,120.53,17.129999999999995,MIN,MIN,False,11.519999999999996,29.0,2.4000000000000057,14.700000000000003,9.450000000000003,ESPN,29.0,VALUE
262,64,5,Jonathon Brooks,RB,CAR,2.0,ACT,False,"https://static.www.nfl.com/image/upload/f_auto,q_auto/league/txl39rwjrs2fkm1shtxh","https://static.www.nfl.com/image/upload/f_auto,q_auto/league/txl39rwjrs2fkm1shtxh",16.0,17.28,,,0.0,0.0,0.0,0.0,0.0,0.0,0.0,0.0,0.0,11583.0,Jonathon Brooks,CAR,154.9,18.0,,,,160.0,684.0,4.0,34.0,245.0,1.0,2.0,160.1,-5.199999999999989,1.08,-3.615999999999988,31,102,4,jonathon brooks,100.0,87.0,143.7,104.82,95.0,91.8,84.99,81.0,4,95.4025,95.9,84.99,104.82,19.83,CAR,CAR,False,-6.597499999999997,-7.0,-2.0,-10.200000000000003,-17.010000000000005,Sleeper,-2.0,FAIR VALUE
157,33,3,Kyle Monangai,RB,CHI,2.0,ACT,False,"https://static.www.nfl.com/image/upload/f_auto,q_auto/league/bkkk3uuouhcobydqawro","https://static.www.nfl.com/image/upload/f_auto,q_auto/league/bkkk3uuouhcobydqawro",42.18571428571428,45.56057142857143,,,0.0,0.0,783.0,5.0,0.0,0.0,0.0,0.0,0.0,12534.0,Kyle Monangai,CHI,154.6,18.0,,,,166.0,751.0,6.0,23.0,165.0,1.0,2.0,160.1,-5.5,1.08,-3.94,32,103,4,kyle monangai,102.1,96.6,61.2,123.8,124.0,108.9,112.24,112.0,4,111.76,110.57,102.1,123.8,21.700000000000003,CHI,CHI,False,8.760000000000005,21.0,-0.9000000000000057,5.900000000000006,9.239999999999995,ESPN,21.0,VALUE
36,26,3,Michael Pittman,WR,PIT,2.0,ACT,False,"https://static.www.nfl.com/image/upload/f_auto,q_auto/league/q1ythn05kwcmdr4mwzll","https://static.www.nfl.com/image/upload/f_auto,q_auto/league/q1ythn05kwcmdr4mwzll",81.07056697958576,87.55621233795263,,,0.0,0.0,0.0,0.0,111.0,80.0,793.0,7.0,20.60283489792877,6819.0,Michael Pittman,PIT,170.9,18.0,,,,1.0,7.0,,69.0,772.0,4.0,2.0,177.3,-6.400000000000006,1.0,-4.400000000000006,41,104,5,michael pittman,105.3,103.4,107.5,89.63,74.0,120.8,112.6,114.0,4,107.0825,108.95,89.63,120.8,31.17,PIT,PIT,False,3.082499999999996,-30.0,1.2999999999999972,16.799999999999997,8.599999999999994,Yahoo,16.799999999999997,WAIT
32,24,2,Wan'Dale Robinson,WR,TEN,2.0,ACT,False,"https://static.www.nfl.com/image/upload/f_auto,q_auto/league/yzcvyhmilvxedfjfjglc","https://static.www.nfl.com/image/upload/f_auto,q_auto/league/yzcvyhmilvxedfjfjglc",84.12637635322507,90.85648646148309,,,0.0,0.0,0.0,0.0,140.0,92.0,1014.0,4.0,27.63188176612534,8126.0,Wan'Dale Robinson,TEN,170.7,18.0,,,,3.0,16.0,,71.0,741.0,4.0,2.0,177.3,-6.600000000000023,1.0,-4.600000000000023,42,105,5,wan dale robinson,119.0,120.6,105.4,113.38,93.0,130.8,112.57,113.0,4,118.9375,116.19,112.57,130.8,18.230000000000015,TEN,TEN,False,13.9375,-12.0,14.0,25.80000000000001,7.569999999999993,Yahoo,25.80000000000001,VALUE
83,43,4,Khalil Shakir,WR,BUF,2.0,ACT,False,"https://static.www.nfl.com/image/upload/f_auto,q_auto/league/syvp3hficobwcsim3i9v","https://static.www.nfl.com/image/upload/f_auto,q_auto/league/syvp3hficobwcsim3i9v",64.26113592577843,69.40202679984071,,,0.0,0.0,0.0,0.0,95.0,72.0,686.0,4.0,9.786448859661398,8134.0,Khalil Shakir,BUF,170.7,18.0,,,,2.0,10.0,,71.0,747.0,4.0,2.0,177.3,-6.600000000000023,1.0,-4.600000000000023,43,106,5,khalil shakir,145.7,152.6,120.2,139.9,135.0,130.9,152.78,162.0,4,142.32,142.8,130.9,152.78,21.879999999999995,BUF,BUF,False,36.31999999999999,29.0,39.69999999999999,24.900000000000006,46.78,CBS,46.78,PLATFORM STEAL
144,29,3,Jordan Mason,RB,MIN,2.0,ACT,False,"https://static.www.nfl.com/image/upload/f_auto,q_auto/league/qeeucinnxl8mpzaw23hc","https://static.www.nfl.com/image/upload/f_auto,q_auto/league/qeeucinnxl8mpzaw23hc",44.82857142857143,48.41485714285714,,,0.0,0.0,758.0,6.0,0.0,0.0,0.0,0.0,0.0,8408.0,Jordan Mason,MIN,153.7,18.0,,,,190.0,797.0,6.0,20.0,140.0,1.0,2.0,160.1,-6.400000000000006,1.08,-4.912000000000007,33,107,4,jordan mason,110.8,95.2,100.2,138.98,161.0,112.7,97.4,94.0,4,114.97,111.75,97.4,138.98,41.579999999999984,MIN,MIN,False,7.969999999999999,54.0,3.799999999999997,5.700000000000003,-9.599999999999994,ESPN,54.0,WAIT
18,2,1,Jared Goff,QB,DET,1.0,ACT,False,"https://static.www.nfl.com/image/upload/f_auto,q_auto/league/kaicbot8qhzrvddilbtp","https://static.www.nfl.com/image/upload/f_auto,q_auto/league/kaicbot8qhzrvddilbtp",115.55555555555556,101.6888888888889,,,4564.0,34.0,0.0,0.0,0.0,0.0,0.0,0.0,0.0,3163.0,Jared Goff,DET,283.46,18.0,4104.0,30.0,10.0,29.0,53.0,1.0,,,,6.0,295.72,-12.260000000000048,0.9,-5.034000000000043,15,108,3,jared goff,132.4,143.5,132.9,136.45,164.0,113.8,109.22,108.0,4,122.9675,123.1,109.22,136.45,27.22999999999999,DET,DET,False,14.967500000000001,56.0,24.400000000000006,5.799999999999997,1.2199999999999989,ESPN,56.0,VALUE
186,33,5,Kyler Murray,QB,MIN,1.0,ACT,False,"https://static.www.nfl.com/image/upload/f_auto,q_auto/league/btfruyf33adgnjzpcuen","https://static.www.nfl.com/image/upload/f_auto,q_auto/league/btfruyf33adgnjzpcuen",39.94444444444444,35.15111111111111,,,962.0,6.0,0.0,0.0,0.0,0.0,0.0,0.0,0.0,5849.0,Kyler Murray,MIN,283.06,18.0,3519.0,22.0,10.0,88.0,503.0,3.0,,,,6.0,295.72,-12.660000000000023,0.9,-5.394000000000023,16,109,3,kyler murray,151.3,149.2,154.5,137.73,152.0,112.6,134.89,138.0,4,134.13,136.31,112.6,151.3,38.70000000000002,MIN,MIN,False,25.129999999999995,43.0,42.30000000000001,3.5999999999999943,25.889999999999986,ESPN,43.0,PLATFORM STEAL
216,49,4,MarShawn Lloyd,RB,GB,1.0,ACT,False,"https://static.www.nfl.com/image/upload/f_auto,q_auto/league/xp8sd4enimuk4zd0aqgu","https://static.www.nfl.com/image/upload/f_auto,q_auto/league/xp8sd4enimuk4zd0aqgu",25.0,27.0,,,0.0,0.0,0.0,0.0,0.0,0.0,0.0,0.0,0.0,11581.0,MarShawn Lloyd,GB,149.0,18.0,,,,180.0,753.0,5.0,24.0,177.0,1.0,6.0,160.1,-11.099999999999994,1.08,-5.987999999999994,34,110,4,marshawn lloyd,159.4,136.4,,122.86,102.0,100.2,101.56,100.0,4,121.005,112.21,100.2,159.4,59.2,GB,GB,False,11.004999999999995,-8.0,49.400000000000006,-9.799999999999997,-8.439999999999998,Sleeper,49.400000000000006,VALUE
80,13,3,Dalton Schultz,TE,HOU,1.0,ACT,False,"https://static.www.nfl.com/image/upload/f_auto,q_auto/league/ym8sbkev8l4scnrc0vd8","https://static.www.nfl.com/image/upload/f_auto,q_auto/league/ym8sbkev8l4scnrc0vd8",76.96328799659317,72.34549071679757,,,0.0,0.0,0.0,0.0,106.0,82.0,777.0,3.0,14.566439982965797,5001.0,Dalton Schultz,HOU,150.9,18.0,,,,,,,64.0,629.0,4.0,6.0,162.5,-11.599999999999994,1.05,-6.179999999999994,18,111,3,dalton schultz,184.0,207.0,97.6,168.83,303.0,126.6,151.91,159.0,4,157.835,160.37,126.6,184.0,57.400000000000006,HOU,HOU,False,46.83500000000001,192.0,73.0,15.599999999999994,40.91,ESPN,192.0,PLATFORM STEAL
168,36,3,Kenny Gainwell,RB,TB,2.0,ACT,False,"https://static.www.nfl.com/image/upload/f_auto,q_auto/league/eo62l8ec8e3lzt86ihth","https://static.www.nfl.com/image/upload/f_auto,q_auto/league/eo62l8ec8e3lzt86ihth",38.67142857142857,41.76514285714286,,,0.0,0.0,537.0,5.0,0.0,0.0,0.0,0.0,0.0,7567.0,Kenny Gainwell,TB,152.3,18.0,,,,99.0,418.0,3.0,47.0,355.0,2.0,2.0,160.1,-7.799999999999983,1.08,-6.423999999999982,35,112,4,kenny gainwell,112.7,107.4,86.1,101.06,90.0,119.8,,,3,111.18666666666668,112.7,101.06,119.8,18.739999999999995,TB,TB,False,-0.8133333333333184,-22.0,0.7000000000000028,7.799999999999997,,Yahoo,7.799999999999997,FAIR VALUE
179,39,4,Chuba Hubbard,RB,CAR,1.0,ACT,False,"https://static.www.nfl.com/image/upload/f_auto,q_auto/league/rzsvnt0pxsaize2ndhxm","https://static.www.nfl.com/image/upload/f_auto,q_auto/league/rzsvnt0pxsaize2ndhxm",35.3,38.124,,,0.0,0.0,511.0,1.0,0.0,0.0,0.0,0.0,0.0,7594.0,Chuba Hubbard,CAR,147.9,18.0,,,,181.0,766.0,5.0,22.0,153.0,1.0,6.0,160.1,-12.199999999999989,1.08,-7.175999999999988,36,113,4,chuba hubbard,78.7,79.3,66.3,108.39,111.0,90.1,106.96,106.0,4,96.0375,98.53,78.7,108.39,29.69,CAR,CAR,False,-16.962500000000006,-2.0,-34.3,-22.900000000000006,-6.040000000000006,ESPN,-2.0,FAIR VALUE
226,90,5,Matthew Golden,WR,GB,3.0,ACT,False,"https://static.www.nfl.com/image/upload/f_auto,q_auto/league/dbjki6b0swksr7mk17wk","https://static.www.nfl.com/image/upload/f_auto,q_auto/league/dbjki6b0swksr7mk17wk",21.056940347582906,22.741495575389536,,,0.0,0.0,0.0,0.0,11.0,8.0,144.0,0.0,35.45777866099142,12501.0,Matthew Golden,GB,170.0,18.0,,,,8.0,51.0,,58.0,769.0,5.0,0.0,177.3,-7.300000000000011,1.0,-7.300000000000011,44,114,5,matthew golden,125.5,119.7,158.4,112.05,126.0,126.0,129.99,131.0,4,123.385,125.75,112.05,129.99,17.940000000000012,GB,GB,False,9.385000000000005,12.0,11.5,12.0,15.990000000000009,CBS,15.990000000000009,VALUE
6,1,1,Matthew Stafford,QB,LA,1.0,ACT,False,"https://static.www.nfl.com/image/upload/f_auto,q_auto/league/jwpkjfrkzufdyh8u1mg7","https://static.www.nfl.com/image/upload/f_auto,q_auto/league/jwpkjfrkzufdyh8u1mg7",142.75,125.62,,,4707.0,46.0,0.0,0.0,0.0,0.0,0.0,0.0,0.0,421.0,Matthew Stafford,LAR,280.22,18.0,4033.0,32.0,11.0,27.0,19.0,,,,,6.0,295.72,-15.5,0.9,-7.950000000000001,17,115,3,matthew stafford,95.4,106.9,117.6,92.7,140.0,99.7,95.24,91.0,4,95.76,95.32,92.7,99.7,7.0,LA,LAR,False,-19.239999999999995,25.0,-19.599999999999994,-15.299999999999997,-19.760000000000005,ESPN,25.0,REACH / WAIT
86,44,4,Jakobi Meyers,WR,JAX,3.0,ACT,False,"https://static.www.nfl.com/image/upload/f_auto,q_auto/league/zrs4ij8mvw7wr1uujwew","https://static.www.nfl.com/image/upload/f_auto,q_auto/league/zrs4ij8mvw7wr1uujwew",62.5731934636681,67.57904894076155,,,0.0,0.0,0.0,0.0,110.0,75.0,835.0,3.0,21.13519808757126,5947.0,Jakobi Meyers,JAX,169.3,18.0,,,,4.0,21.0,,64.0,732.0,5.0,0.0,177.3,-8.0,1.0,-8.0,45,116,5,jakobi meyers,124.9,132.5,77.2,122.35,112.0,130.2,128.21,129.0,4,126.415,126.555,122.35,130.2,7.849999999999994,JAX,JAX,False,10.415000000000006,-4.0,8.900000000000006,14.199999999999989,12.210000000000008,Yahoo,14.199999999999989,VALUE
339,119,5,Makai Lemon,WR,PHI,3.0,ACT,True,"https://static.www.nfl.com/image/upload/f_auto,q_auto/league/ys2i2o7c0bl36xvlrojz","https://static.www.nfl.com/image/upload/f_auto,q_auto/league/ys2i2o7c0bl36xvlrojz",9.0,9.72,,,0.0,0.0,0.0,0.0,0.0,0.0,0.0,0.0,0.0,13294.0,Makai Lemon,PHI,168.5,18.0,,,,2.0,10.0,,60.0,775.0,5.0,0.0,177.3,-8.800000000000011,1.0,-8.800000000000011,46,117,5,makai lemon,90.0,88.6,,132.35,144.0,116.6,128.72,130.0,4,116.9175,122.66,90.0,132.35,42.35,PHI,PHI,False,-0.08249999999999602,27.0,-27.0,-0.4000000000000057,11.719999999999999,ESPN,27.0,WAIT
21,16,2,Michael Wilson,WR,ARI,2.0,ACT,False,"https://static.www.nfl.com/image/upload/f_auto,q_auto/league/hm2b9z4zujjmbiyldh8n","https://static.www.nfl.com/image/upload/f_auto,q_auto/league/hm2b9z4zujjmbiyldh8n",90.3654221888236,97.5946559639295,,,0.0,0.0,0.0,0.0,126.0,78.0,1006.0,7.0,31.942495559502664,10232.0,Michael Wilson,ARI,166.0,18.0,,,,1.0,6.0,,59.0,764.0,5.0,2.0,177.3,-11.300000000000011,1.0,-9.300000000000011,47,118,5,michael wilson,85.3,89.4,75.2,102.6,100.0,100.8,101.53,99.0,4,97.5575,101.165,85.3,102.6,17.299999999999997,ARI,ARI,False,-20.442499999999995,-18.0,-32.7,-17.200000000000003,-16.47,CBS,-16.47,REACH / WAIT
173,74,5,Jalen Coker,WR,CAR,2.0,ACT,False,"https://static.www.nfl.com/image/upload/f_auto,q_auto/league/yynz8rxen6tsvhojggiv","https://static.www.nfl.com/image/upload/f_auto,q_auto/league/yynz8rxen6tsvhojggiv",36.84403321764919,39.79155587506113,,,0.0,0.0,0.0,0.0,18.0,13.0,168.0,2.0,38.79708916516904,11646.0,Jalen Coker,CAR,165.9,18.0,,,,1.0,6.0,,60.0,753.0,5.0,2.0,177.3,-11.400000000000006,1.0,-9.400000000000006,48,119,5,jalen coker,147.4,145.5,131.8,154.63,156.0,133.3,141.43,143.0,4,144.19,144.41500000000002,133.3,154.63,21.329999999999984,CAR,CAR,False,25.189999999999998,37.0,28.400000000000006,14.300000000000011,22.430000000000007,ESPN,37.0,PLATFORM STEAL
64,13,3,Jordan Love,QB,GB,1.0,ACT,False,"https://static.www.nfl.com/image/upload/f_auto,q_auto/league/thz8stjkbjwddxqnozi5","https://static.www.nfl.com/image/upload/f_auto,q_auto/league/thz8stjkbjwddxqnozi5",87.18333333333334,76.72133333333333,,,3381.0,23.0,0.0,0.0,0.0,0.0,0.0,0.0,0.0,6804.0,Jordan Love,GB,278.52,18.0,3808.0,27.0,10.0,51.0,202.0,2.0,,,,6.0,295.72,-17.200000000000045,0.9,-9.48000000000004,18,120,3,jordan love,153.0,164.8,126.8,155.38,208.0,123.0,142.67,146.0,4,143.5125,147.83499999999998,123.0,155.38,32.379999999999995,GB,GB,False,23.51249999999999,88.0,33.0,3.0,22.669999999999987,ESPN,88.0,PLATFORM STEAL
43,30,3,Quentin Johnston,WR,LAC,2.0,ACT,False,"https://static.www.nfl.com/image/upload/f_auto,q_auto/league/lyvsrjh4mjb4dqwp6shm","https://static.www.nfl.com/image/upload/f_auto,q_auto/league/lyvsrjh4mjb4dqwp6shm",76.98868311484637,83.14777776403409,,,0.0,0.0,0.0,0.0,84.0,51.0,735.0,8.0,23.40495403577033,9754.0,Quentin Johnston,LAC,163.9,18.0,,,,2.0,11.0,,58.0,748.0,5.0,2.0,177.3,-13.400000000000006,1.0,-11.400000000000006,49,121,5,quentin johnston,114.4,102.6,110.1,130.42,146.0,109.7,96.44,93.0,4,112.74,112.05,96.44,130.42,33.97999999999999,LAC,LAC,False,-8.260000000000005,25.0,-6.599999999999994,-11.299999999999997,-24.560000000000002,ESPN,25.0,WAIT
53,8,2,Baker Mayfield,QB,TB,1.0,ACT,False,"https://static.www.nfl.com/image/upload/f_auto,q_auto/league/gjb8e69jtt1ffqf1afue","https://static.www.nfl.com/image/upload/f_auto,q_auto/league/gjb8e69jtt1ffqf1afue",89.51666666666667,78.77466666666666,,,3693.0,26.0,0.0,0.0,0.0,0.0,0.0,0.0,0.0,4892.0,Baker Mayfield,TB,274.88,18.0,3682.0,26.0,13.0,63.0,306.0,2.0,,,,6.0,295.72,-20.840000000000032,0.9,-12.756000000000029,19,122,3,baker mayfield,143.5,155.6,143.6,146.26,182.0,125.9,133.04,136.0,4,137.17499999999998,138.26999999999998,125.9,146.26,20.359999999999985,TB,TB,False,15.174999999999983,60.0,21.5,3.9000000000000057,11.039999999999992,ESPN,60.0,VALUE
114,18,3,Chig Okonkwo,TE,WAS,1.0,ACT,False,"https://static.www.nfl.com/image/upload/f_auto,q_auto/league/pzcez6pi9tpdqkmjjnzk","https://static.www.nfl.com/image/upload/f_auto,q_auto/league/pzcez6pi9tpdqkmjjnzk",62.30076625245528,58.56272027730795,,,0.0,0.0,0.0,0.0,79.0,56.0,560.0,2.0,9.087164595609718,8210.0,Chig Okonkwo,WAS,144.1,18.0,,,,,,,61.0,591.0,4.0,6.0,162.5,-18.40000000000001,1.05,-13.320000000000007,19,123,3,chig okonkwo,192.0,192.1,136.9,170.19,315.0,126.5,,,3,162.89666666666668,170.19,126.5,192.0,65.5,WAS,WAS,False,39.896666666666675,192.0,69.0,3.5,,ESPN,192.0,PLATFORM STEAL
129,56,4,Xavier Worthy,WR,KC,2.0,ACT,False,"https://static.www.nfl.com/image/upload/f_auto,q_auto/league/u6fmnffwteccoxn3uguq","https://static.www.nfl.com/image/upload/f_auto,q_auto/league/u6fmnffwteccoxn3uguq",49.77833760898452,53.76060461770328,,,0.0,0.0,0.0,0.0,73.0,42.0,532.0,1.0,21.71861112184565,11624.0,Xavier Worthy,KC,161.5,18.0,,,,17.0,90.0,1.0,55.0,695.0,4.0,2.0,177.3,-15.800000000000011,1.0,-13.800000000000011,50,124,5,xavier worthy,138.4,127.4,121.5,130.35,153.0,129.1,137.39,139.0,4,133.81,133.87,129.1,138.4,9.300000000000011,KC,KC,False,9.810000000000002,29.0,14.400000000000006,5.099999999999994,13.389999999999986,ESPN,29.0,VALUE
60,35,3,Romeo Doubs,WR,NE,2.0,ACT,False,"https://static.www.nfl.com/image/upload/f_auto,q_auto/league/yxvzijmgwyyigljxfmyb","https://static.www.nfl.com/image/upload/f_auto,q_auto/league/yxvzijmgwyyigljxfmyb",71.79556764331483,77.53921305478002,,,0.0,0.0,0.0,0.0,85.0,55.0,724.0,6.0,27.03553052426645,8121.0,Romeo Doubs,NE,161.2,18.0,,,,,,,57.0,742.0,5.0,2.0,177.3,-16.100000000000023,1.0,-14.100000000000025,51,125,5,romeo doubs,131.8,128.4,116.6,147.58,154.0,132.0,131.38,135.0,4,135.69,131.9,131.38,147.58,16.200000000000017,NE,NE,False,10.689999999999998,29.0,6.800000000000011,7.0,6.3799999999999955,ESPN,29.0,VALUE
88,15,3,AJ Barner,TE,SEA,1.0,ACT,False,"https://static.www.nfl.com/image/upload/f_auto,q_auto/league/i0esiguve9if4ts5mm1q","https://static.www.nfl.com/image/upload/f_auto,q_auto/league/i0esiguve9if4ts5mm1q",71.56971845504452,67.27553534774185,,,0.0,0.0,0.0,0.0,68.0,52.0,519.0,6.0,8.598592275222614,11603.0,AJ Barner,SEA,142.4,18.0,,,,10.0,14.0,1.0,58.0,530.0,4.0,6.0,162.5,-20.099999999999994,1.05,-15.104999999999992,20,126,3,aj barner,182.6,196.2,125.9,169.77,317.0,125.5,167.96,204.0,4,161.4575,168.865,125.5,182.6,57.1,SEA,SEA,False,35.45750000000001,191.0,56.599999999999994,-0.5,41.96000000000001,ESPN,191.0,PLATFORM STEAL
146,31,3,RJ Harvey,RB,DEN,2.0,ACT,False,"https://static.www.nfl.com/image/upload/f_auto,q_auto/league/szxmro5enrxlscvv67xg","https://static.www.nfl.com/image/upload/f_auto,q_auto/league/szxmro5enrxlscvv67xg",44.71428571428572,48.291428571428575,,,0.0,0.0,540.0,7.0,0.0,0.0,0.0,0.0,0.0,12489.0,RJ Harvey,DEN,144.1,18.0,,,,124.0,515.0,3.0,37.0,276.0,2.0,2.0,160.1,-16.0,1.08,-15.28,37,127,5,rj harvey,79.3,82.4,56.4,126.03,133.0,108.3,96.08,92.0,4,102.4275,102.19,79.3,126.03,46.73,DEN,DEN,False,-24.572500000000005,6.0,-47.7,-18.700000000000003,-30.92,ESPN,6.0,REACH / WAIT
154,27,4,Tyler Shough,QB,NO,1.0,ACT,False,"https://static.www.nfl.com/image/upload/f_auto,q_auto/league/toiafc7qighw86geo7jf","https://static.www.nfl.com/image/upload/f_auto,q_auto/league/toiafc7qighw86geo7jf",53.04444444444444,46.67911111111111,,,2384.0,10.0,0.0,0.0,0.0,0.0,0.0,0.0,0.0,12545.0,Tyler Shough,NO,270.94,18.0,3666.0,22.0,12.0,84.0,343.0,3.0,,,,6.0,295.72,-24.78000000000003,0.9,-16.302000000000028,20,128,3,tyler shough,188.6,188.3,147.5,152.49,160.0,130.1,147.57,154.0,4,154.69,150.03,130.1,188.6,58.5,NO,NO,False,26.689999999999998,32.0,60.599999999999994,2.0999999999999943,19.569999999999993,Sleeper,60.599999999999994,PLATFORM STEAL
76,11,3,Juwan Johnson,TE,NO,1.0,ACT,False,"https://static.www.nfl.com/image/upload/f_auto,q_auto/league/ahzqkvhjot6lygwr4ccb","https://static.www.nfl.com/image/upload/f_auto,q_auto/league/ahzqkvhjot6lygwr4ccb",78.15068314059087,73.46164215215542,,,0.0,0.0,0.0,0.0,102.0,77.0,889.0,3.0,16.170082369620996,7002.0,Juwan Johnson,NO,140.9,18.0,,,,,,,56.0,609.0,4.0,6.0,162.5,-21.599999999999994,1.05,-16.679999999999996,21,129,3,juwan johnson,179.5,161.6,102.6,158.04,191.0,124.2,139.62,141.0,4,150.33999999999995,148.82999999999998,124.2,179.5,55.3,NO,NO,False,21.339999999999947,62.0,50.5,-4.799999999999997,10.620000000000005,ESPN,62.0,PLATFORM STEAL
219,39,5,Malik Willis,QB,MIA,1.0,ACT,False,"https://static.www.nfl.com/image/upload/f_auto,q_auto/league/txvgdbwbryzyyqq6gfet","https://static.www.nfl.com/image/upload/f_auto,q_auto/league/txvgdbwbryzyyqq6gfet",28.8,25.344,,,288.0,1.0,0.0,0.0,0.0,0.0,0.0,0.0,0.0,8161.0,Malik Willis,MIA,270.12,18.0,2848.0,17.0,9.0,125.0,712.0,5.0,,,,6.0,295.72,-25.600000000000023,0.9,-17.04000000000002,21,130,3,malik willis,209.5,191.3,139.9,167.56,223.0,125.1,154.08,165.0,4,164.06,160.82,125.1,209.5,84.4,MIA,MIA,False,34.06,93.0,79.5,-4.900000000000006,24.080000000000013,ESPN,93.0,PLATFORM STEAL
52,32,3,Stefon Diggs,WR,WAS,2.0,ACT,False,"https://static.www.nfl.com/image/upload/f_auto,q_auto/league/cemcexmscsarpvwhafln","https://static.www.nfl.com/image/upload/f_auto,q_auto/league/cemcexmscsarpvwhafln",73.02535578950305,78.8673842526633,,,0.0,0.0,0.0,0.0,102.0,85.0,1013.0,4.0,19.70370202443835,2449.0,Stefon Diggs,WAS,157.3,18.0,,,,1.0,6.0,,64.0,687.0,4.0,2.0,177.3,-20.0,1.0,-18.0,52,131,5,stefon diggs,107.5,110.8,115.5,102.81,107.0,104.5,112.1,111.0,4,106.7275,106.0,102.81,112.1,9.289999999999992,WAS,WAS,False,-24.272499999999994,-24.0,-23.5,-26.5,-18.900000000000006,CBS,-18.900000000000006,REACH / WAIT
166,35,3,Aaron Jones,RB,MIN,1.0,ACT,False,"https://static.www.nfl.com/image/upload/f_auto,q_auto/league/bktkfvgfwujkdbzkcfim","https://static.www.nfl.com/image/upload/f_auto,q_auto/league/bktkfvgfwujkdbzkcfim",38.82857142857143,41.93485714285715,,,0.0,0.0,548.0,2.0,0.0,0.0,0.0,0.0,0.0,4199.0,Aaron Jones,MIN,137.1,18.0,,,,131.0,563.0,3.0,34.0,248.0,1.0,6.0,160.1,-23.0,1.08,-18.840000000000003,38,132,5,aaron jones,127.6,116.9,84.7,114.41,117.0,124.1,119.13,121.0,4,121.31,121.615,114.41,127.6,13.189999999999998,MIN,MIN,False,-10.689999999999998,-15.0,-4.400000000000006,-7.900000000000006,-12.870000000000005,Sleeper,-4.400000000000006,FAIR VALUE
257,98,5,KC Concepcion,WR,CLE,2.0,ACT,True,"https://static.www.nfl.com/image/upload/f_auto,q_auto/league/ztdyzyngqr1pexyghlt3","https://static.www.nfl.com/image/upload/f_auto,q_auto/league/ztdyzyngqr1pexyghlt3",16.0,17.28,,,0.0,0.0,0.0,0.0,0.0,0.0,0.0,0.0,0.0,13298.0,KC Concepcion,CLE,156.4,18.0,,,,9.0,54.0,,58.0,710.0,4.0,2.0,177.3,-20.90000000000001,1.0,-18.90000000000001,53,133,5,kc concepcion,120.2,111.9,129.3,146.67,171.0,123.8,115.97,116.0,4,126.66,122.0,115.97,146.67,30.69999999999999,CLE,CLE,False,-6.340000000000003,38.0,-12.799999999999997,-9.200000000000003,-17.03,ESPN,38.0,WAIT
70,40,3,Deebo Samuel Sr.,WR,SF,2.0,ACT,False,"https://static.www.nfl.com/image/upload/f_auto,q_auto/league/ntgyhqg6hq7fanhhsqiw","https://static.www.nfl.com/image/upload/f_auto,q_auto/league/ntgyhqg6hq7fanhhsqiw",69.72625671271902,75.30435724973655,,,0.0,0.0,0.0,0.0,99.0,72.0,727.0,5.0,13.958206640518156,5872.0,Deebo Samuel,SF,155.7,18.0,,,,17.0,89.0,1.0,56.0,628.0,4.0,2.0,177.3,-21.600000000000023,1.0,-19.600000000000023,54,134,5,deebo samuel,130.4,131.2,138.4,142.8,163.0,127.3,127.38,128.0,4,131.97000000000003,128.89,127.3,142.8,15.500000000000014,SF,SF,False,-2.0299999999999727,29.0,-3.5999999999999943,-6.700000000000003,-6.6200000000000045,ESPN,29.0,WAIT
153,30,5,Oronde Gadsden II,TE,LAC,3.0,ACT,False,"https://static.www.nfl.com/image/upload/f_auto,q_auto/league/r8b4oghjwhw8x9nv1wbs","https://static.www.nfl.com/image/upload/f_auto,q_auto/league/r8b4oghjwhw8x9nv1wbs",49.729328741817454,46.745569017308405,,,0.0,0.0,0.0,0.0,69.0,49.0,664.0,3.0,14.0633103757539,12493.0,Oronde Gadsden,LAC,141.8,18.0,,,,,,,56.0,618.0,4.0,0.0,162.5,-20.69999999999999,1.05,-21.73499999999999,22,135,3,oronde gadsden,142.7,172.4,83.1,170.22,416.0,126.6,,,3,146.50666666666666,142.7,126.6,170.22,43.620000000000005,LAC,LAC,False,11.50666666666666,281.0,7.699999999999989,-8.400000000000006,,ESPN,281.0,VALUE
35,2,1,Dallas Goedert,TE,PHI,1.0,ACT,False,"https://static.www.nfl.com/image/upload/f_auto,q_auto/league/bafepstxu7vvxb9v5vua","https://static.www.nfl.com/image/upload/f_auto,q_auto/league/bafepstxu7vvxb9v5vua",93.3260752630564,87.72651074727301,,,0.0,0.0,0.0,0.0,82.0,60.0,591.0,11.0,13.880376315281914,5022.0,Dallas Goedert,PHI,136.0,18.0,,,,,,,53.0,590.0,4.0,6.0,162.5,-26.5,1.05,-21.825000000000003,23,136,3,dallas goedert,121.6,124.4,93.6,103.61,132.0,105.4,85.11,82.0,4,103.93,104.505,85.11,121.6,36.49,PHI,PHI,False,-32.06999999999999,-4.0,-14.400000000000006,-30.599999999999994,-50.89,ESPN,-4.0,REACH / WAIT
69,14,3,Sam Darnold,QB,SEA,1.0,ACT,False,"https://static.www.nfl.com/image/upload/f_auto,q_auto/league/fyay8vruj0cqmhopufzk","https://static.www.nfl.com/image/upload/f_auto,q_auto/league/fyay8vruj0cqmhopufzk",85.6888888888889,75.40622222222223,,,4048.0,25.0,0.0,0.0,0.0,0.0,0.0,0.0,0.0,4943.0,Sam Darnold,SEA,262.74,18.0,3676.0,26.0,12.0,44.0,157.0,2.0,,,,6.0,295.72,-32.98000000000002,0.9,-23.682000000000016,22,137,3,sam darnold,163.7,185.4,168.4,162.47,287.0,122.5,145.2,150.0,4,148.46749999999997,153.83499999999998,122.5,163.7,41.19999999999999,SEA,SEA,False,11.467499999999973,150.0,26.69999999999999,-14.5,8.199999999999989,ESPN,150.0,VALUE
148,32,3,Blake Corum,RB,LA,2.0,ACT,False,"https://static.www.nfl.com/image/upload/f_auto,q_auto/league/axzqbqjkrbwfzodwwakq","https://static.www.nfl.com/image/upload/f_auto,q_auto/league/axzqbqjkrbwfzodwwakq",44.65714285714286,48.22971428571429,,,0.0,0.0,746.0,6.0,0.0,0.0,0.0,0.0,0.0,11586.0,Blake Corum,LAR,135.3,18.0,,,,172.0,757.0,6.0,15.0,106.0,,2.0,160.1,-24.799999999999983,1.08,-24.783999999999985,39,138,5,blake corum,101.0,92.3,68.1,126.01,138.0,99.5,103.55,101.0,4,107.515,102.275,99.5,126.01,26.510000000000005,LA,LAR,False,-30.485,0.0,-37.0,-38.5,-34.45,ESPN,0.0,REACH / WAIT
163,34,3,Chris Rodriguez Jr.,RB,JAX,2.0,ACT,False,"https://static.www.nfl.com/image/upload/f_auto,q_auto/league/pknd5uajvpvfd8c744im","https://static.www.nfl.com/image/upload/f_auto,q_auto/league/pknd5uajvpvfd8c744im",41.14285714285714,44.434285714285714,,,0.0,0.0,500.0,6.0,0.0,0.0,0.0,0.0,0.0,10219.0,Chris Rodriguez,JAX,132.5,18.0,,,,171.0,728.0,6.0,15.0,107.0,,2.0,160.1,-27.599999999999994,1.08,-27.808,40,139,5,chris rodriguez,139.9,125.8,142.5,164.44,188.0,130.8,137.62,140.0,4,143.19,138.76,130.8,164.44,33.639999999999986,JAX,JAX,False,4.189999999999998,49.0,0.9000000000000057,-8.199999999999989,-1.3799999999999955,ESPN,49.0,WAIT
143,28,4,Gunnar Helm,TE,TEN,1.0,ACT,False,"https://static.www.nfl.com/image/upload/f_auto,q_auto/league/hewm6ztgka7xkbl6ybvb","https://static.www.nfl.com/image/upload/f_auto,q_auto/league/hewm6ztgka7xkbl6ybvb",52.62627500650021,49.468698506110194,,,0.0,0.0,0.0,0.0,55.0,44.0,357.0,2.0,7.631375032501049,12502.0,Gunnar Helm,TEN,130.3,18.0,,,,,,,57.0,553.0,3.0,6.0,162.5,-32.19999999999999,1.05,-27.809999999999988,24,140,3,gunnar helm,233.1,244.1,152.6,170.78,313.0,,,,2,201.94,201.94,170.78,233.1,62.31999999999999,TEN,TEN,False,61.94,173.0,93.1,,,ESPN,173.0,PLATFORM STEAL
94,13,2,Jacory Croskey-Merritt,RB,WAS,1.0,ACT,False,"https://static.www.nfl.com/image/upload/f_auto,q_auto/league/qew4qhlj4yuf50voko61","https://static.www.nfl.com/image/upload/f_auto,q_auto/league/qew4qhlj4yuf50voko61",60.5,65.34,,,0.0,0.0,805.0,8.0,0.0,0.0,0.0,0.0,0.0,12533.0,Jacory Croskey-Merritt,WAS,127.9,18.0,,,,141.0,614.0,5.0,19.0,135.0,1.0,6.0,160.1,-32.19999999999999,1.08,-28.77599999999999,41,141,5,jacory croskey merritt,115.8,98.1,94.8,135.86,147.0,107.0,104.55,103.0,4,115.8025,111.4,104.55,135.86,31.310000000000016,WAS,WAS,False,-25.197500000000005,6.0,-25.200000000000003,-34.0,-36.45,ESPN,6.0,REACH / WAIT
119,20,4,Pat Freiermuth,TE,PIT,1.0,ACT,False,"https://static.www.nfl.com/image/upload/f_auto,q_auto/league/pyrdsypgggjshiaygkr7","https://static.www.nfl.com/image/upload/f_auto,q_auto/league/pyrdsypgggjshiaygkr7",61.48888688179813,57.79955366889024,,,0.0,0.0,0.0,0.0,54.0,41.0,486.0,4.0,10.44443440899062,7600.0,Pat Freiermuth,PIT,128.4,18.0,,,,,,,51.0,534.0,4.0,6.0,162.5,-34.099999999999994,1.05,-29.804999999999996,25,142,4,pat freiermuth,239.9,230.3,,169.68,301.0,124.4,,,3,177.99333333333334,169.68,124.4,239.9,115.5,PIT,PIT,False,35.99333333333334,159.0,97.9,-17.599999999999994,,ESPN,159.0,PLATFORM STEAL
177,38,4,Rachaad White,RB,WAS,2.0,ACT,False,"https://static.www.nfl.com/image/upload/f_auto,q_auto/league/wtdhs50gcl2p6vngsnre","https://static.www.nfl.com/image/upload/f_auto,q_auto/league/wtdhs50gcl2p6vngsnre",36.17142857142857,39.06514285714286,,,0.0,0.0,572.0,4.0,0.0,0.0,0.0,0.0,0.0,8136.0,Rachaad White,WAS,128.1,18.0,,,,114.0,468.0,3.0,34.0,253.0,1.0,2.0,160.1,-32.0,1.08,-32.56,42,143,5,rachaad white,133.5,123.1,124.8,125.63,121.0,124.0,126.14,127.0,4,127.3175,125.885,124.0,133.5,9.5,WAS,WAS,False,-15.682500000000005,-22.0,-9.5,-19.0,-16.86,Sleeper,-9.5,FAIR VALUE
125,23,4,Cade Otton,TE,TB,1.0,ACT,False,"https://static.www.nfl.com/image/upload/f_auto,q_auto/league/yanr6h9aplae3jyzimf7","https://static.www.nfl.com/image/upload/f_auto,q_auto/league/yanr6h9aplae3jyzimf7",59.795366036093206,56.20764407392761,,,0.0,0.0,0.0,0.0,81.0,59.0,572.0,1.0,9.060163513799353,8111.0,Cade Otton,TB,122.3,18.0,,,,,,,53.0,513.0,3.0,6.0,162.5,-40.2,1.05,-36.21000000000001,26,144,4,cade otton,233.1,246.0,147.5,170.33,369.0,,166.41,197.0,3,189.9466666666667,170.33,166.41,233.1,66.69,TB,TB,False,45.94666666666669,225.0,89.1,,22.409999999999997,ESPN,225.0,PLATFORM STEAL
95,20,4,C.J. Stroud,QB,HOU,1.0,ACT,False,"https://static.www.nfl.com/image/upload/f_auto,q_auto/league/tt4zrtxlhifaljhj0rn7","https://static.www.nfl.com/image/upload/f_auto,q_auto/league/tt4zrtxlhifaljhj0rn7",74.09444444444445,65.20311111111111,,,3041.0,19.0,0.0,0.0,0.0,0.0,0.0,0.0,0.0,9758.0,C.J. Stroud,HOU,247.82,18.0,3593.0,22.0,12.0,53.0,201.0,2.0,,,,6.0,295.72,-47.900000000000034,0.9,-37.11000000000004,23,145,3,c j stroud,206.0,209.5,166.3,165.41,285.0,125.5,154.69,168.0,4,162.89999999999998,160.05,125.5,206.0,80.5,HOU,HOU,False,17.899999999999977,140.0,61.0,-19.5,9.689999999999998,ESPN,140.0,VALUE
96,48,4,Rashid Shaheed,WR,SEA,2.0,ACT,False,"https://static.www.nfl.com/image/upload/f_auto,q_auto/league/ku2naisfbxmzgagxojnm","https://static.www.nfl.com/image/upload/f_auto,q_auto/league/ku2naisfbxmzgagxojnm",60.15305593933256,64.96530041447917,,,0.0,0.0,0.0,0.0,92.0,59.0,687.0,2.0,22.919125850508955,8676.0,Rashid Shaheed,SEA,138.1,18.0,,,,8.0,46.0,,45.0,665.0,4.0,2.0,177.3,-39.20000000000002,1.0,-37.20000000000002,55,146,5,rashid shaheed,148.8,150.8,161.9,160.65,214.0,128.4,143.81,148.0,4,145.41500000000002,146.305,128.4,160.65,32.25,SEA,SEA,False,-0.5849999999999795,68.0,2.8000000000000114,-17.599999999999994,-2.1899999999999977,ESPN,68.0,WAIT
103,51,4,Malik Washington,WR,MIA,1.0,ACT,False,"https://static.www.nfl.com/image/upload/f_auto,q_auto/league/dmaiwnmaal9nrwfskl28","https://static.www.nfl.com/image/upload/f_auto,q_auto/league/dmaiwnmaal9nrwfskl28",57.25969068160232,61.84046593613051,,,0.0,0.0,0.0,0.0,65.0,46.0,317.0,3.0,10.6638380233962,11610.0,Malik Washington,MIA,131.3,18.0,,,,22.0,121.0,1.0,48.0,472.0,3.0,6.0,177.3,-46.0,1.0,-40.0,56,147,5,malik washington,176.4,179.5,,170.11,308.0,,,,2,173.255,173.255,170.11,176.4,6.289999999999992,MIA,MIA,False,26.254999999999995,161.0,29.400000000000006,,,ESPN,161.0,PLATFORM STEAL
198,40,5,Darren Waller,TE,CAR,3.0,ACT,False,"https://static.www.nfl.com/image/upload/f_auto,q_auto/league/loyehiyzcu2lexjk7plq","https://static.www.nfl.com/image/upload/f_auto,q_auto/league/loyehiyzcu2lexjk7plq",31.88591942932131,29.972764263562027,,,0.0,0.0,0.0,0.0,18.0,15.0,184.0,3.0,28.5962638132732,2505.0,Darren Waller,CAR,122.6,18.0,,,,,,,47.0,516.0,4.0,0.0,162.5,-39.900000000000006,1.05,-41.89500000000001,27,148,4,darren waller,,680.2,,170.39,367.0,,,,1,170.39,170.39,170.39,170.39,0.0,CAR,CAR,False,22.389999999999986,219.0,,,,ESPN,219.0,PLATFORM STEAL
343,114,5,Denzel Boston,WR,CLE,3.0,ACT,True,"https://static.www.nfl.com/image/upload/f_auto,q_auto/league/ybkny6eh5eegq3bqmony","https://static.www.nfl.com/image/upload/f_auto,q_auto/league/ybkny6eh5eegq3bqmony",9.0,9.72,,,0.0,0.0,0.0,0.0,0.0,0.0,0.0,0.0,0.0,13346.0,Denzel Boston,CLE,134.7,18.0,,,,2.0,13.0,,53.0,624.0,3.0,0.0,177.3,-42.60000000000002,1.0,-42.60000000000002,57,149,5,denzel boston,170.1,170.2,153.3,169.07,215.0,131.4,154.7,169.0,4,156.3175,161.885,131.4,170.1,38.69999999999999,CLE,CLE,False,7.3174999999999955,66.0,21.099999999999994,-17.599999999999994,5.699999999999989,ESPN,66.0,WAIT
126,54,4,Jalen Nailor,WR,LV,2.0,ACT,False,"https://static.www.nfl.com/image/upload/f_auto,q_auto/league/nojopyt8hxuwycxyaokb","https://static.www.nfl.com/image/upload/f_auto,q_auto/league/nojopyt8hxuwycxyaokb",51.71681272011372,55.854157737722815,,,0.0,0.0,0.0,0.0,53.0,29.0,444.0,4.0,18.18021744672241,8180.0,Jalen Nailor,LV,130.6,18.0,,,,3.0,19.0,,46.0,587.0,4.0,2.0,177.3,-46.70000000000002,1.0,-44.70000000000002,58,150,5,jalen nailor,183.5,167.1,197.3,171.15,228.0,129.2,171.35,213.0,4,163.79999999999998,171.25,129.2,183.5,54.30000000000001,LV,LV,False,13.799999999999983,78.0,33.5,-20.80000000000001,21.349999999999994,ESPN,78.0,VALUE
39,28,3,Tre Tucker,WR,LV,1.0,ACT,False,"https://static.www.nfl.com/image/upload/f_auto,q_auto/league/hazzk3hrcequzosdgzgv","https://static.www.nfl.com/image/upload/f_auto,q_auto/league/hazzk3hrcequzosdgzgv",79.53053056728474,85.89297301266753,,,0.0,0.0,0.0,0.0,92.0,57.0,696.0,5.0,29.114191297962183,10213.0,Tre Tucker,LV,125.9,18.0,,,,7.0,37.0,,46.0,582.0,3.0,6.0,177.3,-51.400000000000006,1.0,-45.400000000000006,59,151,5,tre tucker,202.0,181.5,187.5,169.3,227.0,128.1,154.02,164.0,4,163.355,161.66000000000005,128.1,202.0,73.9,LV,LV,False,12.35499999999999,76.0,51.0,-22.900000000000006,3.0200000000000102,ESPN,76.0,VALUE
235,55,4,Tyjae Spears,RB,TEN,2.0,ACT,False,"https://static.www.nfl.com/image/upload/f_auto,q_auto/league/pkly3nkohty1tuijtwty","https://static.www.nfl.com/image/upload/f_auto,q_auto/league/pkly3nkohty1tuijtwty",19.742857142857144,21.32228571428572,,,0.0,0.0,52.0,1.0,0.0,0.0,0.0,0.0,0.0,9508.0,Tyjae Spears,TEN,114.6,18.0,,,,92.0,388.0,2.0,35.0,248.0,1.0,2.0,160.1,-45.5,1.08,-47.14,43,152,5,tyjae spears,164.3,168.6,122.1,146.69,158.0,132.6,146.0,152.0,4,147.3975,146.345,132.6,164.3,31.700000000000017,TEN,TEN,False,-4.602499999999992,6.0,12.300000000000011,-19.400000000000006,-6.0,Sleeper,12.300000000000011,WAIT
82,17,3,Bryce Young,QB,CAR,1.0,ACT,False,"https://static.www.nfl.com/image/upload/f_auto,q_auto/league/vcvhmxvxw2a3armle0af","https://static.www.nfl.com/image/upload/f_auto,q_auto/league/vcvhmxvxw2a3armle0af",79.12777777777778,69.63244444444445,,,3011.0,23.0,0.0,0.0,0.0,0.0,0.0,0.0,0.0,9228.0,Bryce Young,CAR,235.58,18.0,3202.0,20.0,11.0,51.0,245.0,3.0,,,,6.0,295.72,-60.140000000000015,0.9,-48.12600000000001,24,153,3,bryce young,226.3,234.6,197.9,168.9,319.0,121.5,,,3,172.23333333333335,168.9,121.5,226.3,104.8,CAR,CAR,False,19.23333333333335,166.0,73.30000000000001,-31.5,,ESPN,166.0,PLATFORM STEAL
191,39,5,Greg Dulcich,TE,MIA,1.0,ACT,False,"https://static.www.nfl.com/image/upload/f_auto,q_auto/league/kw4cwgjl4kywh6le4sfh","https://static.www.nfl.com/image/upload/f_auto,q_auto/league/kw4cwgjl4kywh6le4sfh",35.523419284124685,33.3920141270772,,,0.0,0.0,0.0,0.0,11.0,10.0,107.0,1.0,13.950429753956769,8172.0,Greg Dulcich,MIA,110.9,18.0,,,,,,,47.0,459.0,3.0,6.0,162.5,-51.6,1.05,-48.18,28,154,4,greg dulcich,229.7,242.8,,170.48,366.0,131.4,167.04,199.0,4,174.65499999999997,168.76,131.4,229.7,98.29999999999998,MIA,MIA,False,20.654999999999973,212.0,75.69999999999999,-22.599999999999994,13.039999999999992,ESPN,212.0,PLATFORM STEAL
340,120,5,De'Zhaun Stribling,WR,SF,3.0,ACT,True,"https://static.www.nfl.com/image/upload/f_auto,q_auto/league/eu1nxtlztiwr5ko48iwz","https://static.www.nfl.com/image/upload/f_auto,q_auto/league/eu1nxtlztiwr5ko48iwz",9.0,9.72,,,0.0,0.0,0.0,0.0,0.0,0.0,0.0,0.0,0.0,13417.0,De'Zhaun Stribling,SF,128.4,18.0,,,,,,,46.0,584.0,4.0,0.0,177.3,-48.900000000000006,1.0,-48.900000000000006,60,155,5,de zhaun stribling,137.7,116.4,213.9,139.28,151.0,109.2,115.14,115.0,4,125.33,126.42,109.2,139.28,30.08,SF,SF,False,-29.67,-4.0,-17.30000000000001,-45.8,-39.86,ESPN,-4.0,REACH / WAIT
234,93,5,Jalen McMillan,WR,TB,3.0,ACT,False,"https://static.www.nfl.com/image/upload/f_auto,q_auto/league/s8tlj5wsi6cq8kjhp06v","https://static.www.nfl.com/image/upload/f_auto,q_auto/league/s8tlj5wsi6cq8kjhp06v",19.83209474141677,21.41866232073012,,,0.0,0.0,0.0,0.0,9.0,7.0,114.0,0.0,34.1412429378531,11618.0,Jalen McMillan,TB,127.4,18.0,,,,6.0,33.0,,44.0,561.0,4.0,0.0,177.3,-49.900000000000006,1.0,-49.900000000000006,61,156,6,jalen mcmillan,210.8,210.7,165.4,164.07,173.0,,,,2,187.435,187.435,164.07,210.8,46.73000000000002,TB,TB,False,31.435000000000002,17.0,54.80000000000001,,,Sleeper,54.80000000000001,PLATFORM STEAL
344,118,5,Omar Cooper Jr.,WR,NYJ,3.0,ACT,True,"https://static.www.nfl.com/image/upload/f_auto,q_auto/league/lmua2lbg0m77ibvydvaq","https://static.www.nfl.com/image/upload/f_auto,q_auto/league/lmua2lbg0m77ibvydvaq",9.0,9.72,,,0.0,0.0,0.0,0.0,0.0,0.0,0.0,0.0,0.0,13276.0,Omar Cooper,NYJ,127.1,18.0,,,,3.0,14.0,,45.0,567.0,4.0,0.0,177.3,-50.20000000000002,1.0,-50.20000000000002,62,157,6,omar cooper,194.9,197.5,150.9,171.16,306.0,,,,2,183.03,183.03,171.16,194.9,23.74000000000001,NYJ,NYJ,False,26.03,149.0,37.900000000000006,,,ESPN,149.0,PLATFORM STEAL
185,40,4,Tyrone Tracy Jr.,RB,NYG,2.0,ACT,False,"https://static.www.nfl.com/image/upload/f_auto,q_auto/league/b9nje50lohbprf06xoom","https://static.www.nfl.com/image/upload/f_auto,q_auto/league/b9nje50lohbprf06xoom",32.57142857142857,35.177142857142854,,,0.0,0.0,740.0,2.0,0.0,0.0,0.0,0.0,0.0,11655.0,Tyrone Tracy,NYG,111.3,18.0,,,,124.0,528.0,3.0,21.0,155.0,1.0,2.0,160.1,-48.8,1.08,-50.704,44,158,5,tyrone tracy,174.5,152.1,109.5,170.36,350.0,130.8,145.78,151.0,4,155.36,158.07,130.8,174.5,43.69999999999999,NYG,NYG,False,-2.6399999999999864,192.0,16.5,-27.19999999999999,-12.219999999999999,ESPN,192.0,WAIT
49,31,3,Jerry Jeudy,WR,CLE,1.0,ACT,False,"https://static.www.nfl.com/image/upload/f_auto,q_auto/league/szca1v9butuqkjs7ekpm","https://static.www.nfl.com/image/upload/f_auto,q_auto/league/szca1v9butuqkjs7ekpm",74.04085803141602,79.96412667392931,,,0.0,0.0,0.0,0.0,106.0,50.0,602.0,2.0,36.3965978493878,6783.0,Jerry Jeudy,CLE,119.6,18.0,,,,1.0,5.0,,43.0,581.0,3.0,6.0,177.3,-57.70000000000002,1.0,-51.70000000000002,63,159,6,jerry jeudy,186.9,211.6,159.5,168.71,216.0,,159.21,180.0,3,171.60666666666668,168.71,159.21,186.9,27.69,CLE,CLE,False,12.606666666666683,57.0,27.900000000000006,,0.21000000000000796,ESPN,57.0,VALUE
149,63,4,Kayshon Boutte,WR,HOU,4.0,ACT,False,"https://static.www.nfl.com/image/upload/f_auto,q_auto/league/mg4icjqhwhnc5uobmau5","https://static.www.nfl.com/image/upload/f_auto,q_auto/league/mg4icjqhwhnc5uobmau5",44.54791443962173,48.11174759479147,,,0.0,0.0,0.0,0.0,46.0,33.0,551.0,6.0,17.854956813493235,9504.0,Kayshon Boutte,HOU,125.2,18.0,,,,,,,41.0,602.0,4.0,-2.0,177.3,-52.10000000000001,1.0,-54.10000000000001,64,160,6,kayshon boutte,199.7,177.3,164.2,170.57,307.0,,164.86,191.0,3,178.3766666666667,170.57,164.86,199.7,34.839999999999975,HOU,HOU,False,18.376666666666694,147.0,39.69999999999999,,4.860000000000014,ESPN,147.0,PLATFORM STEAL
183,36,5,Mike Gesicki,TE,CIN,1.0,ACT,False,"https://static.www.nfl.com/image/upload/f_auto,q_auto/league/dykckg6we3cnw9yhpggi","https://static.www.nfl.com/image/upload/f_auto,q_auto/league/dykckg6we3cnw9yhpggi",38.10285090748026,35.816679853031445,,,0.0,0.0,0.0,0.0,17.0,12.0,136.0,1.0,16.930921204067985,4993.0,Mike Gesicki,CIN,104.9,18.0,,,,,,,42.0,449.0,3.0,6.0,162.5,-57.6,1.05,-54.48,29,161,4,mike gesicki,,659.6,,170.22,417.0,,,,1,170.22,170.22,170.22,170.22,0.0,CIN,CIN,False,9.219999999999999,256.0,,,,ESPN,256.0,VALUE
111,22,4,Cam Ward,QB,TEN,1.0,ACT,False,"https://static.www.nfl.com/image/upload/f_auto,q_auto/league/l7switu6stlwd2irm8yo","https://static.www.nfl.com/image/upload/f_auto,q_auto/league/l7switu6stlwd2irm8yo",67.20555555555555,59.14088888888888,,,3169.0,15.0,0.0,0.0,0.0,0.0,0.0,0.0,0.0,12522.0,Cam Ward,TEN,227.84,18.0,3516.0,19.0,13.0,46.0,182.0,2.0,,,,6.0,295.72,-67.88000000000002,0.9,-55.09200000000002,25,162,4,cam ward,229.5,230.2,191.2,169.21,320.0,124.3,,,3,174.33666666666667,169.21,124.3,229.5,105.2,TEN,TEN,False,12.336666666666673,158.0,67.5,-37.7,,ESPN,158.0,VALUE
150,64,4,Ryan Flournoy,WR,DAL,3.0,ACT,False,"https://static.www.nfl.com/image/upload/f_auto,q_auto/league/tqwq3cgpqu7j9hzoyicx","https://static.www.nfl.com/image/upload/f_auto,q_auto/league/tqwq3cgpqu7j9hzoyicx",44.247062959135306,47.78682799586613,,,0.0,0.0,0.0,0.0,56.0,40.0,475.0,4.0,9.696853257215004,11783.0,Ryan Flournoy,DAL,121.2,18.0,,,,2.0,13.0,,47.0,549.0,3.0,0.0,177.3,-56.10000000000001,1.0,-56.10000000000001,65,163,6,ryan flournoy,230.7,231.7,198.5,171.09,299.0,,,,2,200.895,200.895,171.09,230.7,59.60999999999999,DAL,DAL,False,37.89500000000001,136.0,67.69999999999999,,,ESPN,136.0,PLATFORM STEAL
93,19,4,Daniel Jones,QB,IND,1.0,ACT,False,"https://static.www.nfl.com/image/upload/f_auto,q_auto/league/ohvvctuykzwrpqer7xgl","https://static.www.nfl.com/image/upload/f_auto,q_auto/league/ohvvctuykzwrpqer7xgl",74.42777777777778,65.49644444444445,,,3101.0,19.0,0.0,0.0,0.0,0.0,0.0,0.0,0.0,5870.0,Daniel Jones,IND,223.54,18.0,3286.0,19.0,11.0,47.0,191.0,2.0,,,,6.0,295.72,-72.18000000000004,0.9,-58.96200000000003,26,164,4,daniel jones,203.2,220.1,197.1,159.96,190.0,127.1,152.96,163.0,4,160.805,156.46,127.1,203.2,76.1,IND,IND,False,-3.194999999999993,26.0,39.19999999999999,-36.900000000000006,-11.039999999999992,Sleeper,39.19999999999999,WAIT
127,26,4,Geno Smith,QB,NYJ,1.0,ACT,False,"https://static.www.nfl.com/image/upload/f_auto,q_auto/league/zppfqqcyjfma14jjif3a","https://static.www.nfl.com/image/upload/f_auto,q_auto/league/zppfqqcyjfma14jjif3a",63.20555555555556,55.62088888888889,,,3025.0,19.0,0.0,0.0,0.0,0.0,0.0,0.0,0.0,1373.0,Geno Smith,NYJ,222.48,18.0,3372.0,22.0,14.0,45.0,156.0,1.0,,,,6.0,295.72,-73.24000000000004,0.9,-59.91600000000004,27,165,4,geno smith,,257.0,,170.04,382.0,,,,1,170.04,170.04,170.04,170.04,0.0,NYJ,NYJ,False,5.039999999999992,217.0,,,,ESPN,217.0,WAIT
140,27,4,Mason Taylor,TE,NYJ,1.0,ACT,False,"https://static.www.nfl.com/image/upload/f_auto,q_auto/league/xittx9gih104lw1atfiv","https://static.www.nfl.com/image/upload/f_auto,q_auto/league/xittx9gih104lw1atfiv",52.98393249645875,49.80489654667122,,,0.0,0.0,0.0,0.0,65.0,44.0,369.0,1.0,11.919662482293752,12498.0,Mason Taylor,NYJ,96.4,18.0,,,,,,,40.0,384.0,3.0,6.0,162.5,-66.1,1.05,-63.405,30,166,4,mason taylor,224.3,667.6,137.5,170.0,464.0,,,,2,197.15,197.15,170.0,224.3,54.30000000000001,NYJ,NYJ,False,31.150000000000006,298.0,58.30000000000001,,,ESPN,298.0,PLATFORM STEAL
272,62,5,Kenyon Sadiq,TE,NYJ,2.0,ACT,True,"https://static.www.nfl.com/image/upload/f_auto,q_auto/league/mnswulwto4yqkgmugoiq","https://static.www.nfl.com/image/upload/f_auto,q_auto/league/mnswulwto4yqkgmugoiq",16.0,15.04,,,0.0,0.0,0.0,0.0,0.0,0.0,0.0,0.0,0.0,13330.0,Kenyon Sadiq,NYJ,100.2,18.0,,,,2.0,7.0,,40.0,415.0,3.0,2.0,162.5,-62.3,1.05,-63.415000000000006,31,167,4,kenyon sadiq,173.3,193.7,108.5,163.88,234.0,130.0,162.88,186.0,4,157.515,163.38,130.0,173.3,43.30000000000001,NYJ,NYJ,False,-9.485000000000014,67.0,6.300000000000011,-37.0,-4.1200000000000045,ESPN,67.0,WAIT
229,91,5,Tre Harris,WR,LAC,3.0,ACT,False,"https://static.www.nfl.com/image/upload/f_auto,q_auto/league/v5ofh8jggzo8rygtpwl7","https://static.www.nfl.com/image/upload/f_auto,q_auto/league/v5ofh8jggzo8rygtpwl7",20.84600127492043,22.513681376914064,,,0.0,0.0,0.0,0.0,21.0,13.0,158.0,0.0,20.826160220755984,12509.0,Tre' Harris,LAC,112.9,18.0,,,,1.0,6.0,,39.0,493.0,4.0,0.0,177.3,-64.4,1.0,-64.4,66,168,6,tre harris,230.5,229.3,178.7,171.16,297.0,,,,2,200.83,200.83,171.16,230.5,59.34,LAC,LAC,False,32.83000000000001,129.0,62.5,,,ESPN,129.0,PLATFORM STEAL
175,75,5,Devaughn Vele,WR,NO,2.0,ACT,False,"https://static.www.nfl.com/image/upload/f_auto,q_auto/league/fa3dwsu8nxzkbf2knczm","https://static.www.nfl.com/image/upload/f_auto,q_auto/league/fa3dwsu8nxzkbf2knczm",36.435711606897534,39.35056853544934,,,0.0,0.0,0.0,0.0,31.0,20.0,249.0,1.0,29.274711880641508,11834.0,Devaughn Vele,NO,110.6,18.0,,,,1.0,10.0,,42.0,496.0,3.0,2.0,177.3,-66.70000000000002,1.0,-64.70000000000002,67,169,6,devaughn vele,239.8,680.1,208.6,171.65,237.0,,,,2,205.725,205.725,171.65,239.8,68.15,NO,NO,False,36.724999999999994,68.0,70.80000000000001,,,Sleeper,70.80000000000001,PLATFORM STEAL
382,87,5,Terrance Ferguson,TE,LA,3.0,ACT,False,"https://static.www.nfl.com/image/upload/f_auto,q_auto/league/w5o0s5yf6j5dsmiwdtfg","https://static.www.nfl.com/image/upload/f_auto,q_auto/league/w5o0s5yf6j5dsmiwdtfg",9.0,8.459999999999999,,,0.0,0.0,0.0,0.0,0.0,0.0,0.0,0.0,0.0,12487.0,Terrance Ferguson,LAR,100.3,18.0,,,,,,,35.0,413.0,4.0,0.0,162.5,-62.2,1.05,-65.31,32,170,4,terrance ferguson,206.8,206.2,141.1,168.61,213.0,127.3,,,3,167.57000000000002,168.61,127.3,206.8,79.50000000000001,LA,LAR,False,-2.4299999999999784,43.0,36.80000000000001,-42.7,,ESPN,43.0,WAIT
263,67,5,Keaton Mitchell,RB,LAC,2.0,ACT,False,"https://static.www.nfl.com/image/upload/f_auto,q_auto/league/ztciwwpbyaffmckwrzdk","https://static.www.nfl.com/image/upload/f_auto,q_auto/league/ztciwwpbyaffmckwrzdk",16.0,17.28,,,0.0,0.0,0.0,0.0,0.0,0.0,0.0,0.0,0.0,9511.0,Keaton Mitchell,LAC,96.9,18.0,,,,88.0,435.0,3.0,18.0,134.0,1.0,2.0,160.1,-63.19999999999999,1.08,-66.25599999999999,45,171,5,keaton mitchell,185.8,165.7,148.2,169.35,203.0,131.7,155.31,171.0,4,160.54,162.32999999999998,131.7,185.8,54.10000000000002,LAC,LAC,False,-10.460000000000008,32.0,14.800000000000011,-39.30000000000001,-15.689999999999998,ESPN,32.0,WAIT
515,110,5,Mike Washington Jr.,RB,LV,,ACT,True,"https://static.www.nfl.com/image/upload/f_auto,q_auto/league/ocdjq5ohmtgdghqdh5m4","https://static.www.nfl.com/image/upload/f_auto,q_auto/league/ocdjq5ohmtgdghqdh5m4",0.0,0.0,,,0.0,0.0,0.0,0.0,0.0,0.0,0.0,0.0,0.0,13305.0,Mike Washington,LV,97.5,18.0,,,,111.0,458.0,3.0,16.0,117.0,1.0,0.0,160.1,-62.6,1.08,-67.608,46,172,5,mike washington,160.2,137.0,138.5,163.97,198.0,123.3,123.27,124.0,4,142.685,141.75,123.27,163.97,40.7,LV,LV,False,-29.314999999999998,26.0,-11.800000000000011,-48.7,-48.730000000000004,ESPN,26.0,REACH / WAIT
75,42,3,Keenan Allen,WR,IND,3.0,ACT,False,"https://static.www.nfl.com/image/upload/f_auto,q_auto/league/ri267r6lzfwarh89hsn6","https://static.www.nfl.com/image/upload/f_auto,q_auto/league/ri267r6lzfwarh89hsn6",68.12976379645531,73.58014490017173,,,0.0,0.0,0.0,0.0,122.0,81.0,777.0,4.0,23.37958821304573,1479.0,Keenan Allen,IND,106.8,18.0,,,,,,,44.0,448.0,3.0,0.0,177.3,-70.50000000000001,1.0,-70.50000000000001,68,173,6,keenan allen,200.9,178.3,204.9,165.41,205.0,125.7,160.85,182.0,4,163.215,163.13,125.7,200.9,75.2,IND,IND,False,-9.784999999999997,32.0,27.900000000000006,-47.3,-12.150000000000006,ESPN,32.0,WAIT
55,33,3,Jauan Jennings,WR,MIN,3.0,ACT,False,"https://static.www.nfl.com/image/upload/f_auto,q_auto/league/ben8kbygzzlid6ltmdum","https://static.www.nfl.com/image/upload/f_auto,q_auto/league/ben8kbygzzlid6ltmdum",72.8644580462252,78.69361468992322,,,0.0,0.0,0.0,0.0,90.0,55.0,643.0,9.0,22.3607517695875,7049.0,Jauan Jennings,MIN,105.7,18.0,,,,,,,39.0,487.0,3.0,0.0,177.3,-71.60000000000001,1.0,-71.60000000000001,69,174,6,jauan jennings,213.8,213.1,123.2,171.13,290.0,126.0,170.9,212.0,4,170.4575,171.015,126.0,213.8,87.80000000000001,MIN,MIN,False,-3.5424999999999898,116.0,39.80000000000001,-48.0,-3.0999999999999943,ESPN,116.0,WAIT
347,113,5,Ja'Kobi Lane,WR,BAL,3.0,ACT,True,"https://static.www.nfl.com/image/upload/f_auto,q_auto/league/gjezd2a8imfrxyv16wuj","https://static.www.nfl.com/image/upload/f_auto,q_auto/league/gjezd2a8imfrxyv16wuj",9.0,9.72,,,0.0,0.0,0.0,0.0,0.0,0.0,0.0,0.0,0.0,13293.0,Ja'Kobi Lane,BAL,104.9,18.0,,,,1.0,6.0,,35.0,453.0,4.0,0.0,177.3,-72.4,1.0,-72.4,70,175,6,ja kobi lane,161.8,143.4,168.3,168.85,283.0,126.9,154.29,167.0,4,152.95999999999998,158.04500000000002,126.9,168.85,41.94999999999999,BAL,BAL,False,-22.04000000000002,108.0,-13.199999999999989,-48.099999999999994,-20.710000000000008,ESPN,108.0,REACH / WAIT
196,78,5,Rashod Bateman,WR,BAL,2.0,ACT,False,"https://static.www.nfl.com/image/upload/f_auto,q_auto/league/gtktmsfcxc1eijwpwzyq","https://static.www.nfl.com/image/upload/f_auto,q_auto/league/gtktmsfcxc1eijwpwzyq",28.357591877393386,30.626199227584856,,,0.0,0.0,0.0,0.0,7.0,5.0,63.0,1.0,33.19180554081307,7571.0,Rashod Bateman,BAL,102.3,18.0,,,,,,,36.0,483.0,3.0,2.0,177.3,-75.00000000000001,1.0,-73.00000000000001,71,176,6,rashod bateman,232.7,700.9,203.3,171.45,235.0,,,,2,202.075,202.075,171.45,232.7,61.25,BAL,BAL,False,26.07499999999999,59.0,56.69999999999999,,,ESPN,59.0,PLATFORM STEAL
294,58,5,Fernando Mendoza,QB,LV,2.0,ACT,True,"https://static.www.nfl.com/image/upload/f_auto,q_auto/league/umygvel2pumkyvxt3jm9","https://static.www.nfl.com/image/upload/f_auto,q_auto/league/umygvel2pumkyvxt3jm9",16.0,14.08,,,0.0,0.0,0.0,0.0,0.0,0.0,0.0,0.0,0.0,13269.0,Fernando Mendoza,LV,212.16,18.0,2894.0,19.0,11.0,53.0,234.0,2.0,,,,2.0,295.72,-83.56000000000003,0.9,-73.20400000000004,28,177,4,fernando mendoza,187.0,204.2,188.5,168.51,385.0,118.7,,,3,158.07,168.51,118.7,187.0,68.3,LV,LV,False,-18.930000000000007,208.0,10.0,-58.3,,ESPN,208.0,REACH / WAIT
452,178,5,Malachi Fields,WR,NYG,4.0,ACT,True,"https://static.www.nfl.com/image/upload/f_auto,q_auto/league/tpls1aptxx9x8xaqvjtj","https://static.www.nfl.com/image/upload/f_auto,q_auto/league/tpls1aptxx9x8xaqvjtj",3.0,3.24,,,0.0,0.0,0.0,0.0,0.0,0.0,0.0,0.0,0.0,13285.0,Malachi Fields,NYG,105.2,18.0,,,,1.0,7.0,,38.0,485.0,3.0,-2.0,177.3,-72.10000000000001,1.0,-74.10000000000001,72,178,6,malachi fields,218.2,199.2,210.2,170.41,293.0,,,,2,194.305,194.305,170.41,218.2,47.78999999999999,NYG,NYG,False,16.305000000000007,115.0,40.19999999999999,,,ESPN,115.0,VALUE
246,59,5,Dylan Sampson,RB,CLE,2.0,ACT,False,"https://static.www.nfl.com/image/upload/f_auto,q_auto/league/den1hzzomdxfcsgk88o5","https://static.www.nfl.com/image/upload/f_auto,q_auto/league/den1hzzomdxfcsgk88o5",17.257142857142856,18.637714285714285,,,0.0,0.0,88.0,0.0,0.0,0.0,0.0,0.0,0.0,12469.0,Dylan Sampson,CLE,88.7,18.0,,,,78.0,321.0,2.0,23.0,176.0,1.0,2.0,160.1,-71.39999999999999,1.08,-75.112,47,179,5,dylan sampson,190.4,195.1,128.5,169.17,199.0,,157.98,175.0,3,172.51666666666665,169.17,157.98,190.4,32.420000000000016,CLE,CLE,False,-6.4833333333333485,20.0,11.400000000000006,,-21.02000000000001,ESPN,20.0,WAIT
121,53,4,Adonai Mitchell,WR,NYJ,2.0,ACT,False,"https://static.www.nfl.com/image/upload/f_auto,q_auto/league/hwwacoa3pqapd7pgahfx","https://static.www.nfl.com/image/upload/f_auto,q_auto/league/hwwacoa3pqapd7pgahfx",52.57488752679298,56.78087852893642,,,0.0,0.0,0.0,0.0,74.0,33.0,453.0,2.0,25.528283787811045,11625.0,Adonai Mitchell,NYJ,98.3,18.0,,,,1.0,10.0,,35.0,443.0,3.0,2.0,177.3,-79.00000000000001,1.0,-77.00000000000001,73,180,6,adonai mitchell,231.0,223.2,162.2,171.22,221.0,,,,2,201.11,201.11,171.22,231.0,59.78,NYJ,NYJ,False,21.110000000000014,41.0,51.0,,,Sleeper,51.0,PLATFORM STEAL
220,88,5,Travis Hunter,WR,JAX,4.0,ACT,False,"https://static.www.nfl.com/image/upload/f_auto,q_auto/league/absw1gfqoiztajjagmf6","https://static.www.nfl.com/image/upload/f_auto,q_auto/league/absw1gfqoiztajjagmf6",23.22374151092558,25.08164083179963,,,0.0,0.0,0.0,0.0,45.0,28.0,298.0,1.0,6.945630631550991,12530.0,Travis Hunter,JAX,100.6,18.0,,,,4.0,21.0,,35.0,415.0,3.0,-2.0,177.3,-76.70000000000002,1.0,-78.70000000000002,74,181,6,travis hunter,169.0,188.3,157.4,118.88,109.0,125.5,,,3,137.79333333333332,125.5,118.88,169.0,50.120000000000005,JAX,JAX,False,-43.20666666666668,-72.0,-12.0,-55.5,,Sleeper,-12.0,REACH / WAIT
204,41,5,Darnell Washington,TE,PIT,2.0,ACT,False,"https://static.www.nfl.com/image/upload/f_auto,q_auto/league/inwx7uipfktapaump5pj","https://static.www.nfl.com/image/upload/f_auto,q_auto/league/inwx7uipfktapaump5pj",31.095707973871804,29.22996549543949,,,0.0,0.0,0.0,0.0,21.0,14.0,174.0,1.0,18.728539869359,9479.0,Darnell Washington,PIT,85.1,18.0,,,,,,,33.0,341.0,3.0,2.0,162.5,-77.4,1.05,-79.27000000000001,33,182,4,darnell washington,,674.8,,169.84,445.0,,,,1,169.84,169.84,169.84,169.84,0.0,PIT,PIT,False,-12.159999999999997,263.0,,,,ESPN,263.0,WAIT
437,183,5,Germie Bernard,WR,PIT,4.0,ACT,True,"https://static.www.nfl.com/image/upload/f_auto,q_auto/league/rsbtypbsvxux94vokb5q","https://static.www.nfl.com/image/upload/f_auto,q_auto/league/rsbtypbsvxux94vokb5q",3.0,3.24,,,0.0,0.0,0.0,0.0,0.0,0.0,0.0,0.0,0.0,13274.0,Germie Bernard,PIT,98.9,18.0,,,,2.0,10.0,,36.0,439.0,3.0,-2.0,177.3,-78.4,1.0,-80.4,75,183,6,germie bernard,229.8,241.4,193.6,171.31,296.0,,,,2,200.555,200.555,171.31,229.8,58.49000000000001,PIT,PIT,False,17.555000000000007,113.0,46.80000000000001,,,ESPN,113.0,VALUE
187,41,4,Woody Marks,RB,HOU,2.0,ACT,False,"https://static.www.nfl.com/image/upload/f_auto,q_auto/league/y5ntpcenhhhv98uz2fys","https://static.www.nfl.com/image/upload/f_auto,q_auto/league/y5ntpcenhhhv98uz2fys",32.042857142857144,34.60628571428572,,,0.0,0.0,703.0,2.0,0.0,0.0,0.0,0.0,0.0,12474.0,Woody Marks,HOU,83.8,18.0,,,,86.0,351.0,2.0,19.0,137.0,1.0,2.0,160.1,-76.3,1.08,-80.404,48,184,5,woody marks,149.0,141.9,104.9,151.72,165.0,130.7,134.88,137.0,4,141.575,141.94,130.7,151.72,21.02000000000001,HOU,HOU,False,-42.42500000000001,-19.0,-35.0,-53.30000000000001,-49.120000000000005,ESPN,-19.0,REACH / WAIT
110,20,2,Josh Jacobs,RB,GB,4.0,EXE,False,"https://static.www.nfl.com/image/upload/f_auto,q_auto/league/uceokxeo0uqrqms3e3vl","https://static.www.nfl.com/image/upload/f_auto,q_auto/league/uceokxeo0uqrqms3e3vl",55.27142857142857,59.69314285714286,,,0.0,0.0,929.0,13.0,0.0,0.0,0.0,0.0,0.0,5850.0,Josh Jacobs,GB,87.2,18.0,,,,93.0,390.0,3.0,14.0,102.0,1.0,-2.0,160.1,-72.89999999999999,1.08,-80.732,49,185,5,josh jacobs,38.4,38.7,20.2,70.07,92.0,46.1,57.0,55.0,4,52.8925,51.55,38.4,70.07,31.669999999999995,GB,GB,False,-132.10750000000002,-93.0,-146.6,-138.9,-128.0,ESPN,-93.0,REACH / WAIT
420,190,5,Ted Hurst III,WR,TB,4.0,ACT,True,"https://static.www.nfl.com/image/upload/f_auto,q_auto/league/mmf6qmo6a2evw4feupcm","https://static.www.nfl.com/image/upload/f_auto,q_auto/league/mmf6qmo6a2evw4feupcm",3.0,3.24,,,0.0,0.0,0.0,0.0,0.0,0.0,0.0,0.0,0.0,13317.0,Ted Hurst,TB,97.9,18.0,,,,2.0,13.0,,36.0,426.0,3.0,-2.0,177.3,-79.4,1.0,-81.4,76,186,6,ted hurst,239.6,239.6,196.2,170.17,406.0,,,,2,204.885,204.885,170.17,239.6,69.43,TB,TB,False,18.88499999999999,220.0,53.599999999999994,,,ESPN,220.0,PLATFORM STEAL
348,116,5,Caleb Douglas,WR,MIA,3.0,ACT,True,"https://static.www.nfl.com/image/upload/f_auto,q_auto/league/stwypvmutplwvi1zzbmu","https://static.www.nfl.com/image/upload/f_auto,q_auto/league/stwypvmutplwvi1zzbmu",9.0,9.72,,,0.0,0.0,0.0,0.0,0.0,0.0,0.0,0.0,0.0,13296.0,Caleb Douglas,MIA,94.8,18.0,,,,,,,34.0,428.0,3.0,0.0,177.3,-82.50000000000001,1.0,-82.50000000000001,77,187,6,caleb douglas,197.4,201.5,,170.83,222.0,,,,2,184.115,184.115,170.83,197.4,26.569999999999997,MIA,MIA,False,-2.884999999999991,35.0,10.400000000000006,,,ESPN,35.0,WAIT
206,84,5,Pat Bryant,WR,DEN,5.0,ACT,False,"https://static.www.nfl.com/image/upload/f_auto,q_auto/league/n91hznzkfpftxhqt1qd9","https://static.www.nfl.com/image/upload/f_auto,q_auto/league/n91hznzkfpftxhqt1qd9",26.00348886110569,28.083767969994152,,,0.0,0.0,0.0,0.0,49.0,31.0,378.0,1.0,9.690521228605396,12492.0,Pat Bryant,DEN,96.4,18.0,,,,2.0,9.0,,35.0,425.0,3.0,-2.0,177.3,-80.9,1.0,-82.9,78,188,6,pat bryant,227.2,226.5,171.6,170.38,371.0,,,,2,198.79,198.79,170.38,227.2,56.81999999999999,DEN,DEN,False,10.789999999999992,183.0,39.19999999999999,,,ESPN,183.0,VALUE
181,35,5,Michael Mayer,TE,LV,2.0,ACT,False,"https://static.www.nfl.com/image/upload/f_auto,q_auto/league/twnkr9uq1phvukxb5jmh","https://static.www.nfl.com/image/upload/f_auto,q_auto/league/twnkr9uq1phvukxb5jmh",38.51046447585827,36.19983660730677,,,0.0,0.0,0.0,0.0,50.0,35.0,328.0,1.0,6.718989045958019,9482.0,Michael Mayer,LV,80.8,18.0,,,,,,,34.0,348.0,2.0,2.0,162.5,-81.7,1.05,-83.78500000000001,34,189,4,michael mayer,,695.9,,170.22,418.0,,,,1,170.22,170.22,170.22,170.22,0.0,LV,LV,False,-18.78,229.0,,,,ESPN,229.0,REACH / WAIT
84,14,3,Colby Parkinson,TE,LA,1.0,ACT,False,"https://static.www.nfl.com/image/upload/f_auto,q_auto/league/qsyrgtfjj06wryahnxc9","https://static.www.nfl.com/image/upload/f_auto,q_auto/league/qsyrgtfjj06wryahnxc9",72.39847389075163,68.05456545730652,,,0.0,0.0,0.0,0.0,56.0,43.0,408.0,8.0,4.992369453758137,6865.0,Colby Parkinson,LAR,76.3,18.0,,,,,,,29.0,293.0,3.0,6.0,162.5,-86.2,1.05,-84.51,35,190,4,colby parkinson,251.4,261.8,135.7,170.21,442.0,,,,2,210.805,210.805,170.21,251.4,81.19,LA,LAR,False,20.805000000000007,252.0,61.400000000000006,,,ESPN,252.0,PLATFORM STEAL
457,155,5,Cyrus Allen,WR,KC,5.0,ACT,True,"https://static.www.nfl.com/image/upload/f_auto,q_auto/league/qput6hanukjbatuao8ca","https://static.www.nfl.com/image/upload/f_auto,q_auto/league/qput6hanukjbatuao8ca",3.0,3.24,,,0.0,0.0,0.0,0.0,0.0,0.0,0.0,0.0,0.0,13413.0,Cyrus Allen,KC,94.5,18.0,,,,,,,34.0,425.0,3.0,-2.0,177.3,-82.80000000000001,1.0,-84.80000000000001,79,191,6,cyrus allen,177.1,182.0,,,,,,,1,177.1,177.1,177.1,177.1,0.0,KC,KC,False,-13.900000000000006,,-13.900000000000006,,,Sleeper,-13.900000000000006,FAIR VALUE
174,33,5,Cole Kmet,TE,CHI,2.0,ACT,False,"https://static.www.nfl.com/image/upload/f_auto,q_auto/league/ysnui8mzlu2fo70ub0yt","https://static.www.nfl.com/image/upload/f_auto,q_auto/league/ysnui8mzlu2fo70ub0yt",42.02923476071689,39.50748067507387,,,0.0,0.0,0.0,0.0,48.0,30.0,347.0,2.0,9.229507136917803,6826.0,Cole Kmet,CHI,79.7,18.0,,,,,,,34.0,337.0,2.0,2.0,162.5,-82.8,1.05,-84.94,36,192,4,cole kmet,,683.3,,169.75,466.0,,,,1,169.75,169.75,169.75,169.75,0.0,CHI,CHI,False,-22.25,274.0,,,,ESPN,274.0,REACH / WAIT
366,92,5,Eli Stowers,TE,PHI,3.0,ACT,True,"https://static.www.nfl.com/image/upload/f_auto,q_auto/league/c9rjqit3q5tm9hzkm5ay","https://static.www.nfl.com/image/upload/f_auto,q_auto/league/c9rjqit3q5tm9hzkm5ay",9.0,8.459999999999999,,,0.0,0.0,0.0,0.0,0.0,0.0,0.0,0.0,0.0,13349.0,Eli Stowers,PHI,81.4,18.0,,,,2.0,5.0,,31.0,319.0,3.0,0.0,162.5,-81.1,1.05,-85.155,37,193,5,eli stowers,238.9,248.9,139.8,169.97,469.0,,,,2,204.435,204.435,169.97,238.9,68.93,PHI,PHI,False,11.435000000000002,276.0,45.900000000000006,,,ESPN,276.0,VALUE
167,70,5,Andrei Iosivas,WR,CIN,3.0,ACT,False,"https://static.www.nfl.com/image/upload/f_auto,q_auto/league/xhrvbt81iohroyftuyj2","https://static.www.nfl.com/image/upload/f_auto,q_auto/league/xhrvbt81iohroyftuyj2",38.695234381746005,41.79085313228569,,,0.0,0.0,0.0,0.0,58.0,33.0,435.0,2.0,12.51463344719158,10226.0,Andrei Iosivas,CIN,91.3,18.0,,,,2.0,10.0,,32.0,403.0,3.0,0.0,177.3,-86.00000000000001,1.0,-86.00000000000001,80,194,6,andrei iosivas,,700.9,,170.14,376.0,,,,1,170.14,170.14,170.14,170.14,0.0,CIN,CIN,False,-23.860000000000014,182.0,,,,ESPN,182.0,REACH / WAIT
433,186,5,Tory Horton,WR,SEA,4.0,ACT,False,"https://static.www.nfl.com/image/upload/f_auto,q_auto/league/lmsun4qzmk1rkgt4kw76","https://static.www.nfl.com/image/upload/f_auto,q_auto/league/lmsun4qzmk1rkgt4kw76",3.0,3.24,,,0.0,0.0,0.0,0.0,0.0,0.0,0.0,0.0,0.0,12497.0,Tory Horton,SEA,92.0,18.0,,,,1.0,9.0,,31.0,421.0,3.0,-2.0,177.3,-85.30000000000001,1.0,-87.30000000000001,81,195,6,tory horton,228.7,260.2,199.4,170.19,395.0,,,,2,199.445,199.445,170.19,228.7,58.50999999999999,SEA,SEA,False,4.444999999999993,200.0,33.69999999999999,,,ESPN,200.0,WAIT
137,27,3,Tyler Allgeier,RB,ARI,2.0,ACT,False,"https://static.www.nfl.com/image/upload/f_auto,q_auto/league/sp9lhhmpv4qy3xy2msxd","https://static.www.nfl.com/image/upload/f_auto,q_auto/league/sp9lhhmpv4qy3xy2msxd",47.34285714285714,51.13028571428572,,,0.0,0.0,514.0,8.0,0.0,0.0,0.0,0.0,0.0,8132.0,Tyler Allgeier,ARI,77.2,18.0,,,,109.0,460.0,3.0,9.0,62.0,,2.0,160.1,-82.89999999999999,1.08,-87.532,50,196,5,tyler allgeier,143.3,130.9,89.4,162.69,195.0,130.0,144.97,149.0,4,145.24,144.135,130.0,162.69,32.69,ARI,ARI,False,-50.75999999999999,-1.0,-52.69999999999999,-66.0,-51.03,ESPN,-1.0,REACH / WAIT
116,19,4,Theo Johnson,TE,NYG,2.0,ACT,False,"https://static.www.nfl.com/image/upload/f_auto,q_auto/league/fv2jbzlocr1o3ahkru43","https://static.www.nfl.com/image/upload/f_auto,q_auto/league/fv2jbzlocr1o3ahkru43",62.02287910239963,58.30150635625564,,,0.0,0.0,0.0,0.0,74.0,45.0,528.0,5.0,13.61439551199816,11597.0,Theo Johnson,NYG,77.0,18.0,,,,,,,31.0,340.0,2.0,2.0,162.5,-85.5,1.05,-87.775,38,197,5,theo johnson,232.2,262.8,144.2,170.11,465.0,,,,2,201.155,201.155,170.11,232.2,62.089999999999975,NYG,NYG,False,4.155000000000001,268.0,35.19999999999999,,,ESPN,268.0,WAIT
152,29,5,Dawson Knox,TE,BUF,2.0,ACT,False,"https://static.www.nfl.com/image/upload/f_auto,q_auto/league/k8bi9ppahwfmoxs8ij4w","https://static.www.nfl.com/image/upload/f_auto,q_auto/league/k8bi9ppahwfmoxs8ij4w",50.01500629634812,47.01410591856723,,,0.0,0.0,0.0,0.0,49.0,36.0,417.0,4.0,10.075031481740591,5906.0,Dawson Knox,BUF,76.4,18.0,,,,,,,28.0,304.0,3.0,2.0,162.5,-86.1,1.05,-88.405,39,198,5,dawson knox,,683.5,,169.81,459.0,,,,1,169.81,169.81,169.81,169.81,0.0,BUF,BUF,False,-28.189999999999998,261.0,,,,ESPN,261.0,REACH / WAIT
156,66,5,Chimere Dike,WR,TEN,4.0,ACT,False,"https://static.www.nfl.com/image/upload/f_auto,q_auto/league/cbcpv4931dqmgsu3anvo","https://static.www.nfl.com/image/upload/f_auto,q_auto/league/cbcpv4931dqmgsu3anvo",43.12073932287319,46.57039846870305,,,0.0,0.0,0.0,0.0,74.0,48.0,423.0,4.0,15.565235075904427,12540.0,Chimere Dike,TEN,89.4,18.0,,,,6.0,30.0,,38.0,384.0,2.0,-2.0,177.3,-87.9,1.0,-89.9,82,199,6,chimere dike,229.4,657.8,174.6,,,,,,1,229.4,229.4,229.4,229.4,0.0,TEN,TEN,False,30.400000000000006,,30.400000000000006,,,Sleeper,30.400000000000006,PLATFORM STEAL
239,94,5,Isaac TeSlaa,WR,DET,3.0,ACT,False,"https://static.www.nfl.com/image/upload/f_auto,q_auto/league/ducfhbiy2a8loytcjymn","https://static.www.nfl.com/image/upload/f_auto,q_auto/league/ducfhbiy2a8loytcjymn",18.63654136701517,20.127464676376384,,,0.0,0.0,0.0,0.0,7.0,4.0,52.0,1.0,20.43270683507584,12535.0,Isaac TeSlaa,DET,87.1,18.0,,,,2.0,9.0,,28.0,402.0,3.0,0.0,177.3,-90.20000000000002,1.0,-90.20000000000002,83,200,6,isaac teslaa,227.7,235.0,183.7,170.29,370.0,124.4,,,3,174.13,170.29,124.4,227.7,103.29999999999998,DET,DET,False,-25.870000000000005,170.0,27.69999999999999,-75.6,,ESPN,170.0,REACH / WAIT
133,25,4,Evan Engram,TE,DEN,1.0,ACT,False,"https://static.www.nfl.com/image/upload/f_auto,q_auto/league/nucl2dxmpvhlywhyro8o","https://static.www.nfl.com/image/upload/f_auto,q_auto/league/nucl2dxmpvhlywhyro8o",56.37292952548718,52.99055375395795,,,0.0,0.0,0.0,0.0,76.0,50.0,461.0,1.0,7.447980960769235,4066.0,Evan Engram,DEN,70.7,18.0,,,,,,,31.0,277.0,2.0,6.0,162.5,-91.8,1.05,-90.39,40,201,5,evan engram,,699.6,,170.03,412.0,,,,1,170.03,170.03,170.03,170.03,0.0,DEN,DEN,False,-30.97,211.0,,,,ESPN,211.0,REACH / WAIT
147,62,4,Cooper Kupp,WR,SEA,3.0,ACT,False,"https://static.www.nfl.com/image/upload/f_auto,q_auto/league/kjixprihktsfog6wx9sq","https://static.www.nfl.com/image/upload/f_auto,q_auto/league/kjixprihktsfog6wx9sq",44.68116473275126,48.255657911371365,,,0.0,0.0,0.0,0.0,70.0,47.0,593.0,2.0,15.290439048371704,4039.0,Cooper Kupp,SEA,86.4,18.0,,,,,,,32.0,364.0,3.0,0.0,177.3,-90.9,1.0,-90.9,84,202,6,cooper kupp,198.0,203.7,206.4,169.34,325.0,120.2,168.74,206.0,4,164.07,169.04000000000002,120.2,198.0,77.8,SEA,SEA,False,-37.93000000000001,123.0,-4.0,-81.8,-33.25999999999999,ESPN,123.0,REACH / WAIT
141,61,4,Keon Coleman,WR,BUF,3.0,ACT,False,"https://static.www.nfl.com/image/upload/f_auto,q_auto/league/cm7g87waetksjouyjgvg","https://static.www.nfl.com/image/upload/f_auto,q_auto/league/cm7g87waetksjouyjgvg",46.09129991784252,49.778603911269926,,,0.0,0.0,0.0,0.0,59.0,38.0,404.0,4.0,20.629576512289542,11637.0,Keon Coleman,BUF,85.8,18.0,,,,3.0,13.0,,29.0,375.0,3.0,0.0,177.3,-91.5,1.0,-91.5,85,203,6,keon coleman,234.8,242.2,205.5,170.26,359.0,,,,2,202.53,202.53,170.26,234.8,64.54000000000002,BUF,BUF,False,-0.46999999999999886,156.0,31.80000000000001,,,ESPN,156.0,WAIT
232,92,5,Jaylin Noel,WR,HOU,3.0,ACT,False,"https://static.www.nfl.com/image/upload/f_auto,q_auto/league/ehlm8w4afdqoisx1e6as","https://static.www.nfl.com/image/upload/f_auto,q_auto/league/ehlm8w4afdqoisx1e6as",20.302770208402045,21.92699182507421,,,0.0,0.0,0.0,0.0,13.0,9.0,140.0,0.0,29.494620272779464,12536.0,Jaylin Noel,HOU,85.2,18.0,,,,8.0,38.0,,32.0,374.0,2.0,0.0,177.3,-92.1,1.0,-92.1,86,204,6,jaylin noel,213.7,664.2,190.1,171.8,238.0,,,,2,192.75,192.75,171.8,213.7,41.89999999999998,HOU,HOU,False,-11.25,34.0,9.699999999999989,,,ESPN,34.0,WAIT
155,31,5,Jake Tonges,TE,SF,2.0,ACT,False,"https://static.www.nfl.com/image/upload/f_auto,q_auto/league/z6goxhdhfc2m0rmwvtbl","https://static.www.nfl.com/image/upload/f_auto,q_auto/league/z6goxhdhfc2m0rmwvtbl",49.57396062159304,46.59952298429745,,,0.0,0.0,0.0,0.0,46.0,34.0,293.0,5.0,5.95313644129851,8698.0,Jake Tonges,SF,70.8,18.0,,,,,,,30.0,288.0,2.0,2.0,162.5,-91.7,1.05,-94.285,41,205,5,jake tonges,241.4,253.0,177.5,170.13,441.0,,,,2,205.765,205.765,170.13,241.4,71.27000000000001,SF,SF,False,0.7649999999999864,236.0,36.400000000000006,,,ESPN,236.0,WAIT
313,68,5,Elijah Arroyo,TE,SEA,3.0,ACT,False,"https://static.www.nfl.com/image/upload/f_auto,q_auto/league/m5rdyemjoxl4cuz9yun8","https://static.www.nfl.com/image/upload/f_auto,q_auto/league/m5rdyemjoxl4cuz9yun8",13.38052982586143,12.577698036309744,,,0.0,0.0,0.0,0.0,5.0,4.0,42.0,0.0,12.152649129307152,12521.0,Elijah Arroyo,SEA,72.2,18.0,,,,,,,29.0,312.0,2.0,0.0,162.5,-90.3,1.05,-94.815,42,206,5,elijah arroyo,,667.7,,169.93,460.0,,,,1,169.93,169.93,169.93,169.93,0.0,SEA,SEA,False,-36.06999999999999,254.0,,,,ESPN,254.0,REACH / WAIT
199,43,4,Brian Robinson,RB,ATL,2.0,ACT,False,"https://static.www.nfl.com/image/upload/f_auto,q_auto/league/n1xhex1ytisxcbcggqu7","https://static.www.nfl.com/image/upload/f_auto,q_auto/league/n1xhex1ytisxcbcggqu7",27.714285714285715,29.931428571428576,,,0.0,0.0,400.0,2.0,0.0,0.0,0.0,0.0,0.0,8154.0,Brian Robinson,ATL,69.9,18.0,,,,87.0,358.0,2.0,13.0,91.0,,2.0,160.1,-90.2,1.08,-95.416,51,207,5,brian robinson,172.0,174.1,80.1,167.75,211.0,119.5,161.58,183.0,4,155.2075,164.66500000000002,119.5,172.0,52.5,ATL,ATL,False,-51.79249999999999,4.0,-35.0,-87.5,-45.41999999999999,ESPN,4.0,REACH / WAIT
249,60,5,Samaje Perine,RB,CIN,2.0,ACT,False,"https://static.www.nfl.com/image/upload/f_auto,q_auto/league/fllwhcdovol5i7xxahf6","https://static.www.nfl.com/image/upload/f_auto,q_auto/league/fllwhcdovol5i7xxahf6",17.15714285714286,18.529714285714288,,,0.0,0.0,81.0,0.0,0.0,0.0,0.0,0.0,0.0,4147.0,Samaje Perine,CIN,69.8,18.0,,,,66.0,275.0,2.0,14.0,103.0,1.0,2.0,160.1,-90.3,1.08,-95.524,52,208,5,samaje perine,,629.6,,171.14,206.0,,,,1,171.14,171.14,171.14,171.14,0.0,CIN,CIN,False,-36.860000000000014,-2.0,,,,ESPN,-2.0,REACH / WAIT
244,58,5,Malik Davis,RB,DAL,2.0,ACT,False,"https://static.www.nfl.com/image/upload/f_auto,q_auto/league/zvranxxyt8qeihn8c2q9","https://static.www.nfl.com/image/upload/f_auto,q_auto/league/zvranxxyt8qeihn8c2q9",17.47142857142857,18.86914285714285,,,0.0,0.0,103.0,0.0,0.0,0.0,0.0,0.0,0.0,8800.0,Malik Davis,DAL,68.9,18.0,,,,79.0,329.0,3.0,11.0,70.0,,2.0,160.1,-91.2,1.08,-96.496,53,209,5,malik davis,,629.7,,170.28,327.0,,,,1,170.28,170.28,170.28,170.28,0.0,DAL,DAL,False,-38.72,118.0,,,,ESPN,118.0,REACH / WAIT
169,71,5,DeMario Douglas,WR,NE,3.0,ACT,False,"https://static.www.nfl.com/image/upload/f_auto,q_auto/league/cm9vnzqu5phlmsocjwgc","https://static.www.nfl.com/image/upload/f_auto,q_auto/league/cm9vnzqu5phlmsocjwgc",38.45495350017352,41.5313497801874,,,0.0,0.0,0.0,0.0,46.0,31.0,447.0,3.0,10.390152116252183,9501.0,DeMario Douglas,NE,80.4,18.0,,,,5.0,34.0,,29.0,360.0,2.0,0.0,177.3,-96.9,1.0,-96.9,87,210,6,demario douglas,,697.0,,170.48,333.0,,,,1,170.48,170.48,170.48,170.48,0.0,NE,NE,False,-39.52000000000001,123.0,,,,ESPN,123.0,REACH / WAIT
261,63,5,Justice Hill,RB,BAL,2.0,ACT,False,"https://static.www.nfl.com/image/upload/f_auto,q_auto/league/fuodbrwvianete2gy5ag","https://static.www.nfl.com/image/upload/f_auto,q_auto/league/fuodbrwvianete2gy5ag",16.0,17.28,,,0.0,0.0,0.0,0.0,0.0,0.0,0.0,0.0,0.0,5995.0,Justice Hill,BAL,67.7,18.0,,,,33.0,141.0,1.0,24.0,176.0,1.0,2.0,160.1,-92.4,1.08,-97.792,54,211,5,justice hill,,218.2,,168.78,276.0,,,,1,168.78,168.78,168.78,168.78,0.0,BAL,BAL,False,-42.22,65.0,,,,ESPN,65.0,REACH / WAIT
139,60,4,Darius Slayton,WR,NYG,2.0,ACT,False,"https://static.www.nfl.com/image/upload/f_auto,q_auto/league/otksyfjll5waf0vsczeu","https://static.www.nfl.com/image/upload/f_auto,q_auto/league/otksyfjll5waf0vsczeu",46.85972586779668,50.60850393722042,,,0.0,0.0,0.0,0.0,63.0,37.0,538.0,1.0,19.16401395436803,6149.0,Darius Slayton,NYG,76.3,18.0,,,,,,,26.0,383.0,2.0,2.0,177.3,-101.0,1.0,-99.0,88,212,6,darius slayton,,668.0,,170.56,335.0,,,,1,170.56,170.56,170.56,170.56,0.0,NYG,NYG,False,-41.44,123.0,,,,ESPN,123.0,REACH / WAIT
248,96,5,Jack Bech,WR,LV,3.0,ACT,False,"https://static.www.nfl.com/image/upload/f_auto,q_auto/league/feplgtl0x1svqen9szwv","https://static.www.nfl.com/image/upload/f_auto,q_auto/league/feplgtl0x1svqen9szwv",17.19149801615021,18.566817857442228,,,0.0,0.0,0.0,0.0,11.0,9.0,77.0,0.0,21.284413157674123,12483.0,Jack Bech,LV,77.9,18.0,,,,1.0,9.0,,30.0,350.0,2.0,0.0,177.3,-99.4,1.0,-99.4,89,213,6,jack bech,238.2,676.7,207.7,170.2,393.0,,,,2,204.2,204.2,170.2,238.2,68.0,LV,LV,False,-8.800000000000011,180.0,25.19999999999999,,,ESPN,180.0,WAIT
182,76,5,Kendrick Bourne,WR,ARI,3.0,ACT,False,"https://static.www.nfl.com/image/upload/f_auto,q_auto/league/yzfa94cmhpcqamrwzdzk","https://static.www.nfl.com/image/upload/f_auto,q_auto/league/yzfa94cmhpcqamrwzdzk",33.48503877133362,36.16384187304031,,,0.0,0.0,0.0,0.0,53.0,37.0,551.0,0.0,13.790578472052726,4454.0,Kendrick Bourne,ARI,77.4,18.0,,,,,,,31.0,344.0,2.0,0.0,177.3,-99.9,1.0,-99.9,90,214,6,kendrick bourne,,672.6,,,,,,,0,,,,,,ARI,ARI,False,,,,,,,,NO MARKET
197,79,5,Calvin Ridley,WR,TEN,3.0,ACT,False,"https://static.www.nfl.com/image/upload/f_auto,q_auto/league/zrv8bjm7zdtboyka2jvr","https://static.www.nfl.com/image/upload/f_auto,q_auto/league/zrv8bjm7zdtboyka2jvr",27.924541850391584,30.15850519842291,,,0.0,0.0,0.0,0.0,31.0,13.0,242.0,0.0,37.2573246365733,4981.0,Calvin Ridley,TEN,77.3,18.0,,,,1.0,6.0,,27.0,377.0,2.0,0.0,177.3,-100.0,1.0,-100.0,91,215,6,calvin ridley,253.2,250.7,180.2,168.5,218.0,,165.92,196.0,3,195.8733333333333,168.5,165.92,253.2,87.28,TEN,TEN,False,-19.126666666666694,3.0,38.19999999999999,,-49.08000000000001,Sleeper,38.19999999999999,REACH / WAIT
227,52,4,Tank Bigsby,RB,PHI,2.0,ACT,False,"https://static.www.nfl.com/image/upload/f_auto,q_auto/league/vfkdjfpiyrcuzahrmfvn","https://static.www.nfl.com/image/upload/f_auto,q_auto/league/vfkdjfpiyrcuzahrmfvn",20.88571428571429,22.55657142857143,,,0.0,0.0,132.0,1.0,0.0,0.0,0.0,0.0,0.0,9225.0,Tank Bigsby,PHI,65.2,18.0,,,,82.0,353.0,3.0,8.0,59.0,,2.0,160.1,-94.9,1.08,-100.492,55,216,5,tank bigsby,179.5,163.0,146.5,169.64,230.0,129.6,154.86,170.0,4,158.4,162.25,129.6,179.5,49.900000000000006,PHI,PHI,False,-57.599999999999994,14.0,-36.5,-86.4,-61.139999999999986,ESPN,14.0,REACH / WAIT
256,66,5,Emmett Johnson,RB,KC,2.0,ACT,True,"https://static.www.nfl.com/image/upload/f_auto,q_auto/league/avdz4njz1slqn7ktqcuq","https://static.www.nfl.com/image/upload/f_auto,q_auto/league/avdz4njz1slqn7ktqcuq",16.0,17.28,,,0.0,0.0,0.0,0.0,0.0,0.0,0.0,0.0,0.0,13337.0,Emmett Johnson,KC,65.2,18.0,,,,67.0,286.0,2.0,12.0,86.0,1.0,2.0,160.1,-94.9,1.08,-100.492,56,217,5,emmett johnson,208.1,183.3,112.5,169.91,343.0,126.6,162.91,187.0,4,166.88,166.41,126.6,208.1,81.5,KC,KC,False,-50.120000000000005,126.0,-8.900000000000006,-90.4,-54.09,ESPN,126.0,REACH / WAIT
241,56,5,Ray Davis,RB,BUF,2.0,ACT,False,"https://static.www.nfl.com/image/upload/f_auto,q_auto/league/xibwzhrl6q5xkgh3utug","https://static.www.nfl.com/image/upload/f_auto,q_auto/league/xibwzhrl6q5xkgh3utug",18.15714285714286,19.60971428571429,,,0.0,0.0,151.0,0.0,0.0,0.0,0.0,0.0,0.0,11575.0,Ray Davis,BUF,65.1,18.0,,,,73.0,313.0,3.0,9.0,68.0,,2.0,160.1,-95.0,1.08,-100.6,57,218,5,ray davis,224.5,205.6,167.3,171.03,239.0,123.3,,,3,172.9433333333333,171.03,123.3,224.5,101.2,BUF,BUF,False,-45.0566666666667,21.0,6.5,-94.7,,ESPN,21.0,REACH / WAIT
428,131,5,Zachariah Branch,WR,ATL,4.0,ACT,True,"https://static.www.nfl.com/image/upload/f_auto,q_auto/league/qwbo8lgyd85dlwnbznsc","https://static.www.nfl.com/image/upload/f_auto,q_auto/league/qwbo8lgyd85dlwnbznsc",3.0,3.24,,,0.0,0.0,0.0,0.0,0.0,0.0,0.0,0.0,0.0,13320.0,Zachariah Branch,ATL,78.5,18.0,,,,,,,30.0,365.0,2.0,-2.0,177.3,-98.8,1.0,-100.8,92,219,6,zachariah branch,211.9,231.0,185.1,170.85,305.0,,,,2,191.375,191.375,170.85,211.9,41.05000000000001,ATL,ATL,False,-27.625,86.0,-7.099999999999994,,,ESPN,86.0,REACH / WAIT
62,11,3,Aaron Rodgers,QB,PIT,1.0,ACT,False,"https://static.www.nfl.com/image/upload/f_auto,q_auto/league/dypvakakxhccxs67tb0y","https://static.www.nfl.com/image/upload/f_auto,q_auto/league/dypvakakxhccxs67tb0y",87.85555555555555,77.31288888888889,,,3322.0,24.0,0.0,0.0,0.0,0.0,0.0,0.0,0.0,96.0,Aaron Rodgers,PIT,177.0,18.0,2700.0,18.0,7.0,21.0,60.0,,,,,6.0,295.72,-118.72000000000004,0.9,-100.84800000000004,29,220,4,aaron rodgers,228.8,235.5,,169.2,387.0,116.1,,,3,171.36666666666667,169.2,116.1,228.8,112.70000000000002,PIT,PIT,False,-48.633333333333326,167.0,8.800000000000011,-103.9,,ESPN,167.0,REACH / WAIT
170,72,5,Olamide Zaccheaus,WR,ATL,3.0,ACT,False,"https://static.www.nfl.com/image/upload/f_auto,q_auto/league/zsnzd30ysrewgufbv06y","https://static.www.nfl.com/image/upload/f_auto,q_auto/league/zsnzd30ysrewgufbv06y",38.0971156439791,41.14488489549744,,,0.0,0.0,0.0,0.0,65.0,39.0,313.0,2.0,10.158655142972428,6271.0,Olamide Zaccheaus,ATL,75.8,18.0,,,,2.0,12.0,,30.0,326.0,2.0,0.0,177.3,-101.5,1.0,-101.5,93,221,6,olamide zaccheaus,,697.7,,,,,,,0,,,,,,ATL,ATL,False,,,,,,,,NO MARKET
350,121,5,Antonio Williams,WR,WAS,3.0,ACT,True,"https://static.www.nfl.com/image/upload/f_auto,q_auto/league/noywrsgaqoqlv64c12yw","https://static.www.nfl.com/image/upload/f_auto,q_auto/league/noywrsgaqoqlv64c12yw",9.0,9.72,,,0.0,0.0,0.0,0.0,0.0,0.0,0.0,0.0,0.0,13301.0,Antonio Williams,WAS,75.2,18.0,,,,2.0,13.0,,28.0,339.0,2.0,0.0,177.3,-102.1,1.0,-102.1,94,222,6,antonio williams,235.8,238.2,155.5,170.44,337.0,,,,2,203.12,203.12,170.44,235.8,65.36000000000001,WAS,WAS,False,-18.879999999999995,115.0,13.800000000000011,,,ESPN,115.0,REACH / WAIT
208,45,4,Alvin Kamara,RB,NO,2.0,ACT,False,"https://static.www.nfl.com/image/upload/f_auto,q_auto/league/yxebpuskandivlh2iil4","https://static.www.nfl.com/image/upload/f_auto,q_auto/league/yxebpuskandivlh2iil4",25.728571428571428,27.786857142857144,,,0.0,0.0,471.0,1.0,0.0,0.0,0.0,0.0,0.0,4035.0,Alvin Kamara,NO,63.0,18.0,,,,45.0,185.0,1.0,20.0,145.0,1.0,2.0,160.1,-97.1,1.08,-102.868,58,223,5,alvin kamara,166.4,159.5,119.3,161.22,192.0,125.9,158.32,177.0,4,152.95999999999998,159.76999999999998,125.9,166.4,40.5,NO,NO,False,-70.04000000000002,-31.0,-56.599999999999994,-97.1,-64.68,ESPN,-31.0,REACH / WAIT
330,81,5,Jonah Coleman,RB,DEN,3.0,ACT,True,"https://static.www.nfl.com/image/upload/f_auto,q_auto/league/qbauucaxakkhtxihuvmr","https://static.www.nfl.com/image/upload/f_auto,q_auto/league/qbauucaxakkhtxihuvmr",9.0,9.72,,,0.0,0.0,0.0,0.0,0.0,0.0,0.0,0.0,0.0,13345.0,Jonah Coleman,DEN,63.9,18.0,,,,72.0,304.0,2.0,10.0,75.0,1.0,0.0,160.1,-96.2,1.08,-103.896,59,224,5,jonah coleman,168.4,147.9,117.5,166.75,181.0,129.2,147.07,153.0,4,152.855,156.91,129.2,168.4,39.20000000000002,DEN,DEN,False,-71.14500000000001,-43.0,-55.599999999999994,-94.80000000000001,-76.93,ESPN,-43.0,REACH / WAIT
159,68,5,Darnell Mooney,WR,NYG,3.0,ACT,False,"https://static.www.nfl.com/image/upload/f_auto,q_auto/league/eaejonwaflt9drrs9ika","https://static.www.nfl.com/image/upload/f_auto,q_auto/league/eaejonwaflt9drrs9ika",41.80092462946696,45.14499859982432,,,0.0,0.0,0.0,0.0,72.0,32.0,443.0,1.0,24.927700070411728,7090.0,Darnell Mooney,NYG,73.4,18.0,,,,1.0,3.0,,25.0,361.0,2.0,0.0,177.3,-103.9,1.0,-103.9,95,225,6,darnell mooney,249.2,259.3,194.4,170.38,419.0,,,,2,209.79,209.79,170.38,249.2,78.82,NYG,NYG,False,-15.210000000000008,194.0,24.19999999999999,,,ESPN,194.0,WAIT
273,59,5,Will Kacmarek,TE,MIA,2.0,ACT,True,"https://static.www.nfl.com/image/upload/f_auto,q_auto/league/erqascuieblamkhf2vbs","https://static.www.nfl.com/image/upload/f_auto,q_auto/league/erqascuieblamkhf2vbs",16.0,15.04,,,0.0,0.0,0.0,0.0,0.0,0.0,0.0,0.0,0.0,13434.0,Will Kacmarek,MIA,61.6,18.0,,,,,,,25.0,246.0,2.0,2.0,162.5,-100.9,1.05,-103.945,43,226,5,will kacmarek,,537.3,,,,,,,0,,,,,,MIA,MIA,False,,,,,,,,NO MARKET
202,81,5,Jahan Dotson,WR,ATL,2.0,ACT,False,"https://static.www.nfl.com/image/upload/f_auto,q_auto/league/gwuibfw7ljxudxtldcvh","https://static.www.nfl.com/image/upload/f_auto,q_auto/league/gwuibfw7ljxudxtldcvh",27.165957505563213,29.33923410600828,,,0.0,0.0,0.0,0.0,8.0,3.0,40.0,0.0,42.75286445089298,8119.0,Jahan Dotson,ATL,71.2,18.0,,,,2.0,16.0,,26.0,316.0,2.0,2.0,177.3,-106.1,1.0,-104.1,96,227,6,jahan dotson,,686.3,,170.67,329.0,,,,1,170.67,170.67,170.67,170.67,0.0,ATL,ATL,False,-56.33000000000001,102.0,,,,ESPN,102.0,REACH / WAIT
351,94,5,Nicholas Singleton,RB,TEN,3.0,ACT,True,"https://static.www.nfl.com/image/upload/f_auto,q_auto/league/ztwqbc0s69cbz5ow0r0q","https://static.www.nfl.com/image/upload/f_auto,q_auto/league/ztwqbc0s69cbz5ow0r0q",9.0,9.72,,,0.0,0.0,0.0,0.0,0.0,0.0,0.0,0.0,0.0,13288.0,Nicholas Singleton,TEN,63.7,18.0,,,,65.0,270.0,2.0,12.0,87.0,1.0,0.0,160.1,-96.4,1.08,-104.112,60,228,5,nicholas singleton,212.8,212.4,166.7,170.34,380.0,,,,2,191.57,191.57,170.34,212.8,42.46000000000001,TEN,TEN,False,-36.43000000000001,152.0,-15.199999999999989,,,ESPN,152.0,REACH / WAIT
162,69,5,Dontayvion Wicks,WR,PHI,2.0,ACT,False,"https://static.www.nfl.com/image/upload/f_auto,q_auto/league/v1lt8kpvkn0qw5elyaoz","https://static.www.nfl.com/image/upload/f_auto,q_auto/league/v1lt8kpvkn0qw5elyaoz",41.1959971331686,44.49167690382209,,,0.0,0.0,0.0,0.0,46.0,30.0,332.0,2.0,12.94152412738145,9486.0,Dontayvion Wicks,PHI,70.4,18.0,,,,1.0,8.0,,26.0,316.0,2.0,2.0,177.3,-106.9,1.0,-104.9,97,229,6,dontayvion wicks,,202.8,,170.99,236.0,,,,1,170.99,170.99,170.99,170.99,0.0,PHI,PHI,False,-58.00999999999999,7.0,,,,ESPN,7.0,REACH / WAIT
233,45,5,Noah Gray,TE,KC,2.0,ACT,False,"https://static.www.nfl.com/image/upload/f_auto,q_auto/league/bpmlguml8jth2rbdfyp5","https://static.www.nfl.com/image/upload/f_auto,q_auto/league/bpmlguml8jth2rbdfyp5",22.951837023974687,21.574726802536205,,,0.0,0.0,0.0,0.0,16.0,7.0,48.0,0.0,10.759185119873438,7828.0,Noah Gray,KC,59.1,18.0,,,,,,,24.0,231.0,2.0,2.0,162.5,-103.4,1.05,-106.57,44,230,5,noah gray,,683.3,,169.92,468.0,,,,1,169.92,169.92,169.92,169.92,0.0,KC,KC,False,-60.08000000000001,238.0,,,,ESPN,238.0,REACH / WAIT
342,90,5,Isaiah Davis,RB,NYJ,3.0,ACT,False,"https://static.www.nfl.com/image/upload/f_auto,q_auto/league/x6r9a5xhtaklbvnqmtw7","https://static.www.nfl.com/image/upload/f_auto,q_auto/league/x6r9a5xhtaklbvnqmtw7",9.0,9.72,,,0.0,0.0,0.0,0.0,0.0,0.0,0.0,0.0,0.0,11571.0,Isaiah Davis,NYJ,60.5,18.0,,,,62.0,261.0,2.0,13.0,94.0,,0.0,160.1,-99.6,1.08,-107.568,61,231,6,isaiah davis,,695.4,,170.54,344.0,,,,1,170.54,170.54,170.54,170.54,0.0,NYJ,NYJ,False,-60.46000000000001,113.0,,,,ESPN,113.0,REACH / WAIT
164,32,5,David Njoku,TE,LAC,2.0,ACT,False,"https://static.www.nfl.com/image/upload/f_auto,q_auto/league/y4g1iayqrbrhdvkqywpx","https://static.www.nfl.com/image/upload/f_auto,q_auto/league/y4g1iayqrbrhdvkqywpx",47.0677682631582,44.2437021673687,,,0.0,0.0,0.0,0.0,48.0,33.0,293.0,4.0,6.9221746491243294,4033.0,David Njoku,LAC,58.0,18.0,,,,,,,23.0,230.0,2.0,2.0,162.5,-104.5,1.05,-107.725,45,232,5,david njoku,223.3,224.6,130.6,169.72,414.0,124.2,,,3,172.40666666666667,169.72,124.2,223.3,99.1,LAC,LAC,False,-59.593333333333334,182.0,-8.699999999999989,-107.8,,ESPN,182.0,REACH / WAIT
403,125,5,KaVontae Turpin,WR,DAL,4.0,ACT,False,"https://static.www.nfl.com/image/upload/f_auto,q_auto/league/tayjlp1hgmm6rewgl1k4","https://static.www.nfl.com/image/upload/f_auto,q_auto/league/tayjlp1hgmm6rewgl1k4",4.797621638217535,5.1814313692749385,,,0.0,0.0,0.0,0.0,5.0,1.0,-2.0,0.0,2.8919543449338305,8917.0,KaVontae Turpin,DAL,71.5,18.0,,,,14.0,77.0,1.0,21.0,268.0,2.0,-2.0,177.3,-105.8,1.0,-107.8,98,233,6,kavontae turpin,,693.4,,169.78,392.0,,,,1,169.78,169.78,169.78,169.78,0.0,DAL,DAL,False,-63.22,159.0,,,,ESPN,159.0,REACH / WAIT
201,44,4,Kimani Vidal,RB,LAC,3.0,ACT,False,"https://static.www.nfl.com/image/upload/f_auto,q_auto/league/tqdctdun0bv60d5ziwtl","https://static.www.nfl.com/image/upload/f_auto,q_auto/league/tqdctdun0bv60d5ziwtl",27.185714285714283,29.36057142857143,,,0.0,0.0,643.0,3.0,0.0,0.0,0.0,0.0,0.0,11647.0,Kimani Vidal,LAC,60.0,18.0,,,,60.0,243.0,2.0,14.0,97.0,,0.0,160.1,-100.1,1.08,-108.108,62,234,6,kimani vidal,237.8,228.2,140.7,171.0,310.0,,,,2,204.4,204.4,171.0,237.8,66.80000000000001,LAC,LAC,False,-29.599999999999994,76.0,3.8000000000000114,,,ESPN,76.0,REACH / WAIT
338,93,5,Jordan James,RB,SF,3.0,ACT,False,"https://static.www.nfl.com/image/upload/f_auto,q_auto/league/un9cfqnwdzugrcy8caoh","https://static.www.nfl.com/image/upload/f_auto,q_auto/league/un9cfqnwdzugrcy8caoh",9.0,9.72,,,0.0,0.0,0.0,0.0,0.0,0.0,0.0,0.0,0.0,12467.0,Jordan James,SF,59.7,18.0,,,,68.0,287.0,2.0,11.0,80.0,,0.0,160.1,-100.4,1.08,-108.432,63,235,6,jordan james,,222.0,,170.77,353.0,,170.02,210.0,2,170.395,170.395,170.02,170.77,0.75,SF,SF,False,-64.60499999999999,118.0,,,-64.97999999999999,ESPN,118.0,REACH / WAIT
207,85,5,Marvin Mims Jr.,WR,DEN,4.0,ACT,False,"https://static.www.nfl.com/image/upload/f_auto,q_auto/league/zbdjtph5xplbf4yocz0l","https://static.www.nfl.com/image/upload/f_auto,q_auto/league/zbdjtph5xplbf4yocz0l",25.810939545106454,27.875814708714973,,,0.0,0.0,0.0,0.0,51.0,37.0,322.0,1.0,10.535466956301496,9494.0,Marvin Mims,DEN,69.9,18.0,,,,6.0,36.0,,27.0,293.0,2.0,-2.0,177.3,-107.4,1.0,-109.4,99,236,6,marvin mims,219.5,700.8,192.2,170.16,372.0,,,,2,194.83,194.83,170.16,219.5,49.34,DEN,DEN,False,-41.16999999999999,136.0,-16.5,,,ESPN,136.0,REACH / WAIT
251,61,5,Chris Brooks,RB,GB,2.0,ACT,False,"https://static.www.nfl.com/image/upload/f_auto,q_auto/league/ityat7ltppdxe9t0imjd","https://static.www.nfl.com/image/upload/f_auto,q_auto/league/ityat7ltppdxe9t0imjd",16.87142857142857,18.22114285714286,,,0.0,0.0,61.0,0.0,0.0,0.0,0.0,0.0,0.0,11370.0,Chris Brooks,GB,56.3,18.0,,,,50.0,203.0,2.0,14.0,100.0,,2.0,160.1,-103.8,1.08,-110.104,64,237,6,chris brooks,,695.2,,170.35,324.0,,,,1,170.35,170.35,170.35,170.35,0.0,GB,GB,False,-66.65,87.0,,,,ESPN,87.0,REACH / WAIT
68,39,3,Troy Franklin,WR,DEN,3.0,ACT,False,"https://static.www.nfl.com/image/upload/f_auto,q_auto/league/wgfbgxjntyqzojpizgaj","https://static.www.nfl.com/image/upload/f_auto,q_auto/league/wgfbgxjntyqzojpizgaj",69.9269551535827,75.52111156586932,,,0.0,0.0,0.0,0.0,104.0,65.0,709.0,6.0,30.09631422945193,11627.0,Troy Franklin,DEN,66.1,18.0,,,,2.0,14.0,,24.0,287.0,2.0,0.0,177.3,-111.20000000000002,1.0,-111.20000000000002,100,238,6,troy franklin,241.8,263.6,170.5,,,,,,1,241.8,241.8,241.8,241.8,0.0,DEN,DEN,False,3.8000000000000114,,3.8000000000000114,,,Sleeper,3.8000000000000114,FAIR VALUE
151,65,4,Xavier Legette,WR,CAR,3.0,ACT,False,"https://static.www.nfl.com/image/upload/f_auto,q_auto/league/yoyxkitrdqbkhyqncy5p","https://static.www.nfl.com/image/upload/f_auto,q_auto/league/yoyxkitrdqbkhyqncy5p",43.64540131674634,47.137033422086056,,,0.0,0.0,0.0,0.0,64.0,35.0,363.0,3.0,20.30392966065481,11626.0,Xavier Legette,CAR,66.0,18.0,,,,1.0,10.0,,24.0,290.0,2.0,0.0,177.3,-111.3,1.0,-111.3,101,239,6,xavier legette,,686.5,,170.74,328.0,,,,1,170.74,170.74,170.74,170.74,0.0,CAR,CAR,False,-68.25999999999999,89.0,,,,ESPN,89.0,REACH / WAIT
130,57,4,Marquise Brown,WR,PHI,4.0,ACT,False,"https://static.www.nfl.com/image/upload/f_auto,q_auto/league/shkjxggufymydgp6wk3p","https://static.www.nfl.com/image/upload/f_auto,q_auto/league/shkjxggufymydgp6wk3p",49.52814141456179,53.490392727726736,,,0.0,0.0,0.0,0.0,74.0,49.0,587.0,5.0,19.986860918962783,5848.0,Marquise Brown,PHI,67.5,18.0,,,,,,,25.0,305.0,2.0,-2.0,177.3,-109.8,1.0,-111.8,102,240,6,marquise brown,,684.9,,,,,,,0,,,,,,PHI,PHI,False,,,,,,,,NO MARKET
212,47,4,Emanuel Wilson,RB,SEA,3.0,ACT,False,"https://static.www.nfl.com/image/upload/f_auto,q_auto/league/uorruvczsxzvffpbxu8z","https://static.www.nfl.com/image/upload/f_auto,q_auto/league/uorruvczsxzvffpbxu8z",25.085714285714285,27.09257142857143,,,0.0,0.0,496.0,3.0,0.0,0.0,0.0,0.0,0.0,11435.0,Emanuel Wilson,SEA,56.5,18.0,,,,61.0,249.0,2.0,11.0,86.0,,0.0,160.1,-103.6,1.08,-111.888,65,241,6,emanuel wilson,250.3,265.7,160.6,170.2,356.0,,,,2,210.25,210.25,170.2,250.3,80.10000000000002,SEA,SEA,False,-30.75,115.0,9.300000000000011,,,ESPN,115.0,REACH / WAIT
464,169,5,Chris Bell,WR,MIA,4.0,ACT,True,"https://static.www.nfl.com/image/upload/f_auto,q_auto/league/zgbku18zemqyryvyahd4","https://static.www.nfl.com/image/upload/f_auto,q_auto/league/zgbku18zemqyryvyahd4",3.0,3.24,,,0.0,0.0,0.0,0.0,0.0,0.0,0.0,0.0,0.0,13311.0,Chris Bell,MIA,67.2,18.0,,,,1.0,3.0,,25.0,299.0,2.0,-2.0,177.3,-110.1,1.0,-112.1,103,242,6,chris bell,240.9,215.3,202.9,170.54,332.0,,,,2,205.72,205.72,170.54,240.9,70.36000000000001,MIA,MIA,False,-36.28,90.0,-1.0999999999999943,,,ESPN,90.0,REACH / WAIT
336,84,5,LeQuint Allen Jr.,RB,JAX,3.0,ACT,False,"https://static.www.nfl.com/image/upload/f_auto,q_auto/league/i0utigksuuvo2njb9wtk","https://static.www.nfl.com/image/upload/f_auto,q_auto/league/i0utigksuuvo2njb9wtk",9.0,9.72,,,0.0,0.0,0.0,0.0,0.0,0.0,0.0,0.0,0.0,12544.0,LeQuint Allen,JAX,56.2,18.0,,,,33.0,135.0,1.0,18.0,127.0,1.0,0.0,160.1,-103.9,1.08,-112.212,66,243,6,lequint allen,,690.0,,170.35,346.0,,,,1,170.35,170.35,170.35,170.35,0.0,JAX,JAX,False,-72.65,103.0,,,,ESPN,103.0,REACH / WAIT
309,71,5,Ty Johnson,RB,BUF,3.0,ACT,False,"https://static.www.nfl.com/image/upload/f_auto,q_auto/league/zruhihypizhtgpvsaj3c","https://static.www.nfl.com/image/upload/f_auto,q_auto/league/zruhihypizhtgpvsaj3c",12.514285714285714,13.515428571428572,,,0.0,0.0,36.0,1.0,0.0,0.0,0.0,0.0,0.0,6039.0,Ty Johnson,BUF,55.8,18.0,,,,32.0,137.0,1.0,17.0,131.0,1.0,0.0,160.1,-104.3,1.08,-112.644,67,244,6,ty johnson,,668.0,,170.75,322.0,,,,1,170.75,170.75,170.75,170.75,0.0,BUF,BUF,False,-73.25,78.0,,,,ESPN,78.0,REACH / WAIT
209,46,4,Isiah Pacheco,RB,DET,2.0,ACT,False,"https://static.www.nfl.com/image/upload/f_auto,q_auto/league/hkqb4imkum3vxxkwuetl","https://static.www.nfl.com/image/upload/f_auto,q_auto/league/hkqb4imkum3vxxkwuetl",25.6,27.648000000000003,,,0.0,0.0,462.0,1.0,0.0,0.0,0.0,0.0,0.0,8205.0,Isiah Pacheco,DET,53.6,18.0,,,,67.0,263.0,2.0,10.0,73.0,,2.0,160.1,-106.5,1.08,-113.02,68,245,6,isiah pacheco,191.5,176.8,151.4,159.84,184.0,125.5,150.86,158.0,4,156.925,155.35000000000002,125.5,191.5,66.0,DET,DET,False,-88.07499999999999,-61.0,-53.5,-119.5,-94.13999999999999,Sleeper,-53.5,REACH / WAIT
486,112,5,Max Klare,TE,LA,4.0,ACT,True,,,3.0,2.82,,,0.0,0.0,0.0,0.0,0.0,0.0,0.0,0.0,0.0,13278.0,Max Klare,LAR,56.1,18.0,,,,,,,22.0,221.0,2.0,-2.0,162.5,-106.4,1.05,-113.72,46,246,5,max klare,248.8,694.2,211.5,169.99,471.0,,,,2,209.395,209.395,169.99,248.8,78.81,LA,LAR,False,-36.60499999999999,225.0,2.8000000000000114,,,ESPN,225.0,REACH / WAIT
259,68,5,Braelon Allen,RB,NYJ,2.0,ACT,False,"https://static.www.nfl.com/image/upload/f_auto,q_auto/league/fmpzgmfjmcbrv1gmqbdn","https://static.www.nfl.com/image/upload/f_auto,q_auto/league/fmpzgmfjmcbrv1gmqbdn",16.0,17.28,,,0.0,0.0,0.0,0.0,0.0,0.0,0.0,0.0,0.0,11576.0,Braelon Allen,NYJ,52.2,18.0,,,,57.0,233.0,2.0,10.0,69.0,,2.0,160.1,-107.9,1.08,-114.532,69,247,6,braelon allen,205.0,186.6,134.7,170.94,229.0,127.9,158.88,178.0,4,165.68,164.91,127.9,205.0,77.1,NYJ,NYJ,False,-81.32,-18.0,-42.0,-119.1,-88.12,ESPN,-18.0,REACH / WAIT
184,77,5,Tyquan Thornton,WR,KC,3.0,ACT,False,"https://static.www.nfl.com/image/upload/f_auto,q_auto/league/bjqzuempyiwxe0hl7e5a","https://static.www.nfl.com/image/upload/f_auto,q_auto/league/bjqzuempyiwxe0hl7e5a",32.73572334964484,35.35458121761643,,,0.0,0.0,0.0,0.0,19.0,10.0,220.0,2.0,48.00553982514725,8188.0,Tyquan Thornton,KC,62.6,18.0,,,,,,,20.0,306.0,2.0,0.0,177.3,-114.70000000000002,1.0,-114.70000000000002,104,248,6,tyquan thornton,,698.5,,170.35,358.0,,,,1,170.35,170.35,170.35,170.35,0.0,KC,KC,False,-77.65,110.0,,,,ESPN,110.0,REACH / WAIT
418,135,5,Skyler Bell,WR,BUF,5.0,ACT,True,"https://static.www.nfl.com/image/upload/f_auto,q_auto/league/oac3geuuhazbznztufzk","https://static.www.nfl.com/image/upload/f_auto,q_auto/league/oac3geuuhazbznztufzk",3.0,3.24,,,0.0,0.0,0.0,0.0,0.0,0.0,0.0,0.0,0.0,13402.0,Skyler Bell,BUF,63.6,18.0,,,,1.0,5.0,,22.0,291.0,2.0,-2.0,177.3,-113.70000000000002,1.0,-115.70000000000002,105,249,6,skyler bell,,691.0,,,,,,,0,,,,,,BUF,BUF,False,,,,,,,,NO MARKET
72,15,3,Jacoby Brissett,QB,ARI,1.0,ACT,False,"https://static.www.nfl.com/image/upload/f_auto,q_auto/league/qjswiunczrn5xmdiqhlz","https://static.www.nfl.com/image/upload/f_auto,q_auto/league/qjswiunczrn5xmdiqhlz",84.69999999999999,74.53599999999999,,,3366.0,23.0,0.0,0.0,0.0,0.0,0.0,0.0,0.0,3257.0,Jacoby Brissett,ARI,160.0,18.0,2400.0,15.0,7.0,35.0,110.0,1.0,,,,6.0,295.72,-135.72000000000003,0.9,-116.14800000000002,30,250,4,jacoby brissett,243.0,251.2,203.4,169.93,321.0,,,,2,206.465,206.465,169.93,243.0,73.07,ARI,ARI,False,-43.535,71.0,-7.0,,,ESPN,71.0,REACH / WAIT
230,54,4,Sean Tucker,RB,TB,3.0,ACT,False,"https://static.www.nfl.com/image/upload/f_auto,q_auto/league/wiarwjvy8p6bojlratp4","https://static.www.nfl.com/image/upload/f_auto,q_auto/league/wiarwjvy8p6bojlratp4",20.714285714285715,22.371428571428574,,,0.0,0.0,190.0,3.0,0.0,0.0,0.0,0.0,0.0,9506.0,Sean Tucker,TB,52.5,18.0,,,,66.0,288.0,2.0,8.0,57.0,,0.0,160.1,-107.6,1.08,-116.208,70,251,6,sean tucker,243.9,249.2,154.5,170.35,351.0,,,,2,207.125,207.125,170.35,243.9,73.55000000000001,TB,TB,False,-43.875,100.0,-7.099999999999994,,,ESPN,100.0,REACH / WAIT
475,177,5,Barion Brown,WR,NO,4.0,ACT,True,"https://static.www.nfl.com/image/upload/f_auto,q_auto/league/zakfmezzed4qotdrmbpc","https://static.www.nfl.com/image/upload/f_auto,q_auto/league/zakfmezzed4qotdrmbpc",3.0,3.24,,,0.0,0.0,0.0,0.0,0.0,0.0,0.0,0.0,0.0,13533.0,Barion Brown,NO,63.0,18.0,,,,,,,22.0,290.0,2.0,-2.0,177.3,-114.3,1.0,-116.3,106,252,6,barion brown,,668.3,,,,,,,0,,,,,,NO,NO,False,,,,,,,,NO MARKET
267,101,5,Isaiah Bond,WR,CLE,4.0,ACT,False,"https://static.www.nfl.com/image/upload/f_auto,q_auto/league/piv889pkizjvgrtpfkxm","https://static.www.nfl.com/image/upload/f_auto,q_auto/league/piv889pkizjvgrtpfkxm",14.520832694894892,15.682499310486484,,,0.0,0.0,0.0,0.0,18.0,7.0,96.0,0.0,27.719548089859074,12503.0,Isaiah Bond,CLE,62.8,18.0,,,,3.0,19.0,,22.0,269.0,2.0,-2.0,177.3,-114.5,1.0,-116.5,107,253,6,isaiah bond,,682.5,,,,,,,0,,,,,,CLE,CLE,False,,,,,,,,NO MARKET
502,103,5,Jack Endries,TE,CIN,4.0,ACT,True,"https://static.www.nfl.com/image/upload/f_auto,q_auto/league/wxtev9zj048yzxk8ebfu","https://static.www.nfl.com/image/upload/f_auto,q_auto/league/wxtev9zj048yzxk8ebfu",3.0,2.82,,,0.0,0.0,0.0,0.0,0.0,0.0,0.0,0.0,0.0,13282.0,Jack Endries,CIN,53.3,18.0,,,,,,,21.0,203.0,2.0,-2.0,162.5,-109.2,1.05,-116.66,47,254,5,jack endries,,508.3,,,,,,,0,,,,,,CIN,CIN,False,,,,,,,,NO MARKET
419,133,5,Elijah Sarratt,WR,BAL,5.0,ACT,True,"https://static.www.nfl.com/image/upload/f_auto,q_auto/league/rbtitvma6hjyotcajqtv","https://static.www.nfl.com/image/upload/f_auto,q_auto/league/rbtitvma6hjyotcajqtv",3.0,3.24,,,0.0,0.0,0.0,0.0,0.0,0.0,0.0,0.0,0.0,13268.0,Elijah Sarratt,BAL,61.4,18.0,,,,1.0,4.0,,22.0,270.0,2.0,-2.0,177.3,-115.9,1.0,-117.9,108,255,6,elijah sarratt,229.2,695.8,200.6,,,,,,1,229.2,229.2,229.2,229.2,0.0,BAL,BAL,False,-25.80000000000001,,-25.80000000000001,,,Sleeper,-25.80000000000001,REACH / WAIT
474,167,5,Malik Benson,WR,LV,4.0,ACT,True,"https://static.www.nfl.com/image/upload/f_auto,q_auto/league/tndlq4zmq6r9nsvmzih6","https://static.www.nfl.com/image/upload/f_auto,q_auto/league/tndlq4zmq6r9nsvmzih6",3.0,3.24,,,0.0,0.0,0.0,0.0,0.0,0.0,0.0,0.0,0.0,13329.0,Malik Benson,LV,60.6,18.0,,,,,,,21.0,276.0,2.0,-2.0,177.3,-116.70000000000002,1.0,-118.70000000000002,109,256,6,malik benson,,543.5,,,,,,,0,,,,,,LV,LV,False,,,,,,,,NO MARKET
454,154,5,Josh Cameron,WR,JAX,5.0,ACT,True,"https://static.www.nfl.com/image/upload/f_auto,q_auto/league/jwb3wyhoqqq52mfiyxxc","https://static.www.nfl.com/image/upload/f_auto,q_auto/league/jwb3wyhoqqq52mfiyxxc",3.0,3.24,,,0.0,0.0,0.0,0.0,0.0,0.0,0.0,0.0,0.0,13394.0,Josh Cameron,JAX,59.6,18.0,,,,4.0,22.0,,21.0,244.0,2.0,-2.0,177.3,-117.70000000000002,1.0,-119.70000000000002,110,257,6,josh cameron,,655.8,,,,,,,0,,,,,,JAX,JAX,False,,,,,,,,NO MARKET
171,73,5,Mack Hollins,WR,NE,4.0,ACT,False,"https://static.www.nfl.com/image/upload/f_auto,q_auto/league/qbz7whjzsittudcecezw","https://static.www.nfl.com/image/upload/f_auto,q_auto/league/qbz7whjzsittudcecezw",37.53126596714931,40.53376724452126,,,0.0,0.0,0.0,0.0,65.0,46.0,550.0,2.0,19.09863752805423,4177.0,Mack Hollins,NE,57.6,18.0,,,,1.0,6.0,,20.0,250.0,2.0,-2.0,177.3,-119.70000000000002,1.0,-121.70000000000002,111,258,6,mack hollins,,697.0,,170.1,421.0,,,,1,170.1,170.1,170.1,170.1,0.0,NE,NE,False,-87.9,163.0,,,,ESPN,163.0,REACH / WAIT
425,138,5,Zavion Thomas,WR,CHI,4.0,ACT,True,"https://static.www.nfl.com/image/upload/f_auto,q_auto/league/lhodk54zsmznu4yxjoux","https://static.www.nfl.com/image/upload/f_auto,q_auto/league/lhodk54zsmznu4yxjoux",3.0,3.24,,,0.0,0.0,0.0,0.0,0.0,0.0,0.0,0.0,0.0,13411.0,Zavion Thomas,CHI,57.2,18.0,,,,,,,20.0,252.0,2.0,-2.0,177.3,-120.1,1.0,-122.1,112,259,6,zavion thomas,,673.4,,,,,,,0,,,,,,CHI,CHI,False,,,,,,,,NO MARKET
128,55,4,Elic Ayomanor,WR,TEN,5.0,ACT,False,"https://static.www.nfl.com/image/upload/f_auto,q_auto/league/jjmscqt6v4ecasveugoh","https://static.www.nfl.com/image/upload/f_auto,q_auto/league/jjmscqt6v4ecasveugoh",50.79095726258095,54.85423384358742,,,0.0,0.0,0.0,0.0,89.0,41.0,515.0,4.0,28.08940169752013,12499.0,Elic Ayomanor,TEN,56.7,18.0,,,,,,,20.0,247.0,2.0,-2.0,177.3,-120.6,1.0,-122.6,113,260,6,elic ayomanor,241.5,699.1,184.8,,,,,,1,241.5,241.5,241.5,241.5,0.0,TEN,TEN,False,-18.5,,-18.5,,,Sleeper,-18.5,REACH / WAIT
228,53,4,Jaylen Wright,RB,MIA,2.0,ACT,False,"https://static.www.nfl.com/image/upload/f_auto,q_auto/league/feeuommtlmpvuxvtb1zt","https://static.www.nfl.com/image/upload/f_auto,q_auto/league/feeuommtlmpvuxvtb1zt",20.857142857142858,22.525714285714287,,,0.0,0.0,130.0,1.0,0.0,0.0,0.0,0.0,0.0,11643.0,Jaylen Wright,MIA,44.1,18.0,,,,53.0,223.0,2.0,6.0,38.0,,2.0,160.1,-116.0,1.08,-123.28,71,261,6,jaylen wright,247.9,225.0,173.8,170.63,311.0,,,,2,209.265,209.265,170.63,247.9,77.27000000000001,MIA,MIA,False,-51.735000000000014,50.0,-13.099999999999994,,,ESPN,50.0,REACH / WAIT
352,95,5,Kaytron Allen,RB,WAS,3.0,ACT,True,"https://static.www.nfl.com/image/upload/f_auto,q_auto/league/vbhwkqty94alwjyz8cin","https://static.www.nfl.com/image/upload/f_auto,q_auto/league/vbhwkqty94alwjyz8cin",9.0,9.72,,,0.0,0.0,0.0,0.0,0.0,0.0,0.0,0.0,0.0,13405.0,Kaytron Allen,WAS,45.9,18.0,,,,53.0,220.0,2.0,8.0,59.0,,0.0,160.1,-114.2,1.08,-123.336,72,262,6,kaytron allen,239.1,233.6,156.6,170.35,402.0,,,,2,204.725,204.725,170.35,239.1,68.75,WAS,WAS,False,-57.275000000000006,140.0,-22.900000000000006,,,ESPN,140.0,REACH / WAIT
224,44,5,Charlie Kolar,TE,LAC,1.0,ACT,False,"https://static.www.nfl.com/image/upload/f_auto,q_auto/league/g75ws8vkqz9cqwifhcy7","https://static.www.nfl.com/image/upload/f_auto,q_auto/league/g75ws8vkqz9cqwifhcy7",25.0,23.5,,,0.0,0.0,0.0,0.0,0.0,0.0,0.0,0.0,0.0,8127.0,Charlie Kolar,LAC,38.4,18.0,,,,1.0,2.0,,16.0,162.0,1.0,6.0,162.5,-124.1,1.05,-124.305,48,263,5,charlie kolar,,660.8,,,,,,,0,,,,,,LAC,LAC,False,,,,,,,,NO MARKET
236,46,5,Elijah Higgins,TE,ARI,2.0,ACT,False,"https://static.www.nfl.com/image/upload/f_auto,q_auto/league/qgvtaa0gekopg4ad6vqe","https://static.www.nfl.com/image/upload/f_auto,q_auto/league/qgvtaa0gekopg4ad6vqe",22.528541589623483,21.17682909424608,,,0.0,0.0,0.0,0.0,8.0,7.0,91.0,0.0,15.05937461478408,10231.0,Elijah Higgins,ARI,41.9,18.0,,,,,,,18.0,179.0,1.0,2.0,162.5,-120.6,1.05,-124.63,49,264,5,elijah higgins,,668.1,,,,,,,0,,,,,,ARI,ARI,False,,,,,,,,NO MARKET
258,69,5,Kaelon Black,RB,SF,2.0,ACT,True,"https://static.www.nfl.com/image/upload/f_auto,q_auto/league/nwgkzr1ysr32jc79zfnt","https://static.www.nfl.com/image/upload/f_auto,q_auto/league/nwgkzr1ysr32jc79zfnt",16.0,17.28,,,0.0,0.0,0.0,0.0,0.0,0.0,0.0,0.0,0.0,13414.0,Kaelon Black,SF,42.3,18.0,,,,49.0,200.0,2.0,6.0,43.0,,2.0,160.1,-117.8,1.08,-125.224,73,265,6,kaelon black,195.8,161.2,,170.35,281.0,130.5,156.34,174.0,4,163.2475,163.345,130.5,195.8,65.30000000000001,SF,SF,False,-101.7525,16.0,-69.19999999999999,-134.5,-108.66,ESPN,16.0,REACH / WAIT
275,66,5,Daniel Bellinger,TE,TEN,2.0,ACT,False,"https://static.www.nfl.com/image/upload/f_auto,q_auto/league/nvabdu88h2cvroeygabo","https://static.www.nfl.com/image/upload/f_auto,q_auto/league/nvabdu88h2cvroeygabo",16.0,15.04,,,0.0,0.0,0.0,0.0,0.0,0.0,0.0,0.0,0.0,8225.0,Daniel Bellinger,TEN,40.1,18.0,,,,,,,17.0,171.0,1.0,2.0,162.5,-122.4,1.05,-126.52,50,266,5,daniel bellinger,,680.8,,,,,,,0,,,,,,TEN,TEN,False,,,,,,,,NO MARKET
376,91,5,Oscar Delp,TE,NO,3.0,ACT,True,"https://static.www.nfl.com/image/upload/f_auto,q_auto/league/a7tu8cb3rnd5ncgbtok5","https://static.www.nfl.com/image/upload/f_auto,q_auto/league/a7tu8cb3rnd5ncgbtok5",9.0,8.459999999999999,,,0.0,0.0,0.0,0.0,0.0,0.0,0.0,0.0,0.0,13319.0,Oscar Delp,NO,39.4,18.0,,,,,,,17.0,164.0,1.0,0.0,162.5,-123.1,1.05,-129.255,51,267,5,oscar delp,,677.9,,,,,,,0,,,,,,NO,NO,False,,,,,,,,NO MARKET
222,43,5,Noah Fant,TE,NO,2.0,ACT,False,"https://static.www.nfl.com/image/upload/f_auto,q_auto/league/lijnonbrcmplvkcb5kqv","https://static.www.nfl.com/image/upload/f_auto,q_auto/league/lijnonbrcmplvkcb5kqv",25.70307363397404,24.1608892159356,,,0.0,0.0,0.0,0.0,16.0,14.0,88.0,1.0,5.182034836536835,5857.0,Noah Fant,NO,36.6,18.0,,,,,,,15.0,156.0,1.0,2.0,162.5,-125.9,1.05,-130.19500000000002,52,268,5,noah fant,,642.2,,,,,,,0,,,,,,NO,NO,False,,,,,,,,NO MARKET
205,83,5,John Metchie III,WR,CAR,4.0,ACT,False,"https://static.www.nfl.com/image/upload/f_auto,q_auto/league/nsjpnskeldxzbzckpfgg","https://static.www.nfl.com/image/upload/f_auto,q_auto/league/nsjpnskeldxzbzckpfgg",26.417145706136985,28.530517362627947,,,0.0,0.0,0.0,0.0,48.0,33.0,274.0,2.0,6.008805453761845,8147.0,John Metchie,CAR,48.8,18.0,,,,1.0,8.0,,20.0,220.0,1.0,-2.0,177.3,-128.5,1.0,-130.5,114,269,6,john metchie,,696.9,,,,,,,0,,,,,,CAR,CAR,False,,,,,,,,NO MARKET
178,34,5,Jonnu Smith,TE,GB,2.0,ACT,False,"https://static.www.nfl.com/image/upload/f_auto,q_auto/league/egd6llghj3n5wfdrqacw","https://static.www.nfl.com/image/upload/f_auto,q_auto/league/egd6llghj3n5wfdrqacw",41.007042308039686,38.5466197695573,,,0.0,0.0,0.0,0.0,54.0,38.0,222.0,2.0,7.035211540198446,4144.0,Jonnu Smith,GB,35.9,18.0,,,,2.0,10.0,,15.0,139.0,1.0,2.0,162.5,-126.6,1.05,-130.93,53,270,5,jonnu smith,,661.4,,,,,,,0,,,,,,GB,GB,False,,,,,,,,NO MARKET
328,77,5,Rasheen Ali,RB,BAL,3.0,ACT,False,"https://static.www.nfl.com/image/upload/f_auto,q_auto/league/zwjrkzu3ia3cfrwgotqt","https://static.www.nfl.com/image/upload/f_auto,q_auto/league/zwjrkzu3ia3cfrwgotqt",9.0,9.72,,,0.0,0.0,0.0,0.0,0.0,0.0,0.0,0.0,0.0,11570.0,Rasheen Ali,BAL,38.7,18.0,,,,29.0,120.0,1.0,12.0,87.0,,0.0,160.1,-121.4,1.08,-131.112,74,271,6,rasheen ali,,682.0,,170.09,399.0,,,,1,170.09,170.09,170.09,170.09,0.0,BAL,BAL,False,-100.91,128.0,,,,ESPN,128.0,REACH / WAIT
190,38,5,Tommy Tremble,TE,CAR,1.0,ACT,False,"https://static.www.nfl.com/image/upload/f_auto,q_auto/league/t7wjikfv09d3o1q7wjdx","https://static.www.nfl.com/image/upload/f_auto,q_auto/league/t7wjikfv09d3o1q7wjdx",35.945261891057505,33.78854617759405,,,0.0,0.0,0.0,0.0,8.0,5.0,42.0,1.0,25.22630945528752,7694.0,Tommy Tremble,CAR,31.8,18.0,,,,,,,13.0,128.0,1.0,6.0,162.5,-130.7,1.05,-131.235,54,272,5,tommy tremble,,597.0,,,,,,,0,,,,,,CAR,CAR,False,,,,,,,,NO MARKET
260,65,5,Seth McGowan,RB,IND,2.0,ACT,True,"https://static.www.nfl.com/image/upload/f_auto,q_auto/league/qkwvvygwu9pan88sivzb","https://static.www.nfl.com/image/upload/f_auto,q_auto/league/qkwvvygwu9pan88sivzb",16.0,17.28,,,0.0,0.0,0.0,0.0,0.0,0.0,0.0,0.0,0.0,13424.0,Seth McGowan,IND,36.3,18.0,,,,44.0,184.0,1.0,7.0,49.0,,2.0,160.1,-123.8,1.08,-131.704,75,273,6,seth mcgowan,,692.6,,170.26,352.0,,,,1,170.26,170.26,170.26,170.26,0.0,IND,IND,False,-102.74000000000001,79.0,,,,ESPN,79.0,REACH / WAIT
287,61,5,Eli Raridon,TE,NE,2.0,ACT,True,"https://static.www.nfl.com/image/upload/f_auto,q_auto/league/tglrg0yek3kwrt8rqz5t","https://static.www.nfl.com/image/upload/f_auto,q_auto/league/tglrg0yek3kwrt8rqz5t",16.0,15.04,,,0.0,0.0,0.0,0.0,0.0,0.0,0.0,0.0,0.0,13421.0,Eli Raridon,NE,33.0,18.0,,,,,,,14.0,130.0,1.0,2.0,162.5,-129.5,1.05,-133.975,55,274,5,eli raridon,,695.1,,169.98,473.0,,,,1,169.98,169.98,169.98,169.98,0.0,NE,NE,False,-104.02000000000001,199.0,,,,ESPN,199.0,REACH / WAIT
211,42,5,Tyler Higbee,TE,LA,2.0,ACT,False,"https://static.www.nfl.com/image/upload/f_auto,q_auto/league/x1d4osiefibd04df6gow","https://static.www.nfl.com/image/upload/f_auto,q_auto/league/x1d4osiefibd04df6gow",28.8400727062211,27.10966834384784,,,0.0,0.0,0.0,0.0,17.0,10.0,135.0,1.0,15.700363531105504,3271.0,Tyler Higbee,LAR,32.9,18.0,,,,,,,14.0,129.0,1.0,2.0,162.5,-129.6,1.05,-134.08,56,275,5,tyler higbee,,651.9,,169.88,470.0,,,,1,169.88,169.88,169.88,169.88,0.0,LA,LAR,False,-105.12,195.0,,,,ESPN,195.0,REACH / WAIT
285,67,5,John Bates,TE,WAS,2.0,ACT,False,"https://static.www.nfl.com/image/upload/f_auto,q_auto/league/sqaiwpind6kk4ns4acql","https://static.www.nfl.com/image/upload/f_auto,q_auto/league/sqaiwpind6kk4ns4acql",16.0,15.04,,,0.0,0.0,0.0,0.0,0.0,0.0,0.0,0.0,0.0,7716.0,John Bates,WAS,31.8,18.0,,,,,,,13.0,128.0,1.0,2.0,162.5,-130.7,1.05,-135.235,57,276,5,john bates,,620.3,,,,,,,0,,,,,,WAS,WAS,False,,,,,,,,NO MARKET
180,32,5,Michael Penix Jr.,QB,ATL,2.0,ACT,False,"https://static.www.nfl.com/image/upload/f_auto,q_auto/league/mip4kogkqxwkkya6mvmh","https://static.www.nfl.com/image/upload/f_auto,q_auto/league/mip4kogkqxwkkya6mvmh",43.21111111111111,38.025777777777776,,,1982.0,9.0,0.0,0.0,0.0,0.0,0.0,0.0,0.0,11559.0,Michael Penix,ATL,143.16,18.0,2194.0,13.0,8.0,28.0,94.0,1.0,,,,2.0,295.72,-152.56000000000003,0.9,-135.30400000000003,31,277,4,michael penix,227.9,694.7,230.6,170.1,440.0,,,,2,199.0,199.0,170.1,227.9,57.80000000000001,ATL,ATL,False,-78.0,163.0,-49.099999999999994,,,ESPN,163.0,REACH / WAIT
280,52,5,Drew Sample,TE,CIN,2.0,ACT,False,"https://static.www.nfl.com/image/upload/f_auto,q_auto/league/mmxrr2k7gdfowqpyxtr7","https://static.www.nfl.com/image/upload/f_auto,q_auto/league/mmxrr2k7gdfowqpyxtr7",16.0,15.04,,,0.0,0.0,0.0,0.0,0.0,0.0,0.0,0.0,0.0,6001.0,Drew Sample,CIN,31.6,18.0,,,,,,,13.0,126.0,1.0,2.0,162.5,-130.9,1.05,-135.44500000000002,58,278,5,drew sample,,454.2,,169.97,472.0,,,,1,169.97,169.97,169.97,169.97,0.0,CIN,CIN,False,-108.03,194.0,,,,ESPN,194.0,REACH / WAIT
363,76,5,Sam Roush,TE,CHI,3.0,ACT,True,"https://static.www.nfl.com/image/upload/f_auto,q_auto/league/jqkmmguw4934lyjgvuip","https://static.www.nfl.com/image/upload/f_auto,q_auto/league/jqkmmguw4934lyjgvuip",9.0,8.459999999999999,,,0.0,0.0,0.0,0.0,0.0,0.0,0.0,0.0,0.0,13322.0,Sam Roush,CHI,33.5,18.0,,,,,,,14.0,135.0,1.0,0.0,162.5,-129.0,1.05,-135.45000000000002,59,279,5,sam roush,,630.0,,,,,,,0,,,,,,CHI,CHI,False,,,,,,,,NO MARKET
270,60,5,Josh Oliver,TE,MIN,2.0,ACT,False,"https://static.www.nfl.com/image/upload/f_auto,q_auto/league/awdb5xedlbq0ebpptgzb","https://static.www.nfl.com/image/upload/f_auto,q_auto/league/awdb5xedlbq0ebpptgzb",16.0,15.04,,,0.0,0.0,0.0,0.0,0.0,0.0,0.0,0.0,0.0,5973.0,Josh Oliver,MIN,31.4,18.0,,,,,,,13.0,124.0,1.0,2.0,162.5,-131.1,1.05,-135.655,60,280,5,josh oliver,,647.4,,,,,,,0,,,,,,MIN,MIN,False,,,,,,,,NO MARKET
368,83,5,Cade Stover,TE,HOU,3.0,ACT,False,"https://static.www.nfl.com/image/upload/f_auto,q_auto/league/ur3ihcg0rkeqbfiksj5y","https://static.www.nfl.com/image/upload/f_auto,q_auto/league/ur3ihcg0rkeqbfiksj5y",9.0,8.459999999999999,,,0.0,0.0,0.0,0.0,0.0,0.0,0.0,0.0,0.0,11599.0,Cade Stover,HOU,33.2,18.0,,,,2.0,2.0,,14.0,130.0,1.0,0.0,162.5,-129.3,1.05,-135.765,61,281,6,cade stover,,592.7,,,,,,,0,,,,,,HOU,HOU,False,,,,,,,,NO MARKET
369,73,5,Austin Hooper,TE,ATL,3.0,ACT,False,"https://static.www.nfl.com/image/upload/f_auto,q_auto/league/dd0j9ccd8fxokl48alzg","https://static.www.nfl.com/image/upload/f_auto,q_auto/league/dd0j9ccd8fxokl48alzg",9.0,8.459999999999999,,,0.0,0.0,0.0,0.0,0.0,0.0,0.0,0.0,0.0,3202.0,Austin Hooper,ATL,33.2,18.0,,,,,,,14.0,132.0,1.0,0.0,162.5,-129.3,1.05,-135.765,62,282,6,austin hooper,430.0,629.7,,,,,,,1,430.0,430.0,430.0,430.0,0.0,ATL,ATL,False,148.0,,148.0,,,Sleeper,148.0,PLATFORM STEAL
367,85,5,Tanner Koziol,TE,JAX,3.0,ACT,True,"https://static.www.nfl.com/image/upload/f_auto,q_auto/league/yx0na9fufgv3snuyecbd","https://static.www.nfl.com/image/upload/f_auto,q_auto/league/yx0na9fufgv3snuyecbd",9.0,8.459999999999999,,,0.0,0.0,0.0,0.0,0.0,0.0,0.0,0.0,0.0,13408.0,Tanner Koziol,JAX,32.8,18.0,,,,,,,14.0,128.0,1.0,0.0,162.5,-129.7,1.05,-136.185,63,283,6,tanner koziol,,,,,,,,,0,,,,,,JAX,JAX,False,,,,,,,,NO MARKET
331,91,5,Will Shipley,RB,PHI,3.0,ACT,False,"https://static.www.nfl.com/image/upload/f_auto,q_auto/league/pvpaepncsdfgzdubkuhg","https://static.www.nfl.com/image/upload/f_auto,q_auto/league/pvpaepncsdfgzdubkuhg",9.0,9.72,,,0.0,0.0,0.0,0.0,0.0,0.0,0.0,0.0,0.0,11577.0,Will Shipley,PHI,33.8,18.0,,,,25.0,105.0,1.0,10.0,73.0,,0.0,160.1,-126.3,1.08,-136.404,76,284,6,will shipley,,685.8,,170.15,355.0,,,,1,170.15,170.15,170.15,170.15,0.0,PHI,PHI,False,-113.85,71.0,,,,ESPN,71.0,REACH / WAIT
380,75,5,Jackson Hawes,TE,BUF,3.0,ACT,False,"https://static.www.nfl.com/image/upload/f_auto,q_auto/league/gl3easmpg7rn6e5siya2","https://static.www.nfl.com/image/upload/f_auto,q_auto/league/gl3easmpg7rn6e5siya2",9.0,8.459999999999999,,,0.0,0.0,0.0,0.0,0.0,0.0,0.0,0.0,0.0,12658.0,Jackson Hawes,BUF,31.9,18.0,,,,,,,13.0,129.0,1.0,0.0,162.5,-130.6,1.05,-137.13,64,285,6,jackson hawes,613.5,661.1,,,,,,,1,613.5,613.5,613.5,613.5,0.0,BUF,BUF,False,328.5,,328.5,,,Sleeper,328.5,PLATFORM STEAL
317,110,5,Konata Mumpfield,WR,LA,4.0,ACT,False,"https://static.www.nfl.com/image/upload/f_auto,q_auto/league/cehkowkvb4aujslmppbj","https://static.www.nfl.com/image/upload/f_auto,q_auto/league/cehkowkvb4aujslmppbj",10.70676123933048,11.56330213847692,,,0.0,0.0,0.0,0.0,13.0,5.0,50.0,0.0,18.437652350498546,12718.0,Konata Mumpfield,LAR,41.7,18.0,,,,,,,16.0,197.0,1.0,-2.0,177.3,-135.60000000000002,1.0,-137.60000000000002,115,286,6,konata mumpfield,,678.2,,,,,,,0,,,,,,LA,LAR,False,,,,,,,,NO MARKET
377,79,5,Luke Schoonmaker,TE,DAL,3.0,ACT,False,"https://static.www.nfl.com/image/upload/f_auto,q_auto/league/g1slhy5joxxfeudlzrh9","https://static.www.nfl.com/image/upload/f_auto,q_auto/league/g1slhy5joxxfeudlzrh9",9.0,8.459999999999999,,,0.0,0.0,0.0,0.0,0.0,0.0,0.0,0.0,0.0,10871.0,Luke Schoonmaker,DAL,31.4,18.0,,,,,,,13.0,124.0,1.0,0.0,162.5,-131.1,1.05,-137.655,65,287,6,luke schoonmaker,,668.8,,,,,,,0,,,,,,DAL,DAL,False,,,,,,,,NO MARKET
281,54,5,Brevyn Spann-Ford,TE,DAL,2.0,ACT,False,"https://static.www.nfl.com/image/upload/f_auto,q_auto/league/sko2pmuqociwa92ep1ad","https://static.www.nfl.com/image/upload/f_auto,q_auto/league/sko2pmuqociwa92ep1ad",16.0,15.04,,,0.0,0.0,0.0,0.0,0.0,0.0,0.0,0.0,0.0,11593.0,Brevyn Spann-Ford,DAL,29.4,18.0,,,,,,,12.0,114.0,1.0,2.0,162.5,-133.1,1.05,-137.755,66,288,6,brevyn spann ford,,,,,,,,,0,,,,,,DAL,DAL,False,,,,,,,,NO MARKET
326,83,5,Kaleb Johnson,RB,GB,3.0,ACT,False,"https://static.www.nfl.com/image/upload/f_auto,q_auto/league/zpzc4oobxi8nr5dyonob","https://static.www.nfl.com/image/upload/f_auto,q_auto/league/zpzc4oobxi8nr5dyonob",9.0,9.72,,,0.0,0.0,0.0,0.0,0.0,0.0,0.0,0.0,0.0,12504.0,Kaleb Johnson,GB,32.0,18.0,,,,42.0,174.0,1.0,5.0,36.0,,0.0,160.1,-128.1,1.08,-138.348,77,289,6,kaleb johnson,215.5,638.1,172.7,169.95,378.0,,,,2,192.725,192.725,169.95,215.5,45.55000000000001,GB,GB,False,-96.275,89.0,-73.5,,,ESPN,89.0,REACH / WAIT
334,117,5,Bryce Lance,WR,NO,3.0,ACT,True,"https://static.www.nfl.com/image/upload/f_auto,q_auto/league/lzh0hbhllbouh97ffpp6","https://static.www.nfl.com/image/upload/f_auto,q_auto/league/lzh0hbhllbouh97ffpp6",9.0,9.72,,,0.0,0.0,0.0,0.0,0.0,0.0,0.0,0.0,0.0,13420.0,Bryce Lance,NO,38.7,18.0,,,,,,,15.0,177.0,1.0,0.0,177.3,-138.60000000000002,1.0,-138.60000000000002,117,290,6,bryce lance,,571.1,,,,,,,0,,,,,,NO,NO,False,,,,,,,,NO MARKET
135,59,4,Xavier Hutchinson,WR,HOU,2.0,ACT,False,"https://static.www.nfl.com/image/upload/f_auto,q_auto/league/n5baiu6sg9wh3xhhewkd","https://static.www.nfl.com/image/upload/f_auto,q_auto/league/n5baiu6sg9wh3xhhewkd",48.12312563806503,51.97297568911024,,,0.0,0.0,0.0,0.0,57.0,35.0,428.0,3.0,11.44255126724823,10218.0,Xavier Hutchinson,HOU,36.7,18.0,,,,,,,14.0,167.0,1.0,2.0,177.3,-140.60000000000002,1.0,-138.60000000000002,116,291,6,xavier hutchinson,,679.1,,170.22,330.0,,,,1,170.22,170.22,170.22,170.22,0.0,HOU,HOU,False,-120.78,39.0,,,,ESPN,39.0,REACH / WAIT
283,55,5,Adam Trautman,TE,DEN,2.0,ACT,False,"https://static.www.nfl.com/image/upload/f_auto,q_auto/league/bqsgkwkfolczyrxmdp1j","https://static.www.nfl.com/image/upload/f_auto,q_auto/league/bqsgkwkfolczyrxmdp1j",16.0,15.04,,,0.0,0.0,0.0,0.0,0.0,0.0,0.0,0.0,0.0,6869.0,Adam Trautman,DEN,27.8,18.0,,,,,,,11.0,108.0,1.0,2.0,162.5,-134.7,1.05,-139.435,67,292,6,adam trautman,682.8,675.3,,,,,,,1,682.8,682.8,682.8,682.8,0.0,DEN,DEN,False,390.79999999999995,,390.79999999999995,,,Sleeper,390.79999999999995,PLATFORM STEAL
277,58,5,Nate Boerkircher,TE,JAX,2.0,ACT,True,"https://static.www.nfl.com/image/upload/f_auto,q_auto/league/bxglkvzpx2y40u25xaso","https://static.www.nfl.com/image/upload/f_auto,q_auto/league/bxglkvzpx2y40u25xaso",16.0,15.04,,,0.0,0.0,0.0,0.0,0.0,0.0,0.0,0.0,0.0,13299.0,Nate Boerkircher,JAX,27.4,18.0,,,,,,,11.0,104.0,1.0,2.0,162.5,-135.1,1.05,-139.855,68,293,6,nate boerkircher,,673.5,,,,,,,0,,,,,,JAX,JAX,False,,,,,,,,NO MARKET
252,47,5,Brock Wright,TE,DET,2.0,ACT,False,"https://static.www.nfl.com/image/upload/f_auto,q_auto/league/ghmaeofuj87fm97yhvcp","https://static.www.nfl.com/image/upload/f_auto,q_auto/league/ghmaeofuj87fm97yhvcp",19.014083564886285,17.873238550993108,,,0.0,0.0,0.0,0.0,7.0,2.0,8.0,0.0,5.6537511577647495,7891.0,Brock Wright,DET,27.3,18.0,,,,,,,11.0,103.0,1.0,2.0,162.5,-135.2,1.05,-139.96,69,294,6,brock wright,690.8,697.6,,,,,,,1,690.8,690.8,690.8,690.8,0.0,DET,DET,False,396.79999999999995,,396.79999999999995,,,Sleeper,396.79999999999995,PLATFORM STEAL
439,158,5,CJ Daniels,WR,LA,7.0,ACT,True,"https://static.www.nfl.com/image/upload/f_auto,q_auto/league/jqx2xj6xmri9hrjm8azc","https://static.www.nfl.com/image/upload/f_auto,q_auto/league/jqx2xj6xmri9hrjm8azc",3.0,3.24,,,0.0,0.0,0.0,0.0,0.0,0.0,0.0,0.0,0.0,13270.0,CJ Daniels,LAR,39.3,18.0,,,,1.0,6.0,,15.0,177.0,1.0,-2.0,177.3,-138.0,1.0,-140.0,118,295,6,cj daniels,,649.6,,,,,,,0,,,,,,LA,LAR,False,,,,,,,,NO MARKET
449,160,5,Brenen Thompson,WR,LAC,4.0,ACT,True,"https://static.www.nfl.com/image/upload/f_auto,q_auto/league/khlvgjk60vz6ghkwpmak","https://static.www.nfl.com/image/upload/f_auto,q_auto/league/khlvgjk60vz6ghkwpmak",3.0,3.24,,,0.0,0.0,0.0,0.0,0.0,0.0,0.0,0.0,0.0,13380.0,Brenen Thompson,LAC,39.0,18.0,,,,,,,14.0,190.0,1.0,-2.0,177.3,-138.3,1.0,-140.3,119,296,6,brenen thompson,,662.8,,,,,,,0,,,,,,LAC,LAC,False,,,,,,,,NO MARKET
324,76,5,DJ Giddens,RB,IND,3.0,ACT,False,"https://static.www.nfl.com/image/upload/f_auto,q_auto/league/y2vrgvb9kbvfpmyb3yzu","https://static.www.nfl.com/image/upload/f_auto,q_auto/league/y2vrgvb9kbvfpmyb3yzu",9.585714285714284,10.352571428571428,,,0.0,0.0,41.0,0.0,0.0,0.0,0.0,0.0,0.0,12471.0,DJ Giddens,IND,30.0,18.0,,,,33.0,137.0,1.0,6.0,43.0,,0.0,160.1,-130.1,1.08,-140.508,78,297,6,dj giddens,,694.0,,170.13,403.0,,,,1,170.13,170.13,170.13,170.13,0.0,IND,IND,False,-126.87,106.0,,,,ESPN,106.0,REACH / WAIT
218,87,5,Tez Johnson,WR,TB,5.0,ACT,False,"https://static.www.nfl.com/image/upload/f_auto,q_auto/league/ajbnpagviw0glrhf5a2e","https://static.www.nfl.com/image/upload/f_auto,q_auto/league/ajbnpagviw0glrhf5a2e",24.028404298307425,25.95067664217202,,,0.0,0.0,0.0,0.0,20.0,13.0,143.0,3.0,24.142021491537133,12485.0,Tez Johnson,TB,38.4,18.0,,,,2.0,10.0,,14.0,174.0,1.0,-2.0,177.3,-138.9,1.0,-140.9,120,298,6,tez johnson,,673.8,,,,,,,0,,,,,,TB,TB,False,,,,,,,,NO MARKET
200,80,5,Jalen Tolbert,WR,MIA,2.0,ACT,False,"https://static.www.nfl.com/image/upload/f_auto,q_auto/league/dthrzudnyh1mcrh1det2","https://static.www.nfl.com/image/upload/f_auto,q_auto/league/dthrzudnyh1mcrh1det2",27.64461657762869,29.856185903838988,,,0.0,0.0,0.0,0.0,20.0,11.0,116.0,0.0,24.30000596506653,8117.0,Jalen Tolbert,MIA,34.2,18.0,,,,,,,13.0,152.0,1.0,2.0,177.3,-143.10000000000002,1.0,-141.10000000000002,121,299,6,jalen tolbert,,617.2,,170.55,331.0,,,,1,170.55,170.55,170.55,170.55,0.0,MIA,MIA,False,-128.45,32.0,,,,ESPN,32.0,REACH / WAIT
312,108,5,Demarcus Robinson,WR,SF,4.0,ACT,False,"https://static.www.nfl.com/image/upload/f_auto,q_auto/league/cokassoz2z7hb4wk2krh","https://static.www.nfl.com/image/upload/f_auto,q_auto/league/cokassoz2z7hb4wk2krh",12.148821135358924,13.12072682618764,,,0.0,0.0,0.0,0.0,7.0,3.0,39.0,0.0,33.99410567679462,3286.0,Demarcus Robinson,SF,38.1,18.0,,,,,,,14.0,181.0,1.0,-2.0,177.3,-139.20000000000002,1.0,-141.20000000000002,122,300,6,demarcus robinson,,679.0,,,,,,,0,,,,,,SF,SF,False,,,,,,,,NO MARKET
268,102,5,Jaylin Lane,WR,WAS,7.0,ACT,False,"https://static.www.nfl.com/image/upload/f_auto,q_auto/league/fa5ufxqxs3hzioih3cfb","https://static.www.nfl.com/image/upload/f_auto,q_auto/league/fa5ufxqxs3hzioih3cfb",14.385111629190604,15.535920559525852,,,0.0,0.0,0.0,0.0,11.0,6.0,89.0,0.0,36.329404299799165,12641.0,Jaylin Lane,WAS,37.7,18.0,,,,2.0,14.0,,14.0,163.0,1.0,-2.0,177.3,-139.60000000000002,1.0,-141.60000000000002,123,301,6,jaylin lane,,691.0,,,,,,,0,,,,,,WAS,WAS,False,,,,,,,,NO MARKET
504,109,5,Marlin Klein,TE,HOU,4.0,ACT,True,"https://static.www.nfl.com/image/upload/f_auto,q_auto/league/ek2nzhrwqxl6psbm2iic","https://static.www.nfl.com/image/upload/f_auto,q_auto/league/ek2nzhrwqxl6psbm2iic",3.0,2.82,,,0.0,0.0,0.0,0.0,0.0,0.0,0.0,0.0,0.0,13307.0,Marlin Klein,HOU,29.5,18.0,,,,,,,12.0,115.0,1.0,-2.0,162.5,-133.0,1.05,-141.65,70,302,6,marlin klein,,663.1,,,,,,,0,,,,,,HOU,HOU,False,,,,,,,,NO MARKET
360,97,5,Ben Sinnott,TE,WAS,3.0,ACT,False,"https://static.www.nfl.com/image/upload/f_auto,q_auto/league/ilkrv6dqajndnlsbmv8f","https://static.www.nfl.com/image/upload/f_auto,q_auto/league/ilkrv6dqajndnlsbmv8f",9.0,8.459999999999999,,,0.0,0.0,0.0,0.0,0.0,0.0,0.0,0.0,0.0,11596.0,Ben Sinnott,WAS,27.5,18.0,,,,,,,11.0,105.0,1.0,0.0,162.5,-135.0,1.05,-141.75,71,303,6,ben sinnott,,671.5,,,,,,,0,,,,,,WAS,WAS,False,,,,,,,,NO MARKET
217,51,4,Devin Singletary,RB,NYG,4.0,ACT,False,"https://static.www.nfl.com/image/upload/f_auto,q_auto/league/xy2r2msxjqneml2c1cdc","https://static.www.nfl.com/image/upload/f_auto,q_auto/league/xy2r2msxjqneml2c1cdc",24.242857142857144,26.182285714285715,,,0.0,0.0,437.0,5.0,0.0,0.0,0.0,0.0,0.0,6130.0,Devin Singletary,NYG,30.6,18.0,,,,20.0,82.0,1.0,10.0,64.0,,-2.0,160.1,-129.5,1.08,-141.86,79,304,6,devin singletary,,660.1,,,,,,,0,,,,,,NYG,NYG,False,,,,,,,,NO MARKET
483,99,5,Josh Cuevas,TE,BAL,4.0,ACT,True,"https://static.www.nfl.com/image/upload/f_auto,q_auto/league/maktufaiogxfm5ewjsi9","https://static.www.nfl.com/image/upload/f_auto,q_auto/league/maktufaiogxfm5ewjsi9",3.0,2.82,,,0.0,0.0,0.0,0.0,0.0,0.0,0.0,0.0,0.0,13273.0,Josh Cuevas,BAL,27.8,18.0,,,,,,,11.0,108.0,1.0,-2.0,162.5,-134.7,1.05,-143.435,72,305,6,josh cuevas,697.1,671.5,,,,,,,1,697.1,697.1,697.1,697.1,0.0,BAL,BAL,False,392.1,,392.1,,,Sleeper,392.1,PLATFORM STEAL
254,62,5,George Holani,RB,SEA,2.0,ACT,False,"https://static.www.nfl.com/image/upload/f_auto,q_auto/league/pgwvv5qhcmnwf3tomy1a","https://static.www.nfl.com/image/upload/f_auto,q_auto/league/pgwvv5qhcmnwf3tomy1a",16.385714285714286,17.69657142857143,,,0.0,0.0,27.0,0.0,0.0,0.0,0.0,0.0,0.0,12048.0,George Holani,SEA,25.2,18.0,,,,30.0,123.0,1.0,4.0,29.0,,2.0,160.1,-134.9,1.08,-143.692,80,306,6,george holani,,700.0,,170.32,349.0,,,,1,170.32,170.32,170.32,170.32,0.0,SEA,SEA,False,-135.68,43.0,,,,ESPN,43.0,REACH / WAIT
355,122,5,KeAndre Lambert-Smith,WR,LAC,5.0,ACT,False,"https://static.www.nfl.com/image/upload/f_auto,q_auto/league/xhhzgylwh0ptvpaghnuu","https://static.www.nfl.com/image/upload/f_auto,q_auto/league/xhhzgylwh0ptvpaghnuu",8.957668837645954,9.674282344657632,,,0.0,0.0,0.0,0.0,5.0,2.0,24.0,0.0,21.69219034207593,12670.0,KeAndre Lambert-Smith,LAC,35.5,18.0,,,,1.0,6.0,,13.0,159.0,1.0,-2.0,177.3,-141.8,1.0,-143.8,124,307,6,keandre lambert smith,,647.5,,,,,,,0,,,,,,LAC,LAC,False,,,,,,,,NO MARKET
310,107,5,Treylon Burks,WR,WAS,5.0,ACT,False,"https://static.www.nfl.com/image/upload/f_auto,q_auto/league/bmozbzdxgnnwdniuvgnn","https://static.www.nfl.com/image/upload/f_auto,q_auto/league/bmozbzdxgnnwdniuvgnn",12.467421377168844,13.464815087342352,,,0.0,0.0,0.0,0.0,5.0,2.0,30.0,0.0,38.77941457815192,8135.0,Treylon Burks,WAS,34.8,18.0,,,,3.0,16.0,,12.0,152.0,1.0,-2.0,177.3,-142.5,1.0,-144.5,125,308,6,treylon burks,,678.8,,,,,,,0,,,,,,WAS,WAS,False,,,,,,,,NO MARKET
319,72,5,Brashard Smith,RB,KC,3.0,ACT,False,"https://static.www.nfl.com/image/upload/f_auto,q_auto/league/xnf4x6b9a2yunsc0gaej","https://static.www.nfl.com/image/upload/f_auto,q_auto/league/xnf4x6b9a2yunsc0gaej",10.357142857142858,11.185714285714289,,,0.0,0.0,95.0,0.0,0.0,0.0,0.0,0.0,0.0,12455.0,Brashard Smith,KC,26.3,18.0,,,,23.0,97.0,1.0,6.0,46.0,,0.0,160.1,-133.79999999999998,1.08,-144.504,81,309,6,brashard smith,226.3,669.4,182.4,170.25,326.0,,,,2,198.275,198.275,170.25,226.3,56.05000000000001,KC,KC,False,-110.725,17.0,-82.69999999999999,,,ESPN,17.0,REACH / WAIT
335,89,5,Najee Harris,RB,NYG,3.0,ACT,False,"https://static.www.nfl.com/image/upload/f_auto,q_auto/league/grfxgbvqnzz40r7rdtvk","https://static.www.nfl.com/image/upload/f_auto,q_auto/league/grfxgbvqnzz40r7rdtvk",9.0,9.72,,,0.0,0.0,0.0,0.0,0.0,0.0,0.0,0.0,0.0,7528.0,Najee Harris,NYG,26.3,18.0,,,,30.0,117.0,1.0,5.0,36.0,,0.0,160.1,-133.79999999999998,1.08,-144.504,82,310,6,najee harris,220.3,657.2,169.8,170.2,240.0,,,,2,195.25,195.25,170.2,220.3,50.10000000000002,NYG,NYG,False,-114.75,-70.0,-89.69999999999999,,,ESPN,-70.0,REACH / WAIT
459,156,5,Jalen Royals,WR,KC,4.0,ACT,False,"https://static.www.nfl.com/image/upload/f_auto,q_auto/league/sqrid1hnmwqymcp2vxfx","https://static.www.nfl.com/image/upload/f_auto,q_auto/league/sqrid1hnmwqymcp2vxfx",3.0,3.24,,,0.0,0.0,0.0,0.0,0.0,0.0,0.0,0.0,0.0,12505.0,Jalen Royals,KC,33.9,18.0,,,,1.0,6.0,,13.0,143.0,1.0,-2.0,177.3,-143.4,1.0,-145.4,126,311,6,jalen royals,,686.3,,,,,,,0,,,,,,KC,KC,False,,,,,,,,NO MARKET
353,87,5,Demond Claiborne,RB,MIN,3.0,ACT,True,"https://static.www.nfl.com/image/upload/f_auto,q_auto/league/vmozbbdzgcaqq1yrixeb","https://static.www.nfl.com/image/upload/f_auto,q_auto/league/vmozbbdzgcaqq1yrixeb",9.0,9.72,,,0.0,0.0,0.0,0.0,0.0,0.0,0.0,0.0,0.0,13347.0,Demond Claiborne,MIN,24.8,18.0,,,,29.0,138.0,1.0,4.0,30.0,,0.0,160.1,-135.29999999999998,1.08,-146.124,83,312,6,demond claiborne,242.0,243.6,175.7,170.3,398.0,,,,2,206.15,206.15,170.3,242.0,71.69999999999999,MIN,MIN,False,-105.85,86.0,-70.0,,,ESPN,86.0,REACH / WAIT
354,71,5,Ja'Tavion Sanders,TE,CAR,4.0,ACT,False,"https://static.www.nfl.com/image/upload/f_auto,q_auto/league/le2akm1cbou170ioctxl","https://static.www.nfl.com/image/upload/f_auto,q_auto/league/le2akm1cbou170ioctxl",10.31522331008824,9.696309911482944,,,0.0,0.0,0.0,0.0,14.0,12.0,86.0,0.0,11.909449883774528,11600.0,Ja'Tavion Sanders,CAR,24.9,18.0,,,,,,,10.0,89.0,1.0,-2.0,162.5,-137.6,1.05,-146.48,73,313,6,ja tavion sanders,,694.3,,169.95,467.0,,,,1,169.95,169.95,169.95,169.95,0.0,CAR,CAR,False,-143.05,154.0,,,,ESPN,154.0,REACH / WAIT
345,80,5,Tahj Brooks,RB,CIN,3.0,ACT,False,"https://static.www.nfl.com/image/upload/f_auto,q_auto/league/s89clgkij0ytcmrkdydt","https://static.www.nfl.com/image/upload/f_auto,q_auto/league/s89clgkij0ytcmrkdydt",9.0,9.72,,,0.0,0.0,0.0,0.0,0.0,0.0,0.0,0.0,0.0,12543.0,Tahj Brooks,CIN,24.4,18.0,,,,33.0,132.0,1.0,3.0,22.0,,0.0,160.1,-135.7,1.08,-146.55599999999998,84,314,6,tahj brooks,,686.8,,170.15,397.0,,,,1,170.15,170.15,170.15,170.15,0.0,CIN,CIN,False,-143.85,83.0,,,,ESPN,83.0,REACH / WAIT
471,170,5,Kevin Coleman Jr.,WR,MIA,5.0,ACT,True,"https://static.www.nfl.com/image/upload/f_auto,q_auto/league/nqqd4zjnxephjb4qziww","https://static.www.nfl.com/image/upload/f_auto,q_auto/league/nqqd4zjnxephjb4qziww",3.0,3.24,,,0.0,0.0,0.0,0.0,0.0,0.0,0.0,0.0,0.0,13338.0,Kevin Coleman,MIA,32.4,18.0,,,,,,,12.0,144.0,1.0,-2.0,177.3,-144.9,1.0,-146.9,127,315,6,kevin coleman,,674.7,,170.06,391.0,,,,1,170.06,170.06,170.06,170.06,0.0,MIA,MIA,False,-144.94,76.0,,,,ESPN,76.0,REACH / WAIT
468,99,5,Jacob Saylors,RB,DET,4.0,ACT,False,"https://static.www.nfl.com/image/upload/f_auto,q_auto/league/wunm6abfmikwaewmwkp7","https://static.www.nfl.com/image/upload/f_auto,q_auto/league/wunm6abfmikwaewmwkp7",3.0,3.24,,,0.0,0.0,0.0,0.0,0.0,0.0,0.0,0.0,0.0,11237.0,Jacob Saylors,DET,25.5,18.0,,,,30.0,125.0,1.0,4.0,30.0,,-2.0,160.1,-134.6,1.08,-147.368,85,316,6,jacob saylors,556.7,492.8,,170.09,345.0,,,,2,363.395,363.395,170.09,556.7,386.61,DET,DET,False,47.39499999999998,29.0,240.70000000000005,,,Sleeper,240.70000000000005,PLATFORM STEAL
322,74,5,Ollie Gordon II,RB,MIA,3.0,ACT,False,"https://static.www.nfl.com/image/upload/f_auto,q_auto/league/bv33rgypaauv7sealwkr","https://static.www.nfl.com/image/upload/f_auto,q_auto/league/bv33rgypaauv7sealwkr",9.657142857142857,10.429714285714288,,,0.0,0.0,46.0,0.0,0.0,0.0,0.0,0.0,0.0,12495.0,Ollie Gordon,MIA,23.2,18.0,,,,30.0,120.0,1.0,3.0,22.0,,0.0,160.1,-136.9,1.08,-147.852,86,317,6,ollie gordon,,665.9,,170.68,312.0,,,,1,170.68,170.68,170.68,170.68,0.0,MIA,MIA,False,-146.32,-5.0,,,,ESPN,-5.0,REACH / WAIT
291,105,5,Isaiah Williams,WR,NYJ,4.0,ACT,False,"https://static.www.nfl.com/image/upload/f_auto,q_auto/league/rj2etltwzmlxyz1cfkeo","https://static.www.nfl.com/image/upload/f_auto,q_auto/league/rj2etltwzmlxyz1cfkeo",13.30269894076927,14.366914856030812,,,0.0,0.0,0.0,0.0,19.0,15.0,107.0,0.0,19.53272547307712,11608.0,Isaiah Williams,NYJ,31.3,18.0,,,,3.0,18.0,,12.0,135.0,1.0,-2.0,177.3,-146.0,1.0,-148.0,128,318,6,isaiah williams,,649.5,,,,,,,0,,,,,,NYJ,NYJ,False,,,,,,,,NO MARKET
318,111,5,Kyle Williams,WR,NE,5.0,ACT,False,"https://static.www.nfl.com/image/upload/f_auto,q_auto/league/xkicyhizq6sm86wr5osk","https://static.www.nfl.com/image/upload/f_auto,q_auto/league/xkicyhizq6sm86wr5osk",10.525134770665662,11.367145552318917,,,0.0,0.0,0.0,0.0,5.0,3.0,20.0,0.0,29.83721231486678,12547.0,Kyle Williams,NE,31.2,18.0,,,,1.0,4.0,,10.0,148.0,1.0,-2.0,177.3,-146.10000000000002,1.0,-148.10000000000002,129,319,6,kyle williams,222.1,683.8,195.2,,,,,,1,222.1,222.1,222.1,222.1,0.0,NE,NE,False,-96.9,,-96.9,,,Sleeper,-96.9,REACH / WAIT
426,139,5,Colbie Young,WR,CIN,4.0,ACT,True,"https://static.www.nfl.com/image/upload/f_auto,q_auto/league/n4irmipxyl87b6jmudte","https://static.www.nfl.com/image/upload/f_auto,q_auto/league/n4irmipxyl87b6jmudte",3.0,3.24,,,0.0,0.0,0.0,0.0,0.0,0.0,0.0,0.0,0.0,13477.0,Colbie Young,CIN,31.0,18.0,,,,,,,11.0,140.0,1.0,-2.0,177.3,-146.3,1.0,-148.3,130,320,6,colbie young,,643.8,,,,,,,0,,,,,,CIN,CIN,False,,,,,,,,NO MARKET
422,136,5,Jimmy Horn Jr.,WR,CAR,5.0,ACT,False,"https://static.www.nfl.com/image/upload/f_auto,q_auto/league/gggcgfbghcft0xwxtrhk","https://static.www.nfl.com/image/upload/f_auto,q_auto/league/gggcgfbghcft0xwxtrhk",3.0,3.24,,,0.0,0.0,0.0,0.0,0.0,0.0,0.0,0.0,0.0,12523.0,Jimmy Horn,CAR,30.2,18.0,,,,3.0,18.0,,10.0,124.0,1.0,-2.0,177.3,-147.10000000000002,1.0,-149.10000000000002,131,321,6,jimmy horn,,663.1,,,,,,,0,,,,,,CAR,CAR,False,,,,,,,,NO MARKET
423,132,5,Devontez Walker,WR,BAL,4.0,ACT,False,"https://static.www.nfl.com/image/upload/f_auto,q_auto/league/x3x3k5ispk44ms0f7vrv","https://static.www.nfl.com/image/upload/f_auto,q_auto/league/x3x3k5ispk44ms0f7vrv",3.0,3.24,,,0.0,0.0,0.0,0.0,0.0,0.0,0.0,0.0,0.0,11629.0,Devontez Walker,BAL,29.9,18.0,,,,1.0,6.0,,10.0,133.0,1.0,-2.0,177.3,-147.4,1.0,-149.4,132,322,6,devontez walker,,650.1,,,,,,,0,,,,,,BAL,BAL,False,,,,,,,,NO MARKET
264,99,5,Kalif Raymond,WR,CHI,3.0,ACT,False,"https://static.www.nfl.com/image/upload/f_auto,q_auto/league/dpdv6dm0almcbjdppizx","https://static.www.nfl.com/image/upload/f_auto,q_auto/league/dpdv6dm0almcbjdppizx",15.179249550232203,16.39358951425078,,,0.0,0.0,0.0,0.0,5.0,4.0,62.0,1.0,4.877016981930257,3634.0,Kalif Raymond,CHI,27.7,18.0,,,,2.0,11.0,,9.0,116.0,1.0,0.0,177.3,-149.60000000000002,1.0,-149.60000000000002,133,323,6,kalif raymond,,645.2,,,,,,,0,,,,,,CHI,CHI,False,,,,,,,,NO MARKET
448,175,5,Tai Felton,WR,MIN,4.0,ACT,False,"https://static.www.nfl.com/image/upload/f_auto,q_auto/league/pyritorbaz2enqayclln","https://static.www.nfl.com/image/upload/f_auto,q_auto/league/pyritorbaz2enqayclln",3.0,3.24,,,0.0,0.0,0.0,0.0,0.0,0.0,0.0,0.0,0.0,12496.0,Tai Felton,MIN,29.2,18.0,,,,1.0,6.0,,10.0,126.0,1.0,-2.0,177.3,-148.10000000000002,1.0,-150.10000000000002,134,324,6,tai felton,692.7,700.0,,,,,,,1,692.7,692.7,692.7,692.7,0.0,MIN,MIN,False,368.70000000000005,,368.70000000000005,,,Sleeper,368.70000000000005,PLATFORM STEAL
221,89,5,Roman Wilson,WR,PIT,3.0,ACT,False,"https://static.www.nfl.com/image/upload/f_auto,q_auto/league/xuhjoscmhmmsutbvfmrs","https://static.www.nfl.com/image/upload/f_auto,q_auto/league/xuhjoscmhmmsutbvfmrs",23.11937012902247,24.96891973934427,,,0.0,0.0,0.0,0.0,5.0,4.0,74.0,1.0,43.65454295280467,11630.0,Roman Wilson,PIT,26.8,18.0,,,,,,,9.0,118.0,1.0,0.0,177.3,-150.5,1.0,-150.5,135,325,6,roman wilson,,688.0,,,,,,,0,,,,,,PIT,PIT,False,,,,,,,,NO MARKET
357,96,5,Audric Estimé,RB,NO,4.0,ACT,False,"https://static.www.nfl.com/image/upload/f_auto,q_auto/league/lcoend1mysjfhl8f4rrt","https://static.www.nfl.com/image/upload/f_auto,q_auto/league/lcoend1mysjfhl8f4rrt",8.242857142857144,8.902285714285716,,,0.0,0.0,157.0,1.0,0.0,0.0,0.0,0.0,0.0,11579.0,Audric Estime,NO,22.6,18.0,,,,30.0,119.0,1.0,3.0,17.0,,-2.0,160.1,-137.5,1.08,-150.5,87,326,6,audric estime,237.4,692.6,189.8,,,,,,1,237.4,237.4,237.4,237.4,0.0,NO,NO,False,-88.6,,-88.6,,,Sleeper,-88.6,REACH / WAIT
438,179,5,Odell Beckham Jr.,WR,NYG,5.0,ACT,False,"https://static.www.nfl.com/image/upload/f_auto,q_auto/league/ffmalg3wr7lwnsz59i7v","https://static.www.nfl.com/image/upload/f_auto,q_auto/league/ffmalg3wr7lwnsz59i7v",3.0,3.24,,,0.0,0.0,0.0,0.0,0.0,0.0,0.0,0.0,0.0,2078.0,Odell Beckham,NYG,28.0,18.0,,,,,,,10.0,120.0,1.0,-2.0,177.3,-149.3,1.0,-151.3,136,327,6,odell beckham,,690.4,,,,,,,0,,,,,,NYG,NYG,False,,,,,,,,NO MARKET
278,51,5,Mitchell Evans,TE,CAR,2.0,ACT,False,"https://static.www.nfl.com/image/upload/f_auto,q_auto/league/yruhsxdnyfaa7iswn1dp","https://static.www.nfl.com/image/upload/f_auto,q_auto/league/yruhsxdnyfaa7iswn1dp",16.0,15.04,,,0.0,0.0,0.0,0.0,0.0,0.0,0.0,0.0,0.0,12473.0,Mitchell Evans,CAR,15.7,18.0,,,,,,,8.0,77.0,,2.0,162.5,-146.8,1.05,-152.14,74,328,6,mitchell evans,,626.3,,,,,,,0,,,,,,CAR,CAR,False,,,,,,,,NO MARKET
288,57,5,Mo Alie-Cox,TE,IND,2.0,ACT,False,"https://static.www.nfl.com/image/upload/f_auto,q_auto/league/ivdxijcqlhfwsydxh6ox","https://static.www.nfl.com/image/upload/f_auto,q_auto/league/ivdxijcqlhfwsydxh6ox",16.0,15.04,,,0.0,0.0,0.0,0.0,0.0,0.0,0.0,0.0,0.0,4054.0,Mo Alie-Cox,IND,15.4,18.0,,,,,,,8.0,74.0,,2.0,162.5,-147.1,1.05,-152.455,75,329,6,mo alie cox,527.6,613.0,,,,,,,1,527.6,527.6,527.6,527.6,0.0,IND,IND,False,198.60000000000002,,198.60000000000002,,,Sleeper,198.60000000000002,PLATFORM STEAL
407,128,5,Reggie Virgil,WR,ARI,5.0,ACT,True,"https://static.www.nfl.com/image/upload/f_auto,q_auto/league/hmaylhc9nc2zmqjdw1ib","https://static.www.nfl.com/image/upload/f_auto,q_auto/league/hmaylhc9nc2zmqjdw1ib",3.0,3.24,,,0.0,0.0,0.0,0.0,0.0,0.0,0.0,0.0,0.0,13297.0,Reggie Virgil,ARI,26.1,18.0,,,,,,,9.0,111.0,1.0,-2.0,177.3,-151.20000000000002,1.0,-153.20000000000002,137,330,6,reggie virgil,,698.6,,,,,,,0,,,,,,ARI,ARI,False,,,,,,,,NO MARKET
424,137,5,Jahdae Walker,WR,CHI,5.0,ACT,False,"https://static.www.nfl.com/image/upload/f_auto,q_auto/league/cr13mo2xrpdkksy8fveq","https://static.www.nfl.com/image/upload/f_auto,q_auto/league/cr13mo2xrpdkksy8fveq",3.0,3.24,,,0.0,0.0,0.0,0.0,0.0,0.0,0.0,0.0,0.0,13079.0,Jahdae Walker,CHI,25.9,18.0,,,,,,,9.0,109.0,1.0,-2.0,177.3,-151.4,1.0,-153.4,138,331,6,jahdae walker,,663.9,,,,,,,0,,,,,,CHI,CHI,False,,,,,,,,NO MARKET
333,115,5,Jordan Whittington,WR,LA,3.0,ACT,False,"https://static.www.nfl.com/image/upload/f_auto,q_auto/league/enqcg1lgjkuk0hqz3qjc","https://static.www.nfl.com/image/upload/f_auto,q_auto/league/enqcg1lgjkuk0hqz3qjc",9.0,9.72,,,0.0,0.0,0.0,0.0,0.0,0.0,0.0,0.0,0.0,11623.0,Jordan Whittington,LAR,23.3,18.0,,,,1.0,6.0,,8.0,87.0,1.0,0.0,177.3,-154.0,1.0,-154.0,139,332,6,jordan whittington,,647.5,,,,,,,0,,,,,,LA,LAR,False,,,,,,,,NO MARKET
320,112,5,Xavier Smith,WR,LA,6.0,ACT,False,"https://static.www.nfl.com/image/upload/f_auto,q_auto/league/hqvwpitewijx8bjrcofe","https://static.www.nfl.com/image/upload/f_auto,q_auto/league/hqvwpitewijx8bjrcofe",10.264478146673708,11.085636398407605,,,0.0,0.0,0.0,0.0,6.0,4.0,67.0,0.0,23.668544579522376,11168.0,Xavier Smith,LAR,24.1,18.0,,,,3.0,16.0,,7.0,95.0,1.0,-2.0,177.3,-153.20000000000002,1.0,-155.20000000000002,140,333,6,xavier smith,551.0,588.8,,,,,,,1,551.0,551.0,551.0,551.0,0.0,LA,LAR,False,218.0,,218.0,,,Sleeper,218.0,PLATFORM STEAL
266,100,5,Lil'Jordan Humphrey,WR,DEN,6.0,ACT,False,"https://static.www.nfl.com/image/upload/f_auto,q_auto/league/otxrvkflhixz9akhmfqq","https://static.www.nfl.com/image/upload/f_auto,q_auto/league/otxrvkflhixz9akhmfqq",14.526274163647408,15.6883760967392,,,0.0,0.0,0.0,0.0,13.0,6.0,78.0,0.0,35.38137081823703,5938.0,Lil'Jordan Humphrey,DEN,24.0,18.0,,,,,,,8.0,100.0,1.0,-2.0,177.3,-153.3,1.0,-155.3,141,334,6,lil jordan humphrey,,629.9,,,,,,,0,,,,,,DEN,DEN,False,,,,,,,,NO MARKET
445,151,5,Deion Burks,WR,IND,6.0,ACT,True,"https://static.www.nfl.com/image/upload/f_auto,q_auto/league/mbejyq733jilg3bkpzur","https://static.www.nfl.com/image/upload/f_auto,q_auto/league/mbejyq733jilg3bkpzur",3.0,3.24,,,0.0,0.0,0.0,0.0,0.0,0.0,0.0,0.0,0.0,13333.0,Deion Burks,IND,23.3,18.0,,,,,2.0,,8.0,91.0,1.0,-2.0,177.3,-154.0,1.0,-156.0,142,335,6,deion burks,,670.0,,,,,,,0,,,,,,IND,IND,False,,,,,,,,NO MARKET
371,82,5,Josh Whyle,TE,GB,3.0,ACT,False,"https://static.www.nfl.com/image/upload/f_auto,q_auto/league/an9hxzbzmg6kgkdai022","https://static.www.nfl.com/image/upload/f_auto,q_auto/league/an9hxzbzmg6kgkdai022",9.0,8.459999999999999,,,0.0,0.0,0.0,0.0,0.0,0.0,0.0,0.0,0.0,10212.0,Josh Whyle,GB,13.8,18.0,,,,,,,7.0,68.0,,0.0,162.5,-148.7,1.05,-156.135,76,336,6,josh whyle,695.5,685.2,,,,,,,1,695.5,695.5,695.5,695.5,0.0,GB,GB,False,359.5,,359.5,,,Sleeper,359.5,PLATFORM STEAL
276,50,5,Durham Smythe,TE,BAL,2.0,ACT,False,"https://static.www.nfl.com/image/upload/f_auto,q_auto/league/pwcuy1ntmris98x8xmxi","https://static.www.nfl.com/image/upload/f_auto,q_auto/league/pwcuy1ntmris98x8xmxi",16.0,15.04,,,0.0,0.0,0.0,0.0,0.0,0.0,0.0,0.0,0.0,5008.0,Durham Smythe,BAL,9.9,18.0,,,,,,,5.0,49.0,,2.0,162.5,-152.6,1.05,-158.23,77,337,6,durham smythe,663.1,684.0,,,,,,,1,663.1,663.1,663.1,663.1,0.0,BAL,BAL,False,326.1,,326.1,,,Sleeper,326.1,PLATFORM STEAL
284,56,5,Foster Moreau,TE,HOU,2.0,ACT,False,"https://static.www.nfl.com/image/upload/f_auto,q_auto/league/daymhftrwf00siu0iviy","https://static.www.nfl.com/image/upload/f_auto,q_auto/league/daymhftrwf00siu0iviy",16.0,15.04,,,0.0,0.0,0.0,0.0,0.0,0.0,0.0,0.0,0.0,5985.0,Foster Moreau,HOU,9.8,18.0,,,,,,,5.0,48.0,,2.0,162.5,-152.7,1.05,-158.335,78,338,6,foster moreau,638.3,689.5,,,,,,,1,638.3,638.3,638.3,638.3,0.0,HOU,HOU,False,300.29999999999995,,300.29999999999995,,,Sleeper,300.29999999999995,PLATFORM STEAL
359,95,5,Luke Farrell,TE,SF,3.0,ACT,False,"https://static.www.nfl.com/image/upload/f_auto,q_auto/league/kdq2zratulrdsv4ykugy","https://static.www.nfl.com/image/upload/f_auto,q_auto/league/kdq2zratulrdsv4ykugy",9.0,8.459999999999999,,,0.0,0.0,0.0,0.0,0.0,0.0,0.0,0.0,0.0,7842.0,Luke Farrell,SF,10.1,18.0,,,,,,,5.0,51.0,,0.0,162.5,-152.4,1.05,-160.02,79,339,6,luke farrell,491.0,,,,,,,,1,491.0,491.0,491.0,491.0,0.0,SF,SF,False,152.0,,152.0,,,Sleeper,152.0,PLATFORM STEAL
349,86,5,Dylan Laube,RB,LV,3.0,ACT,False,"https://static.www.nfl.com/image/upload/f_auto,q_auto/league/lpizdza73bgksstymv5t","https://static.www.nfl.com/image/upload/f_auto,q_auto/league/lpizdza73bgksstymv5t",9.0,9.72,,,0.0,0.0,0.0,0.0,0.0,0.0,0.0,0.0,0.0,11574.0,Dylan Laube,LV,11.9,18.0,,,,12.0,50.0,,4.0,29.0,,0.0,160.1,-148.2,1.08,-160.056,88,340,6,dylan laube,,606.8,,170.06,432.0,,,,1,170.06,170.06,170.06,170.06,0.0,LV,LV,False,-169.94,92.0,,,,ESPN,92.0,REACH / WAIT
279,65,5,Payne Durham,TE,TB,2.0,ACT,False,"https://static.www.nfl.com/image/upload/f_auto,q_auto/league/emibbexzjbzvopbvo1at","https://static.www.nfl.com/image/upload/f_auto,q_auto/league/emibbexzjbzvopbvo1at",16.0,15.04,,,0.0,0.0,0.0,0.0,0.0,0.0,0.0,0.0,0.0,10227.0,Payne Durham,TB,8.1,18.0,,,,,,,4.0,41.0,,2.0,162.5,-154.4,1.05,-160.12,80,341,6,payne durham,564.0,620.5,,,,,,,1,564.0,564.0,564.0,564.0,0.0,TB,TB,False,223.0,,223.0,,,Sleeper,223.0,PLATFORM STEAL
274,49,5,Charlie Woerner,TE,ATL,2.0,ACT,False,"https://static.www.nfl.com/image/upload/f_auto,q_auto/league/tuzldnhk23mvsapfejqd","https://static.www.nfl.com/image/upload/f_auto,q_auto/league/tuzldnhk23mvsapfejqd",16.0,15.04,,,0.0,0.0,0.0,0.0,0.0,0.0,0.0,0.0,0.0,7075.0,Charlie Woerner,ATL,8.0,18.0,,,,,,,4.0,40.0,,2.0,162.5,-154.5,1.05,-160.225,81,342,6,charlie woerner,641.5,611.5,,,,,,,1,641.5,641.5,641.5,641.5,0.0,ATL,ATL,False,299.5,,299.5,,,Sleeper,299.5,PLATFORM STEAL
379,93,5,Riley Nowakowski,TE,PIT,3.0,ACT,True,"https://static.www.nfl.com/image/upload/f_auto,q_auto/league/nhyd8plaetjoosbq1btb","https://static.www.nfl.com/image/upload/f_auto,q_auto/league/nhyd8plaetjoosbq1btb",9.0,8.459999999999999,,,0.0,0.0,0.0,0.0,0.0,0.0,0.0,0.0,0.0,13433.0,Riley Nowakowski,PIT,9.6,18.0,,,,,,,5.0,46.0,,0.0,162.5,-152.9,1.05,-160.54500000000002,82,343,6,riley nowakowski,643.4,640.4,,169.99,458.0,,,,2,406.695,406.695,169.99,643.4,473.41,PIT,PIT,False,63.69499999999999,115.0,300.4,,,Sleeper,300.4,PLATFORM STEAL
316,70,5,Jeremy Ruckert,TE,NYJ,3.0,ACT,False,"https://static.www.nfl.com/image/upload/f_auto,q_auto/league/bcqcta7r1uee3rqhejdh","https://static.www.nfl.com/image/upload/f_auto,q_auto/league/bcqcta7r1uee3rqhejdh",12.35122143420016,11.610148148148149,,,0.0,0.0,0.0,0.0,5.0,4.0,23.0,0.0,8.589440504334124,8145.0,Jeremy Ruckert,NYJ,9.3,18.0,,,,,,,5.0,43.0,,0.0,162.5,-153.2,1.05,-160.86,83,344,6,jeremy ruckert,,576.0,,,,,,,0,,,,,,NYJ,NYJ,False,,,,,,,,NO MARKET
373,89,5,Seydou Traore,TE,MIA,3.0,ACT,True,"https://static.www.nfl.com/image/upload/f_auto,q_auto/league/kzpmm2zoctywb276zqt4","https://static.www.nfl.com/image/upload/f_auto,q_auto/league/kzpmm2zoctywb276zqt4",9.0,8.459999999999999,,,0.0,0.0,0.0,0.0,0.0,0.0,0.0,0.0,0.0,13429.0,Seydou Traore,MIA,8.0,18.0,,,,,,,4.0,40.0,,0.0,162.5,-154.5,1.05,-162.225,84,345,6,seydou traore,668.6,699.0,,,,,,,1,668.6,668.6,668.6,668.6,0.0,MIA,MIA,False,323.6,,323.6,,,Sleeper,323.6,PLATFORM STEAL
282,64,5,Eric Saubert,TE,SEA,2.0,ACT,False,"https://static.www.nfl.com/image/upload/f_auto,q_auto/league/czzieyox5rht6ae3g5tx","https://static.www.nfl.com/image/upload/f_auto,q_auto/league/czzieyox5rht6ae3g5tx",16.0,15.04,,,0.0,0.0,0.0,0.0,0.0,0.0,0.0,0.0,0.0,4189.0,Eric Saubert,SEA,5.7,18.0,,,,,,,3.0,27.0,,2.0,162.5,-156.8,1.05,-162.64,85,346,6,eric saubert,575.5,538.5,,,,,,,1,575.5,575.5,575.5,575.5,0.0,SEA,SEA,False,229.5,,229.5,,,Sleeper,229.5,PLATFORM STEAL
286,53,5,Blake Whiteheart,TE,CLE,2.0,ACT,False,"https://static.www.nfl.com/image/upload/f_auto,q_auto/league/senw8edxu2ovkg1dbdxs","https://static.www.nfl.com/image/upload/f_auto,q_auto/league/senw8edxu2ovkg1dbdxs",16.0,15.04,,,0.0,0.0,0.0,0.0,0.0,0.0,0.0,0.0,0.0,11201.0,Blake Whiteheart,CLE,4.4,18.0,,,,,,,2.0,24.0,,2.0,162.5,-158.1,1.05,-164.005,86,347,6,blake whiteheart,,617.8,,,,,,,0,,,,,,CLE,CLE,False,,,,,,,,NO MARKET
507,110,5,Quintin Morris,TE,JAX,4.0,ACT,False,"https://static.www.nfl.com/image/upload/f_auto,q_auto/league/auqtvapzdtpdxg6myw6b","https://static.www.nfl.com/image/upload/f_auto,q_auto/league/auqtvapzdtpdxg6myw6b",3.0,2.82,,,0.0,0.0,0.0,0.0,0.0,0.0,0.0,0.0,0.0,7536.0,Quintin Morris,JAX,8.0,18.0,,,,,,,4.0,40.0,,-2.0,162.5,-154.5,1.05,-164.225,87,348,6,quintin morris,484.5,,,,,,,,1,484.5,484.5,484.5,484.5,0.0,JAX,JAX,False,136.5,,136.5,,,Sleeper,136.5,PLATFORM STEAL
265,48,5,Tanner Hudson,TE,CIN,3.0,ACT,False,"https://static.www.nfl.com/image/upload/f_auto,q_auto/league/pyl2bpjw0vy4idcseama","https://static.www.nfl.com/image/upload/f_auto,q_auto/league/pyl2bpjw0vy4idcseama",16.92942997469015,15.91366417620874,,,0.0,0.0,0.0,0.0,10.0,7.0,26.0,1.0,8.980483206784083,5409.0,Tanner Hudson,CIN,5.8,18.0,,,,,,,3.0,28.0,,0.0,162.5,-156.7,1.05,-164.535,88,349,6,tanner hudson,,632.1,,,,,,,0,,,,,,CIN,CIN,False,,,,,,,,NO MARKET
381,80,5,Nate Adkins,TE,DEN,3.0,ACT,False,"https://static.www.nfl.com/image/upload/f_auto,q_auto/league/hedaw0ksq5qdzp9uhe3w","https://static.www.nfl.com/image/upload/f_auto,q_auto/league/hedaw0ksq5qdzp9uhe3w",9.0,8.459999999999999,,,0.0,0.0,0.0,0.0,0.0,0.0,0.0,0.0,0.0,11433.0,Nate Adkins,DEN,5.7,18.0,,,,,,,3.0,27.0,,0.0,162.5,-156.8,1.05,-164.64,89,350,6,nate adkins,627.5,651.7,,,,,,,1,627.5,627.5,627.5,627.5,0.0,DEN,DEN,False,277.5,,277.5,,,Sleeper,277.5,PLATFORM STEAL
337,79,5,Roschon Johnson,RB,CHI,3.0,ACT,False,"https://static.www.nfl.com/image/upload/f_auto,q_auto/league/xbham6uvckkshpntb8oj","https://static.www.nfl.com/image/upload/f_auto,q_auto/league/xbham6uvckkshpntb8oj",9.0,9.72,,,0.0,0.0,0.0,0.0,0.0,0.0,0.0,0.0,0.0,10235.0,Roschon Johnson,CHI,7.6,18.0,,,,10.0,42.0,,2.0,14.0,,0.0,160.1,-152.5,1.08,-164.70000000000002,89,351,6,roschon johnson,,670.7,,,,,,,0,,,,,,CHI,CHI,False,,,,,,,,NO MARKET
346,85,5,Ronnie Rivers,RB,LA,3.0,ACT,False,"https://static.www.nfl.com/image/upload/f_auto,q_auto/league/t9l7jhs1jw1joy8jpxee","https://static.www.nfl.com/image/upload/f_auto,q_auto/league/t9l7jhs1jw1joy8jpxee",9.0,9.72,,,0.0,0.0,0.0,0.0,0.0,0.0,0.0,0.0,0.0,8195.0,Ronnie Rivers,LAR,7.1,18.0,,,,5.0,21.0,,3.0,20.0,,0.0,160.1,-153.0,1.08,-165.24,90,352,6,ronnie rivers,,494.8,,,,,,,0,,,,,,LA,LAR,False,,,,,,,,NO MARKET
290,104,5,Tim Patrick,WR,NYJ,5.0,ACT,False,"https://static.www.nfl.com/image/upload/f_auto,q_auto/league/hw06t7n00cfpt7euljza","https://static.www.nfl.com/image/upload/f_auto,q_auto/league/hw06t7n00cfpt7euljza",13.3469302840722,14.414684706797978,,,0.0,0.0,0.0,0.0,6.0,5.0,78.0,1.0,23.234651420361008,4351.0,Tim Patrick,NYJ,13.7,18.0,,,,,,,6.0,77.0,,-2.0,177.3,-163.60000000000002,1.0,-165.60000000000002,143,353,6,tim patrick,573.0,655.2,,,,,,,1,573.0,573.0,573.0,573.0,0.0,NYJ,NYJ,False,220.0,,220.0,,,Sleeper,220.0,PLATFORM STEAL
465,97,5,Tyler Badie,RB,DEN,4.0,ACT,False,"https://static.www.nfl.com/image/upload/f_auto,q_auto/league/ghhul5piv9vzeih6atsj","https://static.www.nfl.com/image/upload/f_auto,q_auto/league/ghhul5piv9vzeih6atsj",3.0,3.24,,,0.0,0.0,0.0,0.0,0.0,0.0,0.0,0.0,0.0,8208.0,Tyler Badie,DEN,8.4,18.0,,,,4.0,16.0,,4.0,28.0,,-2.0,160.1,-151.7,1.08,-165.83599999999998,91,354,6,tyler badie,,474.5,,170.05,433.0,,,,1,170.05,170.05,170.05,170.05,0.0,DEN,DEN,False,-183.95,79.0,,,,ESPN,79.0,REACH / WAIT
315,69,5,Kylen Granson,TE,TEN,3.0,ACT,False,"https://static.www.nfl.com/image/upload/f_auto,q_auto/league/ysbxmdw4da30q3kjb571","https://static.www.nfl.com/image/upload/f_auto,q_auto/league/ysbxmdw4da30q3kjb571",12.672996380171718,11.912616597361414,,,0.0,0.0,0.0,0.0,5.0,4.0,30.0,0.0,9.614981900858584,7602.0,Kylen Granson,TEN,4.0,18.0,,,,,,,2.0,20.0,,0.0,162.5,-158.5,1.05,-166.425,90,355,6,kylen granson,505.0,,,,,,,,1,505.0,505.0,505.0,505.0,0.0,TEN,TEN,False,150.0,,150.0,,,Sleeper,150.0,PLATFORM STEAL
372,90,5,Ben Yurosek,TE,MIN,3.0,ACT,False,"https://static.www.nfl.com/image/upload/f_auto,q_auto/league/q6ea6dqd4nn27aeihiv7","https://static.www.nfl.com/image/upload/f_auto,q_auto/league/q6ea6dqd4nn27aeihiv7",9.0,8.459999999999999,,,0.0,0.0,0.0,0.0,0.0,0.0,0.0,0.0,0.0,13121.0,Ben Yurosek,MIN,4.0,18.0,,,,,,,2.0,20.0,,0.0,162.5,-158.5,1.05,-166.425,91,356,6,ben yurosek,,,,,,,,,0,,,,,,MIN,MIN,False,,,,,,,,NO MARKET
375,88,5,Ian Thomas,TE,LV,3.0,ACT,False,"https://static.www.nfl.com/image/upload/f_auto,q_auto/league/gvpwnq0mjefjlekgzxro","https://static.www.nfl.com/image/upload/f_auto,q_auto/league/gvpwnq0mjefjlekgzxro",9.0,8.459999999999999,,,0.0,0.0,0.0,0.0,0.0,0.0,0.0,0.0,0.0,4995.0,Ian Thomas,LV,4.0,18.0,,,,,,,2.0,20.0,,0.0,162.5,-158.5,1.05,-166.425,92,357,6,ian thomas,377.6,612.9,,,,,,,1,377.6,377.6,377.6,377.6,0.0,LV,LV,False,20.600000000000023,,20.600000000000023,,,Sleeper,20.600000000000023,PLATFORM STEAL
404,98,5,Davis Allen,TE,LA,5.0,ACT,False,"https://static.www.nfl.com/image/upload/f_auto,q_auto/league/iweydtcrfchsl3mt6jtd","https://static.www.nfl.com/image/upload/f_auto,q_auto/league/iweydtcrfchsl3mt6jtd",5.435593117654187,5.109457530594935,,,0.0,0.0,0.0,0.0,5.0,2.0,34.0,0.0,3.0946322549376,10214.0,Davis Allen,LAR,5.9,18.0,,,,,,,3.0,29.0,,-2.0,162.5,-156.6,1.05,-166.43,93,358,6,davis allen,660.7,676.6,,,,,,,1,660.7,660.7,660.7,660.7,0.0,LA,LAR,False,302.70000000000005,,302.70000000000005,,,Sleeper,302.70000000000005,PLATFORM STEAL
289,70,5,Kendre Miller,RB,NO,3.0,ACT,False,"https://static.www.nfl.com/image/upload/f_auto,q_auto/league/vclaomtslw55smksopku","https://static.www.nfl.com/image/upload/f_auto,q_auto/league/vclaomtslw55smksopku",13.514285714285714,14.595428571428572,,,0.0,0.0,106.0,1.0,0.0,0.0,0.0,0.0,0.0,9757.0,Kendre Miller,NO,5.6,18.0,,,,5.0,20.0,,2.0,16.0,,0.0,160.1,-154.5,1.08,-166.86,92,359,6,kendre miller,224.8,677.9,179.6,170.18,396.0,,,,2,197.49,197.49,170.18,224.8,54.620000000000005,NO,NO,False,-161.51,37.0,-134.2,,,ESPN,37.0,REACH / WAIT
323,75,5,Raheim Sanders,RB,CLE,3.0,ACT,False,"https://static.www.nfl.com/image/upload/f_auto,q_auto/league/bopoof9uczgpvpggeahp","https://static.www.nfl.com/image/upload/f_auto,q_auto/league/bopoof9uczgpvpggeahp",9.6,10.368,,,0.0,0.0,42.0,0.0,0.0,0.0,0.0,0.0,0.0,12472.0,Raheim Sanders,CLE,4.7,18.0,,,,5.0,20.0,,2.0,7.0,,0.0,160.1,-155.4,1.08,-167.83200000000002,93,360,6,raheim sanders,,690.0,,,,,,,0,,,,,,CLE,CLE,False,,,,,,,,NO MARKET
384,96,5,Ko Kieft,TE,TB,3.0,ACT,False,"https://static.www.nfl.com/image/upload/f_auto,q_auto/league/whd4f9mav6qqckqltqwu","https://static.www.nfl.com/image/upload/f_auto,q_auto/league/whd4f9mav6qqckqltqwu",9.0,8.459999999999999,,,0.0,0.0,0.0,0.0,0.0,0.0,0.0,0.0,0.0,8484.0,Ko Kieft,TB,2.3,18.0,,,,,,,1.0,13.0,,0.0,162.5,-160.2,1.05,-168.21,94,361,6,ko kieft,,641.0,,,,,,,0,,,,,,TB,TB,False,,,,,,,,NO MARKET
527,128,5,Chris Manhertz,TE,NYG,,ACT,False,"https://static.www.nfl.com/image/upload/f_auto,q_auto/league/bw0kytk1nwrdln9t3wzg","https://static.www.nfl.com/image/upload/f_auto,q_auto/league/bw0kytk1nwrdln9t3wzg",0.0,0.0,,,0.0,0.0,0.0,0.0,0.0,0.0,0.0,0.0,0.0,3048.0,Chris Manhertz,NYG,2.3,18.0,,,,,,,1.0,13.0,,0.0,162.5,-160.2,1.05,-168.21,95,362,6,chris manhertz,625.3,665.0,,,,,,,1,625.3,625.3,625.3,625.3,0.0,NYG,NYG,False,263.29999999999995,,263.29999999999995,,,Sleeper,263.29999999999995,PLATFORM STEAL
231,42,5,Deshaun Watson,QB,CLE,1.0,ACT,False,"https://static.www.nfl.com/image/private/f_auto,q_auto/league/otfs2docj6eahaebo5xn","https://static.www.nfl.com/image/private/f_auto,q_auto/league/otfs2docj6eahaebo5xn",25.0,22.0,,,0.0,0.0,0.0,0.0,0.0,0.0,0.0,0.0,0.0,4017.0,Deshaun Watson,CLE,102.06,18.0,1374.0,8.0,6.0,30.0,131.0,2.0,,,,6.0,295.72,-193.66000000000005,0.9,-168.29400000000004,32,363,4,deshaun watson,,655.5,,170.11,390.0,,,,1,170.11,170.11,170.11,170.11,0.0,CLE,CLE,False,-192.89,27.0,,,,ESPN,27.0,REACH / WAIT
327,82,5,Sione Vaki,RB,DET,3.0,ACT,False,"https://static.www.nfl.com/image/upload/f_auto,q_auto/league/abqcluf2gbejhiyjjtoz","https://static.www.nfl.com/image/upload/f_auto,q_auto/league/abqcluf2gbejhiyjjtoz",9.0,9.72,,,0.0,0.0,0.0,0.0,0.0,0.0,0.0,0.0,0.0,11729.0,Sione Vaki,DET,4.0,18.0,,,,1.0,4.0,,2.0,16.0,,0.0,160.1,-156.1,1.08,-168.588,94,364,6,sione vaki,,527.3,,170.03,404.0,,,,1,170.03,170.03,170.03,170.03,0.0,DET,DET,False,-193.97,40.0,,,,ESPN,40.0,REACH / WAIT
456,159,5,Tutu Atwell,WR,LA,5.0,ACT,False,"https://static.www.nfl.com/image/upload/f_auto,q_auto/league/tl2aa9ucbtcwhr1yk3tf","https://static.www.nfl.com/image/upload/f_auto,q_auto/league/tl2aa9ucbtcwhr1yk3tf",3.0,3.24,,,0.0,0.0,0.0,0.0,0.0,0.0,0.0,0.0,0.0,7562.0,Tutu Atwell,LAR,10.7,18.0,,,,1.0,5.0,,4.0,62.0,,-2.0,177.3,-166.60000000000002,1.0,-168.60000000000002,144,365,6,tutu atwell,,690.5,,,,,,,0,,,,,,LA,LAR,False,,,,,,,,NO MARKET
364,94,5,Robert Tonyan,TE,PIT,3.0,ACT,False,"https://static.www.nfl.com/image/upload/f_auto,q_auto/league/m8h8rzmxq4sjywitqnyb","https://static.www.nfl.com/image/upload/f_auto,q_auto/league/m8h8rzmxq4sjywitqnyb",9.0,8.459999999999999,,,0.0,0.0,0.0,0.0,0.0,0.0,0.0,0.0,0.0,4602.0,Robert Tonyan,PIT,1.9,18.0,,,,,,,1.0,9.0,,0.0,162.5,-160.6,1.05,-168.63,96,366,6,robert tonyan,687.9,517.0,,,,,,,1,687.9,687.9,687.9,687.9,0.0,PIT,PIT,False,321.9,,321.9,,,Sleeper,321.9,PLATFORM STEAL
521,112,5,Max Bredeson,RB,MIN,,ACT,True,"https://static.www.nfl.com/image/upload/f_auto,q_auto/league/fl3inwpzgb7fgzpaezw1","https://static.www.nfl.com/image/upload/f_auto,q_auto/league/fl3inwpzgb7fgzpaezw1",0.0,0.0,,,0.0,0.0,0.0,0.0,0.0,0.0,0.0,0.0,0.0,13516.0,Max Bredeson,MIN,3.8,18.0,,,,1.0,3.0,,2.0,15.0,,0.0,160.1,-156.29999999999998,1.08,-168.804,95,367,6,max bredeson,667.3,452.4,,,,,,,1,667.3,667.3,667.3,667.3,0.0,MIN,MIN,False,300.29999999999995,,300.29999999999995,,,Sleeper,300.29999999999995,PLATFORM STEAL
417,105,5,Julius Chestnut,RB,TEN,4.0,ACT,False,"https://static.www.nfl.com/image/upload/f_auto,q_auto/league/bkhv6hpjogvs5b31wwrs","https://static.www.nfl.com/image/upload/f_auto,q_auto/league/bkhv6hpjogvs5b31wwrs",3.0,3.24,,,0.0,0.0,0.0,0.0,0.0,0.0,0.0,0.0,0.0,8254.0,Julius Chestnut,TEN,5.6,18.0,,,,5.0,20.0,,2.0,16.0,,-2.0,160.1,-154.5,1.08,-168.86,96,368,6,julius chestnut,,650.8,,,,,,,0,,,,,,TEN,TEN,False,,,,,,,,NO MARKET
470,147,5,Bo Melton,WR,GB,4.0,ACT,False,"https://static.www.nfl.com/image/upload/f_auto,q_auto/league/d7hxvsyeufobjykcxhls","https://static.www.nfl.com/image/upload/f_auto,q_auto/league/d7hxvsyeufobjykcxhls",3.0,3.24,,,0.0,0.0,0.0,0.0,0.0,0.0,0.0,0.0,0.0,8204.0,Bo Melton,GB,9.8,18.0,,,,1.0,6.0,,4.0,52.0,,-2.0,177.3,-167.5,1.0,-169.5,145,369,6,bo melton,695.0,667.8,,,,,,,1,695.0,695.0,695.0,695.0,0.0,GB,GB,False,326.0,,326.0,,,Sleeper,326.0,PLATFORM STEAL
451,100,5,Ameer Abdullah,RB,JAX,4.0,ACT,False,"https://static.www.nfl.com/image/upload/f_auto,q_auto/league/k8teyeiqchljlm0h5te4","https://static.www.nfl.com/image/upload/f_auto,q_auto/league/k8teyeiqchljlm0h5te4",3.0,3.24,,,0.0,0.0,0.0,0.0,0.0,0.0,0.0,0.0,0.0,2359.0,Ameer Abdullah,JAX,4.8,18.0,,,,3.0,13.0,,2.0,15.0,,-2.0,160.1,-155.29999999999998,1.08,-169.724,97,370,6,ameer abdullah,612.4,598.8,,170.0,435.0,,,,2,391.2,391.2,170.0,612.4,442.4,JAX,JAX,False,21.19999999999999,65.0,242.39999999999998,,,Sleeper,242.39999999999998,PLATFORM STEAL
410,192,5,Luke McCaffrey,WR,WAS,4.0,ACT,False,"https://static.www.nfl.com/image/upload/f_auto,q_auto/league/xtxiwlkniuldrqg65n3q","https://static.www.nfl.com/image/upload/f_auto,q_auto/league/xtxiwlkniuldrqg65n3q",3.0,3.24,,,0.0,0.0,0.0,0.0,0.0,0.0,0.0,0.0,0.0,11650.0,Luke McCaffrey,WAS,9.3,18.0,,,,,,,4.0,53.0,,-2.0,177.3,-168.0,1.0,-170.0,146,371,6,luke mccaffrey,,620.4,,,,,,,0,,,,,,WAS,WAS,False,,,,,,,,NO MARKET
493,101,5,Feleipe Franks,TE,CAR,5.0,ACT,False,"https://static.www.nfl.com/image/upload/f_auto,q_auto/league/nbn1wxlh6los4y2am3ro","https://static.www.nfl.com/image/upload/f_auto,q_auto/league/nbn1wxlh6los4y2am3ro",3.0,2.82,,,0.0,0.0,0.0,0.0,0.0,0.0,0.0,0.0,0.0,7531.0,Feleipe Franks,CAR,1.9,18.0,,,,1.0,2.0,,1.0,7.0,,-2.0,162.5,-160.6,1.05,-170.63,97,372,6,feleipe franks,,396.0,,,,,,,0,,,,,,CAR,CAR,False,,,,,,,,NO MARKET
444,180,5,Arian Smith,WR,NYJ,6.0,ACT,False,"https://static.www.nfl.com/image/upload/f_auto,q_auto/league/asywvwrn6zhlidxothqn","https://static.www.nfl.com/image/upload/f_auto,q_auto/league/asywvwrn6zhlidxothqn",3.0,3.24,,,0.0,0.0,0.0,0.0,0.0,0.0,0.0,0.0,0.0,12539.0,Arian Smith,NYJ,7.1,18.0,,,,1.0,6.0,,3.0,35.0,,-2.0,177.3,-170.20000000000002,1.0,-172.20000000000002,147,373,6,arian smith,438.4,,,,,,,,1,438.4,438.4,438.4,438.4,0.0,NYJ,NYJ,False,65.39999999999998,,65.39999999999998,,,Sleeper,65.39999999999998,PLATFORM STEAL
414,142,5,Malachi Corley,WR,CLE,6.0,ACT,False,"https://static.www.nfl.com/image/upload/f_auto,q_auto/league/lay1p8pvwrglmqorc6ev","https://static.www.nfl.com/image/upload/f_auto,q_auto/league/lay1p8pvwrglmqorc6ev",3.0,3.24,,,0.0,0.0,0.0,0.0,0.0,0.0,0.0,0.0,0.0,11617.0,Malachi Corley,CLE,6.8,18.0,,,,5.0,28.0,,2.0,20.0,,-2.0,177.3,-170.5,1.0,-172.5,148,374,6,malachi corley,242.0,564.2,,,,,,,1,242.0,242.0,242.0,242.0,0.0,CLE,CLE,False,-132.0,,-132.0,,,Sleeper,-132.0,REACH / WAIT
356,123,5,Darius Cooper,WR,PHI,6.0,ACT,False,"https://static.www.nfl.com/image/upload/f_auto,q_auto/league/pe71oe4eoyyfnq80fkxc","https://static.www.nfl.com/image/upload/f_auto,q_auto/league/pe71oe4eoyyfnq80fkxc",8.722750494188253,9.420570533723314,,,0.0,0.0,0.0,0.0,5.0,3.0,33.0,0.0,19.825290932479724,13150.0,Darius Cooper,PHI,6.7,18.0,,,,,,,3.0,37.0,,-2.0,177.3,-170.60000000000002,1.0,-172.60000000000002,149,375,6,darius cooper,,657.8,,,,,,,0,,,,,,PHI,PHI,False,,,,,,,,NO MARKET
440,164,5,Chase Roberts,WR,LV,9.0,W04,True,"https://static.www.nfl.com/image/upload/f_auto,q_auto/league/bqncmkjxb7rcvfuhe1ss","https://static.www.nfl.com/image/upload/f_auto,q_auto/league/bqncmkjxb7rcvfuhe1ss",3.0,3.24,,,0.0,0.0,0.0,0.0,0.0,0.0,0.0,0.0,0.0,13410.0,Chase Roberts,LV,6.6,18.0,,,,,,,3.0,36.0,,-2.0,177.3,-170.70000000000002,1.0,-172.70000000000002,150,376,6,chase roberts,350.0,673.3,,,,,,,1,350.0,350.0,350.0,350.0,0.0,LV,LV,False,-26.0,,-26.0,,,Sleeper,-26.0,REACH / WAIT
255,97,5,Kevin Austin Jr.,WR,NO,5.0,ACT,False,"https://static.www.nfl.com/image/upload/f_auto,q_auto/league/fh2yaqaxkornxeb7d9ie","https://static.www.nfl.com/image/upload/f_auto,q_auto/league/fh2yaqaxkornxeb7d9ie",16.08294977278414,17.369585754606874,,,0.0,0.0,0.0,0.0,19.0,11.0,122.0,1.0,17.280133479305317,8200.0,Kevin Austin,NO,6.5,18.0,,,,,1.0,,3.0,34.0,,-2.0,177.3,-170.8,1.0,-172.8,151,377,6,kevin austin,,,,,,,,,0,,,,,,NO,NO,False,,,,,,,,NO MARKET
412,127,5,Jalen Brooks,WR,ARI,4.0,ACT,False,"https://static.www.nfl.com/image/upload/f_auto,q_auto/league/xeg0tvg6klf0afgddkq6","https://static.www.nfl.com/image/upload/f_auto,q_auto/league/xeg0tvg6klf0afgddkq6",3.0,3.24,,,0.0,0.0,0.0,0.0,0.0,0.0,0.0,0.0,0.0,11034.0,Jalen Brooks,ARI,6.5,18.0,,,,,,,3.0,35.0,,-2.0,177.3,-170.8,1.0,-172.8,152,378,6,jalen brooks,691.3,661.0,,,,,,,1,691.3,691.3,691.3,691.3,0.0,ARI,ARI,False,313.29999999999995,,313.29999999999995,,,Sleeper,313.29999999999995,PLATFORM STEAL
245,95,5,Dyami Brown,WR,WAS,6.0,ACT,False,"https://static.www.nfl.com/image/upload/f_auto,q_auto/league/addv9eheok1jj7amfkpb","https://static.www.nfl.com/image/upload/f_auto,q_auto/league/addv9eheok1jj7amfkpb",17.397111506003846,18.788880426484155,,,0.0,0.0,0.0,0.0,19.0,10.0,95.0,1.0,25.92786522232693,7587.0,Dyami Brown,WAS,4.9,18.0,,,,1.0,6.0,,2.0,23.0,,-2.0,177.3,-172.4,1.0,-174.4,153,379,6,dyami brown,,515.3,,,,,,,0,,,,,,WAS,WAS,False,,,,,,,,NO MARKET
269,103,5,Xavier Restrepo,WR,TEN,6.0,ACT,False,"https://static.www.nfl.com/image/upload/f_auto,q_auto/league/w4onu90fxjmlkmkchcg1","https://static.www.nfl.com/image/upload/f_auto,q_auto/league/w4onu90fxjmlkmkchcg1",14.048990806840944,15.17291007138822,,,0.0,0.0,0.0,0.0,6.0,2.0,26.0,0.0,45.74495403420472,12520.0,Xavier Restrepo,TEN,4.8,18.0,,,,1.0,6.0,,2.0,22.0,,-2.0,177.3,-172.5,1.0,-174.5,154,380,6,xavier restrepo,675.0,633.1,,,,,,,1,675.0,675.0,675.0,675.0,0.0,TEN,TEN,False,295.0,,295.0,,,Sleeper,295.0,PLATFORM STEAL
421,189,5,Kameron Johnson,WR,TB,6.0,ACT,False,"https://static.www.nfl.com/image/upload/f_auto,q_auto/league/ms7auybbkq1nwbd2ev0d","https://static.www.nfl.com/image/upload/f_auto,q_auto/league/ms7auybbkq1nwbd2ev0d",3.0,3.24,,,0.0,0.0,0.0,0.0,0.0,0.0,0.0,0.0,0.0,11994.0,Kameron Johnson,TB,4.8,18.0,,,,,,,2.0,28.0,,-2.0,177.3,-172.5,1.0,-174.5,155,381,6,kameron johnson,,652.0,,,,,,,0,,,,,,TB,TB,False,,,,,,,,NO MARKET
478,166,5,Dont'e Thornton Jr.,WR,LV,6.0,ACT,False,"https://static.www.nfl.com/image/upload/f_auto,q_auto/league/hlxztd3lpjaxtzojuxwh","https://static.www.nfl.com/image/upload/f_auto,q_auto/league/hlxztd3lpjaxtzojuxwh",3.0,3.24,,,0.0,0.0,0.0,0.0,0.0,0.0,0.0,0.0,0.0,12541.0,Dont'e Thornton,LV,4.7,18.0,,,,,,,2.0,27.0,,-2.0,177.3,-172.60000000000002,1.0,-174.60000000000002,156,382,6,dont e thornton,,677.0,,,,,,,0,,,,,,LV,LV,False,,,,,,,,NO MARKET
455,176,5,Efton Chism III,WR,NE,6.0,ACT,False,"https://static.www.nfl.com/image/upload/f_auto,q_auto/league/zbnf3ujmwprzgjnwdtlo","https://static.www.nfl.com/image/upload/f_auto,q_auto/league/zbnf3ujmwprzgjnwdtlo",3.0,3.24,,,0.0,0.0,0.0,0.0,0.0,0.0,0.0,0.0,0.0,12542.0,Efton Chism,NE,4.6,18.0,,,,,1.0,,2.0,25.0,,-2.0,177.3,-172.70000000000002,1.0,-174.70000000000002,157,383,6,efton chism,,572.4,,,,,,,0,,,,,,NE,NE,False,,,,,,,,NO MARKET
463,165,5,Dareke Young,WR,LV,5.0,ACT,False,"https://static.www.nfl.com/image/upload/f_auto,q_auto/league/xd0585sr1fy1wpry0ued","https://static.www.nfl.com/image/upload/f_auto,q_auto/league/xd0585sr1fy1wpry0ued",3.0,3.24,,,0.0,0.0,0.0,0.0,0.0,0.0,0.0,0.0,0.0,8527.0,Dareke Young,LV,4.6,18.0,,,,,,,2.0,26.0,,-2.0,177.3,-172.70000000000002,1.0,-174.70000000000002,158,384,6,dareke young,676.0,,,,,,,,1,676.0,676.0,676.0,676.0,0.0,LV,LV,False,292.0,,292.0,,,Sleeper,292.0,PLATFORM STEAL
409,143,5,Tylan Wallace,WR,CLE,5.0,ACT,False,"https://static.www.nfl.com/image/upload/f_auto,q_auto/league/rifnnpeub6okv41offnd","https://static.www.nfl.com/image/upload/f_auto,q_auto/league/rifnnpeub6okv41offnd",3.0,3.24,,,0.0,0.0,0.0,0.0,0.0,0.0,0.0,0.0,0.0,7595.0,Tylan Wallace,CLE,4.2,18.0,,,,,,,2.0,22.0,,-2.0,177.3,-173.10000000000002,1.0,-175.10000000000002,159,385,6,tylan wallace,669.8,,,,,,,,1,669.8,669.8,669.8,669.8,0.0,CLE,CLE,False,284.79999999999995,,284.79999999999995,,,Sleeper,284.79999999999995,PLATFORM STEAL
435,184,5,Kaden Wetjen,WR,PIT,6.0,ACT,True,"https://static.www.nfl.com/image/upload/f_auto,q_auto/league/s44clgjdvd1tuslyqimk","https://static.www.nfl.com/image/upload/f_auto,q_auto/league/s44clgjdvd1tuslyqimk",3.0,3.24,,,0.0,0.0,0.0,0.0,0.0,0.0,0.0,0.0,0.0,13491.0,Kaden Wetjen,PIT,4.2,18.0,,,,,,,2.0,22.0,,-2.0,177.3,-173.10000000000002,1.0,-175.10000000000002,160,386,6,kaden wetjen,,635.6,,,,,,,0,,,,,,PIT,PIT,False,,,,,,,,NO MARKET
292,106,5,Ashton Dulin,WR,IND,4.0,ACT,False,"https://static.www.nfl.com/image/upload/f_auto,q_auto/league/ux55cx0r9iwqwmfmaip6","https://static.www.nfl.com/image/upload/f_auto,q_auto/league/ux55cx0r9iwqwmfmaip6",13.133201461315624,14.183857578220874,,,0.0,0.0,0.0,0.0,5.0,2.0,55.0,0.0,40.18523807580888,6427.0,Ashton Dulin,IND,3.0,18.0,,,,1.0,6.0,,1.0,14.0,,-2.0,177.3,-174.3,1.0,-176.3,161,387,6,ashton dulin,,696.8,,,,,,,0,,,,,,IND,IND,False,,,,,,,,NO MARKET
481,149,5,Skyy Moore,WR,GB,5.0,ACT,False,"https://static.www.nfl.com/image/upload/f_auto,q_auto/league/id9k0aylvgyq8lulabe3","https://static.www.nfl.com/image/upload/f_auto,q_auto/league/id9k0aylvgyq8lulabe3",3.0,3.24,,,0.0,0.0,0.0,0.0,0.0,0.0,0.0,0.0,0.0,8168.0,Skyy Moore,GB,3.0,18.0,,,,1.0,6.0,,1.0,14.0,,-2.0,177.3,-174.3,1.0,-176.3,162,388,6,skyy moore,685.4,608.2,,,,,,,1,685.4,685.4,685.4,685.4,0.0,GB,GB,False,297.4,,297.4,,,Sleeper,297.4,PLATFORM STEAL
118,24,4,Tua Tagovailoa,QB,ATL,1.0,ACT,False,"https://static.www.nfl.com/image/upload/f_auto,q_auto/league/tmm4ohds7qci0vqoobhm","https://static.www.nfl.com/image/upload/f_auto,q_auto/league/tmm4ohds7qci0vqoobhm",65.77777777777777,57.88444444444444,,,2660.0,20.0,0.0,0.0,0.0,0.0,0.0,0.0,0.0,6768.0,Tua Tagovailoa,ATL,92.96,18.0,1499.0,9.0,6.0,14.0,30.0,,,,,6.0,295.72,-202.76000000000005,0.9,-176.48400000000004,33,389,4,tua tagovailoa,236.5,258.4,238.8,170.09,422.0,,,,2,203.295,203.295,170.09,236.5,66.41,ATL,ATL,False,-185.705,33.0,-152.5,,,ESPN,33.0,REACH / WAIT
223,40,5,Shedeur Sanders,QB,CLE,2.0,ACT,False,"https://static.www.nfl.com/image/upload/f_auto,q_auto/league/joe08hz6to2madpko8zl","https://static.www.nfl.com/image/upload/f_auto,q_auto/league/joe08hz6to2madpko8zl",27.17777777777778,23.916444444444448,,,1400.0,7.0,0.0,0.0,0.0,0.0,0.0,0.0,0.0,12524.0,Shedeur Sanders,CLE,97.12,18.0,1433.0,7.0,5.0,26.0,88.0,2.0,,,,2.0,295.72,-198.6,0.9,-176.74000000000004,34,390,4,shedeur sanders,236.1,682.2,227.4,169.88,429.0,,,,2,202.99,202.99,169.88,236.1,66.22,CLE,CLE,False,-187.01,39.0,-153.9,,,ESPN,39.0,REACH / WAIT
427,188,5,Jordan Watkins,WR,SF,5.0,ACT,False,"https://static.www.nfl.com/image/upload/f_auto,q_auto/league/agcwewjrj4dfssqkzksp","https://static.www.nfl.com/image/upload/f_auto,q_auto/league/agcwewjrj4dfssqkzksp",3.0,3.24,,,0.0,0.0,0.0,0.0,0.0,0.0,0.0,0.0,0.0,12634.0,Jordan Watkins,SF,2.4,18.0,,,,,,,1.0,14.0,,-2.0,177.3,-174.9,1.0,-176.9,163,391,6,jordan watkins,,,,,,,,,0,,,,,,SF,SF,False,,,,,,,,NO MARKET
429,187,5,Jacob Cowing,WR,SF,6.0,ACT,False,"https://static.www.nfl.com/image/upload/f_auto,q_auto/league/uarciagmnzmyzs102dv6","https://static.www.nfl.com/image/upload/f_auto,q_auto/league/uarciagmnzmyzs102dv6",3.0,3.24,,,0.0,0.0,0.0,0.0,0.0,0.0,0.0,0.0,0.0,11616.0,Jacob Cowing,SF,1.7,18.0,,,,,,,1.0,7.0,,-2.0,177.3,-175.60000000000002,1.0,-177.60000000000002,164,392,6,jacob cowing,,693.9,,,,,,,0,,,,,,SF,SF,False,,,,,,,,NO MARKET
416,134,5,LaJohntay Wester,WR,BAL,6.0,ACT,False,"https://static.www.nfl.com/image/upload/f_auto,q_auto/league/t6cyhtqoihm88xppswud","https://static.www.nfl.com/image/upload/f_auto,q_auto/league/t6cyhtqoihm88xppswud",3.0,3.24,,,0.0,0.0,0.0,0.0,0.0,0.0,0.0,0.0,0.0,12699.0,LaJohntay Wester,BAL,1.0,18.0,,,,1.0,6.0,,1.0,14.0,,-2.0,177.3,-176.3,1.0,-178.3,165,393,6,lajohntay wester,,688.9,,,,,,,0,,,,,,BAL,BAL,False,,,,,,,,NO MARKET
460,157,5,Nikko Remigio,WR,KC,6.0,ACT,False,"https://static.www.nfl.com/image/upload/f_auto,q_auto/league/n6b1tsy32fswbd0xgsim","https://static.www.nfl.com/image/upload/f_auto,q_auto/league/n6b1tsy32fswbd0xgsim",3.0,3.24,,,0.0,0.0,0.0,0.0,0.0,0.0,0.0,0.0,0.0,11320.0,Nikko Remigio,KC,0.6,18.0,,,,1.0,6.0,,,,,-2.0,177.3,-176.70000000000002,1.0,-178.70000000000002,166,394,6,nikko remigio,,498.0,,,,,,,0,,,,,,KC,KC,False,,,,,,,,NO MARKET
466,182,5,Ben Skowronek,WR,PIT,5.0,ACT,False,"https://static.www.nfl.com/image/upload/f_auto,q_auto/league/etozk8ja4u8lpjcvvo6l","https://static.www.nfl.com/image/upload/f_auto,q_auto/league/etozk8ja4u8lpjcvvo6l",3.0,3.24,,,0.0,0.0,0.0,0.0,0.0,0.0,0.0,0.0,0.0,7757.0,Ben Skowronek,PIT,0.6,18.0,,,,1.0,6.0,,,,,-2.0,177.3,-176.70000000000002,1.0,-178.70000000000002,167,395,6,ben skowronek,667.7,654.6,,,,,,,1,667.7,667.7,667.7,667.7,0.0,PIT,PIT,False,272.70000000000005,,272.70000000000005,,,Sleeper,272.70000000000005,PLATFORM STEAL
442,162,5,Derius Davis,WR,LAC,6.0,ACT,False,"https://static.www.nfl.com/image/upload/f_auto,q_auto/league/ykmeihbr6903smvblzgc","https://static.www.nfl.com/image/upload/f_auto,q_auto/league/ykmeihbr6903smvblzgc",3.0,3.24,,,0.0,0.0,0.0,0.0,0.0,0.0,0.0,0.0,0.0,10234.0,Derius Davis,LAC,-0.9,18.0,,,,2.0,11.0,,,,,-2.0,177.3,-178.20000000000002,1.0,-180.2,168,396,6,derius davis,,615.3,,,,,,,0,,,,,,LAC,LAC,False,,,,,,,,NO MARKET
406,126,5,Devin Duvernay,WR,ARI,6.0,ACT,False,"https://static.www.nfl.com/image/upload/f_auto,q_auto/league/tj3t166iwsxbnyzxcyyl","https://static.www.nfl.com/image/upload/f_auto,q_auto/league/tj3t166iwsxbnyzxcyyl",3.0,3.24,,,0.0,0.0,0.0,0.0,0.0,0.0,0.0,0.0,0.0,6847.0,Devin Duvernay,ARI,-1.4,18.0,,,,1.0,6.0,,,,,-2.0,177.3,-178.70000000000002,1.0,-180.7,169,397,6,devin duvernay,,636.2,,,,,,,0,,,,,,ARI,ARI,False,,,,,,,,NO MARKET
388,69,5,Carson Beck,QB,ARI,3.0,ACT,True,"https://static.www.nfl.com/image/upload/f_auto,q_auto/league/yvybqpgnezk75h9rpobv","https://static.www.nfl.com/image/upload/f_auto,q_auto/league/yvybqpgnezk75h9rpobv",9.0,7.92,,,0.0,0.0,0.0,0.0,0.0,0.0,0.0,0.0,0.0,13272.0,Carson Beck,ARI,54.92,18.0,778.0,5.0,4.0,12.0,38.0,1.0,,,,0.0,295.72,-240.8,0.9,-216.72000000000003,35,398,4,carson beck,,692.7,,170.01,451.0,,,,1,170.01,170.01,170.01,170.01,0.0,ARI,ARI,False,-227.99,53.0,,,,ESPN,53.0,REACH / WAIT
161,29,5,Kirk Cousins,QB,LV,1.0,ACT,False,"https://static.www.nfl.com/image/upload/f_auto,q_auto/league/za7cynvpwlsro1tsaijk","https://static.www.nfl.com/image/upload/f_auto,q_auto/league/za7cynvpwlsro1tsaijk",50.56111111111111,44.49377777777778,,,1721.0,10.0,0.0,0.0,0.0,0.0,0.0,0.0,0.0,1166.0,Kirk Cousins,LV,39.16,18.0,639.0,5.0,3.0,5.0,6.0,,,,,6.0,295.72,-256.56000000000006,0.9,-224.90400000000005,36,399,4,kirk cousins,,685.6,,169.98,430.0,,,,1,169.98,169.98,169.98,169.98,0.0,LV,LV,False,-229.02,31.0,,,,ESPN,31.0,REACH / WAIT
192,35,5,Justin Fields,QB,KC,2.0,ACT,False,"https://static.www.nfl.com/image/upload/f_auto,q_auto/league/npjrombgxkc5vjkctcgy","https://static.www.nfl.com/image/upload/f_auto,q_auto/league/npjrombgxkc5vjkctcgy",37.19444444444444,32.73111111111111,,,1259.0,7.0,0.0,0.0,0.0,0.0,0.0,0.0,0.0,7591.0,Justin Fields,KC,34.72,18.0,363.0,2.0,2.0,18.0,102.0,1.0,,,,2.0,295.72,-261.0,0.9,-232.9,37,400,5,justin fields,,683.5,,169.97,453.0,,,,1,169.97,169.97,169.97,169.97,0.0,KC,KC,False,-230.03,53.0,,,,ESPN,53.0,REACH / WAIT
160,28,4,Joe Flacco,QB,CIN,2.0,ACT,False,"https://static.www.nfl.com/image/upload/f_auto,q_auto/league/dre1d2f2d6dxqohzn5l2","https://static.www.nfl.com/image/upload/f_auto,q_auto/league/dre1d2f2d6dxqohzn5l2",50.77222222222223,44.67955555555556,,,2479.0,15.0,0.0,0.0,0.0,0.0,0.0,0.0,0.0,19.0,Joe Flacco,CIN,28.72,18.0,448.0,3.0,2.0,4.0,8.0,,,,,2.0,295.72,-267.0,0.9,-238.3,38,401,5,joe flacco,,698.8,,169.97,454.0,,,,1,169.97,169.97,169.97,169.97,0.0,CIN,CIN,False,-231.03,53.0,,,,ESPN,53.0,REACH / WAIT
398,73,5,Taylen Green,QB,CLE,3.0,ACT,True,,,9.0,7.92,,,0.0,0.0,0.0,0.0,0.0,0.0,0.0,0.0,0.0,13306.0,Taylen Green,CLE,30.3,18.0,335.0,2.0,2.0,15.0,69.0,1.0,,,,0.0,295.72,-265.42,0.9,-238.878,39,402,5,taylen green,,641.0,,,,,,,0,,,,,,CLE,CLE,False,,,,,,,,NO MARKET
295,50,5,Gardner Minshew,QB,ARI,2.0,ACT,False,"https://static.www.nfl.com/image/upload/f_auto,q_auto/league/knlacyr7rqfkcxiriudj","https://static.www.nfl.com/image/upload/f_auto,q_auto/league/knlacyr7rqfkcxiriudj",16.0,14.08,,,0.0,0.0,0.0,0.0,0.0,0.0,0.0,0.0,0.0,6011.0,Gardner Minshew,ARI,27.96,18.0,394.0,3.0,2.0,6.0,22.0,,,,,2.0,295.72,-267.76000000000005,0.9,-238.98400000000004,40,403,5,gardner minshew,677.8,650.1,,,,,,,1,677.8,677.8,677.8,677.8,0.0,ARI,ARI,False,274.79999999999995,,274.79999999999995,,,Sleeper,274.79999999999995,PLATFORM STEAL
165,30,5,Mac Jones,QB,SF,2.0,ACT,False,"https://static.www.nfl.com/image/upload/f_auto,q_auto/league/mbdwfwiuhl0ib5ajtmzq","https://static.www.nfl.com/image/upload/f_auto,q_auto/league/mbdwfwiuhl0ib5ajtmzq",49.35,43.428,,,2151.0,13.0,0.0,0.0,0.0,0.0,0.0,0.0,0.0,7527.0,Mac Jones,SF,26.72,18.0,423.0,3.0,2.0,5.0,18.0,,,,,2.0,295.72,-269.0,0.9,-240.1,41,404,5,mac jones,,685.8,,169.98,455.0,,,,1,169.98,169.98,169.98,169.98,0.0,SF,SF,False,-234.02,51.0,,,,ESPN,51.0,REACH / WAIT
306,61,5,Cade Klubnik,QB,NYJ,2.0,ACT,True,"https://static.www.nfl.com/image/upload/f_auto,q_auto/league/sqsxavkryojbysy4kq85","https://static.www.nfl.com/image/upload/f_auto,q_auto/league/sqsxavkryojbysy4kq85",16.0,14.08,,,0.0,0.0,0.0,0.0,0.0,0.0,0.0,0.0,0.0,13303.0,Cade Klubnik,NYJ,24.0,18.0,400.0,2.0,2.0,5.0,20.0,,,,,2.0,295.72,-271.72,0.9,-242.54800000000003,42,405,5,cade klubnik,,649.6,,,,,,,0,,,,,,NYJ,NYJ,False,,,,,,,,NO MARKET
394,81,5,Will Howard,QB,PIT,3.0,ACT,False,"https://static.www.nfl.com/image/upload/f_auto,q_auto/league/wzt7xj9ownxfit5igpcd","https://static.www.nfl.com/image/upload/f_auto,q_auto/league/wzt7xj9ownxfit5igpcd",9.0,7.92,,,0.0,0.0,0.0,0.0,0.0,0.0,0.0,0.0,0.0,12511.0,Will Howard,PIT,22.5,18.0,410.0,2.0,2.0,5.0,21.0,,,,,0.0,295.72,-273.22,0.9,-245.898,43,406,5,will howard,,609.5,,,,,,,0,,,,,,PIT,PIT,False,,,,,,,,NO MARKET
392,75,5,Anthony Richardson,QB,IND,3.0,ACT,False,"https://static.www.nfl.com/image/upload/f_auto,q_auto/league/wrddeyklfcgk9qybgofq","https://static.www.nfl.com/image/upload/f_auto,q_auto/league/wrddeyklfcgk9qybgofq",9.0,7.92,,,0.0,0.0,0.0,0.0,0.0,0.0,0.0,0.0,0.0,9229.0,Anthony Richardson,IND,21.32,18.0,193.0,1.0,1.0,8.0,46.0,1.0,,,,0.0,295.72,-274.40000000000003,0.9,-246.96000000000004,44,407,5,anthony richardson,,657.4,,169.98,478.0,,,,1,169.98,169.98,169.98,169.98,0.0,IND,IND,False,-237.02,71.0,,,,ESPN,71.0,REACH / WAIT
512,89,5,Drew Allar,QB,PIT,4.0,ACT,True,"https://static.www.nfl.com/image/upload/f_auto,q_auto/league/sphuqnfrtzwsgeugeycz","https://static.www.nfl.com/image/upload/f_auto,q_auto/league/sphuqnfrtzwsgeugeycz",3.0,2.64,,,0.0,0.0,0.0,0.0,0.0,0.0,0.0,0.0,0.0,13289.0,Drew Allar,PIT,22.02,18.0,398.0,2.0,2.0,5.0,21.0,,,,,-2.0,295.72,-273.70000000000005,0.9,-248.33000000000004,45,408,5,drew allar,699.6,656.9,,,,,,,1,699.6,699.6,699.6,699.6,0.0,PIT,PIT,False,291.6,,291.6,,,Sleeper,291.6,PLATFORM STEAL
308,65,5,Trey Lance,QB,LAC,2.0,ACT,False,"https://static.www.nfl.com/image/upload/f_auto,q_auto/league/j3psmvvxo13kmbgi60ej","https://static.www.nfl.com/image/upload/f_auto,q_auto/league/j3psmvvxo13kmbgi60ej",15.555555555555555,13.688888888888888,,,136.0,0.0,0.0,0.0,0.0,0.0,0.0,0.0,0.0,7610.0,Trey Lance,LAC,14.62,18.0,183.0,1.0,1.0,8.0,43.0,,,,,2.0,295.72,-281.1,0.9,-250.99000000000004,46,409,5,trey lance,,639.6,,,,,,,0,,,,,,LAC,LAC,False,,,,,,,,NO MARKET
195,37,5,J.J. McCarthy,QB,MIN,2.0,ACT,False,"https://static.www.nfl.com/image/upload/f_auto,q_auto/league/omybnfokapjw6jwb5dd3","https://static.www.nfl.com/image/upload/f_auto,q_auto/league/omybnfokapjw6jwb5dd3",34.86666666666667,30.682666666666663,,,1632.0,11.0,0.0,0.0,0.0,0.0,0.0,0.0,0.0,11565.0,J.J. McCarthy,MIN,13.62,18.0,213.0,1.0,1.0,5.0,21.0,,,,,2.0,295.72,-282.1,0.9,-251.89,47,410,5,j j mccarthy,224.2,653.9,227.1,169.9,447.0,,,,2,197.05,197.05,169.9,224.2,54.29999999999998,MIN,MIN,False,-212.95,37.0,-185.8,,,ESPN,37.0,REACH / WAIT
188,34,5,Marcus Mariota,QB,WAS,2.0,ACT,False,"https://static.www.nfl.com/image/upload/f_auto,q_auto/league/grx6m1fmu1odltjo3y31","https://static.www.nfl.com/image/upload/f_auto,q_auto/league/grx6m1fmu1odltjo3y31",39.016666666666666,34.334666666666664,,,1695.0,10.0,0.0,0.0,0.0,0.0,0.0,0.0,0.0,2307.0,Marcus Mariota,WAS,13.12,18.0,188.0,1.0,1.0,4.0,26.0,,,,,2.0,295.72,-282.6,0.9,-252.34000000000003,48,411,5,marcus mariota,,507.5,,169.99,483.0,,,,1,169.99,169.99,169.99,169.99,0.0,WAS,WAS,False,-241.01,72.0,,,,ESPN,72.0,REACH / WAIT
237,43,5,Tyrod Taylor,QB,GB,2.0,ACT,False,"https://static.www.nfl.com/image/upload/f_auto,q_auto/league/whpztm9akd7yefplp37r","https://static.www.nfl.com/image/upload/f_auto,q_auto/league/whpztm9akd7yefplp37r",23.98333333333333,21.10533333333333,,,717.0,4.0,0.0,0.0,0.0,0.0,0.0,0.0,0.0,827.0,Tyrod Taylor,GB,12.9,18.0,205.0,1.0,1.0,4.0,17.0,,,,,2.0,295.72,-282.82000000000005,0.9,-252.53800000000004,49,412,5,tyrod taylor,658.2,610.6,,,,,,,1,658.2,658.2,658.2,658.2,0.0,GB,GB,False,246.20000000000005,,246.20000000000005,,,Sleeper,246.20000000000005,PLATFORM STEAL
247,47,5,Jameis Winston,QB,NYG,2.0,ACT,False,"https://static.www.nfl.com/image/upload/f_auto,q_auto/league/e5qyxnibbyawi0pvfpjl","https://static.www.nfl.com/image/upload/f_auto,q_auto/league/e5qyxnibbyawi0pvfpjl",21.15,18.612,,,567.0,2.0,0.0,0.0,0.0,0.0,0.0,0.0,0.0,2306.0,Jameis Winston,NYG,12.86,18.0,214.0,1.0,1.0,3.0,13.0,,,,,2.0,295.72,-282.86,0.9,-252.574,50,413,5,jameis winston,,664.4,,169.96,477.0,,,,1,169.96,169.96,169.96,169.96,0.0,NYG,NYG,False,-243.04,64.0,,,,ESPN,64.0,REACH / WAIT
193,36,5,Spencer Rattler,QB,NO,2.0,ACT,False,"https://static.www.nfl.com/image/upload/f_auto,q_auto/league/gcgmcf4kex3jsl4rlrng","https://static.www.nfl.com/image/upload/f_auto,q_auto/league/gcgmcf4kex3jsl4rlrng",36.41111111111111,32.04177777777778,,,1586.0,8.0,0.0,0.0,0.0,0.0,0.0,0.0,0.0,11562.0,Spencer Rattler,NO,12.68,18.0,202.0,1.0,1.0,4.0,16.0,,,,,2.0,295.72,-283.04,0.9,-252.736,51,414,5,spencer rattler,,686.3,,,,,,,0,,,,,,NO,NO,False,,,,,,,,NO MARKET
240,45,5,Tyler Huntley,QB,BAL,2.0,ACT,False,"https://static.www.nfl.com/image/upload/f_auto,q_auto/league/fxyjf9d5qkwqjdd8ypvv","https://static.www.nfl.com/image/upload/f_auto,q_auto/league/fxyjf9d5qkwqjdd8ypvv",22.405555555555555,19.71688888888889,,,361.0,2.0,0.0,0.0,0.0,0.0,0.0,0.0,0.0,7083.0,Tyler Huntley,BAL,12.68,18.0,182.0,1.0,1.0,4.0,24.0,,,,,2.0,295.72,-283.04,0.9,-252.736,52,415,5,tyler huntley,,690.0,,,,,,,0,,,,,,BAL,BAL,False,,,,,,,,NO MARKET
302,52,5,Tyson Bagent,QB,CHI,2.0,ACT,False,"https://static.www.nfl.com/image/upload/f_auto,q_auto/league/ymimvligfyrucu0v3p6a","https://static.www.nfl.com/image/upload/f_auto,q_auto/league/ymimvligfyrucu0v3p6a",16.0,14.08,,,0.0,0.0,0.0,0.0,0.0,0.0,0.0,0.0,0.0,11256.0,Tyson Bagent,CHI,12.5,18.0,195.0,1.0,1.0,4.0,17.0,,,,,2.0,295.72,-283.22,0.9,-252.898,53,416,5,tyson bagent,,606.0,,169.98,484.0,,,,1,169.98,169.98,169.98,169.98,0.0,CHI,CHI,False,-246.02,68.0,,,,ESPN,68.0,REACH / WAIT
253,49,5,Riley Leonard,QB,IND,2.0,ACT,False,"https://static.www.nfl.com/image/upload/f_auto,q_auto/league/okxcrf19ylc0hwfefmwl","https://static.www.nfl.com/image/upload/f_auto,q_auto/league/okxcrf19ylc0hwfefmwl",20.30555555555556,17.86888888888889,,,415.0,2.0,0.0,0.0,0.0,0.0,0.0,0.0,0.0,12470.0,Riley Leonard,IND,12.44,18.0,196.0,1.0,1.0,4.0,16.0,,,,,2.0,295.72,-283.28000000000003,0.9,-252.95200000000003,54,417,5,riley leonard,,683.3,,,,,,,0,,,,,,IND,IND,False,,,,,,,,NO MARKET
242,46,5,Quinn Ewers,QB,JAX,2.0,ACT,False,"https://static.www.nfl.com/image/upload/f_auto,q_auto/league/bbcwyjuhyijtqe7jo274","https://static.www.nfl.com/image/upload/f_auto,q_auto/league/bbcwyjuhyijtqe7jo274",22.16111111111111,19.50177777777778,,,569.0,3.0,0.0,0.0,0.0,0.0,0.0,0.0,0.0,12500.0,Quinn Ewers,JAX,12.4,18.0,195.0,1.0,1.0,4.0,16.0,,,,,2.0,295.72,-283.32000000000005,0.9,-252.98800000000008,55,418,5,quinn ewers,,697.4,,,,,,,0,,,,,,JAX,JAX,False,,,,,,,,NO MARKET
298,56,5,Joshua Dobbs,QB,DET,2.0,ACT,False,"https://static.www.nfl.com/image/upload/f_auto,q_auto/league/twaqqjexyi0vgyfbvzis","https://static.www.nfl.com/image/upload/f_auto,q_auto/league/twaqqjexyi0vgyfbvzis",16.0,14.08,,,0.0,0.0,0.0,0.0,0.0,0.0,0.0,0.0,0.0,4179.0,Joshua Dobbs,DET,12.4,18.0,195.0,1.0,1.0,4.0,16.0,,,,,2.0,295.72,-283.32000000000005,0.9,-252.98800000000008,56,419,5,joshua dobbs,692.3,692.8,,,,,,,1,692.3,692.3,692.3,692.3,0.0,DET,DET,False,273.29999999999995,,273.29999999999995,,,Sleeper,273.29999999999995,PLATFORM STEAL
299,53,5,Joe Milton III,QB,DAL,2.0,ACT,False,"https://static.www.nfl.com/image/upload/f_auto,q_auto/league/tsj9lobse1gxzanf39dt","https://static.www.nfl.com/image/upload/f_auto,q_auto/league/tsj9lobse1gxzanf39dt",16.0,14.08,,,0.0,0.0,0.0,0.0,0.0,0.0,0.0,0.0,0.0,11557.0,Joe Milton,DAL,12.4,18.0,195.0,1.0,1.0,4.0,16.0,,,,,2.0,295.72,-283.32000000000005,0.9,-252.98800000000008,57,420,5,joe milton,,684.4,,,,,,,0,,,,,,DAL,DAL,False,,,,,,,,NO MARKET
304,60,5,Tommy DeVito,QB,NE,2.0,ACT,False,"https://static.www.nfl.com/image/upload/f_auto,q_auto/league/hb3m2zbfb5aprw6vdqx8","https://static.www.nfl.com/image/upload/f_auto,q_auto/league/hb3m2zbfb5aprw6vdqx8",16.0,14.08,,,0.0,0.0,0.0,0.0,0.0,0.0,0.0,0.0,0.0,11292.0,Tommy DeVito,NE,12.38,18.0,202.0,1.0,1.0,4.0,13.0,,,,,2.0,295.72,-283.34000000000003,0.9,-253.00600000000003,58,421,5,tommy devito,,655.5,,169.95,482.0,,,,1,169.95,169.95,169.95,169.95,0.0,NE,NE,False,-251.05,61.0,,,,ESPN,61.0,REACH / WAIT
301,55,5,Jarrett Stidham,QB,DEN,2.0,ACT,False,"https://static.www.nfl.com/image/upload/f_auto,q_auto/league/uzdn86skeienyyqxyiuw","https://static.www.nfl.com/image/upload/f_auto,q_auto/league/uzdn86skeienyyqxyiuw",16.0,14.08,,,0.0,0.0,0.0,0.0,0.0,0.0,0.0,0.0,0.0,6136.0,Jarrett Stidham,DEN,12.22,18.0,198.0,1.0,1.0,2.0,13.0,,,,,2.0,295.72,-283.5,0.9,-253.15,59,422,5,jarrett stidham,,325.0,,169.99,480.0,,,,1,169.99,169.99,169.99,169.99,0.0,DEN,DEN,False,-252.01,58.0,,,,ESPN,58.0,REACH / WAIT
210,38,5,Davis Mills,QB,HOU,2.0,ACT,False,"https://static.www.nfl.com/image/upload/f_auto,q_auto/league/jh9e97vjzmeafx8jz0sn","https://static.www.nfl.com/image/upload/f_auto,q_auto/league/jh9e97vjzmeafx8jz0sn",30.883333333333333,27.177333333333333,,,915.0,5.0,0.0,0.0,0.0,0.0,0.0,0.0,0.0,7585.0,Davis Mills,HOU,12.04,18.0,211.0,1.0,1.0,2.0,6.0,,,,,2.0,295.72,-283.68,0.9,-253.312,60,423,5,davis mills,,676.3,,,,,,,0,,,,,,HOU,HOU,False,,,,,,,,NO MARKET
297,51,5,Kyle Allen,QB,BUF,2.0,ACT,False,"https://static.www.nfl.com/image/upload/f_auto,q_auto/league/s3vbqdcoc6oc6yh460v9","https://static.www.nfl.com/image/upload/f_auto,q_auto/league/s3vbqdcoc6oc6yh460v9",16.0,14.08,,,0.0,0.0,0.0,0.0,0.0,0.0,0.0,0.0,0.0,5127.0,Kyle Allen,BUF,12.0,18.0,195.0,1.0,1.0,2.0,12.0,,,,,2.0,295.72,-283.72,0.9,-253.34800000000004,61,424,6,kyle allen,665.6,672.0,,,,,,,1,665.6,665.6,665.6,665.6,0.0,BUF,BUF,False,241.60000000000002,,241.60000000000002,,,Sleeper,241.60000000000002,PLATFORM STEAL
225,41,5,Mitchell Trubisky,QB,TEN,2.0,ACT,False,"https://static.www.nfl.com/image/upload/f_auto,q_auto/league/yxs7ix2pmcfv5k1qn1sk","https://static.www.nfl.com/image/upload/f_auto,q_auto/league/yxs7ix2pmcfv5k1qn1sk",26.238888888888887,23.09022222222222,,,259.0,4.0,0.0,0.0,0.0,0.0,0.0,0.0,0.0,3976.0,Mitchell Trubisky,TEN,11.94,18.0,186.0,1.0,1.0,4.0,15.0,,,,,2.0,295.72,-283.78000000000003,0.9,-253.40200000000004,62,425,6,mitchell trubisky,,654.8,,,,,,,0,,,,,,TEN,TEN,False,,,,,,,,NO MARKET
307,64,5,Andy Dalton,QB,PHI,2.0,ACT,False,"https://static.www.nfl.com/image/upload/f_auto,q_auto/league/sfsneh0bn46e2kwve7sr","https://static.www.nfl.com/image/upload/f_auto,q_auto/league/sfsneh0bn46e2kwve7sr",15.772222222222222,13.879555555555555,,,175.0,0.0,0.0,0.0,0.0,0.0,0.0,0.0,0.0,829.0,Andy Dalton,PHI,11.82,18.0,208.0,1.0,1.0,2.0,5.0,,,,,2.0,295.72,-283.90000000000003,0.9,-253.51000000000005,63,426,6,andy dalton,,657.2,,,,,,,0,,,,,,PHI,PHI,False,,,,,,,,NO MARKET
250,48,5,Mason Rudolph,QB,PIT,2.0,ACT,False,"https://static.www.nfl.com/image/upload/f_auto,q_auto/league/oadtxde6hxz1jgrs618o","https://static.www.nfl.com/image/upload/f_auto,q_auto/league/oadtxde6hxz1jgrs618o",20.855555555555554,18.352888888888888,,,298.0,2.0,0.0,0.0,0.0,0.0,0.0,0.0,0.0,4972.0,Mason Rudolph,PIT,11.68,18.0,202.0,1.0,1.0,2.0,6.0,,,,,2.0,295.72,-284.04,0.9,-253.636,64,427,6,mason rudolph,,655.3,,,,,,,0,,,,,,PIT,PIT,False,,,,,,,,NO MARKET
391,82,5,Jalen Milroe,QB,SEA,3.0,ACT,False,"https://static.www.nfl.com/image/upload/f_auto,q_auto/league/hohqoqpdyquxn1sr1fm2","https://static.www.nfl.com/image/upload/f_auto,q_auto/league/hohqoqpdyquxn1sr1fm2",9.0,7.92,,,0.0,0.0,0.0,0.0,0.0,0.0,0.0,0.0,0.0,12510.0,Jalen Milroe,SEA,13.86,18.0,164.0,1.0,1.0,8.0,43.0,,,,,0.0,295.72,-281.86,0.9,-253.674,65,428,6,jalen milroe,,663.0,,,,,,,0,,,,,,SEA,SEA,False,,,,,,,,NO MARKET
390,78,5,Ty Simpson,QB,LA,3.0,ACT,True,,,9.0,7.92,,,0.0,0.0,0.0,0.0,0.0,0.0,0.0,0.0,0.0,13275.0,Ty Simpson,LAR,13.62,18.0,218.0,1.0,1.0,5.0,19.0,,,,,0.0,295.72,-282.1,0.9,-253.89,66,429,6,ty simpson,241.8,673.1,243.2,169.97,476.0,,,,2,205.885,205.885,169.97,241.8,71.83000000000001,LA,LAR,False,-223.115,47.0,-187.2,,,ESPN,47.0,REACH / WAIT
238,44,5,Carson Wentz,QB,MIN,3.0,ACT,False,"https://static.www.nfl.com/image/upload/f_auto,q_auto/league/vuolixdvigc8axelug66","https://static.www.nfl.com/image/upload/f_auto,q_auto/league/vuolixdvigc8axelug66",22.95555555555556,20.20088888888889,,,1216.0,6.0,0.0,0.0,0.0,0.0,0.0,0.0,0.0,3161.0,Carson Wentz,MIN,12.44,18.0,221.0,1.0,1.0,2.0,6.0,,,,,0.0,295.72,-283.28000000000003,0.9,-254.95200000000003,67,430,6,carson wentz,,633.3,,,,,,,0,,,,,,MIN,MIN,False,,,,,,,,NO MARKET
325,67,5,Tanner McKee,QB,PHI,3.0,ACT,False,"https://static.www.nfl.com/image/upload/f_auto,q_auto/league/oveivzhzv13jrfvkp8zg","https://static.www.nfl.com/image/upload/f_auto,q_auto/league/oveivzhzv13jrfvkp8zg",11.338888888888889,9.978222222222222,,,241.0,1.0,0.0,0.0,0.0,0.0,0.0,0.0,0.0,9230.0,Tanner McKee,PHI,12.42,18.0,198.0,1.0,1.0,4.0,15.0,,,,,0.0,295.72,-283.3,0.9,-254.97000000000003,68,431,6,tanner mckee,,676.6,,169.98,486.0,,,,1,169.98,169.98,169.98,169.98,0.0,PHI,PHI,False,-261.02,55.0,,,,ESPN,55.0,REACH / WAIT
243,57,5,Bam Knight,RB,ARI,3.0,ACT,False,"https://static.www.nfl.com/image/upload/f_auto,q_auto/league/mjxnlzlnnwlfqayeybut","https://static.www.nfl.com/image/upload/f_auto,q_auto/league/mjxnlzlnnwlfqayeybut",17.757142857142856,19.177714285714288,,,0.0,0.0,193.0,2.0,0.0,0.0,0.0,0.0,0.0,,,,,,,,,,,,,,,0.0,160.1,,1.08,-999.0,98,432,6,bam knight,,,,170.09,431.0,,,,1,170.09,170.09,170.09,170.09,0.0,ARI,ARI,False,-261.90999999999997,-1.0,,,,ESPN,-1.0,REACH / WAIT
271,63,5,Johnny Mundt,TE,PHI,2.0,ACT,False,"https://static.www.nfl.com/image/upload/f_auto,q_auto/league/gbsnomwbzavt5124vvaz","https://static.www.nfl.com/image/upload/f_auto,q_auto/league/gbsnomwbzavt5124vvaz",16.0,15.04,,,0.0,0.0,0.0,0.0,0.0,0.0,0.0,0.0,0.0,,,,,,,,,,,,,,,2.0,162.5,,1.05,-999.0,98,433,6,johnny mundt,699.8,698.6,,,,,,,1,699.8,699.8,699.8,699.8,0.0,PHI,PHI,False,266.79999999999995,,266.79999999999995,,,Sleeper,266.79999999999995,PLATFORM STEAL
293,59,5,Kyle McCord,QB,MIA,2.0,ACT,False,"https://static.www.nfl.com/image/upload/f_auto,q_auto/league/smdh2mmu457aammcblth","https://static.www.nfl.com/image/upload/f_auto,q_auto/league/smdh2mmu457aammcblth",16.0,14.08,,,0.0,0.0,0.0,0.0,0.0,0.0,0.0,0.0,0.0,,,,,,,,,,,,,,,2.0,295.72,,0.9,-999.0,69,434,6,kyle mccord,,588.6,,,,,,,0,,,,,,MIA,MIA,False,,,,,,,,NO MARKET
296,62,5,Drew Lock,QB,SEA,2.0,ACT,False,"https://static.www.nfl.com/image/upload/f_auto,q_auto/league/vdixnkk1uglfpwowalf8","https://static.www.nfl.com/image/upload/f_auto,q_auto/league/vdixnkk1uglfpwowalf8",16.0,14.08,,,0.0,0.0,0.0,0.0,0.0,0.0,0.0,0.0,0.0,,,,,,,,,,,,,,,2.0,295.72,,0.9,-999.0,70,435,6,drew lock,692.7,691.4,,,,,,,1,692.7,692.7,692.7,692.7,0.0,SEA,SEA,False,257.70000000000005,,257.70000000000005,,,Sleeper,257.70000000000005,PLATFORM STEAL
300,63,5,Jalon Daniels,QB,TB,2.0,ACT,True,"https://static.www.nfl.com/image/upload/f_auto,q_auto/league/hwhfl6i5drktwjvslfpn","https://static.www.nfl.com/image/upload/f_auto,q_auto/league/hwhfl6i5drktwjvslfpn",16.0,14.08,,,0.0,0.0,0.0,0.0,0.0,0.0,0.0,0.0,0.0,,,,,,,,,,,,,,,2.0,295.72,,0.9,-999.0,71,436,6,jalon daniels,659.3,646.9,,169.95,479.0,,,,2,414.625,414.625,169.95,659.3,489.35,TB,TB,False,-21.375,43.0,223.29999999999995,,,Sleeper,223.29999999999995,REACH / WAIT
303,57,5,Stetson Bennett,QB,LA,2.0,ACT,False,"https://static.www.nfl.com/image/upload/f_auto,q_auto/league/s0eo3fstv6rkitzbefzu","https://static.www.nfl.com/image/upload/f_auto,q_auto/league/s0eo3fstv6rkitzbefzu",16.0,14.08,,,0.0,0.0,0.0,0.0,0.0,0.0,0.0,0.0,0.0,,,,,,,,,,,,,,,2.0,295.72,,0.9,-999.0,72,437,6,stetson bennett,,699.3,,,,,,,0,,,,,,LA,LA,False,,,,,,,,NO MARKET
305,54,5,Sam Howell,QB,DAL,2.0,ACT,False,"https://static.www.nfl.com/image/upload/f_auto,q_auto/league/sx77bippywnl0dx6m8q9","https://static.www.nfl.com/image/upload/f_auto,q_auto/league/sx77bippywnl0dx6m8q9",16.0,14.08,,,0.0,0.0,0.0,0.0,0.0,0.0,0.0,0.0,0.0,,,,,,,,,,,,,,,2.0,295.72,,0.9,-999.0,73,438,6,sam howell,,689.0,,169.97,485.0,,,,1,169.97,169.97,169.97,169.97,0.0,DAL,DAL,False,-268.03,47.0,,,,ESPN,47.0,REACH / WAIT
311,66,5,Kenny Pickett,QB,CAR,2.0,ACT,False,"https://static.www.nfl.com/image/upload/f_auto,q_auto/league/gw6lyiuevyuspfkglnmj","https://static.www.nfl.com/image/upload/f_auto,q_auto/league/gw6lyiuevyuspfkglnmj",15.155555555555557,13.336888888888888,,,64.0,0.0,0.0,0.0,0.0,0.0,0.0,0.0,0.0,,,,,,,,,,,,,,,2.0,295.72,,0.9,-999.0,74,439,6,kenny pickett,,665.5,,,,,,,0,,,,,,CAR,CAR,False,,,,,,,,NO MARKET
314,109,5,Josh Palmer,WR,BUF,4.0,ACT,False,"https://static.www.nfl.com/image/upload/f_auto,q_auto/league/woswdfrtxnsfgzsjvsxx","https://static.www.nfl.com/image/upload/f_auto,q_auto/league/woswdfrtxnsfgzsjvsxx",11.525567094309242,12.447612461853982,,,0.0,0.0,0.0,0.0,14.0,7.0,78.0,0.0,19.127835471546213,,,,,,,,,,,,,,,-2.0,177.3,,1.0,-999.0,170,440,6,josh palmer,,624.0,,,,,,,0,,,,,,BUF,BUF,False,,,,,,,,NO MARKET
321,73,5,British Brooks,RB,HOU,3.0,ACT,False,"https://static.www.nfl.com/image/upload/f_auto,q_auto/league/jethzcwj6oeitvdprnk8","https://static.www.nfl.com/image/upload/f_auto,q_auto/league/jethzcwj6oeitvdprnk8",9.9,10.692000000000002,,,0.0,0.0,63.0,0.0,0.0,0.0,0.0,0.0,0.0,,,,,,,,,,,,,,,0.0,160.1,,1.08,-999.0,99,441,6,british brooks,390.3,668.9,,,,,,,1,390.3,390.3,390.3,390.3,0.0,HOU,HOU,False,-50.69999999999999,,-50.69999999999999,,,Sleeper,-50.69999999999999,REACH / WAIT
329,92,5,Eli Heidenreich,RB,PIT,3.0,ACT,True,"https://static.www.nfl.com/image/upload/f_auto,q_auto/league/jhiyjb8jmjyzehmrrjoy","https://static.www.nfl.com/image/upload/f_auto,q_auto/league/jhiyjb8jmjyzehmrrjoy",9.0,9.72,,,0.0,0.0,0.0,0.0,0.0,0.0,0.0,0.0,0.0,,,,,,,,,,,,,,,0.0,160.1,,1.08,-999.0,100,442,6,eli heidenreich,,691.4,,169.99,438.0,,,,1,169.99,169.99,169.99,169.99,0.0,PIT,PIT,False,-272.01,-4.0,,,,ESPN,-4.0,REACH / WAIT
332,78,5,AJ Dillon,RB,CAR,3.0,ACT,False,"https://static.www.nfl.com/image/upload/f_auto,q_auto/league/imxxt8yrbrxptoxr1hw5","https://static.www.nfl.com/image/upload/f_auto,q_auto/league/imxxt8yrbrxptoxr1hw5",9.0,9.72,,,0.0,0.0,0.0,0.0,0.0,0.0,0.0,0.0,0.0,,,,,,,,,,,,,,,0.0,160.1,,1.08,-999.0,101,443,6,aj dillon,,688.3,,,,,,,0,,,,,,CAR,CAR,False,,,,,,,,NO MARKET
341,88,5,Corey Kiner,RB,NE,3.0,ACT,False,"https://static.www.nfl.com/image/upload/f_auto,q_auto/league/tpnamrgzfbytwlzhhyf8","https://static.www.nfl.com/image/upload/f_auto,q_auto/league/tpnamrgzfbytwlzhhyf8",9.0,9.72,,,0.0,0.0,0.0,0.0,0.0,0.0,0.0,0.0,0.0,,,,,,,,,,,,,,,0.0,160.1,,1.08,-999.0,102,444,6,corey kiner,487.0,695.2,,,,,,,1,487.0,487.0,487.0,487.0,0.0,NE,NE,False,43.0,,43.0,,,Sleeper,43.0,PLATFORM STEAL
358,124,5,Brycen Tremayne,WR,CAR,6.0,ACT,False,"https://static.www.nfl.com/image/upload/f_auto,q_auto/league/isc094ihkf69vzrlkiql","https://static.www.nfl.com/image/upload/f_auto,q_auto/league/isc094ihkf69vzrlkiql",8.025705164593779,8.667761577761281,,,0.0,0.0,0.0,0.0,5.0,3.0,48.0,0.0,15.186218130661205,,,,,,,,,,,,,,,-2.0,177.3,,1.0,-999.0,171,445,6,brycen tremayne,675.5,613.5,,,,,,,1,675.5,675.5,675.5,675.5,0.0,CAR,CAR,False,230.5,,230.5,,,Sleeper,230.5,PLATFORM STEAL
361,77,5,Erick All,TE,CIN,3.0,ACT,False,"https://static.www.nfl.com/image/upload/f_auto,q_auto/league/ifkhcxze7lnxkpzjvsmk","https://static.www.nfl.com/image/upload/f_auto,q_auto/league/ifkhcxze7lnxkpzjvsmk",9.0,8.459999999999999,,,0.0,0.0,0.0,0.0,0.0,0.0,0.0,0.0,0.0,,,,,,,,,,,,,,,0.0,162.5,,1.05,-999.0,99,446,6,erick all,,565.3,,170.04,443.0,,,,1,170.04,170.04,170.04,170.04,0.0,CIN,CIN,False,-275.96000000000004,-3.0,,,,ESPN,-3.0,REACH / WAIT
362,84,5,Andrew Ogletree,TE,IND,3.0,ACT,False,"https://static.www.nfl.com/image/upload/f_auto,q_auto/league/wvcrk0ygv3coprxj4cnt","https://static.www.nfl.com/image/upload/f_auto,q_auto/league/wvcrk0ygv3coprxj4cnt",9.0,8.459999999999999,,,0.0,0.0,0.0,0.0,0.0,0.0,0.0,0.0,0.0,,,,,,,,,,,,,,,0.0,162.5,,1.05,-999.0,100,447,6,andrew ogletree,,494.0,,,,,,,0,,,,,,IND,IND,False,,,,,,,,NO MARKET
365,74,5,Matthew Hibner,TE,BAL,3.0,ACT,True,"https://static.www.nfl.com/image/upload/f_auto,q_auto/league/kkkia0wl2sqsjiwecde0","https://static.www.nfl.com/image/upload/f_auto,q_auto/league/kkkia0wl2sqsjiwecde0",9.0,8.459999999999999,,,0.0,0.0,0.0,0.0,0.0,0.0,0.0,0.0,0.0,,,,,,,,,,,,,,,0.0,162.5,,1.05,-999.0,101,448,6,matthew hibner,,685.5,,,,,,,0,,,,,,BAL,BAL,False,,,,,,,,NO MARKET
370,78,5,Carsen Ryan,TE,CLE,3.0,ACT,True,"https://static.www.nfl.com/image/upload/f_auto,q_auto/league/qiqiqjw4vyhv2xpxt2np","https://static.www.nfl.com/image/upload/f_auto,q_auto/league/qiqiqjw4vyhv2xpxt2np",9.0,8.459999999999999,,,0.0,0.0,0.0,0.0,0.0,0.0,0.0,0.0,0.0,,,,,,,,,,,,,,,0.0,162.5,,1.05,-999.0,102,449,6,carsen ryan,539.5,,,,,,,,1,539.5,539.5,539.5,539.5,0.0,CLE,CLE,False,90.5,,90.5,,,Sleeper,90.5,PLATFORM STEAL
374,81,5,Jackson Meeks,TE,DET,3.0,ACT,False,"https://static.www.nfl.com/image/upload/f_auto,q_auto/league/ot3dsyhfhos9epmkqdip","https://static.www.nfl.com/image/upload/f_auto,q_auto/league/ot3dsyhfhos9epmkqdip",9.0,8.459999999999999,,,0.0,0.0,0.0,0.0,0.0,0.0,0.0,0.0,0.0,,,,,,,,,,,,,,,0.0,162.5,,1.05,-999.0,103,450,6,jackson meeks,677.8,602.2,,,,,,,1,677.8,677.8,677.8,677.8,0.0,DET,DET,False,227.79999999999995,,227.79999999999995,,,Sleeper,227.79999999999995,PLATFORM STEAL
378,86,5,Jared Wiley,TE,KC,3.0,ACT,False,"https://static.www.nfl.com/image/upload/f_auto,q_auto/league/qbu14rgh4wchepqsrgb0","https://static.www.nfl.com/image/upload/f_auto,q_auto/league/qbu14rgh4wchepqsrgb0",9.0,8.459999999999999,,,0.0,0.0,0.0,0.0,0.0,0.0,0.0,0.0,0.0,,,,,,,,,,,,,,,0.0,162.5,,1.05,-999.0,104,451,6,jared wiley,677.5,435.0,,,,,,,1,677.5,677.5,677.5,677.5,0.0,KC,KC,False,226.5,,226.5,,,Sleeper,226.5,PLATFORM STEAL
383,72,5,Hunter Long,TE,ARI,3.0,ACT,False,"https://static.www.nfl.com/image/upload/f_auto,q_auto/league/wlj6sdfj5qcy8bt2qyxb","https://static.www.nfl.com/image/upload/f_auto,q_auto/league/wlj6sdfj5qcy8bt2qyxb",9.0,8.459999999999999,,,0.0,0.0,0.0,0.0,0.0,0.0,0.0,0.0,0.0,,,,,,,,,,,,,,,0.0,162.5,,1.05,-999.0,105,452,6,hunter long,673.3,566.7,,,,,,,1,673.3,673.3,673.3,673.3,0.0,ARI,ARI,False,221.29999999999995,,221.29999999999995,,,Sleeper,221.29999999999995,PLATFORM STEAL
385,68,5,Aidan O'Connell,QB,LV,3.0,ACT,False,"https://static.www.nfl.com/image/upload/f_auto,q_auto/league/bcejxo7ofgk5pszhup12","https://static.www.nfl.com/image/upload/f_auto,q_auto/league/bcejxo7ofgk5pszhup12",9.566666666666666,8.418666666666667,,,102.0,0.0,0.0,0.0,0.0,0.0,0.0,0.0,0.0,,,,,,,,,,,,,,,0.0,295.72,,0.9,-999.0,75,453,6,aidan o connell,662.3,620.0,,,,,,,1,662.3,662.3,662.3,662.3,0.0,LV,LV,False,209.29999999999995,,209.29999999999995,,,Sleeper,209.29999999999995,PLATFORM STEAL
386,74,5,Sam Ehlinger,QB,DEN,3.0,ACT,False,"https://static.www.nfl.com/image/upload/f_auto,q_auto/league/imtb2ia03w2ujrl9dprs","https://static.www.nfl.com/image/upload/f_auto,q_auto/league/imtb2ia03w2ujrl9dprs",9.0,7.92,,,0.0,0.0,0.0,0.0,0.0,0.0,0.0,0.0,0.0,,,,,,,,,,,,,,,0.0,295.72,,0.9,-999.0,76,454,6,sam ehlinger,666.3,,,,,,,,1,666.3,666.3,666.3,666.3,0.0,DEN,DEN,False,212.29999999999995,,212.29999999999995,,,Sleeper,212.29999999999995,PLATFORM STEAL
387,70,5,Joe Fagnano,QB,BAL,3.0,ACT,True,"https://static.www.nfl.com/image/upload/f_auto,q_auto/league/p8uqfsnpx153mn3gjtd3","https://static.www.nfl.com/image/upload/f_auto,q_auto/league/p8uqfsnpx153mn3gjtd3",9.0,7.92,,,0.0,0.0,0.0,0.0,0.0,0.0,0.0,0.0,0.0,,,,,,,,,,,,,,,0.0,295.72,,0.9,-999.0,77,455,6,joe fagnano,664.0,655.6,,,,,,,1,664.0,664.0,664.0,664.0,0.0,BAL,BAL,False,209.0,,209.0,,,Sleeper,209.0,PLATFORM STEAL
389,72,5,Case Keenum,QB,CHI,3.0,ACT,False,"https://static.www.nfl.com/image/upload/f_auto,q_auto/league/weixhyzal4ntsyszyepu","https://static.www.nfl.com/image/upload/f_auto,q_auto/league/weixhyzal4ntsyszyepu",9.0,7.92,,,0.0,0.0,0.0,0.0,0.0,0.0,0.0,0.0,0.0,,,,,,,,,,,,,,,0.0,295.72,,0.9,-999.0,78,456,6,case keenum,662.0,664.7,,,,,,,1,662.0,662.0,662.0,662.0,0.0,CHI,CHI,False,206.0,,206.0,,,Sleeper,206.0,PLATFORM STEAL
393,71,5,Haynes King,QB,CAR,3.0,ACT,True,"https://static.www.nfl.com/image/upload/f_auto,q_auto/league/qcloyq4ahyh0hfzo6i0i","https://static.www.nfl.com/image/upload/f_auto,q_auto/league/qcloyq4ahyh0hfzo6i0i",9.0,7.92,,,0.0,0.0,0.0,0.0,0.0,0.0,0.0,0.0,0.0,,,,,,,,,,,,,,,0.0,295.72,,0.9,-999.0,79,457,6,haynes king,,691.9,,,,,,,0,,,,,,CAR,CAR,False,,,,,,,,NO MARKET
395,76,5,Carter Bradley,QB,JAX,3.0,W04,False,"https://static.www.nfl.com/image/upload/f_auto,q_auto/league/ystkos8c5gnjtsgxg7vg","https://static.www.nfl.com/image/upload/f_auto,q_auto/league/ystkos8c5gnjtsgxg7vg",9.0,7.92,,,0.0,0.0,0.0,0.0,0.0,0.0,0.0,0.0,0.0,,,,,,,,,,,,,,,0.0,295.72,,0.9,-999.0,80,458,6,carter bradley,418.5,278.0,,,,,,,1,418.5,418.5,418.5,418.5,0.0,JAX,JAX,False,-39.5,,-39.5,,,Sleeper,-39.5,REACH / WAIT
396,79,5,Behren Morton,QB,NE,3.0,ACT,True,"https://static.www.nfl.com/image/upload/f_auto,q_auto/league/st5s1urflg14hwvx8uzl","https://static.www.nfl.com/image/upload/f_auto,q_auto/league/st5s1urflg14hwvx8uzl",9.0,7.92,,,0.0,0.0,0.0,0.0,0.0,0.0,0.0,0.0,0.0,,,,,,,,,,,,,,,0.0,295.72,,0.9,-999.0,81,459,6,behren morton,,684.0,,,,,,,0,,,,,,NE,NE,False,,,,,,,,NO MARKET
397,80,5,Zach Wilson,QB,NO,3.0,ACT,False,"https://static.www.nfl.com/image/upload/f_auto,q_auto/league/i17xpbsar7evcypbhtel","https://static.www.nfl.com/image/upload/f_auto,q_auto/league/i17xpbsar7evcypbhtel",9.0,7.92,,,0.0,0.0,0.0,0.0,0.0,0.0,0.0,0.0,0.0,,,,,,,,,,,,,,,0.0,295.72,,0.9,-999.0,82,460,6,zach wilson,,684.2,,,,,,,0,,,,,,NO,NO,False,,,,,,,,NO MARKET
399,83,5,Kurtis Rourke,QB,SF,3.0,ACT,False,"https://static.www.nfl.com/image/upload/f_auto,q_auto/league/rq4swf5c2ar45ljuc0w2","https://static.www.nfl.com/image/upload/f_auto,q_auto/league/rq4swf5c2ar45ljuc0w2",9.0,7.92,,,0.0,0.0,0.0,0.0,0.0,0.0,0.0,0.0,0.0,,,,,,,,,,,,,,,0.0,295.72,,0.9,-999.0,83,461,6,kurtis rourke,649.1,615.5,,,,,,,1,649.1,649.1,649.1,649.1,0.0,SF,SF,False,188.10000000000002,,188.10000000000002,,,Sleeper,188.10000000000002,PLATFORM STEAL
400,84,5,Athan Kaliakmanis,QB,WAS,3.0,ACT,True,"https://static.www.nfl.com/image/upload/f_auto,q_auto/league/ahtbv63jyg8ampmyrxn9","https://static.www.nfl.com/image/upload/f_auto,q_auto/league/ahtbv63jyg8ampmyrxn9",9.0,7.92,,,0.0,0.0,0.0,0.0,0.0,0.0,0.0,0.0,0.0,,,,,,,,,,,,,,,0.0,295.72,,0.9,-999.0,84,462,6,athan kaliakmanis,670.2,641.7,,,,,,,1,670.2,670.2,670.2,670.2,0.0,WAS,WAS,False,208.20000000000005,,208.20000000000005,,,Sleeper,208.20000000000005,PLATFORM STEAL
401,77,5,Garrett Nussmeier,QB,KC,3.0,ACT,True,"https://static.www.nfl.com/image/upload/f_auto,q_auto/league/uyidfkzfhuqaks3pmdeo","https://static.www.nfl.com/image/upload/f_auto,q_auto/league/uyidfkzfhuqaks3pmdeo",9.0,7.92,,,0.0,0.0,0.0,0.0,0.0,0.0,0.0,0.0,0.0,,,,,,,,,,,,,,,0.0,295.72,,0.9,-999.0,85,463,6,garrett nussmeier,668.0,677.9,,,,,,,1,668.0,668.0,668.0,668.0,0.0,KC,KC,False,205.0,,205.0,,,Sleeper,205.0,PLATFORM STEAL
402,85,5,Chris Oladokun,QB,KC,4.0,W04,False,"https://static.www.nfl.com/image/upload/f_auto,q_auto/league/zlcmvcyi6laaklmjv1j2","https://static.www.nfl.com/image/upload/f_auto,q_auto/league/zlcmvcyi6laaklmjv1j2",6.505555555555556,5.724888888888889,,,235.0,1.0,0.0,0.0,0.0,0.0,0.0,0.0,0.0,,,,,,,,,,,,,,,-2.0,295.72,,0.9,-999.0,86,464,6,chris oladokun,,,,,,,,,0,,,,,,KC,KC,False,,,,,,,,NO MARKET
405,86,5,Cooper Rush,QB,ATL,3.0,ACT,False,"https://static.www.nfl.com/image/upload/f_auto,q_auto/league/mwrtykpswz7nbfisqlmj","https://static.www.nfl.com/image/upload/f_auto,q_auto/league/mwrtykpswz7nbfisqlmj",5.594444444444445,4.923111111111112,,,251.0,0.0,0.0,0.0,0.0,0.0,0.0,0.0,0.0,,,,,,,,,,,,,,,0.0,295.72,,0.9,-999.0,87,465,6,cooper rush,681.8,698.0,,,,,,,1,681.8,681.8,681.8,681.8,0.0,ATL,ATL,False,216.79999999999995,,216.79999999999995,,,Sleeper,216.79999999999995,PLATFORM STEAL
408,145,5,Jonathan Mingo,WR,DAL,5.0,ACT,False,"https://static.www.nfl.com/image/upload/f_auto,q_auto/league/u2b8s2s0ix5hntyg3eog","https://static.www.nfl.com/image/upload/f_auto,q_auto/league/u2b8s2s0ix5hntyg3eog",3.0,3.24,,,0.0,0.0,0.0,0.0,0.0,0.0,0.0,0.0,0.0,,,,,,,,,,,,,,,-2.0,177.3,,1.0,-999.0,172,466,6,jonathan mingo,699.9,693.3,,,,,,,1,699.9,699.9,699.9,699.9,0.0,DAL,DAL,False,233.89999999999998,,233.89999999999998,,,Sleeper,233.89999999999998,PLATFORM STEAL
411,144,5,Camden Brown,WR,DAL,6.0,ACT,True,"https://static.www.nfl.com/image/upload/f_auto,q_auto/league/tvoztpalnmmattxhdaoa","https://static.www.nfl.com/image/upload/f_auto,q_auto/league/tvoztpalnmmattxhdaoa",3.0,3.24,,,0.0,0.0,0.0,0.0,0.0,0.0,0.0,0.0,0.0,,,,,,,,,,,,,,,-2.0,177.3,,1.0,-999.0,173,467,6,camden brown,637.3,608.2,,,,,,,1,637.3,637.3,637.3,637.3,0.0,DAL,DAL,False,170.29999999999995,,170.29999999999995,,,Sleeper,170.29999999999995,PLATFORM STEAL
413,140,5,Dohnte Meyers,WR,CIN,5.0,ACT,True,"https://static.www.nfl.com/image/upload/f_auto,q_auto/league/xkxpqhtebubkbv1irlkc","https://static.www.nfl.com/image/upload/f_auto,q_auto/league/xkxpqhtebubkbv1irlkc",3.0,3.24,,,0.0,0.0,0.0,0.0,0.0,0.0,0.0,0.0,0.0,,,,,,,,,,,,,,,-2.0,177.3,,1.0,-999.0,174,468,6,dohnte meyers,627.5,686.4,,,,,,,1,627.5,627.5,627.5,627.5,0.0,CIN,CIN,False,159.5,,159.5,,,Sleeper,159.5,PLATFORM STEAL
415,185,5,Montorie Foster Jr,WR,SEA,5.0,ACT,False,"https://static.www.nfl.com/image/upload/f_auto,q_auto/league/qkyl0pfhi4pmzdtodu9k","https://static.www.nfl.com/image/upload/f_auto,q_auto/league/qkyl0pfhi4pmzdtodu9k",3.0,3.24,,,0.0,0.0,0.0,0.0,0.0,0.0,0.0,0.0,0.0,,,,,,,,,,,,,,,-2.0,177.3,,1.0,-999.0,175,469,6,montorie foster,647.0,693.5,,,,,,,1,647.0,647.0,647.0,647.0,0.0,SEA,SEA,False,178.0,,178.0,,,Sleeper,178.0,PLATFORM STEAL
430,191,5,Jacoby Jones,WR,WAS,8.0,W04,False,"https://static.www.nfl.com/image/upload/f_auto,q_auto/league/bc74vque05mi8tg5xzxu","https://static.www.nfl.com/image/upload/f_auto,q_auto/league/bc74vque05mi8tg5xzxu",3.0,3.24,,,0.0,0.0,0.0,0.0,0.0,0.0,0.0,0.0,0.0,,,,,,,,,,,,,,,-2.0,177.3,,1.0,-999.0,176,470,6,jacoby jones,604.6,,,,,,,,1,604.6,604.6,604.6,604.6,0.0,WAS,WAS,False,134.60000000000002,,134.60000000000002,,,Sleeper,134.60000000000002,PLATFORM STEAL
431,141,5,Ke'Shawn Williams,WR,CIN,6.0,ACT,False,"https://static.www.nfl.com/image/upload/f_auto,q_auto/league/r7enwgccqv93feuoeurz","https://static.www.nfl.com/image/upload/f_auto,q_auto/league/r7enwgccqv93feuoeurz",3.0,3.24,,,0.0,0.0,0.0,0.0,0.0,0.0,0.0,0.0,0.0,,,,,,,,,,,,,,,-2.0,177.3,,1.0,-999.0,177,471,6,ke shawn williams,636.0,660.3,,,,,,,1,636.0,636.0,636.0,636.0,0.0,CIN,CIN,False,165.0,,165.0,,,Sleeper,165.0,PLATFORM STEAL
432,130,5,Chris Blair,WR,ATL,5.0,ACT,False,"https://static.www.nfl.com/image/upload/f_auto,q_auto/league/gfkhv6k1wr45fnhl0p1d","https://static.www.nfl.com/image/upload/f_auto,q_auto/league/gfkhv6k1wr45fnhl0p1d",3.0,3.24,,,0.0,0.0,0.0,0.0,0.0,0.0,0.0,0.0,0.0,,,,,,,,,,,,,,,-2.0,177.3,,1.0,-999.0,178,472,6,chris blair,634.5,,,,,,,,1,634.5,634.5,634.5,634.5,0.0,ATL,ATL,False,162.5,,162.5,,,Sleeper,162.5,PLATFORM STEAL
434,129,5,Simi Fehoko,WR,ARI,7.0,ACT,False,"https://static.www.nfl.com/image/upload/f_auto,q_auto/league/eep30drknwucjdj6tivh","https://static.www.nfl.com/image/upload/f_auto,q_auto/league/eep30drknwucjdj6tivh",3.0,3.24,,,0.0,0.0,0.0,0.0,0.0,0.0,0.0,0.0,0.0,,,,,,,,,,,,,,,-2.0,177.3,,1.0,-999.0,179,473,6,simi fehoko,,426.7,,,,,,,0,,,,,,ARI,ARI,False,,,,,,,,NO MARKET
436,181,5,Elijah Moore,WR,PHI,5.0,ACT,False,"https://static.www.nfl.com/image/upload/f_auto,q_auto/league/wax90oyx9vs0x9j4nt5n","https://static.www.nfl.com/image/upload/f_auto,q_auto/league/wax90oyx9vs0x9j4nt5n",3.0,3.24,,,0.0,0.0,0.0,0.0,0.0,0.0,0.0,0.0,0.0,,,,,,,,,,,,,,,-2.0,177.3,,1.0,-999.0,180,474,6,elijah moore,700.0,467.4,,,,,,,1,700.0,700.0,700.0,700.0,0.0,PHI,PHI,False,226.0,,226.0,,,Sleeper,226.0,PLATFORM STEAL
441,163,5,Sincere Brown,WR,LAC,8.0,W04,True,"https://static.www.nfl.com/image/upload/f_auto,q_auto/league/tczbze6iof5vyvxp9omu","https://static.www.nfl.com/image/upload/f_auto,q_auto/league/tczbze6iof5vyvxp9omu",3.0,3.24,,,0.0,0.0,0.0,0.0,0.0,0.0,0.0,0.0,0.0,,,,,,,,,,,,,,,-2.0,177.3,,1.0,-999.0,181,475,6,sincere brown,611.6,,,,,,,,1,611.6,611.6,611.6,611.6,0.0,LAC,LAC,False,136.60000000000002,,136.60000000000002,,,Sleeper,136.60000000000002,PLATFORM STEAL
443,174,5,Myles Price,WR,MIN,5.0,ACT,False,"https://static.www.nfl.com/image/upload/f_auto,q_auto/league/yi2pgwujy0lv9l3m3sig","https://static.www.nfl.com/image/upload/f_auto,q_auto/league/yi2pgwujy0lv9l3m3sig",3.0,3.24,,,0.0,0.0,0.0,0.0,0.0,0.0,0.0,0.0,0.0,,,,,,,,,,,,,,,-2.0,177.3,,1.0,-999.0,182,476,6,myles price,,699.5,,,,,,,0,,,,,,MIN,MIN,False,,,,,,,,NO MARKET
446,161,5,Dalevon Campbell,WR,LAC,7.0,W04,False,"https://static.www.nfl.com/image/upload/f_auto,q_auto/league/dgfltlpm8wahq2trfxag","https://static.www.nfl.com/image/upload/f_auto,q_auto/league/dgfltlpm8wahq2trfxag",3.0,3.24,,,0.0,0.0,0.0,0.0,0.0,0.0,0.0,0.0,0.0,,,,,,,,,,,,,,,-2.0,177.3,,1.0,-999.0,183,477,6,dalevon campbell,,,,,,,,,0,,,,,,LAC,LAC,False,,,,,,,,NO MARKET
447,152,5,Laquon Treadwell,WR,IND,5.0,ACT,False,"https://static.www.nfl.com/image/upload/f_auto,q_auto/league/xspi3oy2wlnszorzn6vk","https://static.www.nfl.com/image/upload/f_auto,q_auto/league/xspi3oy2wlnszorzn6vk",3.0,3.24,,,0.0,0.0,0.0,0.0,0.0,0.0,0.0,0.0,0.0,,,,,,,,,,,,,,,-2.0,177.3,,1.0,-999.0,184,478,6,laquon treadwell,645.4,676.3,,,,,,,1,645.4,645.4,645.4,645.4,0.0,IND,IND,False,167.39999999999998,,167.39999999999998,,,Sleeper,167.39999999999998,PLATFORM STEAL
450,150,5,Jared Wayne,WR,HOU,5.0,ACT,False,"https://static.www.nfl.com/image/upload/f_auto,q_auto/league/ykhrjnmqsqyprplhy6pl","https://static.www.nfl.com/image/upload/f_auto,q_auto/league/ykhrjnmqsqyprplhy6pl",3.0,3.24,,,0.0,0.0,0.0,0.0,0.0,0.0,0.0,0.0,0.0,,,,,,,,,,,,,,,-2.0,177.3,,1.0,-999.0,185,479,6,jared wayne,682.0,675.0,,,,,,,1,682.0,682.0,682.0,682.0,0.0,HOU,HOU,False,203.0,,203.0,,,Sleeper,203.0,PLATFORM STEAL
453,153,5,C.J. Williams,WR,JAX,6.0,ACT,True,"https://static.www.nfl.com/image/upload/f_auto,q_auto/league/svmb2citno2f6zqc9qbm","https://static.www.nfl.com/image/upload/f_auto,q_auto/league/svmb2citno2f6zqc9qbm",3.0,3.24,,,0.0,0.0,0.0,0.0,0.0,0.0,0.0,0.0,0.0,,,,,,,,,,,,,,,-2.0,177.3,,1.0,-999.0,186,480,6,c j williams,,285.0,,,,,,,0,,,,,,JAX,JAX,False,,,,,,,,NO MARKET
458,101,5,EJ Smith,RB,KC,4.0,W04,True,"https://static.www.nfl.com/image/upload/f_auto,q_auto/league/cbrhecognbp6bxwgtqyh","https://static.www.nfl.com/image/upload/f_auto,q_auto/league/cbrhecognbp6bxwgtqyh",3.0,3.24,,,0.0,0.0,0.0,0.0,0.0,0.0,0.0,0.0,0.0,,,,,,,,,,,,,,,-2.0,160.1,,1.08,-999.0,103,481,6,ej smith,,639.0,,,,,,,0,,,,,,KC,KC,False,,,,,,,,NO MARKET
461,102,5,Jermar Jefferson,RB,MIN,5.0,W04,False,"https://static.www.nfl.com/image/upload/f_auto,q_auto/league/bkgrgirrdwlm05vqg74b","https://static.www.nfl.com/image/upload/f_auto,q_auto/league/bkgrgirrdwlm05vqg74b",3.0,3.24,,,0.0,0.0,0.0,0.0,0.0,0.0,0.0,0.0,0.0,,,,,,,,,,,,,,,-2.0,160.1,,1.08,-999.0,104,482,6,jermar jefferson,653.9,611.5,,,,,,,1,653.9,653.9,653.9,653.9,0.0,MIN,MIN,False,171.89999999999998,,171.89999999999998,,,Sleeper,171.89999999999998,PLATFORM STEAL
462,103,5,Dominic Richardson,RB,NYJ,6.0,W04,True,"https://static.www.nfl.com/image/upload/f_auto,q_auto/league/o3embvhnbegqqvltpyug","https://static.www.nfl.com/image/upload/f_auto,q_auto/league/o3embvhnbegqqvltpyug",3.0,3.24,,,0.0,0.0,0.0,0.0,0.0,0.0,0.0,0.0,0.0,,,,,,,,,,,,,,,-2.0,160.1,,1.08,-999.0,105,483,6,dominic richardson,417.3,,,,,,,,1,417.3,417.3,417.3,417.3,0.0,NYJ,NYJ,False,-65.69999999999999,,-65.69999999999999,,,Sleeper,-65.69999999999999,REACH / WAIT
467,98,5,Jabari Small,RB,DET,5.0,ACT,False,"https://static.www.nfl.com/image/upload/f_auto,q_auto/league/jevnypgyk9xm7tcfldvi","https://static.www.nfl.com/image/upload/f_auto,q_auto/league/jevnypgyk9xm7tcfldvi",3.0,3.24,,,0.0,0.0,0.0,0.0,0.0,0.0,0.0,0.0,0.0,,,,,,,,,,,,,,,-2.0,160.1,,1.08,-999.0,106,484,6,jabari small,491.0,,,,,,,,1,491.0,491.0,491.0,491.0,0.0,DET,DET,False,7.0,,7.0,,,Sleeper,7.0,FAIR VALUE
469,146,5,Tay Martin,WR,DET,4.0,ACT,False,"https://static.www.nfl.com/image/upload/f_auto,q_auto/league/ttdp5v9tl0zqmb0dmmuv","https://static.www.nfl.com/image/upload/f_auto,q_auto/league/ttdp5v9tl0zqmb0dmmuv",3.0,3.24,,,0.0,0.0,0.0,0.0,0.0,0.0,0.0,0.0,0.0,,,,,,,,,,,,,,,-2.0,177.3,,1.0,-999.0,187,485,6,tay martin,534.0,,,,,,,,1,534.0,534.0,534.0,534.0,0.0,DET,DET,False,49.0,,49.0,,,Sleeper,49.0,PLATFORM STEAL
472,168,5,A.J. Henning,WR,MIA,8.0,ACT,False,"https://static.www.nfl.com/image/upload/f_auto,q_auto/league/ijwatff81qf3jmikcryt","https://static.www.nfl.com/image/upload/f_auto,q_auto/league/ijwatff81qf3jmikcryt",3.0,3.24,,,0.0,0.0,0.0,0.0,0.0,0.0,0.0,0.0,0.0,,,,,,,,,,,,,,,-2.0,177.3,,1.0,-999.0,188,486,6,a j henning,686.6,489.0,,,,,,,1,686.6,686.6,686.6,686.6,0.0,MIA,MIA,False,200.60000000000002,,200.60000000000002,,,Sleeper,200.60000000000002,PLATFORM STEAL
473,104,5,Kene Nwangwu,RB,NYJ,4.0,ACT,False,"https://static.www.nfl.com/image/upload/f_auto,q_auto/league/rlnqgz517fsohrndgjrb","https://static.www.nfl.com/image/upload/f_auto,q_auto/league/rlnqgz517fsohrndgjrb",3.0,3.24,,,0.0,0.0,0.0,0.0,0.0,0.0,0.0,0.0,0.0,,,,,,,,,,,,,,,-2.0,160.1,,1.08,-999.0,107,487,6,kene nwangwu,,696.0,,170.1,405.0,,,,1,170.1,170.1,170.1,170.1,0.0,NYJ,NYJ,False,-316.9,-82.0,,,,ESPN,-82.0,REACH / WAIT
476,171,5,Ryan Miller,WR,MIA,6.0,ACT,False,"https://static.www.nfl.com/image/upload/f_auto,q_auto/league/cyn2sjaozsadlvgarg6p","https://static.www.nfl.com/image/upload/f_auto,q_auto/league/cyn2sjaozsadlvgarg6p",3.0,3.24,,,0.0,0.0,0.0,0.0,0.0,0.0,0.0,0.0,0.0,,,,,,,,,,,,,,,-2.0,177.3,,1.0,-999.0,189,488,6,ryan miller,639.7,399.0,,,,,,,1,639.7,639.7,639.7,639.7,0.0,MIA,MIA,False,151.70000000000005,,151.70000000000005,,,Sleeper,151.70000000000005,PLATFORM STEAL
477,148,5,J. Michael Sturdivant,WR,GB,6.0,ACT,True,"https://static.www.nfl.com/image/upload/f_auto,q_auto/league/jpcewjixipg3iuu2ucyq","https://static.www.nfl.com/image/upload/f_auto,q_auto/league/jpcewjixipg3iuu2ucyq",3.0,3.24,,,0.0,0.0,0.0,0.0,0.0,0.0,0.0,0.0,0.0,,,,,,,,,,,,,,,-2.0,177.3,,1.0,-999.0,190,489,6,j michael sturdivant,683.9,601.3,,,,,,,1,683.9,683.9,683.9,683.9,0.0,GB,GB,False,194.89999999999998,,194.89999999999998,,,Sleeper,194.89999999999998,PLATFORM STEAL
479,172,5,Dillon Bell,WR,MIN,6.0,ACT,True,"https://static.www.nfl.com/image/upload/f_auto,q_auto/league/b9v5ex8bfoum15d8v2gf","https://static.www.nfl.com/image/upload/f_auto,q_auto/league/b9v5ex8bfoum15d8v2gf",3.0,3.24,,,0.0,0.0,0.0,0.0,0.0,0.0,0.0,0.0,0.0,,,,,,,,,,,,,,,-2.0,177.3,,1.0,-999.0,191,490,6,dillon bell,,633.0,,,,,,,0,,,,,,MIN,MIN,False,,,,,,,,NO MARKET
480,173,5,Dontae Fleming,WR,MIN,7.0,W04,False,"https://static.www.nfl.com/image/upload/f_auto,q_auto/league/z31bqmrgzn9t5wsqtqoy","https://static.www.nfl.com/image/upload/f_auto,q_auto/league/z31bqmrgzn9t5wsqtqoy",3.0,3.24,,,0.0,0.0,0.0,0.0,0.0,0.0,0.0,0.0,0.0,,,,,,,,,,,,,,,-2.0,177.3,,1.0,-999.0,192,491,6,dontae fleming,534.8,,,,,,,,1,534.8,534.8,534.8,534.8,0.0,MIN,MIN,False,43.799999999999955,,43.799999999999955,,,Sleeper,43.799999999999955,PLATFORM STEAL
482,114,5,Bryson Nesbit,TE,MIN,5.0,W04,False,"https://static.www.nfl.com/image/upload/f_auto,q_auto/league/xv1e25hi4dhzfzni0gui","https://static.www.nfl.com/image/upload/f_auto,q_auto/league/xv1e25hi4dhzfzni0gui",3.0,2.82,,,0.0,0.0,0.0,0.0,0.0,0.0,0.0,0.0,0.0,,,,,,,,,,,,,,,-2.0,162.5,,1.05,-999.0,106,492,6,bryson nesbit,651.0,,,,,,,,1,651.0,651.0,651.0,651.0,0.0,MIN,MIN,False,159.0,,159.0,,,Sleeper,159.0,PLATFORM STEAL
484,125,5,David Martin-Robinson,TE,TEN,4.0,ACT,False,"https://static.www.nfl.com/image/upload/f_auto,q_auto/league/imh2h5q6jmoqno5xlpwm","https://static.www.nfl.com/image/upload/f_auto,q_auto/league/imh2h5q6jmoqno5xlpwm",3.0,2.82,,,0.0,0.0,0.0,0.0,0.0,0.0,0.0,0.0,0.0,,,,,,,,,,,,,,,-2.0,162.5,,1.05,-999.0,107,493,6,david martin robinson,,,,,,,,,0,,,,,,TEN,TEN,False,,,,,,,,NO MARKET
485,100,5,Keleki Latu,TE,BUF,4.0,ACT,False,"https://static.www.nfl.com/image/upload/f_auto,q_auto/league/vebjjfyrrrbwaqjlyvun","https://static.www.nfl.com/image/upload/f_auto,q_auto/league/vebjjfyrrrbwaqjlyvun",3.0,2.82,,,0.0,0.0,0.0,0.0,0.0,0.0,0.0,0.0,0.0,,,,,,,,,,,,,,,-2.0,162.5,,1.05,-999.0,108,494,6,keleki latu,676.0,,,,,,,,1,676.0,676.0,676.0,676.0,0.0,BUF,BUF,False,182.0,,182.0,,,Sleeper,182.0,PLATFORM STEAL
487,115,5,Gavin Bartholomew,TE,MIN,4.0,ACT,False,"https://static.www.nfl.com/image/upload/f_auto,q_auto/league/vezjblfvo9gduiyonlum","https://static.www.nfl.com/image/upload/f_auto,q_auto/league/vezjblfvo9gduiyonlum",3.0,2.82,,,0.0,0.0,0.0,0.0,0.0,0.0,0.0,0.0,0.0,,,,,,,,,,,,,,,-2.0,162.5,,1.05,-999.0,109,495,6,gavin bartholomew,667.2,,,,,,,,1,667.2,667.2,667.2,667.2,0.0,MIN,MIN,False,172.20000000000005,,172.20000000000005,,,Sleeper,172.20000000000005,PLATFORM STEAL
488,116,5,Tanner Arkin,TE,NE,4.0,ACT,True,"https://static.www.nfl.com/image/upload/f_auto,q_auto/league/vgc4lne9seywphzadlav","https://static.www.nfl.com/image/upload/f_auto,q_auto/league/vgc4lne9seywphzadlav",3.0,2.82,,,0.0,0.0,0.0,0.0,0.0,0.0,0.0,0.0,0.0,,,,,,,,,,,,,,,-2.0,162.5,,1.05,-999.0,110,496,6,tanner arkin,593.5,,,,,,,,1,593.5,593.5,593.5,593.5,0.0,NE,NE,False,97.5,,97.5,,,Sleeper,97.5,PLATFORM STEAL
489,126,5,Colson Yankoff,TE,WAS,4.0,ACT,False,"https://static.www.nfl.com/image/upload/f_auto,q_auto/league/cgsxdjqy6l2zuqaftbd6","https://static.www.nfl.com/image/upload/f_auto,q_auto/league/cgsxdjqy6l2zuqaftbd6",3.0,2.82,,,0.0,0.0,0.0,0.0,0.0,0.0,0.0,0.0,0.0,,,,,,,,,,,,,,,-2.0,162.5,,1.05,-999.0,111,497,6,colson yankoff,,678.1,,,,,,,0,,,,,,WAS,WAS,False,,,,,,,,NO MARKET
490,113,5,Ben Sims,TE,MIA,4.0,ACT,False,"https://static.www.nfl.com/image/upload/f_auto,q_auto/league/rigksrncrdjmbhvfuclp","https://static.www.nfl.com/image/upload/f_auto,q_auto/league/rigksrncrdjmbhvfuclp",3.0,2.82,,,0.0,0.0,0.0,0.0,0.0,0.0,0.0,0.0,0.0,,,,,,,,,,,,,,,-2.0,162.5,,1.05,-999.0,112,498,6,ben sims,468.0,677.2,,,,,,,1,468.0,468.0,468.0,468.0,0.0,MIA,MIA,False,-30.0,,-30.0,,,Sleeper,-30.0,REACH / WAIT
491,127,5,Quentin Moore,TE,WAS,5.0,W04,True,"https://static.www.nfl.com/image/upload/f_auto,q_auto/league/uavxcxg6tgw0pchu2osh","https://static.www.nfl.com/image/upload/f_auto,q_auto/league/uavxcxg6tgw0pchu2osh",3.0,2.82,,,0.0,0.0,0.0,0.0,0.0,0.0,0.0,0.0,0.0,,,,,,,,,,,,,,,-2.0,162.5,,1.05,-999.0,113,499,6,quentin moore,545.0,,,,,,,,1,545.0,545.0,545.0,545.0,0.0,WAS,WAS,False,46.0,,46.0,,,Sleeper,46.0,PLATFORM STEAL
492,102,5,Hayden Large,TE,CHI,4.0,ACT,True,"https://static.www.nfl.com/image/upload/f_auto,q_auto/league/gbhffvvzh3nnzpno5hhw","https://static.www.nfl.com/image/upload/f_auto,q_auto/league/gbhffvvzh3nnzpno5hhw",3.0,2.82,,,0.0,0.0,0.0,0.0,0.0,0.0,0.0,0.0,0.0,,,,,,,,,,,,,,,-2.0,162.5,,1.05,-999.0,114,500,6,hayden large,632.5,,,,,,,,1,632.5,632.5,632.5,632.5,0.0,CHI,CHI,False,132.5,,132.5,,,Sleeper,132.5,PLATFORM STEAL
494,104,5,DJ Rogers,TE,DAL,5.0,W04,True,"https://static.www.nfl.com/image/upload/f_auto,q_auto/league/wzblmzyldhnpb4kvraci","https://static.www.nfl.com/image/upload/f_auto,q_auto/league/wzblmzyldhnpb4kvraci",3.0,2.82,,,0.0,0.0,0.0,0.0,0.0,0.0,0.0,0.0,0.0,,,,,,,,,,,,,,,-2.0,162.5,,1.05,-999.0,115,501,6,dj rogers,,,,,,,,,0,,,,,,DAL,DAL,False,,,,,,,,NO MARKET
495,108,5,Thomas Yassmin,TE,GB,6.0,W04,False,"https://static.www.nfl.com/image/upload/f_auto,q_auto/league/dojmdkrk14lr14g8wr3o","https://static.www.nfl.com/image/upload/f_auto,q_auto/league/dojmdkrk14lr14g8wr3o",3.0,2.82,,,0.0,0.0,0.0,0.0,0.0,0.0,0.0,0.0,0.0,,,,,,,,,,,,,,,-2.0,162.5,,1.05,-999.0,116,502,6,thomas yassmin,628.9,,,,,,,,1,628.9,628.9,628.9,628.9,0.0,GB,GB,False,126.89999999999998,,126.89999999999998,,,Sleeper,126.89999999999998,PLATFORM STEAL
496,122,5,Nick Kallerup,TE,SEA,4.0,ACT,False,"https://static.www.nfl.com/image/upload/f_auto,q_auto/league/eetx8ba2ztsmk9wabbzp","https://static.www.nfl.com/image/upload/f_auto,q_auto/league/eetx8ba2ztsmk9wabbzp",3.0,2.82,,,0.0,0.0,0.0,0.0,0.0,0.0,0.0,0.0,0.0,,,,,,,,,,,,,,,-2.0,162.5,,1.05,-999.0,117,503,6,nick kallerup,414.0,,,,,,,,1,414.0,414.0,414.0,414.0,0.0,SEA,SEA,False,-89.0,,-89.0,,,Sleeper,-89.0,REACH / WAIT
497,120,5,Jelani Woods,TE,NYJ,4.0,ACT,False,"https://static.www.nfl.com/image/upload/f_auto,q_auto/league/bnezem4laynlarqnpyc5","https://static.www.nfl.com/image/upload/f_auto,q_auto/league/bnezem4laynlarqnpyc5",3.0,2.82,,,0.0,0.0,0.0,0.0,0.0,0.0,0.0,0.0,0.0,,,,,,,,,,,,,,,-2.0,162.5,,1.05,-999.0,118,504,6,jelani woods,243.0,307.0,,,,,,,1,243.0,243.0,243.0,243.0,0.0,NYJ,NYJ,False,-261.0,,-261.0,,,Sleeper,-261.0,REACH / WAIT
498,106,5,Mark Redman,TE,GB,4.0,ACT,False,"https://static.www.nfl.com/image/upload/f_auto,q_auto/league/m20wrukxvkgbvs70qpai","https://static.www.nfl.com/image/upload/f_auto,q_auto/league/m20wrukxvkgbvs70qpai",3.0,2.82,,,0.0,0.0,0.0,0.0,0.0,0.0,0.0,0.0,0.0,,,,,,,,,,,,,,,-2.0,162.5,,1.05,-999.0,119,505,6,mark redman,323.1,,,,,,,,1,323.1,323.1,323.1,323.1,0.0,GB,GB,False,-181.89999999999998,,-181.89999999999998,,,Sleeper,-181.89999999999998,REACH / WAIT
499,123,5,Brayden Willis,TE,SF,4.0,ACT,False,"https://static.www.nfl.com/image/upload/f_auto,q_auto/league/sdifjifrgrvunhiigdub","https://static.www.nfl.com/image/upload/f_auto,q_auto/league/sdifjifrgrvunhiigdub",3.0,2.82,,,0.0,0.0,0.0,0.0,0.0,0.0,0.0,0.0,0.0,,,,,,,,,,,,,,,-2.0,162.5,,1.05,-999.0,120,506,6,brayden willis,682.8,695.5,,,,,,,1,682.8,682.8,682.8,682.8,0.0,SF,SF,False,176.79999999999995,,176.79999999999995,,,Sleeper,176.79999999999995,PLATFORM STEAL
500,111,5,Jake Briningstool,TE,KC,4.0,ACT,False,"https://static.www.nfl.com/image/upload/f_auto,q_auto/league/q7n84oth87v1glz5a5sz","https://static.www.nfl.com/image/upload/f_auto,q_auto/league/q7n84oth87v1glz5a5sz",3.0,2.82,,,0.0,0.0,0.0,0.0,0.0,0.0,0.0,0.0,0.0,,,,,,,,,,,,,,,-2.0,162.5,,1.05,-999.0,121,507,6,jake briningstool,536.6,692.8,,,,,,,1,536.6,536.6,536.6,536.6,0.0,KC,KC,False,29.600000000000023,,29.600000000000023,,,Sleeper,29.600000000000023,PLATFORM STEAL
501,119,5,Chase Curtis,TE,NYJ,5.0,W04,True,"https://static.www.nfl.com/image/upload/f_auto,q_auto/league/ewonqlb329xgpuskooap","https://static.www.nfl.com/image/upload/f_auto,q_auto/league/ewonqlb329xgpuskooap",3.0,2.82,,,0.0,0.0,0.0,0.0,0.0,0.0,0.0,0.0,0.0,,,,,,,,,,,,,,,-2.0,162.5,,1.05,-999.0,122,508,6,chase curtis,,,,,,,,,0,,,,,,NYJ,NYJ,False,,,,,,,,NO MARKET
503,121,5,E.J. Jenkins,TE,PHI,4.0,ACT,False,"https://static.www.nfl.com/image/upload/f_auto,q_auto/league/jmhuk0gcnyotcjhdxo6v","https://static.www.nfl.com/image/upload/f_auto,q_auto/league/jmhuk0gcnyotcjhdxo6v",3.0,2.82,,,0.0,0.0,0.0,0.0,0.0,0.0,0.0,0.0,0.0,,,,,,,,,,,,,,,-2.0,162.5,,1.05,-999.0,123,509,6,e j jenkins,359.3,593.5,,,,,,,1,359.3,359.3,359.3,359.3,0.0,PHI,PHI,False,-149.7,,-149.7,,,Sleeper,-149.7,REACH / WAIT
505,118,5,Thomas Fidone II,TE,NYG,4.0,ACT,False,"https://static.www.nfl.com/image/upload/f_auto,q_auto/league/vbaqpkcxcfwh9dhzescy","https://static.www.nfl.com/image/upload/f_auto,q_auto/league/vbaqpkcxcfwh9dhzescy",3.0,2.82,,,0.0,0.0,0.0,0.0,0.0,0.0,0.0,0.0,0.0,,,,,,,,,,,,,,,-2.0,162.5,,1.05,-999.0,124,510,6,thomas fidone,365.0,,,,,,,,1,365.0,365.0,365.0,365.0,0.0,NYG,NYG,False,-145.0,,-145.0,,,Sleeper,-145.0,REACH / WAIT
506,124,5,Bauer Sharp,TE,TB,4.0,ACT,True,"https://static.www.nfl.com/image/upload/f_auto,q_auto/league/xqj8rk6okp7eobbv5hps","https://static.www.nfl.com/image/upload/f_auto,q_auto/league/xqj8rk6okp7eobbv5hps",3.0,2.82,,,0.0,0.0,0.0,0.0,0.0,0.0,0.0,0.0,0.0,,,,,,,,,,,,,,,-2.0,162.5,,1.05,-999.0,125,511,6,bauer sharp,588.2,472.3,,,,,,,1,588.2,588.2,588.2,588.2,0.0,TB,TB,False,77.20000000000005,,77.20000000000005,,,Sleeper,77.20000000000005,PLATFORM STEAL
508,105,5,Dallen Bentley,TE,DEN,4.0,ACT,True,"https://static.www.nfl.com/image/upload/f_auto,q_auto/league/vaiszquqlgric9cfbwjf","https://static.www.nfl.com/image/upload/f_auto,q_auto/league/vaiszquqlgric9cfbwjf",3.0,2.82,,,0.0,0.0,0.0,0.0,0.0,0.0,0.0,0.0,0.0,,,,,,,,,,,,,,,-2.0,162.5,,1.05,-999.0,126,512,6,dallen bentley,298.6,436.8,,,,,,,1,298.6,298.6,298.6,298.6,0.0,DEN,DEN,False,-213.39999999999998,,-213.39999999999998,,,Sleeper,-213.39999999999998,REACH / WAIT
509,117,5,Treyton Welch,TE,NO,4.0,ACT,False,"https://static.www.nfl.com/image/upload/f_auto,q_auto/league/rutsetwerjfsym9ohqrs","https://static.www.nfl.com/image/upload/f_auto,q_auto/league/rutsetwerjfsym9ohqrs",3.0,2.82,,,0.0,0.0,0.0,0.0,0.0,0.0,0.0,0.0,0.0,,,,,,,,,,,,,,,-2.0,162.5,,1.05,-999.0,127,513,6,treyton welch,516.5,,,,,,,,1,516.5,516.5,516.5,516.5,0.0,NO,NO,False,3.5,,3.5,,,Sleeper,3.5,FAIR VALUE
510,107,5,McCallan Castles,TE,GB,7.0,W04,False,"https://static.www.nfl.com/image/upload/f_auto,q_auto/league/r3amk2t7xokcd4rsohns","https://static.www.nfl.com/image/upload/f_auto,q_auto/league/r3amk2t7xokcd4rsohns",3.0,2.82,,,0.0,0.0,0.0,0.0,0.0,0.0,0.0,0.0,0.0,,,,,,,,,,,,,,,-2.0,162.5,,1.05,-999.0,128,514,6,mccallan castles,,250.0,,,,,,,0,,,,,,GB,GB,False,,,,,,,,NO MARKET
511,88,5,Cole Payton,QB,PHI,4.0,ACT,True,"https://static.www.nfl.com/image/upload/f_auto,q_auto/league/qt8hajjwkvpynr8nwepz","https://static.www.nfl.com/image/upload/f_auto,q_auto/league/qt8hajjwkvpynr8nwepz",3.0,2.64,,,0.0,0.0,0.0,0.0,0.0,0.0,0.0,0.0,0.0,,,,,,,,,,,,,,,-2.0,295.72,,0.9,-999.0,88,515,6,cole payton,,643.2,,,,,,,0,,,,,,PHI,PHI,False,,,,,,,,NO MARKET
513,87,5,Jack Strand,QB,ATL,4.0,ACT,True,"https://static.www.nfl.com/image/upload/f_auto,q_auto/league/oadw9h9otuauaiv1vxvz","https://static.www.nfl.com/image/upload/f_auto,q_auto/league/oadw9h9otuauaiv1vxvz",3.0,2.64,,,0.0,0.0,0.0,0.0,0.0,0.0,0.0,0.0,0.0,,,,,,,,,,,,,,,-2.0,295.72,,0.9,-999.0,89,516,6,jack strand,,687.7,,,,,,,0,,,,,,ATL,ATL,False,,,,,,,,NO MARKET
514,106,5,Michael Burton,RB,CLE,,ACT,False,"https://static.www.nfl.com/image/upload/f_auto,q_auto/league/ibyeabk3yu68mgipxklr","https://static.www.nfl.com/image/upload/f_auto,q_auto/league/ibyeabk3yu68mgipxklr",0.0,0.0,,,0.0,0.0,0.0,0.0,0.0,0.0,0.0,0.0,0.0,,,,,,,,,,,,,,,0.0,160.1,,1.08,-999.0,108,517,6,michael burton,,,,,,,,,0,,,,,,CLE,CLE,False,,,,,,,,NO MARKET
516,117,5,Brock Lampe,RB,SEA,,W04,False,"https://static.www.nfl.com/image/upload/f_auto,q_auto/league/qjprz2xsfvwi0zqrpyh1","https://static.www.nfl.com/image/upload/f_auto,q_auto/league/qjprz2xsfvwi0zqrpyh1",0.0,0.0,,,0.0,0.0,0.0,0.0,0.0,0.0,0.0,0.0,0.0,,,,,,,,,,,,,,,0.0,160.1,,1.08,-999.0,109,518,6,brock lampe,,,,,,,,,0,,,,,,SEA,SEA,False,,,,,,,,NO MARKET
517,116,5,Brady Russell,RB,SEA,,ACT,False,"https://static.www.nfl.com/image/upload/f_auto,q_auto/league/vfz3osmr3fgeoyu5us80","https://static.www.nfl.com/image/upload/f_auto,q_auto/league/vfz3osmr3fgeoyu5us80",0.0,0.0,,,0.0,0.0,0.0,0.0,0.0,0.0,0.0,0.0,0.0,,,,,,,,,,,,,,,0.0,160.1,,1.08,-999.0,110,519,6,brady russell,636.0,540.9,,,,,,,1,636.0,636.0,636.0,636.0,0.0,SEA,SEA,False,117.0,,117.0,,,Sleeper,117.0,PLATFORM STEAL
518,107,5,Hunter Luepke,RB,DAL,,ACT,False,"https://static.www.nfl.com/image/upload/f_auto,q_auto/league/m28qafff4o5vb3aaumiv","https://static.www.nfl.com/image/upload/f_auto,q_auto/league/m28qafff4o5vb3aaumiv",0.0,0.0,,,0.0,0.0,0.0,0.0,0.0,0.0,0.0,0.0,0.0,,,,,,,,,,,,,,,0.0,160.1,,1.08,-999.0,111,520,6,hunter luepke,,,,,,,,,0,,,,,,DAL,DAL,False,,,,,,,,NO MARKET
519,129,5,Connor Hulstein,TE,NYJ,,W04,True,,,0.0,0.0,,,0.0,0.0,0.0,0.0,0.0,0.0,0.0,0.0,0.0,,,,,,,,,,,,,,,0.0,162.5,,1.05,-999.0,129,521,6,connor hulstein,,661.7,,,,,,,0,,,,,,NYJ,NYJ,False,,,,,,,,NO MARKET
520,109,5,Connor Heyward,RB,LV,,ACT,False,"https://static.www.nfl.com/image/upload/f_auto,q_auto/league/nbbhxtutzvbj0ejljyyp","https://static.www.nfl.com/image/upload/f_auto,q_auto/league/nbbhxtutzvbj0ejljyyp",0.0,0.0,,,0.0,0.0,0.0,0.0,0.0,0.0,0.0,0.0,0.0,,,,,,,,,,,,,,,0.0,160.1,,1.08,-999.0,112,522,6,connor heyward,682.0,612.2,,,,,,,1,682.0,682.0,682.0,682.0,0.0,LV,LV,False,160.0,,160.0,,,Sleeper,160.0,PLATFORM STEAL
522,115,5,Andrew Beck,RB,NYJ,,ACT,False,"https://static.www.nfl.com/image/upload/f_auto,q_auto/league/zv8xb3nfxamq7sqa1xqt","https://static.www.nfl.com/image/upload/f_auto,q_auto/league/zv8xb3nfxamq7sqa1xqt",0.0,0.0,,,0.0,0.0,0.0,0.0,0.0,0.0,0.0,0.0,0.0,,,,,,,,,,,,,,,0.0,160.1,,1.08,-999.0,113,523,6,andrew beck,614.0,664.3,,,,,,,1,614.0,614.0,614.0,614.0,0.0,NYJ,NYJ,False,91.0,,91.0,,,Sleeper,91.0,PLATFORM STEAL
523,114,5,Patrick Ricard,RB,NYG,,ACT,False,"https://static.www.nfl.com/image/upload/f_auto,q_auto/league/nm7ezh46zd5bdxaxz6a9","https://static.www.nfl.com/image/upload/f_auto,q_auto/league/nm7ezh46zd5bdxaxz6a9",0.0,0.0,,,0.0,0.0,0.0,0.0,0.0,0.0,0.0,0.0,0.0,,,,,,,,,,,,,,,0.0,160.1,,1.08,-999.0,114,524,6,patrick ricard,,,,,,,,,0,,,,,,NYG,NYG,False,,,,,,,,NO MARKET
524,118,5,Kyle Juszczyk,RB,SF,,ACT,False,"https://static.www.nfl.com/image/upload/f_auto,q_auto/league/tsejiiddtouukwyyqr9q","https://static.www.nfl.com/image/upload/f_auto,q_auto/league/tsejiiddtouukwyyqr9q",0.0,0.0,,,0.0,0.0,0.0,0.0,0.0,0.0,0.0,0.0,0.0,,,,,,,,,,,,,,,0.0,160.1,,1.08,-999.0,115,525,6,kyle juszczyk,,,,,,,,,0,,,,,,SF,SF,False,,,,,,,,NO MARKET
525,108,5,Alec Ingold,RB,LAC,,ACT,False,"https://static.www.nfl.com/image/upload/f_auto,q_auto/league/saqgxmq3xrr68byket0r","https://static.www.nfl.com/image/upload/f_auto,q_auto/league/saqgxmq3xrr68byket0r",0.0,0.0,,,0.0,0.0,0.0,0.0,0.0,0.0,0.0,0.0,0.0,,,,,,,,,,,,,,,0.0,160.1,,1.08,-999.0,116,526,6,alec ingold,,,,,,,,,0,,,,,,LAC,LAC,False,,,,,,,,NO MARKET
526,113,5,Reggie Gilliam,RB,NE,,ACT,False,"https://static.www.nfl.com/image/upload/f_auto,q_auto/league/jjntivnnkczvlclkiwwm","https://static.www.nfl.com/image/upload/f_auto,q_auto/league/jjntivnnkczvlclkiwwm",0.0,0.0,,,0.0,0.0,0.0,0.0,0.0,0.0,0.0,0.0,0.0,,,,,,,,,,,,,,,0.0,160.1,,1.08,-999.0,117,527,6,reggie gilliam,,625.0,,,,,,,0,,,,,,NE,NE,False,,,,,,,,NO MARKET
528,111,5,DJ Herman,RB,MIA,,ACT,True,"https://static.www.nfl.com/image/upload/f_auto,q_auto/league/snacspvu9hic30y1vd8m","https://static.www.nfl.com/image/upload/f_auto,q_auto/league/snacspvu9hic30y1vd8m",0.0,0.0,,,0.0,0.0,0.0,0.0,0.0,0.0,0.0,0.0,0.0,,,,,,,,,,,,,,,0.0,160.1,,1.08,-999.0,118,528,6,dj herman,,,,,,,,,0,,,,,,MIA,MIA,False,,,,,,,,NO MARKET
529,90,5,Max Brosmer,QB,MIN,4.0,ACT,False,"https://static.www.nfl.com/image/upload/f_auto,q_auto/league/fpveluufmy7buwrhpiny","https://static.www.nfl.com/image/upload/f_auto,q_auto/league/fpveluufmy7buwrhpiny",-0.8166666666666664,-0.7186666666666665,,,177.0,0.0,0.0,0.0,0.0,0.0,0.0,0.0,0.0,,,,,,,,,,,,,,,-2.0,295.72,,0.9,-999.0,90,529,6,max brosmer,,559.9,,,,,,,0,,,,,,MIN,MIN,False,,,,,,,,NO MARKET
