overall_rank,position_rank,tier,full_name,position,team,depth_rank,status,rookie_2026,headshot_url,headshot,hulk_score,overall_score,adp,value_vs_adp,pass_yards,pass_td,rush_yards,rush_td,targets,receptions,rec_yards,rec_td,air_yard_share,_name_key,_position,_team,hulk_rank,sleeper_match,sleeper_source_player,sleeper_ppr_adp,sleeper_half_adp,sleeper_std_adp,espn_match,espn_source_player,espn_adp,espn_ppr_room_rank,yahoo_match,yahoo_source_player,yahoo_adp,cbs_match,cbs_source_player,cbs_adp,cbs_rank,adp_source_count,consensus_adp,consensus_adp_median,market_adp_low,market_adp_high,platform_spread,hulk_value_vs_consensus,hulk_value_vs_espn_room,best_value_platform,best_platform_value
1,1,1,Jaxon Smith-Njigba,WR,SEA,1.0,ACT,False,"https://static.www.nfl.com/image/upload/f_auto,q_auto/league/yx1xjrupbqdknnjaq4a6","https://static.www.nfl.com/image/upload/f_auto,q_auto/league/yx1xjrupbqdknnjaq4a6",230.71782895662372,249.17525527315365,,,0.0,0.0,0.0,0.0,322.0,236.0,3563.0,20.0,52.01222170619559,jaxon smith njigba,WR,SEA,1,exact_name_pos,Jaxon Smith-Njigba,6.5,8.4,9.2,exact_name_pos,Jaxon Smith-Njigba,6.25,6.0,exact_name_pos,Jaxon Smith-Njigba,7.2,name_inside_cbs,J. Smith-Njigba  WR  SEA  Jaxon Smith-Njigba  WR  SEA,6.46,6.0,4,6.6025,6.48,6.25,7.2,0.9500000000000002,5.6025,5.0,Yahoo,6.2
2,2,1,Amon-Ra St. Brown,WR,DET,1.0,ACT,False,"https://static.www.nfl.com/image/upload/f_auto,q_auto/league/fd8nwhm6pvxfyzphzl6i","https://static.www.nfl.com/image/upload/f_auto,q_auto/league/fd8nwhm6pvxfyzphzl6i",228.19998194334485,246.4559804988125,,,0.0,0.0,0.0,0.0,343.0,234.0,2802.0,22.0,41.71144817826275,amon ra st brown,WR,DET,2,exact_name_pos,Amon-Ra St. Brown,8.7,7.0,16.8,exact_name_pos,Amon-Ra St. Brown,8.36,8.0,exact_name_pos,Amon-Ra St. Brown,7.9,name_inside_cbs,A. St. Brown  WR  DET  Amon-Ra St. Brown  WR  DET,8.4,8.0,4,8.34,8.379999999999999,7.9,8.7,0.7999999999999989,6.34,6.0,Sleeper,6.699999999999999
3,3,1,Puka Nacua,WR,LA,1.0,ACT,False,"https://static.www.nfl.com/image/upload/f_auto,q_auto/league/ipy6qw7hdygdfc8k86ba","https://static.www.nfl.com/image/upload/f_auto,q_auto/league/ipy6qw7hdygdfc8k86ba",225.8811126978876,243.95160171371865,,,0.0,0.0,0.0,0.0,329.0,256.0,3402.0,20.0,31.463255797130337,puka nacua,WR,LA,3,exact_name_pos,Puka Nacua,4.3,6.9,8.9,exact_name_pos,Puka Nacua,5.28,4.0,exact_name_pos,Puka Nacua,4.9,name_inside_cbs,P. Nacua  WR  LAR  Groin: Questionable for Week 1 vs. San Francisco  Puka Nacua  WR  LAR  Groin: Questionable for Week 1 vs. San Francisco,5.23,4.0,4,4.9275,5.065,4.3,5.28,0.9800000000000004,1.9275000000000002,1.0,ESPN,2.2800000000000002
4,4,1,Ja'Marr Chase,WR,CIN,1.0,ACT,False,"https://static.www.nfl.com/image/upload/f_auto,q_auto/league/qya3dtjb5kgofcuj2tuw","https://static.www.nfl.com/image/upload/f_auto,q_auto/league/qya3dtjb5kgofcuj2tuw",216.3192873450502,233.62483033265423,,,0.0,0.0,0.0,0.0,370.0,250.0,2824.0,16.0,36.86566749448192,ja marr chase,WR,CIN,4,exact_name_pos,Ja'Marr Chase,3.7,3.5,6.6,exact_name_pos,Ja'Marr Chase,4.28,3.0,exact_name_pos,Ja'Marr Chase,3.5,name_inside_cbs,J. Chase  WR  CIN  Knee: Questionable for Week 1 vs. Tampa Bay  Ja'Marr Chase  WR  CIN  Knee: Questionable for Week 1 vs. Tampa Bay,4.08,3.0,4,3.89,3.89,3.5,4.28,0.7800000000000002,-0.10999999999999988,-1.0,ESPN,0.28000000000000025
5,1,1,Matthew Stafford,QB,LA,1.0,ACT,False,"https://static.www.nfl.com/image/upload/f_auto,q_auto/league/jwpkjfrkzufdyh8u1mg7","https://static.www.nfl.com/image/upload/f_auto,q_auto/league/jwpkjfrkzufdyh8u1mg7",260.5,229.24,,,9414.0,92.0,0.0,0.0,0.0,0.0,0.0,0.0,0.0,matthew stafford,QB,LA,5,exact_name_pos,Matthew Stafford,95.4,106.9,117.6,exact_name_pos,Matthew Stafford,92.7,140.0,exact_name_pos,Matthew Stafford,99.7,name_inside_cbs,M. Stafford  QB  LAR  Matthew Stafford  QB  LAR,95.24,91.0,4,95.76,95.32,92.7,99.7,7.0,90.76,135.0,Yahoo,94.7
6,5,1,Chris Olave,WR,NO,1.0,ACT,False,"https://static.www.nfl.com/image/upload/f_auto,q_auto/league/onmxufsprtvglhejg94o","https://static.www.nfl.com/image/upload/f_auto,q_auto/league/onmxufsprtvglhejg94o",199.4644221288228,215.42157589912864,,,0.0,0.0,0.0,0.0,308.0,197.0,2269.0,18.0,42.783649105652415,chris olave,WR,NO,6,exact_name_pos,Chris Olave,30.1,30.9,31.2,exact_name_pos,Chris Olave,29.45,24.0,exact_name_pos,Chris Olave,31.5,name_inside_cbs,C. Olave  WR  NO  Chris Olave  WR  NO,28.08,28.0,4,29.7825,29.775,28.08,31.5,3.4200000000000017,23.7825,18.0,Yahoo,25.5
7,1,1,Trey McBride,TE,ARI,1.0,ACT,False,"https://static.www.nfl.com/image/upload/f_auto,q_auto/league/psasp10nn5pcvkli9kil","https://static.www.nfl.com/image/upload/f_auto,q_auto/league/psasp10nn5pcvkli9kil",226.39927084891903,212.8153145979839,,,0.0,0.0,0.0,0.0,338.0,252.0,2478.0,22.0,25.99635424459538,trey mcbride,TE,ARI,7,exact_name_pos,Trey McBride,24.8,26.5,21.7,exact_name_pos,Trey McBride,22.78,21.0,exact_name_pos,Trey McBride,26.9,name_inside_cbs,T. McBride  TE  ARI  Trey McBride  TE  ARI,27.62,27.0,4,25.525,25.85,22.78,27.62,4.84,18.525,14.0,CBS,20.62
8,6,1,Davante Adams,WR,LA,2.0,ACT,False,"https://static.www.nfl.com/image/upload/f_auto,q_auto/league/tdzluk4xau3arxqk9zsl","https://static.www.nfl.com/image/upload/f_auto,q_auto/league/tdzluk4xau3arxqk9zsl",188.6346880657054,203.72546311096184,,,0.0,0.0,0.0,0.0,228.0,120.0,1578.0,28.0,36.78882494391156,davante adams,WR,LA,8,exact_name_pos,Davante Adams,50.3,55.8,45.6,exact_name_pos,Davante Adams,46.17,45.0,exact_name_pos,Davante Adams,56.4,name_inside_cbs,D. Adams  WR  LAR  Rams' Davante Adams: Logs no preseason action  Davante Adams  WR  LAR  Rams' Davante Adams: Logs no preseason action,56.33,54.0,4,52.3,53.315,46.17,56.4,10.229999999999997,44.3,37.0,Yahoo,48.4
9,7,1,George Pickens,WR,DAL,2.0,ACT,False,"https://static.www.nfl.com/image/upload/f_auto,q_auto/league/cbpyykoguf7rsxezqzvk","https://static.www.nfl.com/image/upload/f_auto,q_auto/league/cbpyykoguf7rsxezqzvk",182.34245831423036,196.9298549793688,,,0.0,0.0,0.0,0.0,263.0,180.0,2762.0,17.0,35.500753109613115,george pickens,WR,DAL,9,exact_name_pos,George Pickens,22.0,25.6,28.6,exact_name_pos,George Pickens,28.36,27.0,exact_name_pos,George Pickens,22.5,name_inside_cbs,G. Pickens  WR  DAL  George Pickens  WR  DAL,22.11,22.0,4,23.7425,22.305,22.0,28.36,6.359999999999999,14.7425,18.0,ESPN,19.36
10,1,1,Jonathan Taylor,RB,IND,1.0,ACT,False,"https://static.www.nfl.com/image/upload/f_auto,q_auto/league/yw46ky6akdm7h7siofu8","https://static.www.nfl.com/image/upload/f_auto,q_auto/league/yw46ky6akdm7h7siofu8",178.28571428571428,192.54857142857145,,,0.0,0.0,3170.0,36.0,0.0,0.0,0.0,0.0,0.0,jonathan taylor,RB,IND,10,exact_name_pos,Jonathan Taylor,7.2,5.4,3.8,exact_name_pos,Jonathan Taylor,6.23,5.0,exact_name_pos,Jonathan Taylor,6.3,name_inside_cbs,J. Taylor  RB  IND  Jonathan Taylor  RB  IND,5.32,5.0,4,6.2625,6.265000000000001,5.32,7.2,1.88,-3.7375,-5.0,Sleeper,-2.8
11,2,1,Jared Goff,QB,DET,1.0,ACT,False,"https://static.www.nfl.com/image/upload/f_auto,q_auto/league/kaicbot8qhzrvddilbtp","https://static.www.nfl.com/image/upload/f_auto,q_auto/league/kaicbot8qhzrvddilbtp",206.11111111111117,181.3777777777778,,,9128.0,68.0,0.0,0.0,0.0,0.0,0.0,0.0,0.0,jared goff,QB,DET,11,exact_name_pos,Jared Goff,132.4,143.5,132.9,exact_name_pos,Jared Goff,136.45,164.0,exact_name_pos,Jared Goff,113.8,name_inside_cbs,J. Goff  QB  DET  Jared Goff  QB  DET,109.22,108.0,4,122.9675,123.1,109.22,136.45,27.22999999999999,111.9675,153.0,ESPN,125.44999999999999
12,2,1,Derrick Henry,RB,BAL,1.0,ACT,False,"https://static.www.nfl.com/image/upload/f_auto,q_auto/league/tm79x0iknqg6hms3ypyt","https://static.www.nfl.com/image/upload/f_auto,q_auto/league/tm79x0iknqg6hms3ypyt",165.97142857142856,179.24914285714286,,,0.0,0.0,3148.0,32.0,0.0,0.0,0.0,0.0,0.0,derrick henry,RB,BAL,12,exact_name_pos,Derrick Henry,19.0,15.2,7.4,exact_name_pos,Derrick Henry,16.64,16.0,exact_name_pos,Derrick Henry,17.2,name_inside_cbs,D. Henry  RB  BAL  Derrick Henry  RB  BAL,13.82,12.0,4,16.665,16.92,13.82,19.0,5.18,4.664999999999999,4.0,Sleeper,7.0
13,8,1,Courtland Sutton,WR,DEN,1.0,ACT,False,"https://static.www.nfl.com/image/upload/f_auto,q_auto/league/kqwmqcrlrwmqcvfuguhs","https://static.www.nfl.com/image/upload/f_auto,q_auto/league/kqwmqcrlrwmqcvfuguhs",164.02429742815218,177.14624122240437,,,0.0,0.0,0.0,0.0,235.0,142.0,1982.0,14.0,38.90994867922246,courtland sutton,WR,DEN,13,exact_name_pos,Courtland Sutton,80.7,80.2,71.9,exact_name_pos,Courtland Sutton,81.19,80.0,exact_name_pos,Courtland Sutton,105.6,name_inside_cbs,C. Sutton  WR  DEN  Courtland Sutton  WR  DEN,81.59,78.0,4,87.27000000000001,81.39,80.7,105.6,24.89999999999999,74.27000000000001,67.0,Yahoo,92.6
14,9,1,Tetairoa McMillan,WR,CAR,1.0,ACT,False,"https://static.www.nfl.com/image/upload/f_auto,q_auto/league/gilgvjemumd6kpc9eiku","https://static.www.nfl.com/image/upload/f_auto,q_auto/league/gilgvjemumd6kpc9eiku",162.00965946501668,174.97043222221802,,,0.0,0.0,0.0,0.0,234.0,136.0,1953.0,13.0,47.31752809431416,tetairoa mcmillan,WR,CAR,14,exact_name_pos,Tetairoa McMillan,37.6,35.8,37.5,exact_name_pos,Tetairoa McMillan,42.09,36.0,exact_name_pos,Tetairoa McMillan,41.9,name_inside_cbs,T. McMillan  WR  CAR  Tetairoa McMillan  WR  CAR,43.14,42.0,4,41.182500000000005,41.995000000000005,37.6,43.14,5.539999999999999,27.182500000000005,22.0,CBS,29.14
15,10,1,A.J. Brown,WR,NE,1.0,ACT,False,"https://static.www.nfl.com/image/upload/f_auto,q_auto/league/qfhvjyssf0lwsh0kienp","https://static.www.nfl.com/image/upload/f_auto,q_auto/league/qfhvjyssf0lwsh0kienp",161.24905826447628,174.1489829256344,,,0.0,0.0,0.0,0.0,236.0,151.0,1944.0,13.0,41.70682978391986,a j brown,WR,NE,15,exact_name_pos,A.J. Brown,17.5,19.5,33.2,exact_name_pos,A.J. Brown,21.19,20.0,exact_name_pos,A.J. Brown,24.1,name_inside_cbs,A. Brown  WR  NE  A.J. Brown  WR  NE,21.17,19.0,4,20.990000000000002,21.18,17.5,24.1,6.600000000000001,5.990000000000002,5.0,Yahoo,9.100000000000001
16,11,2,Zay Flowers,WR,BAL,1.0,ACT,False,"https://static.www.nfl.com/image/upload/f_auto,q_auto/league/xzhto2dejy2pflkfx40c","https://static.www.nfl.com/image/upload/f_auto,q_auto/league/xzhto2dejy2pflkfx40c",157.8941234405592,170.52565331580396,,,0.0,0.0,0.0,0.0,233.0,170.0,2409.0,10.0,37.91292489510377,zay flowers,WR,BAL,16,exact_name_pos,Zay Flowers,41.5,42.8,50.8,exact_name_pos,Zay Flowers,44.18,38.0,exact_name_pos,Zay Flowers,35.7,name_inside_cbs,Z. Flowers  WR  BAL  Lower Body: Questionable for Week 1 at Indianapolis  Zay Flowers  WR  BAL  Lower Body: Questionable for Week 1 at Indianapolis,37.23,34.0,4,39.6525,39.364999999999995,35.7,44.18,8.479999999999997,23.652500000000003,22.0,ESPN,28.18
17,12,2,Emeka Egbuka,WR,TB,1.0,ACT,False,"https://static.www.nfl.com/image/upload/f_auto,q_auto/league/z224kbzs62rjuykc0vha","https://static.www.nfl.com/image/upload/f_auto,q_auto/league/z224kbzs62rjuykc0vha",157.77772387010248,170.39994177971067,,,0.0,0.0,0.0,0.0,245.0,122.0,1804.0,12.0,38.8693885812816,emeka egbuka,WR,TB,17,exact_name_pos,Emeka Egbuka,39.3,41.3,54.1,exact_name_pos,Emeka Egbuka,44.96,39.0,exact_name_pos,Emeka Egbuka,45.4,name_inside_cbs,E. Egbuka  WR  TB  Toe: Questionable for Week 1 at Cincinnati  Emeka Egbuka  WR  TB  Toe: Questionable for Week 1 at Cincinnati,44.61,44.0,4,43.567499999999995,44.785,39.3,45.4,6.100000000000001,26.567499999999995,22.0,Yahoo,28.4
18,13,2,Drake London,WR,ATL,1.0,ACT,False,"https://static.www.nfl.com/image/upload/f_auto,q_auto/league/mcllowcfrmmdeo4zy3g1","https://static.www.nfl.com/image/upload/f_auto,q_auto/league/mcllowcfrmmdeo4zy3g1",157.41594550556164,170.00922114600658,,,0.0,0.0,0.0,0.0,218.0,132.0,1785.0,14.0,42.27203522011589,drake london,WR,ATL,18,exact_name_pos,Drake London,17.9,21.1,19.1,exact_name_pos,Drake London,20.17,18.0,exact_name_pos,Drake London,20.0,name_inside_cbs,D. London  WR  ATL  Drake London  WR  ATL,21.33,20.0,4,19.85,20.085,17.9,21.33,3.4299999999999997,1.8500000000000014,0.0,CBS,3.3299999999999983
19,3,1,Drake Maye,QB,NE,1.0,ACT,False,"https://static.www.nfl.com/image/upload/f_auto,q_auto/league/s1nmoon2xnrc3bnyulv4","https://static.www.nfl.com/image/upload/f_auto,q_auto/league/s1nmoon2xnrc3bnyulv4",191.02222222222224,168.09955555555558,,,8788.0,62.0,0.0,0.0,0.0,0.0,0.0,0.0,0.0,drake maye,QB,NE,19,exact_name_pos,Drake Maye,48.6,51.0,49.6,exact_name_pos,Drake Maye,47.3,58.0,exact_name_pos,Drake Maye,47.6,name_inside_cbs,D. Maye  QB  NE  Drake Maye  QB  NE,53.5,51.0,4,49.25,48.1,47.3,53.5,6.200000000000003,30.25,39.0,CBS,34.5
20,14,2,Tee Higgins,WR,CIN,2.0,ACT,False,"https://static.www.nfl.com/image/upload/f_auto,q_auto/league/gpwtyv3viwy9q4ewderl","https://static.www.nfl.com/image/upload/f_auto,q_auto/league/gpwtyv3viwy9q4ewderl",153.34273596891586,165.61015484642914,,,0.0,0.0,0.0,0.0,185.0,110.0,1547.0,20.0,36.46367984457927,tee higgins,WR,CIN,20,exact_name_pos,Tee Higgins,35.5,39.5,35.8,exact_name_pos,Tee Higgins,51.14,42.0,exact_name_pos,Tee Higgins,33.5,name_inside_cbs,T. Higgins  WR  CIN  Heel: Questionable for Week 1 vs. Tampa Bay  Tee Higgins  WR  CIN  Heel: Questionable for Week 1 vs. Tampa Bay,38.68,37.0,4,39.705,37.09,33.5,51.14,17.64,19.705,22.0,ESPN,31.14
21,15,2,Nico Collins,WR,HOU,1.0,ACT,False,"https://static.www.nfl.com/image/upload/f_auto,q_auto/league/fguybjrn1kwflxm5szwq","https://static.www.nfl.com/image/upload/f_auto,q_auto/league/fguybjrn1kwflxm5szwq",151.5146649148217,163.63583810800745,,,0.0,0.0,0.0,0.0,229.0,133.0,2037.0,10.0,39.631016881800925,nico collins,WR,HOU,21,exact_name_pos,Nico Collins,25.6,22.5,26.7,exact_name_pos,Nico Collins,25.75,23.0,exact_name_pos,Nico Collins,21.7,name_inside_cbs,N. Collins  WR  HOU  Nico Collins  WR  HOU,25.62,25.0,4,24.6675,25.61,21.7,25.75,4.050000000000001,3.6675000000000004,2.0,ESPN,4.75
22,4,1,Dak Prescott,QB,DAL,1.0,ACT,False,"https://static.www.nfl.com/image/upload/f_auto,q_auto/league/yvscmqq1qki8zfsemmcd","https://static.www.nfl.com/image/upload/f_auto,q_auto/league/yvscmqq1qki8zfsemmcd",183.1888888888889,161.20622222222224,,,9034.0,60.0,0.0,0.0,0.0,0.0,0.0,0.0,0.0,dak prescott,QB,DAL,22,exact_name_pos,Dak Prescott,77.8,86.1,97.7,exact_name_pos,Dak Prescott,72.47,85.0,exact_name_pos,Dak Prescott,73.3,name_inside_cbs,D. Prescott  QB  DAL  Cowboys' Dak Prescott: Rests during preseason  Dak Prescott  QB  DAL  Cowboys' Dak Prescott: Rests during preseason,61.97,60.0,4,71.38499999999999,72.88499999999999,61.97,77.8,15.829999999999998,49.38499999999999,63.0,Sleeper,55.8
23,16,2,Justin Jefferson,WR,MIN,1.0,ACT,False,"https://static.www.nfl.com/image/upload/f_auto,q_auto/league/htjevkugzk6ietrjysny","https://static.www.nfl.com/image/upload/f_auto,q_auto/league/htjevkugzk6ietrjysny",146.76811055582166,158.5095594002874,,,0.0,0.0,0.0,0.0,278.0,166.0,2085.0,4.0,40.95593739449289,justin jefferson,WR,MIN,23,exact_name_pos,Justin Jefferson,11.6,12.2,18.5,exact_name_pos,Justin Jefferson,12.66,11.0,exact_name_pos,Justin Jefferson,13.2,name_inside_cbs,J. Jefferson  WR  MIN  Justin Jefferson  WR  MIN,16.02,15.0,4,13.369999999999997,12.93,11.6,16.02,4.42,-9.630000000000003,-12.0,CBS,-6.98
24,17,2,Michael Wilson,WR,ARI,2.0,ACT,False,"https://static.www.nfl.com/image/upload/f_auto,q_auto/league/hm2b9z4zujjmbiyldh8n","https://static.www.nfl.com/image/upload/f_auto,q_auto/league/hm2b9z4zujjmbiyldh8n",145.12890323203987,156.73921549060307,,,0.0,0.0,0.0,0.0,229.0,143.0,1822.0,12.0,39.24067000635325,michael wilson,WR,ARI,24,exact_name_pos,Michael Wilson,85.3,89.4,75.2,exact_name_pos,Michael Wilson,102.6,100.0,exact_name_pos,Michael Wilson,100.8,name_inside_cbs,M. Wilson  WR  ARI  Michael Wilson  WR  ARI,101.53,99.0,4,97.5575,101.16499999999999,85.3,102.6,17.299999999999997,73.5575,76.0,ESPN,78.6
25,18,2,Wan'Dale Robinson,WR,TEN,2.0,ACT,False,"https://static.www.nfl.com/image/upload/f_auto,q_auto/league/yzcvyhmilvxedfjfjglc","https://static.www.nfl.com/image/upload/f_auto,q_auto/league/yzcvyhmilvxedfjfjglc",144.19808052939464,155.73392697174623,,,0.0,0.0,0.0,0.0,272.0,180.0,1954.0,8.0,30.68271033928097,wan dale robinson,WR,TEN,25,exact_name_pos,Wan'Dale Robinson,119.0,120.6,105.4,exact_name_pos,Wan'Dale Robinson,113.38,93.0,exact_name_pos,Wan'Dale Robinson,130.8,name_inside_cbs,W. Robinson  WR  TEN  Head: Questionable for Week 1 vs. N.Y. Jets  Wan'Dale Robinson  WR  TEN  Head: Questionable for Week 1 vs. N.Y. Jets,112.57,113.0,4,118.9375,116.19,112.57,130.8,18.230000000000018,93.9375,68.0,Yahoo,105.80000000000001
26,3,1,James Cook,RB,BUF,1.0,ACT,False,"https://static.www.nfl.com/image/upload/f_auto,q_auto/league/anjbznqb9i21wzcgrtbs","https://static.www.nfl.com/image/upload/f_auto,q_auto/league/anjbznqb9i21wzcgrtbs",143.1,154.548,,,0.0,0.0,3227.0,24.0,0.0,0.0,0.0,0.0,0.0,james cook,RB,BUF,26,exact_name_pos,James Cook,8.9,9.0,5.1,exact_name_pos,James Cook III,10.23,9.0,exact_name_pos,James Cook III,9.4,name_inside_cbs,J. Cook  RB  BUF  James Cook  RB  BUF,9.21,9.0,4,9.435,9.305,8.9,10.23,1.33,-16.564999999999998,-17.0,ESPN,-15.77
27,19,2,CeeDee Lamb,WR,DAL,1.0,ACT,False,"https://static.www.nfl.com/image/upload/f_auto,q_auto/league/mbblzwtynxr15ovzkevi","https://static.www.nfl.com/image/upload/f_auto,q_auto/league/mbblzwtynxr15ovzkevi",141.51218636852832,152.8331612780106,,,0.0,0.0,0.0,0.0,233.0,149.0,2150.0,6.0,35.92631645802613,ceedee lamb,WR,DAL,27,exact_name_pos,CeeDee Lamb,10.5,11.9,14.3,exact_name_pos,CeeDee Lamb,11.8,10.0,exact_name_pos,CeeDee Lamb,11.0,name_inside_cbs,C. Lamb  WR  DAL  CeeDee Lamb  WR  DAL,13.89,13.0,4,11.7975,11.4,10.5,13.89,3.3900000000000006,-15.2025,-17.0,CBS,-13.11
28,20,2,Ladd McConkey,WR,LAC,1.0,ACT,False,"https://static.www.nfl.com/image/upload/f_auto,q_auto/league/q2sk7yforrkiusvruo1o","https://static.www.nfl.com/image/upload/f_auto,q_auto/league/q2sk7yforrkiusvruo1o",140.84499416183672,152.11259369478367,,,0.0,0.0,0.0,0.0,203.0,126.0,1514.0,12.0,29.01343234764509,ladd mcconkey,WR,LAC,28,exact_name_pos,Ladd McConkey,35.5,35.2,46.8,exact_name_pos,Ladd McConkey,46.03,41.0,exact_name_pos,Ladd McConkey,44.7,name_inside_cbs,L. McConkey  WR  LAC  Ladd McConkey  WR  LAC,41.13,39.0,4,41.84,42.915000000000006,35.5,46.03,10.530000000000001,13.840000000000003,13.0,ESPN,18.03
29,21,2,Jameson Williams,WR,DET,2.0,ACT,False,"https://static.www.nfl.com/image/upload/f_auto,q_auto/league/byiptqggtglvy5qrw5wp","https://static.www.nfl.com/image/upload/f_auto,q_auto/league/byiptqggtglvy5qrw5wp",140.318660345186,151.5441531728009,,,0.0,0.0,0.0,0.0,188.0,123.0,2021.0,13.0,36.13176326439166,jameson williams,WR,DET,29,exact_name_pos,Jameson Williams,60.0,58.2,52.6,exact_name_pos,Jameson Williams,64.33,54.0,exact_name_pos,Jameson Williams,65.7,name_inside_cbs,J. Williams  WR  DET  Jameson Williams  WR  DET,57.19,57.0,4,61.805,62.165,57.19,65.7,8.510000000000005,32.805,25.0,Yahoo,36.7
30,5,2,Caleb Williams,QB,CHI,1.0,ACT,False,"https://static.www.nfl.com/image/upload/f_auto,q_auto/league/h4qs11kutwiw7whekmyt","https://static.www.nfl.com/image/upload/f_auto,q_auto/league/h4qs11kutwiw7whekmyt",170.8,150.304,,,7884.0,54.0,0.0,0.0,0.0,0.0,0.0,0.0,0.0,caleb williams,QB,CHI,30,exact_name_pos,Caleb Williams,71.5,74.2,91.7,exact_name_pos,Caleb Williams,89.92,104.0,exact_name_pos,Caleb Williams,66.9,name_inside_cbs,C. Williams  QB  CHI  Caleb Williams  QB  CHI,78.09,75.0,4,76.6025,74.795,66.9,89.92,23.019999999999996,46.602500000000006,74.0,ESPN,59.92
31,22,2,DeVonta Smith,WR,PHI,1.0,ACT,False,"https://static.www.nfl.com/image/upload/f_auto,q_auto/league/k724kq3hyv7jc0y9s03x","https://static.www.nfl.com/image/upload/f_auto,q_auto/league/k724kq3hyv7jc0y9s03x",139.1447880802807,150.27637112670317,,,0.0,0.0,0.0,0.0,215.0,144.0,1869.0,8.0,38.20470963217277,devonta smith,WR,PHI,31,exact_name_pos,DeVonta Smith,32.3,33.2,53.2,exact_name_pos,DeVonta Smith,36.81,34.0,exact_name_pos,DeVonta Smith,29.5,name_inside_cbs,D. Smith  WR  PHI  DeVonta Smith  WR  PHI,34.47,32.0,4,33.269999999999996,33.385,29.5,36.81,7.310000000000002,2.269999999999996,3.0,ESPN,5.810000000000002
32,23,2,Michael Pittman,WR,PIT,2.0,ACT,False,"https://static.www.nfl.com/image/upload/f_auto,q_auto/league/q1ythn05kwcmdr4mwzll","https://static.www.nfl.com/image/upload/f_auto,q_auto/league/q1ythn05kwcmdr4mwzll",137.39348041104012,148.38495884392333,,,0.0,0.0,0.0,0.0,206.0,151.0,1498.0,14.0,24.236632824431386,michael pittman,WR,PIT,32,exact_name_pos,Michael Pittman,105.3,103.4,107.5,exact_name_pos,Michael Pittman Jr.,89.63,74.0,exact_name_pos,Michael Pittman Jr.,120.8,name_inside_cbs,M. Pittman  WR  PIT  Hamstring: Questionable for Week 1 vs. Atlanta  Michael Pittman  WR  PIT  Hamstring: Questionable for Week 1 vs. Atlanta,112.6,114.0,4,107.08250000000001,108.94999999999999,89.63,120.8,31.17,75.08250000000001,42.0,Yahoo,88.8
33,4,1,Jahmyr Gibbs,RB,DET,1.0,ACT,False,"https://static.www.nfl.com/image/upload/f_auto,q_auto/league/cursejnmmp1i9hnxihkj","https://static.www.nfl.com/image/upload/f_auto,q_auto/league/cursejnmmp1i9hnxihkj",137.28571428571428,148.26857142857142,,,0.0,0.0,2400.0,26.0,0.0,0.0,0.0,0.0,0.0,jahmyr gibbs,RB,DET,33,exact_name_pos,Jahmyr Gibbs,1.2,1.5,2.7,exact_name_pos,Jahmyr Gibbs,1.33,1.0,exact_name_pos,Jahmyr Gibbs,1.3,name_inside_cbs,J. Gibbs  RB  DET  Jahmyr Gibbs  RB  DET,1.12,1.0,4,1.2375,1.25,1.12,1.33,0.20999999999999996,-31.7625,-32.0,ESPN,-31.67
34,6,2,Trevor Lawrence,QB,JAX,1.0,ACT,False,"https://static.www.nfl.com/image/upload/f_auto,q_auto/league/k9uzdernqkx7oquy7dkg","https://static.www.nfl.com/image/upload/f_auto,q_auto/league/k9uzdernqkx7oquy7dkg",168.32222222222225,148.12355555555558,,,8014.0,58.0,0.0,0.0,0.0,0.0,0.0,0.0,0.0,trevor lawrence,QB,JAX,34,exact_name_pos,Trevor Lawrence,98.6,98.2,94.6,exact_name_pos,Trevor Lawrence,100.36,114.0,exact_name_pos,Trevor Lawrence,83.9,name_inside_cbs,T. Lawrence  QB  JAC  Trevor Lawrence  QB  JAC,82.39,79.0,4,91.3125,91.25,82.39,100.36,17.97,57.3125,80.0,ESPN,66.36
35,24,2,Jaylen Waddle,WR,DEN,2.0,ACT,False,"https://static.www.nfl.com/image/upload/f_auto,q_auto/league/gkh7m1jedon9mwn5jlf1","https://static.www.nfl.com/image/upload/f_auto,q_auto/league/gkh7m1jedon9mwn5jlf1",136.51472201042577,147.43589977125984,,,0.0,0.0,0.0,0.0,191.0,125.0,1779.0,12.0,46.97745620597499,jaylen waddle,WR,DEN,35,exact_name_pos,Jaylen Waddle,44.9,46.6,42.3,exact_name_pos,Jaylen Waddle,52.2,49.0,exact_name_pos,Jaylen Waddle,40.2,name_inside_cbs,J. Waddle  WR  DEN  Jaylen Waddle  WR  DEN,46.88,46.0,4,46.045,45.89,40.2,52.2,12.0,11.045000000000002,14.0,ESPN,17.200000000000003
36,25,3,DK Metcalf,WR,PIT,1.0,ACT,False,"https://static.www.nfl.com/image/upload/f_auto,q_auto/league/kxql4sjfelubhxawu2zh","https://static.www.nfl.com/image/upload/f_auto,q_auto/league/kxql4sjfelubhxawu2zh",134.48688099040686,145.24583146963943,,,0.0,0.0,0.0,0.0,187.0,110.0,1607.0,10.0,40.06902033664976,dk metcalf,WR,PIT,36,exact_name_pos,DK Metcalf,75.4,77.0,73.3,exact_name_pos,DK Metcalf,85.22,78.0,exact_name_pos,DK Metcalf,85.8,name_inside_cbs,D. Metcalf  WR  PIT  Undisclosed: Questionable for Week 1 vs. Atlanta  DK Metcalf  WR  PIT  Undisclosed: Questionable for Week 1 vs. Atlanta,91.09,89.0,4,84.3775,85.50999999999999,75.4,91.09,15.689999999999998,48.3775,42.0,CBS,55.09
37,26,3,Rome Odunze,WR,CHI,1.0,ACT,False,"https://static.www.nfl.com/image/upload/f_auto,q_auto/league/niewdl2p2325kpohbw9v","https://static.www.nfl.com/image/upload/f_auto,q_auto/league/niewdl2p2325kpohbw9v",133.60919271702772,144.29792813438996,,,0.0,0.0,0.0,0.0,177.0,88.0,1322.0,12.0,40.10365589283092,rome odunze,WR,CHI,37,exact_name_pos,Rome Odunze,65.7,62.7,67.6,exact_name_pos,Rome Odunze,64.8,55.0,exact_name_pos,Rome Odunze,66.4,name_inside_cbs,R. Odunze  WR  CHI  Rome Odunze  WR  CHI,66.22,61.0,4,65.78,65.96000000000001,64.8,66.4,1.6000000000000085,28.78,18.0,Yahoo,29.400000000000006
38,27,3,Alec Pierce,WR,IND,1.0,ACT,False,"https://static.www.nfl.com/image/upload/f_auto,q_auto/league/qcg9t51wgp3hicavmkmy","https://static.www.nfl.com/image/upload/f_auto,q_auto/league/qcg9t51wgp3hicavmkmy",130.72377755666687,141.18167976120023,,,0.0,0.0,0.0,0.0,154.0,85.0,1794.0,10.0,48.11888778333443,alec pierce,WR,IND,38,exact_name_pos,Alec Pierce,97.7,94.0,93.6,exact_name_pos,Alec Pierce,108.52,108.0,exact_name_pos,Alec Pierce,95.7,name_inside_cbs,A. Pierce  WR  IND  Ankle: Questionable for Week 1 vs. Baltimore  Alec Pierce  WR  IND  Ankle: Questionable for Week 1 vs. Baltimore,86.64,84.0,4,97.14,96.7,86.64,108.52,21.879999999999995,59.14,70.0,ESPN,70.52
39,2,1,Kyle Pitts,TE,ATL,1.0,ACT,False,"https://static.www.nfl.com/image/upload/f_auto,q_auto/league/xczipzxvytnmvgznhhb4","https://static.www.nfl.com/image/upload/f_auto,q_auto/league/xczipzxvytnmvgznhhb4",148.4276988539141,139.52203692267926,,,0.0,0.0,0.0,0.0,226.0,169.0,1808.0,10.0,23.971827602903893,kyle pitts,TE,ATL,39,exact_name_pos,Kyle Pitts,68.8,71.7,72.9,exact_name_pos,Kyle Pitts Sr.,68.52,77.0,exact_name_pos,Kyle Pitts Sr.,72.3,name_inside_cbs,K. Pitts  TE  ATL  Kyle Pitts  TE  ATL,77.59,74.0,4,71.80250000000001,70.55,68.52,77.59,9.070000000000007,32.80250000000001,38.0,CBS,38.59
40,28,3,Quentin Johnston,WR,LAC,2.0,ACT,False,"https://static.www.nfl.com/image/upload/f_auto,q_auto/league/lyvsrjh4mjb4dqwp6shm","https://static.www.nfl.com/image/upload/f_auto,q_auto/league/lyvsrjh4mjb4dqwp6shm",128.37081996489684,138.6404855620886,,,0.0,0.0,0.0,0.0,155.0,93.0,1399.0,15.0,35.48871520909953,quentin johnston,WR,LAC,40,exact_name_pos,Quentin Johnston,114.4,102.6,110.1,exact_name_pos,Quentin Johnston,130.42,146.0,exact_name_pos,Quentin Johnston,109.7,name_inside_cbs,Q. Johnston  WR  LAC  Quentin Johnston  WR  LAC,96.44,93.0,4,112.74,112.05000000000001,96.44,130.42,33.97999999999999,72.74,106.0,ESPN,90.41999999999999
41,7,2,Jalen Hurts,QB,PHI,1.0,ACT,False,"https://static.www.nfl.com/image/upload/f_auto,q_auto/league/xow5yvxjeqa6witmofmp","https://static.www.nfl.com/image/upload/f_auto,q_auto/league/xow5yvxjeqa6witmofmp",156.42222222222225,137.65155555555555,,,6448.0,50.0,0.0,0.0,0.0,0.0,0.0,0.0,0.0,jalen hurts,QB,PHI,41,exact_name_pos,Jalen Hurts,59.6,61.8,69.4,exact_name_pos,Jalen Hurts,54.61,73.0,exact_name_pos,Jalen Hurts,56.8,name_inside_cbs,J. Hurts  QB  PHI  Jalen Hurts  QB  PHI,69.5,64.0,4,60.1275,58.2,54.61,69.5,14.89,19.127499999999998,32.0,CBS,28.5
42,29,3,Jauan Jennings,WR,MIN,3.0,ACT,False,"https://static.www.nfl.com/image/upload/f_auto,q_auto/league/ben8kbygzzlid6ltmdum","https://static.www.nfl.com/image/upload/f_auto,q_auto/league/ben8kbygzzlid6ltmdum",126.76603703652212,136.9073199994439,,,0.0,0.0,0.0,0.0,169.0,105.0,1213.0,17.0,29.272492874918235,jauan jennings,WR,MIN,42,exact_name_pos,Jauan Jennings,213.8,213.1,123.2,exact_name_pos,Jauan Jennings,171.13,290.0,exact_name_pos,Jauan Jennings,126.0,name_inside_cbs,J. Jennings  WR  MIN  Jauan Jennings  WR  MIN,170.9,212.0,4,170.4575,171.015,126.0,213.8,87.80000000000001,128.4575,248.0,Sleeper,171.8
43,8,2,Baker Mayfield,QB,TB,1.0,ACT,False,"https://static.www.nfl.com/image/upload/f_auto,q_auto/league/gjb8e69jtt1ffqf1afue","https://static.www.nfl.com/image/upload/f_auto,q_auto/league/gjb8e69jtt1ffqf1afue",154.03333333333333,135.54933333333332,,,7386.0,52.0,0.0,0.0,0.0,0.0,0.0,0.0,0.0,baker mayfield,QB,TB,43,exact_name_pos,Baker Mayfield,143.5,155.6,143.6,exact_name_pos,Baker Mayfield,146.26,182.0,exact_name_pos,Baker Mayfield,125.9,name_inside_cbs,B. Mayfield  QB  TB  Baker Mayfield  QB  TB,133.04,136.0,4,137.17499999999998,138.26999999999998,125.9,146.26,20.359999999999985,94.17499999999998,139.0,ESPN,103.25999999999999
44,5,1,Javonte Williams,RB,DAL,1.0,ACT,False,"https://static.www.nfl.com/image/upload/f_auto,q_auto/league/xvwroirev2kie6oiphtz","https://static.www.nfl.com/image/upload/f_auto,q_auto/league/xvwroirev2kie6oiphtz",124.82857142857142,134.81485714285714,,,0.0,0.0,2368.0,22.0,0.0,0.0,0.0,0.0,0.0,javonte williams,RB,DAL,44,exact_name_pos,Javonte Williams,33.6,32.1,32.1,exact_name_pos,Javonte Williams,32.91,31.0,exact_name_pos,Javonte Williams,33.9,name_inside_cbs,J. Williams  RB  DAL  Javonte Williams  RB  DAL,32.4,30.0,4,33.2025,33.254999999999995,32.4,33.9,1.5,-10.7975,-13.0,Yahoo,-10.100000000000001
45,9,2,Bo Nix,QB,DEN,1.0,ACT,False,"https://static.www.nfl.com/image/upload/f_auto,q_auto/league/zvo9xatffmqn9lnukpgk","https://static.www.nfl.com/image/upload/f_auto,q_auto/league/zvo9xatffmqn9lnukpgk",152.2777777777778,134.00444444444446,,,7862.0,50.0,0.0,0.0,0.0,0.0,0.0,0.0,0.0,bo nix,QB,DEN,45,exact_name_pos,Bo Nix,117.0,118.3,121.1,exact_name_pos,Bo Nix,102.45,139.0,exact_name_pos,Bo Nix,98.9,name_inside_cbs,B. Nix  QB  DEN  Bo Nix  QB  DEN,118.98,120.0,4,109.33250000000001,109.725,98.9,118.98,20.08,64.33250000000001,94.0,CBS,73.98
46,30,3,DJ Moore,WR,BUF,1.0,ACT,False,"https://static.www.nfl.com/image/upload/f_auto,q_auto/league/lsavpxtqoqu25emwcnvy","https://static.www.nfl.com/image/upload/f_auto,q_auto/league/lsavpxtqoqu25emwcnvy",124.05023310988028,133.9742517586707,,,0.0,0.0,0.0,0.0,153.0,96.0,1302.0,12.0,23.847319395555186,dj moore,WR,BUF,46,exact_name_pos,DJ Moore,53.8,52.9,58.5,exact_name_pos,DJ Moore,60.8,52.0,exact_name_pos,DJ Moore,59.5,name_inside_cbs,D. Moore  WR  BUF  DJ Moore  WR  BUF,52.39,50.0,4,56.6225,56.65,52.39,60.8,8.409999999999997,10.622500000000002,6.0,ESPN,14.799999999999997
47,10,2,Josh Allen,QB,BUF,1.0,ACT,False,"https://static.www.nfl.com/image/upload/f_auto,q_auto/league/mjwbioajzldkq1vzoz2d","https://static.www.nfl.com/image/upload/f_auto,q_auto/league/mjwbioajzldkq1vzoz2d",151.75555555555556,133.5448888888889,,,7336.0,50.0,0.0,0.0,0.0,0.0,0.0,0.0,0.0,josh allen,QB,BUF,47,exact_name_pos,Josh Allen,21.4,20.3,15.0,exact_name_pos,Josh Allen,19.31,26.0,exact_name_pos,Josh Allen,20.4,name_inside_cbs,J. Allen  QB  BUF  Josh Allen  QB  BUF,20.55,18.0,4,20.415,20.475,19.31,21.4,2.09,-26.585,-21.0,Sleeper,-25.6
48,11,3,Aaron Rodgers,QB,PIT,1.0,ACT,False,"https://static.www.nfl.com/image/upload/f_auto,q_auto/league/dypvakakxhccxs67tb0y","https://static.www.nfl.com/image/upload/f_auto,q_auto/league/dypvakakxhccxs67tb0y",150.7111111111111,132.62577777777778,,,6644.0,48.0,0.0,0.0,0.0,0.0,0.0,0.0,0.0,aaron rodgers,QB,PIT,48,exact_name_pos,Aaron Rodgers,228.8,235.5,,exact_name_pos,Aaron Rodgers,169.2,387.0,exact_name_pos,Aaron Rodgers,116.1,unmatched,,,,3,171.36666666666667,169.2,116.1,228.8,112.70000000000002,123.36666666666667,339.0,Sleeper,180.8
49,12,3,Justin Herbert,QB,LAC,1.0,ACT,False,"https://static.www.nfl.com/image/upload/f_auto,q_auto/league/jnkspnntgebegzp4ghve","https://static.www.nfl.com/image/upload/f_auto,q_auto/league/jnkspnntgebegzp4ghve",149.61111111111114,131.6577777777778,,,7454.0,52.0,0.0,0.0,0.0,0.0,0.0,0.0,0.0,justin herbert,QB,LAC,49,exact_name_pos,Justin Herbert,82.3,80.2,86.3,exact_name_pos,Justin Herbert,86.77,97.0,exact_name_pos,Justin Herbert,70.3,name_inside_cbs,J. Herbert  QB  LAC  Justin Herbert  QB  LAC,85.69,83.0,4,81.265,83.995,70.3,86.77,16.47,32.265,48.0,ESPN,37.769999999999996
50,13,3,Jordan Love,QB,GB,1.0,ACT,False,"https://static.www.nfl.com/image/upload/f_auto,q_auto/league/thz8stjkbjwddxqnozi5","https://static.www.nfl.com/image/upload/f_auto,q_auto/league/thz8stjkbjwddxqnozi5",148.9388888888889,131.06622222222222,,,6685.0,46.0,0.0,0.0,0.0,0.0,0.0,0.0,0.0,jordan love,QB,GB,50,exact_name_pos,Jordan Love,153.0,164.8,126.8,exact_name_pos,Jordan Love,155.38,208.0,exact_name_pos,Jordan Love,123.0,name_inside_cbs,J. Love  QB  GB  Jordan Love  QB  GB,142.67,146.0,4,143.5125,147.83499999999998,123.0,155.38,32.379999999999995,93.51249999999999,158.0,ESPN,105.38
51,31,3,Keenan Allen,WR,IND,3.0,ACT,False,"https://static.www.nfl.com/image/upload/f_auto,q_auto/league/ri267r6lzfwarh89hsn6","https://static.www.nfl.com/image/upload/f_auto,q_auto/league/ri267r6lzfwarh89hsn6",120.80122379879668,130.46532170270044,,,0.0,0.0,0.0,0.0,238.0,158.0,1515.0,8.0,24.967657455521916,keenan allen,WR,IND,51,exact_name_pos,Keenan Allen,200.9,178.3,204.9,exact_name_pos,Keenan Allen,165.41,205.0,exact_name_pos,Keenan Allen,125.7,name_inside_cbs,K. Allen  WR  IND  Keenan Allen  WR  IND,160.85,182.0,4,163.215,163.13,125.7,200.9,75.2,112.215,154.0,Sleeper,149.9
52,6,1,Kyren Williams,RB,LA,1.0,ACT,False,"https://static.www.nfl.com/image/upload/f_auto,q_auto/league/xti3pek6rmojqchakxpy","https://static.www.nfl.com/image/upload/f_auto,q_auto/league/xti3pek6rmojqchakxpy",120.77142857142856,130.43314285714283,,,0.0,0.0,2504.0,20.0,0.0,0.0,0.0,0.0,0.0,kyren williams,RB,LA,52,exact_name_pos,Kyren Williams,28.1,24.3,12.8,exact_name_pos,Kyren Williams,35.46,32.0,exact_name_pos,Kyren Williams,28.1,name_inside_cbs,K. Williams  RB  LAR  Kyren Williams  RB  LAR,25.55,24.0,4,29.3025,28.1,25.55,35.46,9.91,-22.6975,-20.0,ESPN,-16.54
53,32,3,Troy Franklin,WR,DEN,3.0,ACT,False,"https://static.www.nfl.com/image/upload/f_auto,q_auto/league/wgfbgxjntyqzojpizgaj","https://static.www.nfl.com/image/upload/f_auto,q_auto/league/wgfbgxjntyqzojpizgaj",119.88712550744002,129.47809554803524,,,0.0,0.0,0.0,0.0,188.0,116.0,1342.0,12.0,36.20485830643086,troy franklin,WR,DEN,53,exact_name_pos,Troy Franklin,241.8,263.6,170.5,unmatched,,,,unmatched,,,unmatched,,,,1,241.8,241.8,241.8,241.8,0.0,188.8,,Sleeper,188.8
54,3,1,Jake Ferguson,TE,DAL,1.0,ACT,False,"https://static.www.nfl.com/image/upload/f_auto,q_auto/league/xpykb0tbosfwsn6dqstb","https://static.www.nfl.com/image/upload/f_auto,q_auto/league/xpykb0tbosfwsn6dqstb",137.45896806806965,129.21142998398545,,,0.0,0.0,0.0,0.0,188.0,154.0,1121.0,14.0,9.87817367368149,jake ferguson,TE,DAL,54,exact_name_pos,Jake Ferguson,98.8,113.7,96.9,exact_name_pos,Jake Ferguson,110.49,141.0,exact_name_pos,Jake Ferguson,117.2,name_inside_cbs,J. Ferguson  TE  DAL  Cowboys' Jake Ferguson: Doesn't play in preseason  Jake Ferguson  TE  DAL  Cowboys' Jake Ferguson: Doesn't play in preseason,123.17,123.0,4,112.415,113.845,98.8,123.17,24.370000000000005,58.415000000000006,87.0,CBS,69.17
55,7,1,Christian McCaffrey,RB,SF,1.0,ACT,False,"https://static.www.nfl.com/image/upload/f_auto,q_auto/league/st82s2ytyzanatcmkqck","https://static.www.nfl.com/image/upload/f_auto,q_auto/league/st82s2ytyzanatcmkqck",118.65714285714286,128.14971428571428,,,0.0,0.0,2356.0,20.0,0.0,0.0,0.0,0.0,0.0,christian mccaffrey,RB,SF,55,exact_name_pos,Christian McCaffrey,5.8,4.8,4.9,exact_name_pos,Christian McCaffrey,7.68,7.0,exact_name_pos,Christian McCaffrey,5.9,name_inside_cbs,C. McCaffrey  RB  SF  Undisclosed: Questionable for Week 1 at L.A. Rams  Christian McCaffrey  RB  SF  Undisclosed: Questionable for Week 1 at L.A. Rams,7.75,7.0,4,6.782500000000001,6.79,5.8,7.75,1.9500000000000002,-48.2175,-48.0,CBS,-47.25
56,33,3,Tre Tucker,WR,LV,1.0,ACT,False,"https://static.www.nfl.com/image/upload/f_auto,q_auto/league/hazzk3hrcequzosdgzgv","https://static.www.nfl.com/image/upload/f_auto,q_auto/league/hazzk3hrcequzosdgzgv",118.61754864730176,128.1069525390859,,,0.0,0.0,0.0,0.0,166.0,102.0,1239.0,9.0,30.28005092881652,tre tucker,WR,LV,56,exact_name_pos,Tre Tucker,202.0,181.5,187.5,exact_name_pos,Tre Tucker,169.3,227.0,exact_name_pos,Tre Tucker,128.1,name_inside_cbs,T. Tucker  WR  LV  Tre Tucker  WR  LV,154.02,164.0,4,163.355,161.66000000000003,128.1,202.0,73.9,107.35499999999999,171.0,Sleeper,146.0
57,4,1,Harold Fannin Jr.,TE,CLE,1.0,ACT,False,"https://static.www.nfl.com/image/upload/f_auto,q_auto/league/fxublmpnxx9uggsddwik","https://static.www.nfl.com/image/upload/f_auto,q_auto/league/fxublmpnxx9uggsddwik",135.66944678352326,127.52927997651186,,,0.0,0.0,0.0,0.0,204.0,135.0,1394.0,10.0,22.18056725094963,harold fannin,TE,CLE,57,exact_name_pos,Harold Fannin,70.0,76.4,62.6,exact_name_pos,Harold Fannin Jr.,70.78,76.0,exact_name_pos,Harold Fannin Jr.,70.9,name_inside_cbs,H. Fannin Jr.  TE  CLE  Harold Fannin Jr.  TE  CLE,71.53,67.0,4,70.80250000000001,70.84,70.0,71.53,1.5300000000000011,13.802500000000009,19.0,CBS,14.530000000000001
58,5,2,Travis Kelce,TE,KC,1.0,ACT,False,"https://static.www.nfl.com/image/upload/f_auto,q_auto/league/dpxovcfku6ud2aohgf6a","https://static.www.nfl.com/image/upload/f_auto,q_auto/league/dpxovcfku6ud2aohgf6a",135.51921545242203,127.38806252527672,,,0.0,0.0,0.0,0.0,205.0,146.0,1595.0,9.0,19.42941059544344,travis kelce,TE,KC,58,exact_name_pos,Travis Kelce,89.8,93.7,106.1,exact_name_pos,Travis Kelce,94.91,125.0,exact_name_pos,Travis Kelce,94.7,name_inside_cbs,T. Kelce  TE  KC  Travis Kelce  TE  KC,99.79,98.0,4,94.8,94.805,89.8,99.79,9.990000000000009,36.8,67.0,CBS,41.790000000000006
59,14,3,Jacoby Brissett,QB,ARI,1.0,ACT,False,"https://static.www.nfl.com/image/upload/f_auto,q_auto/league/qjswiunczrn5xmdiqhlz","https://static.www.nfl.com/image/upload/f_auto,q_auto/league/qjswiunczrn5xmdiqhlz",144.39999999999998,127.07199999999996,,,6732.0,46.0,0.0,0.0,0.0,0.0,0.0,0.0,0.0,jacoby brissett,QB,ARI,59,exact_name_pos,Jacoby Brissett,243.0,251.2,203.4,exact_name_pos,Jacoby Brissett,169.93,321.0,unmatched,,,unmatched,,,,2,206.465,206.465,169.93,243.0,73.07,147.465,262.0,Sleeper,184.0
60,15,3,Sam Darnold,QB,SEA,1.0,ACT,False,"https://static.www.nfl.com/image/upload/f_auto,q_auto/league/fyay8vruj0cqmhopufzk","https://static.www.nfl.com/image/upload/f_auto,q_auto/league/fyay8vruj0cqmhopufzk",144.38888888888889,127.06222222222222,,,7918.0,49.0,0.0,0.0,0.0,0.0,0.0,0.0,0.0,sam darnold,QB,SEA,60,exact_name_pos,Sam Darnold,163.7,185.4,168.4,exact_name_pos,Sam Darnold,162.47,287.0,exact_name_pos,Sam Darnold,122.5,name_inside_cbs,S. Darnold  QB  SEA  Seahawks' Sam Darnold: Idle for preseason action  Sam Darnold  QB  SEA  Seahawks' Sam Darnold: Idle for preseason action,145.2,150.0,4,148.46749999999997,153.83499999999998,122.5,163.7,41.19999999999999,88.46749999999997,227.0,Sleeper,103.69999999999999
61,34,3,Parker Washington,WR,JAX,2.0,ACT,False,"https://static.www.nfl.com/image/upload/f_auto,q_auto/league/yn0hc5xrz5nqeccg8two","https://static.www.nfl.com/image/upload/f_auto,q_auto/league/yn0hc5xrz5nqeccg8two",116.77637923551202,126.118489574353,,,0.0,0.0,0.0,0.0,173.0,106.0,1550.0,9.0,33.40112694679094,parker washington,WR,JAX,61,exact_name_pos,Parker Washington,73.3,70.0,74.4,exact_name_pos,Parker Washington,89.8,87.0,exact_name_pos,Parker Washington,77.8,name_inside_cbs,P. Washington  WR  JAC  Parker Washington  WR  JAC,73.38,71.0,4,78.57,75.59,73.3,89.8,16.5,17.569999999999993,26.0,ESPN,28.799999999999997
62,35,3,Deebo Samuel Sr.,WR,SF,2.0,ACT,False,"https://static.www.nfl.com/image/upload/f_auto,q_auto/league/ntgyhqg6hq7fanhhsqiw","https://static.www.nfl.com/image/upload/f_auto,q_auto/league/ntgyhqg6hq7fanhhsqiw",116.34722421558824,125.65500215283532,,,0.0,0.0,0.0,0.0,187.0,137.0,1340.0,10.0,14.909198001018115,deebo samuel,WR,SF,62,exact_name_pos,Deebo Samuel,130.4,131.2,138.4,exact_name_pos,Deebo Samuel Sr.,142.8,163.0,exact_name_pos,Deebo Samuel Sr.,127.3,name_inside_cbs,D. Samuel  WR  SF  Deebo Samuel  WR  SF,127.38,128.0,4,131.97000000000003,128.89,127.3,142.8,15.500000000000014,69.97000000000003,101.0,ESPN,80.80000000000001
63,6,2,Dallas Goedert,TE,PHI,1.0,ACT,False,"https://static.www.nfl.com/image/upload/f_auto,q_auto/league/bafepstxu7vvxb9v5vua","https://static.www.nfl.com/image/upload/f_auto,q_auto/league/bafepstxu7vvxb9v5vua",132.8187689518888,124.84964281477544,,,0.0,0.0,0.0,0.0,143.0,102.0,987.0,16.0,22.093844759443854,dallas goedert,TE,PHI,63,exact_name_pos,Dallas Goedert,121.6,124.4,93.6,exact_name_pos,Dallas Goedert,103.61,132.0,exact_name_pos,Dallas Goedert,105.4,name_inside_cbs,D. Goedert  TE  PHI  Dallas Goedert  TE  PHI,85.11,82.0,4,103.93,104.505,85.11,121.6,36.489999999999995,40.93000000000001,69.0,Sleeper,58.599999999999994
64,36,3,Stefon Diggs,WR,WAS,2.0,ACT,False,"https://static.www.nfl.com/image/upload/f_auto,q_auto/league/cemcexmscsarpvwhafln","https://static.www.nfl.com/image/upload/f_auto,q_auto/league/cemcexmscsarpvwhafln",115.5432261392072,124.7866842303438,,,0.0,0.0,0.0,0.0,180.0,150.0,1822.0,7.0,27.562284542189847,stefon diggs,WR,WAS,64,exact_name_pos,Stefon Diggs,107.5,110.8,115.5,exact_name_pos,Stefon Diggs,102.81,107.0,exact_name_pos,Stefon Diggs,104.5,name_inside_cbs,S. Diggs  WR  WAS  Stefon Diggs  WR  WAS,112.1,111.0,4,106.72749999999999,106.0,102.81,112.1,9.289999999999992,42.72749999999999,43.0,CBS,48.099999999999994
65,37,3,Rashee Rice,WR,KC,1.0,ACT,False,"https://static.www.nfl.com/image/upload/f_auto,q_auto/league/qhkbqrydjeur8zvrrmfl","https://static.www.nfl.com/image/upload/f_auto,q_auto/league/qhkbqrydjeur8zvrrmfl",114.55730592264428,123.72189039645583,,,0.0,0.0,0.0,0.0,156.0,106.0,1142.0,10.0,14.940375767067613,rashee rice,WR,KC,65,exact_name_pos,Rashee Rice,29.0,29.2,34.2,exact_name_pos,Rashee Rice,29.07,25.0,exact_name_pos,Rashee Rice,35.5,name_inside_cbs,R. Rice  WR  KC  Rashee Rice  WR  KC,23.99,23.0,4,29.389999999999997,29.035,23.99,35.5,11.510000000000002,-35.61,-40.0,Yahoo,-29.5
66,7,2,Brock Bowers,TE,LV,1.0,ACT,False,"https://static.www.nfl.com/image/upload/f_auto,q_auto/league/waorceny0ggpaeckaol8","https://static.www.nfl.com/image/upload/f_auto,q_auto/league/waorceny0ggpaeckaol8",130.31061193263434,122.49197521667628,,,0.0,0.0,0.0,0.0,165.0,123.0,1266.0,12.0,22.803059663171723,brock bowers,TE,LV,66,exact_name_pos,Brock Bowers,23.1,23.6,30.2,exact_name_pos,Brock Bowers,23.97,22.0,exact_name_pos,Brock Bowers,21.0,name_inside_cbs,B. Bowers  TE  LV  Raiders' Brock Bowers: Working with Cousins to open season  Brock Bowers  TE  LV  Raiders' Brock Bowers: Working with Cousins to open season,26.35,26.0,4,23.604999999999997,23.535,21.0,26.35,5.350000000000001,-42.395,-44.0,CBS,-39.65
67,38,3,Romeo Doubs,WR,NE,2.0,ACT,False,"https://static.www.nfl.com/image/upload/f_auto,q_auto/league/yxvzijmgwyyigljxfmyb","https://static.www.nfl.com/image/upload/f_auto,q_auto/league/yxvzijmgwyyigljxfmyb",111.7145874858962,120.6517544847679,,,0.0,0.0,0.0,0.0,145.0,94.0,1209.0,11.0,39.32293742948101,romeo doubs,WR,NE,67,exact_name_pos,Romeo Doubs,131.8,128.4,116.6,exact_name_pos,Romeo Doubs,147.58,154.0,exact_name_pos,Romeo Doubs,132.0,name_inside_cbs,R. Doubs  WR  NE  Romeo Doubs  WR  NE,131.38,135.0,4,135.69,131.9,131.38,147.58,16.200000000000017,68.69,87.0,ESPN,80.58000000000001
68,8,2,Tyler Warren,TE,IND,1.0,ACT,False,"https://static.www.nfl.com/image/upload/f_auto,q_auto/league/f1mfwwrr3qvnxuiackgq","https://static.www.nfl.com/image/upload/f_auto,q_auto/league/f1mfwwrr3qvnxuiackgq",127.50066133789048,119.85062165761704,,,0.0,0.0,0.0,0.0,216.0,145.0,1568.0,6.0,15.836640022785756,tyler warren,TE,IND,68,exact_name_pos,Tyler Warren,49.1,50.3,56.8,exact_name_pos,Tyler Warren,52.09,53.0,exact_name_pos,Tyler Warren,47.1,name_inside_cbs,T. Warren  TE  IND  Groin: Questionable for Week 1 vs. Baltimore  Tyler Warren  TE  IND  Groin: Questionable for Week 1 vs. Baltimore,57.09,56.0,4,51.345,50.595,47.1,57.09,9.990000000000002,-16.655,-15.0,CBS,-10.909999999999997
69,16,3,Patrick Mahomes,QB,KC,1.0,ACT,False,"https://static.www.nfl.com/image/upload/f_auto,q_auto/league/wdckwtob1lybvkmxnf7p","https://static.www.nfl.com/image/upload/f_auto,q_auto/league/wdckwtob1lybvkmxnf7p",135.25555555555556,119.0248888888889,,,7174.0,44.0,0.0,0.0,0.0,0.0,0.0,0.0,0.0,patrick mahomes,QB,KC,69,exact_name_pos,Patrick Mahomes,111.3,115.0,102.3,exact_name_pos,Patrick Mahomes,108.66,134.0,exact_name_pos,Patrick Mahomes,103.1,name_inside_cbs,P. Mahomes  QB  KC  Knee - ACL: Questionable for Week 1 vs. Denver  Patrick Mahomes  QB  KC  Knee - ACL: Questionable for Week 1 vs. Denver,103.55,102.0,4,106.65249999999999,106.10499999999999,103.1,111.3,8.200000000000003,37.65249999999999,65.0,Sleeper,42.3
70,39,3,Marvin Harrison Jr.,WR,ARI,1.0,ACT,False,"https://static.www.nfl.com/image/upload/f_auto,q_auto/league/hwpoo1icpnh8emjvqaii","https://static.www.nfl.com/image/upload/f_auto,q_auto/league/hwpoo1icpnh8emjvqaii",109.75575067761804,118.53621073182752,,,0.0,0.0,0.0,0.0,140.0,79.0,1170.0,8.0,38.77875338809024,marvin harrison,WR,ARI,70,exact_name_pos,Marvin Harrison,76.7,73.9,82.6,exact_name_pos,Marvin Harrison Jr.,78.97,69.0,exact_name_pos,Marvin Harrison Jr.,78.3,name_inside_cbs,M. Harrison Jr.  WR  ARI  Marvin Harrison Jr.  WR  ARI,72.65,69.0,4,76.655,77.5,72.65,78.97,6.319999999999993,6.655000000000001,-1.0,ESPN,8.969999999999999
71,40,3,Jerry Jeudy,WR,CLE,1.0,ACT,False,"https://static.www.nfl.com/image/upload/f_auto,q_auto/league/szca1v9butuqkjs7ekpm","https://static.www.nfl.com/image/upload/f_auto,q_auto/league/szca1v9butuqkjs7ekpm",109.1688408162054,117.90234808150184,,,0.0,0.0,0.0,0.0,191.0,89.0,1088.0,4.0,38.40189638871937,jerry jeudy,WR,CLE,71,exact_name_pos,Jerry Jeudy,186.9,211.6,159.5,exact_name_pos,Jerry Jeudy,168.71,216.0,unmatched,,,name_inside_cbs,J. Jeudy  WR  CLE  Jerry Jeudy  WR  CLE,159.21,180.0,3,171.60666666666668,168.71,159.21,186.9,27.689999999999998,100.60666666666668,145.0,Sleeper,115.9
72,41,3,Brian Thomas Jr.,WR,JAX,1.0,ACT,False,"https://static.www.nfl.com/image/upload/f_auto,q_auto/league/plnekkriys4cm11rnxwl","https://static.www.nfl.com/image/upload/f_auto,q_auto/league/plnekkriys4cm11rnxwl",108.89803938664072,117.60988253757198,,,0.0,0.0,0.0,0.0,176.0,92.0,1368.0,4.0,34.25942770243436,brian thomas,WR,JAX,72,exact_name_pos,Brian Thomas,74.9,75.3,78.9,exact_name_pos,Brian Thomas Jr.,113.49,118.0,exact_name_pos,Brian Thomas Jr.,84.1,name_inside_cbs,B. Thomas Jr.  WR  JAC  Brian Thomas Jr.  WR  JAC,86.86,86.0,4,89.8375,85.47999999999999,74.9,113.49,38.58999999999999,17.837500000000006,46.0,ESPN,41.489999999999995
73,8,1,Bijan Robinson,RB,ATL,1.0,ACT,False,"https://static.www.nfl.com/image/upload/f_auto,q_auto/league/esii5yb8yn9edboi4mlq","https://static.www.nfl.com/image/upload/f_auto,q_auto/league/esii5yb8yn9edboi4mlq",108.87142857142857,117.58114285714286,,,0.0,0.0,2931.0,14.0,0.0,0.0,0.0,0.0,0.0,bijan robinson,RB,ATL,73,exact_name_pos,Bijan Robinson,2.2,2.2,1.2,exact_name_pos,Bijan Robinson,2.38,2.0,exact_name_pos,Bijan Robinson,2.0,name_inside_cbs,B. Robinson  RB  ATL  Bijan Robinson  RB  ATL,2.06,2.0,4,2.16,2.13,2.0,2.38,0.3799999999999999,-70.84,-71.0,ESPN,-70.62
74,17,3,Bryce Young,QB,CAR,1.0,ACT,False,"https://static.www.nfl.com/image/upload/f_auto,q_auto/league/vcvhmxvxw2a3armle0af","https://static.www.nfl.com/image/upload/f_auto,q_auto/league/vcvhmxvxw2a3armle0af",133.25555555555556,117.26488888888888,,,6022.0,46.0,0.0,0.0,0.0,0.0,0.0,0.0,0.0,bryce young,QB,CAR,74,exact_name_pos,Bryce Young,226.3,234.6,197.9,exact_name_pos,Bryce Young,168.9,319.0,exact_name_pos,Bryce Young,121.5,unmatched,,,,3,172.23333333333335,168.9,121.5,226.3,104.80000000000001,98.23333333333335,245.0,Sleeper,152.3
75,9,2,Colston Loveland,TE,CHI,1.0,ACT,False,"https://static.www.nfl.com/image/upload/f_auto,q_auto/league/cnxiyi76jeahgx94nh6d","https://static.www.nfl.com/image/upload/f_auto,q_auto/league/cnxiyi76jeahgx94nh6d",124.61418969945764,117.1373383174902,,,0.0,0.0,0.0,0.0,143.0,101.0,1253.0,12.0,22.90428183062164,colston loveland,TE,CHI,75,exact_name_pos,Colston Loveland,40.5,43.7,46.6,exact_name_pos,Colston Loveland,42.54,43.0,exact_name_pos,Colston Loveland,39.3,name_inside_cbs,C. Loveland  TE  CHI  Colston Loveland  TE  CHI,41.74,41.0,4,41.019999999999996,41.120000000000005,39.3,42.54,3.240000000000002,-33.980000000000004,-32.0,ESPN,-32.46
76,10,2,Hunter Henry,TE,NE,1.0,ACT,False,"https://static.www.nfl.com/image/upload/f_auto,q_auto/league/cvlunbqgztudbhjrug7l","https://static.www.nfl.com/image/upload/f_auto,q_auto/league/cvlunbqgztudbhjrug7l",124.22172841251908,116.76842470776792,,,0.0,0.0,0.0,0.0,151.0,106.0,1332.0,11.0,20.358642062595425,hunter henry,TE,NE,76,exact_name_pos,Hunter Henry,141.0,148.5,91.9,exact_name_pos,Hunter Henry,152.63,200.0,exact_name_pos,Hunter Henry,127.5,name_inside_cbs,H. Henry  TE  NE  Hunter Henry  TE  NE,152.21,160.0,4,143.335,146.60500000000002,127.5,152.63,25.129999999999995,67.33500000000001,124.0,ESPN,76.63
77,42,3,Jakobi Meyers,WR,JAX,3.0,ACT,False,"https://static.www.nfl.com/image/upload/f_auto,q_auto/league/zrs4ij8mvw7wr1uujwew","https://static.www.nfl.com/image/upload/f_auto,q_auto/league/zrs4ij8mvw7wr1uujwew",108.04013287515622,116.68334350516872,,,0.0,0.0,0.0,0.0,209.0,140.0,1527.0,6.0,26.48912591424264,jakobi meyers,WR,JAX,77,exact_name_pos,Jakobi Meyers,124.9,132.5,77.2,exact_name_pos,Jakobi Meyers,122.35,112.0,exact_name_pos,Jakobi Meyers,130.2,name_inside_cbs,J. Meyers  WR  JAC  Hand: Questionable for Week 1 vs. Cleveland  Jakobi Meyers  WR  JAC  Hand: Questionable for Week 1 vs. Cleveland,128.21,129.0,4,126.41499999999999,126.555,122.35,130.2,7.849999999999994,49.41499999999999,35.0,Yahoo,53.19999999999999
78,11,3,George Kittle,TE,SF,1.0,ACT,False,"https://static.www.nfl.com/image/upload/f_auto,q_auto/league/vkicdglglkyukgyxtmpx","https://static.www.nfl.com/image/upload/f_auto,q_auto/league/vkicdglglkyukgyxtmpx",122.88522926301974,115.51211550723856,,,0.0,0.0,0.0,0.0,128.0,106.0,1199.0,13.0,21.50947964843199,george kittle,TE,SF,78,exact_name_pos,George Kittle,83.3,84.7,99.2,exact_name_pos,George Kittle,74.37,79.0,exact_name_pos,George Kittle,83.3,name_inside_cbs,G. Kittle  TE  SF  Achilles: Questionable for Week 1 at L.A. Rams  George Kittle  TE  SF  Achilles: Questionable for Week 1 at L.A. Rams,82.74,80.0,4,80.92750000000001,83.02,74.37,83.3,8.929999999999993,2.927500000000009,1.0,Sleeper,5.299999999999997
79,9,2,Josh Jacobs,RB,GB,4.0,EXE,False,"https://static.www.nfl.com/image/upload/f_auto,q_auto/league/uceokxeo0uqrqms3e3vl","https://static.www.nfl.com/image/upload/f_auto,q_auto/league/uceokxeo0uqrqms3e3vl",106.92857142857144,115.48285714285716,,,0.0,0.0,1815.0,26.0,0.0,0.0,0.0,0.0,0.0,josh jacobs,RB,GB,79,exact_name_pos,Josh Jacobs,38.4,38.7,20.2,exact_name_pos,Josh Jacobs,70.07,92.0,exact_name_pos,Josh Jacobs,46.1,name_inside_cbs,J. Jacobs  RB  GB  Personal: Commissioner's Exempt List  Josh Jacobs  RB  GB  Personal: Commissioner's Exempt List,57.0,55.0,4,52.8925,51.55,38.4,70.07,31.669999999999995,-26.1075,13.0,ESPN,-8.930000000000007
80,10,2,De'Von Achane,RB,MIA,1.0,ACT,False,"https://static.www.nfl.com/image/upload/f_auto,q_auto/league/xk1xwio0bryfxo1ylweu","https://static.www.nfl.com/image/upload/f_auto,q_auto/league/xk1xwio0bryfxo1ylweu",106.47142857142856,114.98914285714284,,,0.0,0.0,2553.0,15.0,0.0,0.0,0.0,0.0,0.0,de von achane,RB,MIA,80,exact_name_pos,De'Von Achane,13.1,13.9,8.0,exact_name_pos,De'Von Achane,12.28,12.0,exact_name_pos,De'Von Achane,15.3,name_inside_cbs,D. Achane  RB  MIA  De'Von Achane  RB  MIA,12.21,11.0,4,13.2225,12.69,12.21,15.3,3.09,-66.7775,-68.0,Yahoo,-64.7
81,11,2,D'Andre Swift,RB,CHI,1.0,ACT,False,"https://static.www.nfl.com/image/upload/f_auto,q_auto/league/owpmwzoilitcodc6cmxo","https://static.www.nfl.com/image/upload/f_auto,q_auto/league/owpmwzoilitcodc6cmxo",103.07142857142856,111.31714285714288,,,0.0,0.0,2105.0,16.0,0.0,0.0,0.0,0.0,0.0,d andre swift,RB,CHI,81,exact_name_pos,D'Andre Swift,51.0,48.7,47.1,exact_name_pos,D'Andre Swift,52.19,47.0,exact_name_pos,D'Andre Swift,45.8,name_inside_cbs,D. Swift  RB  CHI  D'Andre Swift  RB  CHI,37.86,35.0,4,46.712500000000006,48.4,37.86,52.19,14.329999999999998,-34.287499999999994,-34.0,ESPN,-28.810000000000002
82,12,3,Dalton Schultz,TE,HOU,1.0,ACT,False,"https://static.www.nfl.com/image/upload/f_auto,q_auto/league/ym8sbkev8l4scnrc0vd8","https://static.www.nfl.com/image/upload/f_auto,q_auto/league/ym8sbkev8l4scnrc0vd8",118.04910043007172,110.96615440426744,,,0.0,0.0,0.0,0.0,189.0,148.0,1379.0,6.0,18.078835483691996,dalton schultz,TE,HOU,82,exact_name_pos,Dalton Schultz,184.0,207.0,97.6,exact_name_pos,Dalton Schultz,168.83,303.0,exact_name_pos,Dalton Schultz,126.6,name_inside_cbs,D. Schultz  TE  HOU  Texans' Dalton Schultz: Held out of exhibition games  Dalton Schultz  TE  HOU  Texans' Dalton Schultz: Held out of exhibition games,151.91,159.0,4,157.835,160.37,126.6,184.0,57.400000000000006,75.83500000000001,221.0,Sleeper,102.0
83,18,3,Daniel Jones,QB,IND,1.0,ACT,False,"https://static.www.nfl.com/image/upload/f_auto,q_auto/league/ohvvctuykzwrpqer7xgl","https://static.www.nfl.com/image/upload/f_auto,q_auto/league/ohvvctuykzwrpqer7xgl",124.72222222222224,109.75555555555556,,,6142.0,38.0,0.0,0.0,0.0,0.0,0.0,0.0,0.0,daniel jones,QB,IND,83,exact_name_pos,Daniel Jones,203.2,220.1,197.1,exact_name_pos,Daniel Jones,159.96,190.0,exact_name_pos,Daniel Jones,127.1,name_inside_cbs,D. Jones  QB  IND  Daniel Jones  QB  IND,152.96,163.0,4,160.805,156.46,127.1,203.2,76.1,77.805,107.0,Sleeper,120.19999999999999
84,19,4,Lamar Jackson,QB,BAL,1.0,ACT,False,"https://static.www.nfl.com/image/upload/f_auto,q_auto/league/eno6s5qzl9grbfbfwhoa","https://static.www.nfl.com/image/upload/f_auto,q_auto/league/eno6s5qzl9grbfbfwhoa",124.32777777777778,109.40844444444446,,,4847.0,40.0,0.0,0.0,0.0,0.0,0.0,0.0,0.0,lamar jackson,QB,BAL,84,exact_name_pos,Lamar Jackson,31.9,34.7,23.4,exact_name_pos,Lamar Jackson,34.95,44.0,exact_name_pos,Lamar Jackson,38.5,name_inside_cbs,L. Jackson  QB  BAL  Lamar Jackson  QB  BAL,41.29,40.0,4,36.66,36.725,31.9,41.29,9.39,-47.34,-40.0,CBS,-42.71
85,43,4,Christian Watson,WR,GB,1.0,ACT,False,"https://static.www.nfl.com/image/upload/f_auto,q_auto/league/tumeg4d32sirkab2xzu5","https://static.www.nfl.com/image/upload/f_auto,q_auto/league/tumeg4d32sirkab2xzu5",100.40714351742696,108.43971499882116,,,0.0,0.0,0.0,0.0,94.0,58.0,945.0,10.0,36.84340989482714,christian watson,WR,GB,85,exact_name_pos,Christian Watson,69.3,65.9,64.2,exact_name_pos,Christian Watson,89.11,81.0,exact_name_pos,Christian Watson,67.8,name_inside_cbs,C. Watson  WR  GB  Christian Watson  WR  GB,69.27,63.0,4,73.86999999999999,69.285,67.8,89.11,21.310000000000002,-11.13000000000001,-4.0,ESPN,4.109999999999999
86,20,4,C.J. Stroud,QB,HOU,1.0,ACT,False,"https://static.www.nfl.com/image/upload/f_auto,q_auto/league/tt4zrtxlhifaljhj0rn7","https://static.www.nfl.com/image/upload/f_auto,q_auto/league/tt4zrtxlhifaljhj0rn7",122.75,108.02,,,6003.0,38.0,0.0,0.0,0.0,0.0,0.0,0.0,0.0,c j stroud,QB,HOU,86,exact_name_pos,C.J. Stroud,206.0,209.5,166.3,exact_name_pos,C.J. Stroud,165.41,285.0,exact_name_pos,C.J. Stroud,125.5,name_inside_cbs,C. Stroud  QB  HOU  C.J. Stroud  QB  HOU,154.69,168.0,4,162.89999999999998,160.05,125.5,206.0,80.5,76.89999999999998,199.0,Sleeper,120.0
87,44,4,Khalil Shakir,WR,BUF,2.0,ACT,False,"https://static.www.nfl.com/image/upload/f_auto,q_auto/league/syvp3hficobwcsim3i9v","https://static.www.nfl.com/image/upload/f_auto,q_auto/league/syvp3hficobwcsim3i9v",99.3378747422928,107.28490472167624,,,0.0,0.0,0.0,0.0,174.0,135.0,1297.0,6.0,9.42014294223318,khalil shakir,WR,BUF,87,exact_name_pos,Khalil Shakir,145.7,152.6,120.2,exact_name_pos,Khalil Shakir,139.9,135.0,exact_name_pos,Khalil Shakir,130.9,name_inside_cbs,K. Shakir  WR  BUF  Undisclosed: Questionable for Week 1 at Houston  Khalil Shakir  WR  BUF  Undisclosed: Questionable for Week 1 at Houston,152.78,162.0,4,142.32,142.8,130.9,152.78,21.879999999999995,55.31999999999999,48.0,CBS,65.78
88,12,2,Saquon Barkley,RB,PHI,1.0,ACT,False,"https://static.www.nfl.com/image/upload/f_auto,q_auto/league/qcayrzjpura2zydszonh","https://static.www.nfl.com/image/upload/f_auto,q_auto/league/qcayrzjpura2zydszonh",99.14285714285714,107.07428571428572,,,0.0,0.0,2250.0,14.0,0.0,0.0,0.0,0.0,0.0,saquon barkley,RB,PHI,88,exact_name_pos,Saquon Barkley,12.3,10.2,13.4,exact_name_pos,Saquon Barkley,14.03,15.0,exact_name_pos,Saquon Barkley,11.4,name_inside_cbs,S. Barkley  RB  PHI  Saquon Barkley  RB  PHI,13.91,14.0,4,12.91,13.105,11.4,14.03,2.629999999999999,-75.09,-73.0,ESPN,-73.97
89,45,4,Rashid Shaheed,WR,SEA,2.0,ACT,False,"https://static.www.nfl.com/image/upload/f_auto,q_auto/league/ku2naisfbxmzgagxojnm","https://static.www.nfl.com/image/upload/f_auto,q_auto/league/ku2naisfbxmzgagxojnm",98.61356116641088,106.50264605972376,,,0.0,0.0,0.0,0.0,175.0,114.0,1354.0,4.0,30.16395967820825,rashid shaheed,WR,SEA,89,exact_name_pos,Rashid Shaheed,148.8,150.8,161.9,exact_name_pos,Rashid Shaheed,160.65,214.0,exact_name_pos,Rashid Shaheed,128.4,name_inside_cbs,R. Shaheed  WR  SEA  Rashid Shaheed  WR  SEA,143.81,148.0,4,145.41500000000002,146.305,128.4,160.65,32.25,56.41500000000002,125.0,ESPN,71.65
90,46,4,Garrett Wilson,WR,NYJ,1.0,ACT,False,"https://static.www.nfl.com/image/upload/f_auto,q_auto/league/upxwxmhdd8xluztgqwhe","https://static.www.nfl.com/image/upload/f_auto,q_auto/league/upxwxmhdd8xluztgqwhe",98.35015604537568,106.21816852900577,,,0.0,0.0,0.0,0.0,115.0,72.0,790.0,8.0,42.23154945764759,garrett wilson,WR,NYJ,90,exact_name_pos,Garrett Wilson,46.7,44.9,38.4,exact_name_pos,Garrett Wilson,37.11,29.0,exact_name_pos,Garrett Wilson,48.2,name_inside_cbs,G. Wilson  WR  NYJ  Garrett Wilson  WR  NYJ,46.43,45.0,4,44.61,46.565,37.11,48.2,11.090000000000003,-45.39,-61.0,Yahoo,-41.8
91,13,2,Travis Etienne,RB,NO,1.0,ACT,False,"https://static.www.nfl.com/image/upload/f_auto,q_auto/league/pwko5dybmjie8qqo4qz2","https://static.www.nfl.com/image/upload/f_auto,q_auto/league/pwko5dybmjie8qqo4qz2",98.0,105.84,,,0.0,0.0,2170.0,14.0,0.0,0.0,0.0,0.0,0.0,travis etienne,RB,NO,91,exact_name_pos,Travis Etienne,44.0,40.2,34.4,exact_name_pos,Travis Etienne Jr.,41.07,35.0,exact_name_pos,Travis Etienne Jr.,42.2,name_inside_cbs,T. Etienne  RB  NO  Travis Etienne  RB  NO,36.04,33.0,4,40.8275,41.635000000000005,36.04,44.0,7.960000000000001,-50.1725,-56.0,Sleeper,-47.0
92,47,4,Josh Downs,WR,IND,2.0,ACT,False,"https://static.www.nfl.com/image/upload/f_auto,q_auto/league/z3wahaxpmc6d5lcxgh60","https://static.www.nfl.com/image/upload/f_auto,q_auto/league/z3wahaxpmc6d5lcxgh60",96.13068877836297,103.821143880632,,,0.0,0.0,0.0,0.0,161.0,104.0,969.0,7.0,19.864982353353263,josh downs,WR,IND,92,exact_name_pos,Josh Downs,113.8,112.2,111.1,exact_name_pos,Josh Downs,136.59,131.0,exact_name_pos,Josh Downs,106.8,name_inside_cbs,J. Downs  WR  IND  Calf: Questionable for Week 1 vs. Baltimore  Josh Downs  WR  IND  Calf: Questionable for Week 1 vs. Baltimore,119.8,122.0,4,119.2475,116.8,106.8,136.59,29.790000000000006,27.247500000000002,39.0,ESPN,44.59
93,13,3,Juwan Johnson,TE,NO,1.0,ACT,False,"https://static.www.nfl.com/image/upload/f_auto,q_auto/league/ahzqkvhjot6lygwr4ccb","https://static.www.nfl.com/image/upload/f_auto,q_auto/league/ahzqkvhjot6lygwr4ccb",109.1121528184548,102.5654236493475,,,0.0,0.0,0.0,0.0,175.0,128.0,1432.0,4.0,18.47743075894056,juwan johnson,TE,NO,93,exact_name_pos,Juwan Johnson,179.5,161.6,102.6,exact_name_pos,Juwan Johnson,158.04,191.0,exact_name_pos,Juwan Johnson,124.2,name_inside_cbs,J. Johnson  TE  NO  Juwan Johnson  TE  NO,139.62,141.0,4,150.33999999999997,148.82999999999998,124.2,179.5,55.3,57.339999999999975,98.0,Sleeper,86.5
94,21,4,Brock Purdy,QB,SF,1.0,ACT,False,"https://static.www.nfl.com/image/upload/f_auto,q_auto/league/xs2fyj1sqdgwvt9ihbri","https://static.www.nfl.com/image/upload/f_auto,q_auto/league/xs2fyj1sqdgwvt9ihbri",113.07777777777778,99.50844444444444,,,4334.0,40.0,0.0,0.0,0.0,0.0,0.0,0.0,0.0,brock purdy,QB,SF,94,exact_name_pos,Brock Purdy,122.7,125.4,106.2,exact_name_pos,Brock Purdy,110.18,120.0,exact_name_pos,Brock Purdy,98.4,name_inside_cbs,B. Purdy  QB  SF  Brock Purdy  QB  SF,97.5,95.0,4,107.195,104.29,97.5,122.7,25.200000000000003,13.194999999999993,26.0,Sleeper,28.700000000000003
95,14,3,Colby Parkinson,TE,LA,1.0,ACT,False,"https://static.www.nfl.com/image/upload/f_auto,q_auto/league/qsyrgtfjj06wryahnxc9","https://static.www.nfl.com/image/upload/f_auto,q_auto/league/qsyrgtfjj06wryahnxc9",105.72882508982524,99.38509558443572,,,0.0,0.0,0.0,0.0,92.0,69.0,672.0,14.0,8.644125449126186,colby parkinson,TE,LA,95,exact_name_pos,Colby Parkinson,251.4,261.8,135.7,exact_name_pos,Colby Parkinson,170.21,442.0,unmatched,,,unmatched,,,,2,210.805,210.805,170.21,251.4,81.19,115.805,347.0,Sleeper,156.4
96,14,2,TreVeyon Henderson,RB,NE,2.0,ACT,False,"https://static.www.nfl.com/image/upload/f_auto,q_auto/league/ebcjvwytgu2y4kqm8ihv","https://static.www.nfl.com/image/upload/f_auto,q_auto/league/ebcjvwytgu2y4kqm8ihv",91.2,98.496,,,0.0,0.0,1694.0,17.0,0.0,0.0,0.0,0.0,0.0,treveyon henderson,RB,NE,96,exact_name_pos,TreVeyon Henderson,57.2,56.9,39.4,exact_name_pos,TreVeyon Henderson,77.87,66.0,exact_name_pos,TreVeyon Henderson,66.4,name_inside_cbs,T. Henderson  RB  NE  Ankle: Questionable for Week 1 at Seattle  TreVeyon Henderson  RB  NE  Ankle: Questionable for Week 1 at Seattle,72.28,68.0,4,68.4375,69.34,57.2,77.87,20.67,-27.5625,-30.0,ESPN,-18.129999999999995
97,48,4,Mike Evans,WR,SF,1.0,ACT,False,"https://static.www.nfl.com/image/upload/f_auto,q_auto/league/zc4ujpmndyxrbiyyjomz","https://static.www.nfl.com/image/upload/f_auto,q_auto/league/zc4ujpmndyxrbiyyjomz",91.17070695263274,98.46436350884336,,,0.0,0.0,0.0,0.0,118.0,58.0,702.0,6.0,39.35353476316375,mike evans,WR,SF,97,exact_name_pos,Mike Evans,62.5,62.1,59.5,exact_name_pos,Mike Evans,84.49,68.0,exact_name_pos,Mike Evans,69.2,name_inside_cbs,M. Evans  WR  SF  Groin: Questionable for Week 1 at L.A. Rams  Mike Evans  WR  SF  Groin: Questionable for Week 1 at L.A. Rams,70.69,66.0,4,71.72,69.945,62.5,84.49,21.989999999999995,-25.28,-29.0,ESPN,-12.510000000000005
98,49,4,Jordan Addison,WR,MIN,2.0,ACT,False,"https://static.www.nfl.com/image/upload/f_auto,q_auto/league/mi4lzk9gvjrvo6rwdf1e","https://static.www.nfl.com/image/upload/f_auto,q_auto/league/mi4lzk9gvjrvo6rwdf1e",90.28558616851706,97.50843306199845,,,0.0,0.0,0.0,0.0,140.0,74.0,1046.0,5.0,40.96639238104688,jordan addison,WR,MIN,98,exact_name_pos,Jordan Addison,103.4,100.4,98.9,exact_name_pos,Jordan Addison,120.53,130.0,exact_name_pos,Jordan Addison,115.7,name_inside_cbs,J. Addison  WR  MIN  Jordan Addison  WR  MIN,110.45,110.0,4,112.52,113.075,103.4,120.53,17.129999999999995,14.519999999999996,32.0,ESPN,22.53
99,15,2,Quinshon Judkins,RB,CLE,1.0,ACT,False,"https://static.www.nfl.com/image/upload/f_auto,q_auto/league/ojtce2im0wp2ltyel0vc","https://static.www.nfl.com/image/upload/f_auto,q_auto/league/ojtce2im0wp2ltyel0vc",90.04285714285714,97.24628571428572,,,0.0,0.0,1613.0,14.0,0.0,0.0,0.0,0.0,0.0,quinshon judkins,RB,CLE,99,exact_name_pos,Quinshon Judkins,53.7,49.4,44.8,exact_name_pos,Quinshon Judkins,48.99,40.0,exact_name_pos,Quinshon Judkins,54.4,name_inside_cbs,Q. Judkins  RB  CLE  Quinshon Judkins  RB  CLE,50.26,47.0,4,51.8375,51.980000000000004,48.99,54.4,5.409999999999997,-47.1625,-59.0,Yahoo,-44.6
100,16,2,Chase Brown,RB,CIN,1.0,ACT,False,"https://static.www.nfl.com/image/upload/f_auto,q_auto/league/tch3y6jlj7khvyi9jg0c","https://static.www.nfl.com/image/upload/f_auto,q_auto/league/tch3y6jlj7khvyi9jg0c",89.12857142857143,96.25885714285717,,,0.0,0.0,1969.0,12.0,0.0,0.0,0.0,0.0,0.0,chase brown,RB,CIN,100,exact_name_pos,Chase Brown,16.7,17.8,17.8,exact_name_pos,Chase Brown,17.2,14.0,exact_name_pos,Chase Brown,15.8,name_inside_cbs,C. Brown  RB  CIN  Chase Brown  RB  CIN,12.11,10.0,4,15.4525,16.25,12.11,17.2,5.09,-84.5475,-86.0,ESPN,-82.8
101,22,4,Cam Ward,QB,TEN,1.0,ACT,False,"https://static.www.nfl.com/image/upload/f_auto,q_auto/league/l7switu6stlwd2irm8yo","https://static.www.nfl.com/image/upload/f_auto,q_auto/league/l7switu6stlwd2irm8yo",109.12222222222222,96.02755555555557,,,6286.0,30.0,0.0,0.0,0.0,0.0,0.0,0.0,0.0,cam ward,QB,TEN,101,exact_name_pos,Cam Ward,229.5,230.2,191.2,exact_name_pos,Cam Ward,169.21,320.0,exact_name_pos,Cam Ward,124.3,unmatched,,,,3,174.33666666666667,169.21,124.3,229.5,105.2,73.33666666666667,219.0,Sleeper,128.5
102,17,2,Jaylen Warren,RB,PIT,1.0,ACT,False,"https://static.www.nfl.com/image/upload/f_auto,q_auto/league/dkiteytgnxar1mpaxcxv","https://static.www.nfl.com/image/upload/f_auto,q_auto/league/dkiteytgnxar1mpaxcxv",88.18571428571428,95.24057142857144,,,0.0,0.0,1903.0,12.0,0.0,0.0,0.0,0.0,0.0,jaylen warren,RB,PIT,102,exact_name_pos,Jaylen Warren,71.4,67.5,51.9,exact_name_pos,Jaylen Warren,87.4,88.0,exact_name_pos,Jaylen Warren,76.3,name_inside_cbs,J. Warren  RB  PIT  Jaylen Warren  RB  PIT,79.51,76.0,4,78.6525,77.905,71.4,87.4,16.0,-23.347499999999997,-14.0,ESPN,-14.599999999999994
103,18,2,Jacory Croskey-Merritt,RB,WAS,1.0,ACT,False,"https://static.www.nfl.com/image/upload/f_auto,q_auto/league/qew4qhlj4yuf50voko61","https://static.www.nfl.com/image/upload/f_auto,q_auto/league/qew4qhlj4yuf50voko61",86.85714285714286,93.8057142857143,,,0.0,0.0,1390.0,14.0,0.0,0.0,0.0,0.0,0.0,jacory croskey merritt,RB,WAS,103,exact_name_pos,Jacory Croskey-Merritt,115.8,98.1,94.8,exact_name_pos,Jacory Croskey-Merritt,135.86,147.0,exact_name_pos,Jacory Croskey-Merritt,107.0,name_inside_cbs,J. Croskey-Merritt  RB  WAS  Lower Body: Questionable for Week 1 at Philadelphia  Jacory Croskey-Merritt  RB  WAS  Lower Body: Questionable for Week 1 at Philadelphia,104.55,103.0,4,115.80250000000001,111.4,104.55,135.86,31.310000000000016,12.802500000000009,44.0,ESPN,32.860000000000014
104,23,4,Tua Tagovailoa,QB,ATL,1.0,ACT,False,"https://static.www.nfl.com/image/upload/f_auto,q_auto/league/tmm4ohds7qci0vqoobhm","https://static.www.nfl.com/image/upload/f_auto,q_auto/league/tmm4ohds7qci0vqoobhm",106.55555555555556,93.7688888888889,,,5320.0,40.0,0.0,0.0,0.0,0.0,0.0,0.0,0.0,tua tagovailoa,QB,ATL,104,exact_name_pos,Tua Tagovailoa,236.5,258.4,238.8,exact_name_pos,Tua Tagovailoa,170.09,422.0,unmatched,,,unmatched,,,,2,203.29500000000002,203.29500000000002,170.09,236.5,66.41,99.29500000000002,318.0,Sleeper,132.5
105,50,4,Elic Ayomanor,WR,TEN,5.0,ACT,False,"https://static.www.nfl.com/image/upload/f_auto,q_auto/league/jjmscqt6v4ecasveugoh","https://static.www.nfl.com/image/upload/f_auto,q_auto/league/jjmscqt6v4ecasveugoh",86.79001732053955,93.73321870618273,,,0.0,0.0,0.0,0.0,166.0,75.0,923.0,7.0,35.45008660269772,elic ayomanor,WR,TEN,105,exact_name_pos,Elic Ayomanor,241.5,699.1,184.8,unmatched,,,,unmatched,,,unmatched,,,,1,241.5,241.5,241.5,241.5,0.0,136.5,,Sleeper,136.5
106,24,4,Joe Burrow,QB,CIN,1.0,ACT,False,"https://static.www.nfl.com/image/upload/f_auto,q_auto/league/gnnvcgui1cijybukk2w7","https://static.www.nfl.com/image/upload/f_auto,q_auto/league/gnnvcgui1cijybukk2w7",105.2777777777778,92.64444444444445,,,3542.0,33.0,0.0,0.0,0.0,0.0,0.0,0.0,0.0,joe burrow,QB,CIN,106,exact_name_pos,Joe Burrow,52.2,53.9,54.0,exact_name_pos,Joe Burrow,53.89,70.0,exact_name_pos,Joe Burrow,50.1,name_inside_cbs,J. Burrow  QB  CIN  Joe Burrow  QB  CIN,51.74,48.0,4,51.9825,51.97,50.1,53.89,3.789999999999999,-54.0175,-36.0,ESPN,-52.11
107,25,4,Jaxson Dart,QB,NYG,1.0,ACT,False,"https://static.www.nfl.com/image/upload/f_auto,q_auto/league/n6uymxssgiicjmxkzxoc","https://static.www.nfl.com/image/upload/f_auto,q_auto/league/n6uymxssgiicjmxkzxoc",105.2611111111111,92.62977777777778,,,4511.0,30.0,0.0,0.0,0.0,0.0,0.0,0.0,0.0,jaxson dart,QB,NYG,107,exact_name_pos,Jaxson Dart,94.5,104.6,83.6,exact_name_pos,Jaxson Dart,83.2,91.0,exact_name_pos,Jaxson Dart,91.8,name_inside_cbs,J. Dart  QB  NYG  Jaxson Dart  QB  NYG,110.04,109.0,4,94.885,93.15,83.2,110.04,26.840000000000003,-12.114999999999995,-16.0,CBS,3.0400000000000063
108,19,2,Tony Pollard,RB,TEN,1.0,ACT,False,"https://static.www.nfl.com/image/upload/f_auto,q_auto/league/mb2xdrqiys6ktlcuah2n","https://static.www.nfl.com/image/upload/f_auto,q_auto/league/mb2xdrqiys6ktlcuah2n",85.65714285714286,92.5097142857143,,,0.0,0.0,2146.0,10.0,0.0,0.0,0.0,0.0,0.0,tony pollard,RB,TEN,108,exact_name_pos,Tony Pollard,84.5,78.1,63.4,exact_name_pos,Tony Pollard,88.63,75.0,exact_name_pos,Tony Pollard,85.9,name_inside_cbs,T. Pollard  RB  TEN  Tony Pollard  RB  TEN,77.1,73.0,4,84.0325,85.2,77.1,88.63,11.530000000000001,-23.9675,-33.0,ESPN,-19.370000000000005
109,15,3,Theo Johnson,TE,NYG,2.0,ACT,False,"https://static.www.nfl.com/image/upload/f_auto,q_auto/league/fv2jbzlocr1o3ahkru43","https://static.www.nfl.com/image/upload/f_auto,q_auto/league/fv2jbzlocr1o3ahkru43",98.3848054726449,92.4817171442862,,,0.0,0.0,0.0,0.0,125.0,77.0,886.0,10.0,21.840694029891196,theo johnson,TE,NYG,109,exact_name_pos,Theo Johnson,232.2,262.8,144.2,exact_name_pos,Theo Johnson,170.11,465.0,unmatched,,,unmatched,,,,2,201.155,201.155,170.11,232.2,62.089999999999975,92.155,356.0,Sleeper,123.19999999999999
110,20,2,Kenneth Walker III,RB,KC,1.0,ACT,False,"https://static.www.nfl.com/image/upload/f_auto,q_auto/league/vk6nruaqdewdglofcwwg","https://static.www.nfl.com/image/upload/f_auto,q_auto/league/vk6nruaqdewdglofcwwg",84.1,90.828,,,0.0,0.0,2037.0,10.0,0.0,0.0,0.0,0.0,0.0,kenneth walker,RB,KC,110,exact_name_pos,Kenneth Walker,20.1,17.8,22.7,exact_name_pos,Kenneth Walker III,24.9,28.0,exact_name_pos,Kenneth Walker III,15.5,name_inside_cbs,K. Walker III  RB  KC  Kenneth Walker III  RB  KC,17.22,16.0,4,19.43,18.66,15.5,24.9,9.399999999999999,-90.57,-82.0,ESPN,-85.1
111,26,4,Geno Smith,QB,NYJ,1.0,ACT,False,"https://static.www.nfl.com/image/upload/f_auto,q_auto/league/zppfqqcyjfma14jjif3a","https://static.www.nfl.com/image/upload/f_auto,q_auto/league/zppfqqcyjfma14jjif3a",101.41111111111113,89.24177777777778,,,6050.0,38.0,0.0,0.0,0.0,0.0,0.0,0.0,0.0,geno smith,QB,NYJ,111,exact_name_pos,Geno Smith,,257.0,,exact_name_pos,Geno Smith,170.04,382.0,unmatched,,,unmatched,,,,1,170.04,170.04,170.04,170.04,0.0,59.03999999999999,271.0,ESPN,59.03999999999999
112,16,3,AJ Barner,TE,SEA,1.0,ACT,False,"https://static.www.nfl.com/image/upload/f_auto,q_auto/league/i0esiguve9if4ts5mm1q","https://static.www.nfl.com/image/upload/f_auto,q_auto/league/i0esiguve9if4ts5mm1q",94.28401544706313,88.62697452023932,,,0.0,0.0,0.0,0.0,103.0,80.0,753.0,9.0,10.920077235315574,aj barner,TE,SEA,112,exact_name_pos,AJ Barner,182.6,196.2,125.9,exact_name_pos,AJ Barner,169.77,317.0,exact_name_pos,AJ Barner,125.5,name_inside_cbs,A. Barner  TE  SEA  AJ Barner  TE  SEA,167.96,204.0,4,161.4575,168.865,125.5,182.6,57.099999999999994,49.45750000000001,205.0,Sleeper,70.6
113,51,4,Adonai Mitchell,WR,NYJ,2.0,ACT,False,"https://static.www.nfl.com/image/upload/f_auto,q_auto/league/hwwacoa3pqapd7pgahfx","https://static.www.nfl.com/image/upload/f_auto,q_auto/league/hwwacoa3pqapd7pgahfx",81.99479956612551,88.55438353141555,,,0.0,0.0,0.0,0.0,129.0,57.0,754.0,4.0,50.72399783062754,adonai mitchell,WR,NYJ,113,exact_name_pos,Adonai Mitchell,231.0,223.2,162.2,exact_name_pos,Adonai Mitchell,171.22,221.0,unmatched,,,unmatched,,,,2,201.11,201.11,171.22,231.0,59.78,88.11000000000001,108.0,Sleeper,118.0
114,21,3,Ashton Jeanty,RB,LV,1.0,ACT,False,"https://static.www.nfl.com/image/upload/f_auto,q_auto/league/syspis1mntov9kgspb7r","https://static.www.nfl.com/image/upload/f_auto,q_auto/league/syspis1mntov9kgspb7r",81.95714285714286,88.51371428571429,,,0.0,0.0,1887.0,10.0,0.0,0.0,0.0,0.0,0.0,ashton jeanty,RB,LV,114,exact_name_pos,Ashton Jeanty,14.0,14.9,11.5,exact_name_pos,Ashton Jeanty,21.72,17.0,exact_name_pos,Ashton Jeanty,17.4,name_inside_cbs,A. Jeanty  RB  LV  Ankle: Questionable for Week 1 vs. Miami  Ashton Jeanty  RB  LV  Ankle: Questionable for Week 1 vs. Miami,21.98,21.0,4,18.775,19.56,14.0,21.98,7.98,-95.225,-97.0,CBS,-92.02
115,52,4,Terry McLaurin,WR,WAS,1.0,ACT,False,"https://static.www.nfl.com/image/upload/f_auto,q_auto/league/tmfl2zruajmkrtcg4zxp","https://static.www.nfl.com/image/upload/f_auto,q_auto/league/tmfl2zruajmkrtcg4zxp",81.71227754305087,88.24925974649494,,,0.0,0.0,0.0,0.0,96.0,58.0,830.0,4.0,39.71523386910049,terry mclaurin,WR,WAS,115,exact_name_pos,Terry McLaurin,56.3,53.7,55.6,exact_name_pos,Terry McLaurin,60.95,51.0,exact_name_pos,Terry McLaurin,54.1,name_inside_cbs,T. McLaurin  WR  WAS  Terry McLaurin  WR  WAS,57.91,58.0,4,57.315,57.105,54.1,60.95,6.850000000000001,-57.685,-64.0,ESPN,-54.05
116,17,3,Mark Andrews,TE,BAL,1.0,ACT,False,"https://static.www.nfl.com/image/upload/f_auto,q_auto/league/u4xzz7tclch0tpzm9hhz","https://static.www.nfl.com/image/upload/f_auto,q_auto/league/u4xzz7tclch0tpzm9hhz",93.51742382377726,87.90637839435063,,,0.0,0.0,0.0,0.0,111.0,76.0,669.0,8.0,20.08711911888635,mark andrews,TE,BAL,116,exact_name_pos,Mark Andrews,128.3,122.9,95.9,exact_name_pos,Mark Andrews,126.38,150.0,exact_name_pos,Mark Andrews,113.2,name_inside_cbs,M. Andrews  TE  BAL  Mark Andrews  TE  BAL,118.23,119.0,4,121.5275,122.305,113.2,128.3,15.100000000000009,5.527500000000003,34.0,Sleeper,12.300000000000011
117,22,3,David Montgomery,RB,HOU,1.0,ACT,False,"https://static.www.nfl.com/image/upload/f_auto,q_auto/league/csz0c9roa4pqsccothxg","https://static.www.nfl.com/image/upload/f_auto,q_auto/league/csz0c9roa4pqsccothxg",80.72857142857143,87.18685714285715,,,0.0,0.0,1171.0,13.0,0.0,0.0,0.0,0.0,0.0,david montgomery,RB,HOU,117,exact_name_pos,David Montgomery,47.2,44.0,48.3,exact_name_pos,David Montgomery,61.92,60.0,exact_name_pos,David Montgomery,53.1,name_inside_cbs,D. Montgomery  RB  HOU  David Montgomery  RB  HOU,51.9,49.0,4,53.53,52.5,47.2,61.92,14.719999999999999,-63.47,-57.0,ESPN,-55.08
118,23,3,Rico Dowdle,RB,PIT,2.0,ACT,False,"https://static.www.nfl.com/image/upload/f_auto,q_auto/league/mx2bxccuzmdvzbksypws","https://static.www.nfl.com/image/upload/f_auto,q_auto/league/mx2bxccuzmdvzbksypws",80.11428571428571,86.52342857142858,,,0.0,0.0,1968.0,12.0,0.0,0.0,0.0,0.0,0.0,rico dowdle,RB,PIT,118,exact_name_pos,Rico Dowdle,86.2,83.2,65.2,exact_name_pos,Rico Dowdle,95.27,106.0,exact_name_pos,Rico Dowdle,86.5,name_inside_cbs,R. Dowdle  RB  PIT  Rico Dowdle  RB  PIT,80.68,77.0,4,87.16250000000001,86.35,80.68,95.27,14.58999999999999,-30.83749999999999,-12.0,ESPN,-22.730000000000004
119,18,3,Dalton Kincaid,TE,BUF,1.0,ACT,False,"https://static.www.nfl.com/image/upload/f_auto,q_auto/league/z7k857flehljboaixj8m","https://static.www.nfl.com/image/upload/f_auto,q_auto/league/z7k857flehljboaixj8m",91.26220054557272,85.78646851283835,,,0.0,0.0,0.0,0.0,78.0,64.0,924.0,8.0,28.8110027278636,dalton kincaid,TE,BUF,119,exact_name_pos,Dalton Kincaid,87.6,91.5,81.1,exact_name_pos,Dalton Kincaid,130.84,157.0,exact_name_pos,Dalton Kincaid,97.8,name_inside_cbs,D. Kincaid  TE  BUF  Dalton Kincaid  TE  BUF,117.84,118.0,4,108.52000000000001,107.82,87.6,130.84,43.24000000000001,-10.47999999999999,38.0,ESPN,11.840000000000003
120,24,3,Breece Hall,RB,NYJ,1.0,ACT,False,"https://static.www.nfl.com/image/upload/f_auto,q_auto/league/i01xtqbfajfq68lb6orh","https://static.www.nfl.com/image/upload/f_auto,q_auto/league/i01xtqbfajfq68lb6orh",79.1,85.428,,,0.0,0.0,2107.0,8.0,0.0,0.0,0.0,0.0,0.0,breece hall,RB,NYJ,120,exact_name_pos,Breece Hall,34.1,31.8,27.1,exact_name_pos,Breece Hall,35.89,30.0,exact_name_pos,Breece Hall,34.7,name_inside_cbs,B. Hall  RB  NYJ  Groin: Questionable for Week 1 at Tennessee  Breece Hall  RB  NYJ  Groin: Questionable for Week 1 at Tennessee,40.44,38.0,4,36.2825,35.295,34.1,40.44,6.339999999999996,-83.7175,-90.0,CBS,-79.56
121,19,4,Chig Okonkwo,TE,WAS,1.0,ACT,False,"https://static.www.nfl.com/image/upload/f_auto,q_auto/league/pzcez6pi9tpdqkmjjnzk","https://static.www.nfl.com/image/upload/f_auto,q_auto/league/pzcez6pi9tpdqkmjjnzk",90.28924222976542,84.8718876959795,,,0.0,0.0,0.0,0.0,138.0,98.0,971.0,4.0,9.02954448216046,chig okonkwo,TE,WAS,121,exact_name_pos,Chig Okonkwo,192.0,192.1,136.9,exact_name_pos,Chig Okonkwo,170.19,315.0,exact_name_pos,Chig Okonkwo,126.5,unmatched,,,,3,162.89666666666668,170.19,126.5,192.0,65.5,41.896666666666675,194.0,Sleeper,71.0
122,20,4,Cade Otton,TE,TB,1.0,ACT,False,"https://static.www.nfl.com/image/upload/f_auto,q_auto/league/yanr6h9aplae3jyzimf7","https://static.www.nfl.com/image/upload/f_auto,q_auto/league/yanr6h9aplae3jyzimf7",86.37270936131685,81.19034679963784,,,0.0,0.0,0.0,0.0,139.0,101.0,1034.0,2.0,14.94688013991756,cade otton,TE,TB,122,exact_name_pos,Cade Otton,233.1,246.0,147.5,exact_name_pos,Cade Otton,170.33,369.0,unmatched,,,name_inside_cbs,C. Otton  TE  TB  Cade Otton  TE  TB,166.41,197.0,3,189.9466666666667,170.33,166.41,233.1,66.69,67.94666666666669,247.0,Sleeper,111.1
123,21,4,Brenton Strange,TE,JAX,1.0,ACT,False,"https://static.www.nfl.com/image/upload/f_auto,q_auto/league/devxzxwf1sfficgncggm","https://static.www.nfl.com/image/upload/f_auto,q_auto/league/devxzxwf1sfficgncggm",85.77752626450354,80.63087468863331,,,0.0,0.0,0.0,0.0,108.0,83.0,928.0,5.0,11.554297989184285,brenton strange,TE,JAX,123,exact_name_pos,Brenton Strange,155.2,170.3,103.7,exact_name_pos,Brenton Strange,167.71,274.0,exact_name_pos,Brenton Strange,129.4,name_inside_cbs,B. Strange  TE  JAC  Brenton Strange  TE  JAC,141.58,144.0,4,148.4725,148.39,129.4,167.71,38.31,25.472499999999997,151.0,ESPN,44.71000000000001
124,22,4,Oronde Gadsden II,TE,LAC,3.0,ACT,False,"https://static.www.nfl.com/image/upload/f_auto,q_auto/league/r8b4oghjwhw8x9nv1wbs","https://static.www.nfl.com/image/upload/f_auto,q_auto/league/r8b4oghjwhw8x9nv1wbs",84.3233292748312,79.26392951834131,,,0.0,0.0,0.0,0.0,125.0,90.0,1234.0,6.0,21.53331304082263,oronde gadsden,TE,LAC,124,exact_name_pos,Oronde Gadsden,142.7,172.4,83.1,exact_name_pos,Oronde Gadsden,170.22,416.0,exact_name_pos,Oronde Gadsden,126.6,unmatched,,,,3,146.50666666666666,142.7,126.6,170.22,43.620000000000005,22.50666666666666,292.0,ESPN,46.22
125,23,4,Sam LaPorta,TE,DET,1.0,ACT,False,"https://static.www.nfl.com/image/upload/f_auto,q_auto/league/wxlk7ysg2nfq6h6ntdcu","https://static.www.nfl.com/image/upload/f_auto,q_auto/league/wxlk7ysg2nfq6h6ntdcu",83.68364090023017,78.66262244621636,,,0.0,0.0,0.0,0.0,83.0,67.0,865.0,6.0,21.584871167817514,sam laporta,TE,DET,125,exact_name_pos,Sam LaPorta,58.8,64.5,79.4,exact_name_pos,Sam LaPorta,73.81,89.0,exact_name_pos,Sam LaPorta,63.2,name_inside_cbs,S. LaPorta  TE  DET  Hip: Questionable for Week 1 vs. New Orleans  Sam LaPorta  TE  DET  Hip: Questionable for Week 1 vs. New Orleans,70.68,65.0,4,66.6225,66.94,58.8,73.81,15.010000000000005,-58.3775,-36.0,ESPN,-51.19
126,53,4,Malik Washington,WR,MIA,1.0,ACT,False,"https://static.www.nfl.com/image/upload/f_auto,q_auto/league/dmaiwnmaal9nrwfskl28","https://static.www.nfl.com/image/upload/f_auto,q_auto/league/dmaiwnmaal9nrwfskl28",72.34678989400568,78.13453308552614,,,0.0,0.0,0.0,0.0,103.0,72.0,467.0,4.0,12.0608725469515,malik washington,WR,MIA,126,exact_name_pos,Malik Washington,176.4,179.5,,exact_name_pos,Malik Washington,170.11,308.0,unmatched,,,unmatched,,,,2,173.255,173.255,170.11,176.4,6.289999999999992,47.254999999999995,182.0,Sleeper,50.400000000000006
127,54,4,Jalen Nailor,WR,LV,2.0,ACT,False,"https://static.www.nfl.com/image/upload/f_auto,q_auto/league/nojopyt8hxuwycxyaokb","https://static.www.nfl.com/image/upload/f_auto,q_auto/league/nojopyt8hxuwycxyaokb",71.41069194631031,77.12354730201514,,,0.0,0.0,0.0,0.0,74.0,43.0,683.0,7.0,27.01499819309,jalen nailor,WR,LV,127,exact_name_pos,Jalen Nailor,183.5,167.1,197.3,exact_name_pos,Jalen Nailor,171.15,228.0,exact_name_pos,Jalen Nailor,129.2,name_inside_cbs,J. Nailor  WR  LV  Jalen Nailor  WR  LV,171.35,213.0,4,163.79999999999998,171.25,129.2,183.5,54.30000000000001,36.79999999999998,101.0,Sleeper,56.5
128,25,3,J.K. Dobbins,RB,DEN,1.0,ACT,False,"https://static.www.nfl.com/image/upload/f_auto,q_auto/league/cevotvl3ho5h1mioruyg","https://static.www.nfl.com/image/upload/f_auto,q_auto/league/cevotvl3ho5h1mioruyg",71.05714285714285,76.74171428571428,,,0.0,0.0,1544.0,8.0,0.0,0.0,0.0,0.0,0.0,j k dobbins,RB,DEN,128,exact_name_pos,J.K. Dobbins,92.5,85.1,68.3,exact_name_pos,J.K. Dobbins,111.93,122.0,exact_name_pos,J.K. Dobbins,94.9,name_inside_cbs,J. Dobbins  RB  DEN  J.K. Dobbins  RB  DEN,86.75,85.0,4,96.52000000000001,93.7,86.75,111.93,25.180000000000007,-31.47999999999999,-6.0,ESPN,-16.069999999999993
129,55,4,Marquise Brown,WR,PHI,4.0,ACT,False,"https://static.www.nfl.com/image/upload/f_auto,q_auto/league/shkjxggufymydgp6wk3p","https://static.www.nfl.com/image/upload/f_auto,q_auto/league/shkjxggufymydgp6wk3p",70.72862791976172,76.38691815334266,,,0.0,0.0,0.0,0.0,120.0,78.0,908.0,6.0,28.79698575265473,marquise brown,WR,PHI,129,exact_name_pos,Marquise Brown,,684.9,,unmatched,,,,unmatched,,,unmatched,,,,0,,,,,,,,,
130,56,4,Chimere Dike,WR,TEN,4.0,ACT,False,"https://static.www.nfl.com/image/upload/f_auto,q_auto/league/cbcpv4931dqmgsu3anvo","https://static.www.nfl.com/image/upload/f_auto,q_auto/league/cbcpv4931dqmgsu3anvo",70.29313349526377,75.91658417488487,,,0.0,0.0,0.0,0.0,122.0,80.0,712.0,7.0,24.19643670708806,chimere dike,WR,TEN,130,exact_name_pos,Chimere Dike,229.4,657.8,174.6,unmatched,,,,unmatched,,,unmatched,,,,1,229.4,229.4,229.4,229.4,0.0,99.4,,Sleeper,99.4
131,24,4,T.J. Hockenson,TE,MIN,1.0,ACT,False,"https://static.www.nfl.com/image/upload/f_auto,q_auto/league/rs8o65x0u0n9xzde0fd6","https://static.www.nfl.com/image/upload/f_auto,q_auto/league/rs8o65x0u0n9xzde0fd6",80.31912828043761,75.49998058361135,,,0.0,0.0,0.0,0.0,109.0,85.0,771.0,4.0,12.095641402188033,t j hockenson,TE,MIN,131,exact_name_pos,T.J. Hockenson,165.4,184.8,127.7,exact_name_pos,T.J. Hockenson,151.36,201.0,exact_name_pos,T.J. Hockenson,128.4,name_inside_cbs,T. Hockenson  TE  MIN  T.J. Hockenson  TE  MIN,165.51,194.0,4,152.6675,158.38,128.4,165.51,37.109999999999985,21.66749999999999,70.0,CBS,34.50999999999999
132,25,4,Pat Freiermuth,TE,PIT,1.0,ACT,False,"https://static.www.nfl.com/image/upload/f_auto,q_auto/league/pyrdsypgggjshiaygkr7","https://static.www.nfl.com/image/upload/f_auto,q_auto/league/pyrdsypgggjshiaygkr7",79.94496021314617,75.1482626003574,,,0.0,0.0,0.0,0.0,75.0,55.0,756.0,6.0,21.974801065730865,pat freiermuth,TE,PIT,132,exact_name_pos,Pat Freiermuth,239.9,230.3,,exact_name_pos,Pat Freiermuth,169.68,301.0,exact_name_pos,Pat Freiermuth,124.4,unmatched,,,,3,177.99333333333334,169.68,124.4,239.9,115.5,45.99333333333334,169.0,Sleeper,107.9
133,27,4,Joe Flacco,QB,CIN,2.0,ACT,False,"https://static.www.nfl.com/image/upload/f_auto,q_auto/league/dre1d2f2d6dxqohzn5l2","https://static.www.nfl.com/image/upload/f_auto,q_auto/league/dre1d2f2d6dxqohzn5l2",85.38888888888889,75.14222222222222,,,4930.0,30.0,0.0,0.0,0.0,0.0,0.0,0.0,0.0,joe flacco,QB,CIN,133,exact_name_pos,Joe Flacco,,698.8,,exact_name_pos,Joe Flacco,169.97,454.0,unmatched,,,unmatched,,,,1,169.97,169.97,169.97,169.97,0.0,36.97,321.0,ESPN,36.97
134,57,4,Kayshon Boutte,WR,HOU,4.0,ACT,False,"https://static.www.nfl.com/image/upload/f_auto,q_auto/league/mg4icjqhwhnc5uobmau5","https://static.www.nfl.com/image/upload/f_auto,q_auto/league/mg4icjqhwhnc5uobmau5",69.3521306015757,74.90030104970175,,,0.0,0.0,0.0,0.0,69.0,51.0,857.0,10.0,29.58757608480153,kayshon boutte,WR,HOU,134,exact_name_pos,Kayshon Boutte,199.7,177.3,164.2,exact_name_pos,Kayshon Boutte,170.57,307.0,unmatched,,,name_inside_cbs,K. Boutte  WR  HOU  Kayshon Boutte  WR  HOU,164.86,191.0,3,178.37666666666667,170.57,164.86,199.7,34.839999999999975,44.376666666666665,173.0,Sleeper,65.69999999999999
135,58,4,Xavier Worthy,WR,KC,2.0,ACT,False,"https://static.www.nfl.com/image/upload/f_auto,q_auto/league/u6fmnffwteccoxn3uguq","https://static.www.nfl.com/image/upload/f_auto,q_auto/league/u6fmnffwteccoxn3uguq",69.27947702204295,74.8218351838064,,,0.0,0.0,0.0,0.0,123.0,72.0,878.0,1.0,30.108923571753216,xavier worthy,WR,KC,135,exact_name_pos,Xavier Worthy,138.4,127.4,121.5,exact_name_pos,Xavier Worthy,130.35,153.0,exact_name_pos,Xavier Worthy,129.1,name_inside_cbs,X. Worthy  WR  KC  Xavier Worthy  WR  KC,137.39,139.0,4,133.81,133.87,129.1,138.4,9.300000000000011,-1.1899999999999977,18.0,Sleeper,3.4000000000000057
136,59,4,Luther Burden III,WR,CHI,2.0,ACT,False,"https://static.www.nfl.com/image/upload/f_auto,q_auto/league/iyuwdz7pbowdkwzq2tg5","https://static.www.nfl.com/image/upload/f_auto,q_auto/league/iyuwdz7pbowdkwzq2tg5",69.05390998046926,74.5782227789068,,,0.0,0.0,0.0,0.0,98.0,75.0,1047.0,3.0,17.231088363884776,luther burden,WR,CHI,136,exact_name_pos,Luther Burden,55.9,60.6,39.7,exact_name_pos,Luther Burden III,75.16,64.0,exact_name_pos,Luther Burden III,58.1,name_inside_cbs,L. Burden III  WR  CHI  Groin: Questionable for Week 1 at Carolina  Luther Burden III  WR  CHI  Groin: Questionable for Week 1 at Carolina,60.4,59.0,4,62.39,59.25,55.9,75.16,19.259999999999998,-73.61,-72.0,ESPN,-60.84
137,26,3,Tyler Allgeier,RB,ARI,2.0,ACT,False,"https://static.www.nfl.com/image/upload/f_auto,q_auto/league/sp9lhhmpv4qy3xy2msxd","https://static.www.nfl.com/image/upload/f_auto,q_auto/league/sp9lhhmpv4qy3xy2msxd",68.34285714285714,73.81028571428571,,,0.0,0.0,934.0,13.0,0.0,0.0,0.0,0.0,0.0,tyler allgeier,RB,ARI,137,exact_name_pos,Tyler Allgeier,143.3,130.9,89.4,exact_name_pos,Tyler Allgeier,162.69,195.0,exact_name_pos,Tyler Allgeier,130.0,name_inside_cbs,T. Allgeier  RB  ARI  Tyler Allgeier  RB  ARI,144.97,149.0,4,145.24,144.135,130.0,162.69,32.69,8.240000000000009,58.0,ESPN,25.689999999999998
138,60,4,Keon Coleman,WR,BUF,3.0,ACT,False,"https://static.www.nfl.com/image/upload/f_auto,q_auto/league/cm7g87waetksjouyjgvg","https://static.www.nfl.com/image/upload/f_auto,q_auto/league/cm7g87waetksjouyjgvg",68.07558145404911,73.52162797037305,,,0.0,0.0,0.0,0.0,91.0,56.0,596.0,7.0,30.781753424091715,keon coleman,WR,BUF,138,exact_name_pos,Keon Coleman,234.8,242.2,205.5,exact_name_pos,Keon Coleman,170.26,359.0,unmatched,,,unmatched,,,,2,202.53,202.53,170.26,234.8,64.54000000000002,64.53,221.0,Sleeper,96.80000000000001
139,27,3,Jordan Mason,RB,MIN,2.0,ACT,False,"https://static.www.nfl.com/image/upload/f_auto,q_auto/league/qeeucinnxl8mpzaw23hc","https://static.www.nfl.com/image/upload/f_auto,q_auto/league/qeeucinnxl8mpzaw23hc",67.84285714285714,73.27028571428572,,,0.0,0.0,1319.0,11.0,0.0,0.0,0.0,0.0,0.0,jordan mason,RB,MIN,139,exact_name_pos,Jordan Mason,110.8,95.2,100.2,exact_name_pos,Jordan Mason,138.98,161.0,exact_name_pos,Jordan Mason,112.7,name_inside_cbs,J. Mason  RB  MIN  Vikings' Jordan Mason: Co-starting RB with Jones  Jordan Mason  RB  MIN  Vikings' Jordan Mason: Co-starting RB with Jones,97.4,94.0,4,114.97,111.75,97.4,138.98,41.579999999999984,-24.03,22.0,ESPN,-0.020000000000010232
140,28,4,Mac Jones,QB,SF,2.0,ACT,False,"https://static.www.nfl.com/image/upload/f_auto,q_auto/league/mbdwfwiuhl0ib5ajtmzq","https://static.www.nfl.com/image/upload/f_auto,q_auto/league/mbdwfwiuhl0ib5ajtmzq",82.69999999999999,72.776,,,4302.0,26.0,0.0,0.0,0.0,0.0,0.0,0.0,0.0,mac jones,QB,SF,140,exact_name_pos,Mac Jones,,685.8,,exact_name_pos,Mac Jones,169.98,455.0,unmatched,,,unmatched,,,,1,169.98,169.98,169.98,169.98,0.0,29.97999999999999,315.0,ESPN,29.97999999999999
141,26,4,Evan Engram,TE,DEN,1.0,ACT,False,"https://static.www.nfl.com/image/upload/f_auto,q_auto/league/nucl2dxmpvhlywhyro8o","https://static.www.nfl.com/image/upload/f_auto,q_auto/league/nucl2dxmpvhlywhyro8o",76.55350423638718,71.96029398220395,,,0.0,0.0,0.0,0.0,122.0,80.0,731.0,2.0,12.350854515269232,evan engram,TE,DEN,141,exact_name_pos,Evan Engram,,699.6,,exact_name_pos,Evan Engram,170.03,412.0,unmatched,,,unmatched,,,,1,170.03,170.03,170.03,170.03,0.0,29.03,271.0,ESPN,29.03
142,28,3,Cam Skattebo,RB,NYG,1.0,ACT,False,"https://static.www.nfl.com/image/upload/f_auto,q_auto/league/hlggiqdfvj1f4kntkafr","https://static.www.nfl.com/image/upload/f_auto,q_auto/league/hlggiqdfvj1f4kntkafr",66.58571428571429,71.91257142857144,,,0.0,0.0,811.0,10.0,0.0,0.0,0.0,0.0,0.0,cam skattebo,RB,NYG,142,exact_name_pos,Cam Skattebo,42.4,37.5,41.3,exact_name_pos,Cam Skattebo,45.06,46.0,exact_name_pos,Cam Skattebo,42.4,name_inside_cbs,C. Skattebo  RB  NYG  Cam Skattebo  RB  NYG,38.34,36.0,4,42.050000000000004,42.4,38.34,45.06,6.719999999999999,-99.94999999999999,-96.0,ESPN,-96.94
143,29,5,Tyler Shough,QB,NO,1.0,ACT,False,"https://static.www.nfl.com/image/upload/f_auto,q_auto/league/toiafc7qighw86geo7jf","https://static.www.nfl.com/image/upload/f_auto,q_auto/league/toiafc7qighw86geo7jf",81.08888888888887,71.35822222222221,,,4768.0,20.0,0.0,0.0,0.0,0.0,0.0,0.0,0.0,tyler shough,QB,NO,143,exact_name_pos,Tyler Shough,188.6,188.3,147.5,exact_name_pos,Tyler Shough,152.49,160.0,exact_name_pos,Tyler Shough,130.1,name_inside_cbs,T. Shough  QB  NO  Tyler Shough  QB  NO,147.57,154.0,4,154.69,150.03,130.1,188.6,58.5,11.689999999999998,17.0,Sleeper,45.599999999999994
144,61,4,Chris Godwin Jr.,WR,TB,2.0,ACT,False,"https://static.www.nfl.com/image/upload/f_auto,q_auto/league/ilkheljdx4hbjpisulke","https://static.www.nfl.com/image/upload/f_auto,q_auto/league/ilkheljdx4hbjpisulke",65.76889358252848,71.03040506913077,,,0.0,0.0,0.0,0.0,93.0,60.0,677.0,4.0,20.517544835719296,chris godwin,WR,TB,144,exact_name_pos,Chris Godwin,93.8,90.0,88.4,exact_name_pos,Chris Godwin Jr.,122.51,127.0,exact_name_pos,Chris Godwin Jr.,95.8,name_inside_cbs,C. Godwin  WR  TB  Buccaneers' Chris Godwin: Draws praise from GM Licht  Chris Godwin  WR  TB  Buccaneers' Chris Godwin: Draws praise from GM Licht,89.6,88.0,4,100.42750000000001,94.8,89.6,122.51,32.91000000000001,-43.57249999999999,-17.0,ESPN,-21.489999999999995
145,62,4,Ryan Flournoy,WR,DAL,3.0,ACT,False,"https://static.www.nfl.com/image/upload/f_auto,q_auto/league/tqwq3cgpqu7j9hzoyicx","https://static.www.nfl.com/image/upload/f_auto,q_auto/league/tqwq3cgpqu7j9hzoyicx",65.68359946760562,70.93828742501407,,,0.0,0.0,0.0,0.0,96.0,67.0,842.0,5.0,23.648766568797296,ryan flournoy,WR,DAL,145,exact_name_pos,Ryan Flournoy,230.7,231.7,198.5,exact_name_pos,Ryan Flournoy,171.09,299.0,unmatched,,,unmatched,,,,2,200.89499999999998,200.89499999999998,171.09,230.7,59.609999999999985,55.89499999999998,154.0,Sleeper,85.69999999999999
146,27,4,Mason Taylor,TE,NYJ,1.0,ACT,False,"https://static.www.nfl.com/image/upload/f_auto,q_auto/league/xittx9gih104lw1atfiv","https://static.www.nfl.com/image/upload/f_auto,q_auto/league/xittx9gih104lw1atfiv",74.76742542194853,70.28137989663162,,,0.0,0.0,0.0,0.0,116.0,78.0,656.0,2.0,17.170460443075978,mason taylor,TE,NYJ,146,exact_name_pos,Mason Taylor,224.3,667.6,137.5,exact_name_pos,Mason Taylor,170.0,464.0,unmatched,,,unmatched,,,,2,197.15,197.15,170.0,224.3,54.30000000000001,51.150000000000006,318.0,Sleeper,78.30000000000001
147,63,4,Xavier Hutchinson,WR,HOU,2.0,ACT,False,"https://static.www.nfl.com/image/upload/f_auto,q_auto/league/n5baiu6sg9wh3xhhewkd","https://static.www.nfl.com/image/upload/f_auto,q_auto/league/n5baiu6sg9wh3xhhewkd",64.70899231005231,69.8857116948565,,,0.0,0.0,0.0,0.0,87.0,53.0,692.0,4.0,21.56419231949234,xavier hutchinson,WR,HOU,147,exact_name_pos,Xavier Hutchinson,,679.1,,exact_name_pos,Xavier Hutchinson,170.22,330.0,unmatched,,,unmatched,,,,1,170.22,170.22,170.22,170.22,0.0,23.22,183.0,ESPN,23.22
148,64,4,Xavier Legette,WR,CAR,3.0,ACT,False,"https://static.www.nfl.com/image/upload/f_auto,q_auto/league/yoyxkitrdqbkhyqncy5p","https://static.www.nfl.com/image/upload/f_auto,q_auto/league/yoyxkitrdqbkhyqncy5p",64.29908800146043,69.44301504157727,,,0.0,0.0,0.0,0.0,103.0,55.0,568.0,5.0,29.053132314994446,xavier legette,WR,CAR,148,exact_name_pos,Xavier Legette,,686.5,,exact_name_pos,Xavier Legette,170.74,328.0,unmatched,,,unmatched,,,,1,170.74,170.74,170.74,170.74,0.0,22.74000000000001,180.0,ESPN,22.74000000000001
149,29,3,Omarion Hampton,RB,LAC,1.0,ACT,False,"https://static.www.nfl.com/image/upload/f_auto,q_auto/league/lf2jxvxnbexlinoydbej","https://static.www.nfl.com/image/upload/f_auto,q_auto/league/lf2jxvxnbexlinoydbej",64.22857142857143,69.36685714285714,,,0.0,0.0,1066.0,8.0,0.0,0.0,0.0,0.0,0.0,omarion hampton,RB,LAC,149,exact_name_pos,Omarion Hampton,15.5,16.3,12.2,exact_name_pos,Omarion Hampton,18.58,13.0,exact_name_pos,Omarion Hampton,18.3,name_inside_cbs,O. Hampton  RB  LAC  Omarion Hampton  RB  LAC,18.44,17.0,4,17.705,18.37,15.5,18.58,3.0799999999999983,-131.29500000000002,-136.0,ESPN,-130.42000000000002
150,28,4,Jake Tonges,TE,SF,2.0,ACT,False,"https://static.www.nfl.com/image/upload/f_auto,q_auto/league/z6goxhdhfc2m0rmwvtbl","https://static.www.nfl.com/image/upload/f_auto,q_auto/league/z6goxhdhfc2m0rmwvtbl",73.7673482771271,69.34130738049947,,,0.0,0.0,0.0,0.0,83.0,61.0,541.0,8.0,12.003408052302143,jake tonges,TE,SF,150,exact_name_pos,Jake Tonges,241.4,253.0,177.5,exact_name_pos,Jake Tonges,170.13,441.0,unmatched,,,unmatched,,,,2,205.765,205.765,170.13,241.4,71.27000000000001,55.764999999999986,291.0,Sleeper,91.4
151,30,3,Blake Corum,RB,LA,2.0,ACT,False,"https://static.www.nfl.com/image/upload/f_auto,q_auto/league/axzqbqjkrbwfzodwwakq","https://static.www.nfl.com/image/upload/f_auto,q_auto/league/axzqbqjkrbwfzodwwakq",63.18571428571428,68.24057142857143,,,0.0,0.0,1203.0,10.0,0.0,0.0,0.0,0.0,0.0,blake corum,RB,LA,151,exact_name_pos,Blake Corum,101.0,92.3,68.1,exact_name_pos,Blake Corum,126.01,138.0,exact_name_pos,Blake Corum,99.5,name_inside_cbs,B. Corum  RB  LAR  Blake Corum  RB  LAR,103.55,101.0,4,107.515,102.275,99.5,126.01,26.510000000000005,-43.485,-13.0,ESPN,-24.989999999999995
152,65,4,Darius Slayton,WR,NYG,2.0,ACT,False,"https://static.www.nfl.com/image/upload/f_auto,q_auto/league/otksyfjll5waf0vsczeu","https://static.www.nfl.com/image/upload/f_auto,q_auto/league/otksyfjll5waf0vsczeu",62.092553817030776,67.05995812239324,,,0.0,0.0,0.0,0.0,100.0,55.0,744.0,1.0,33.231999854384625,darius slayton,WR,NYG,152,exact_name_pos,Darius Slayton,,668.0,,exact_name_pos,Darius Slayton,170.56,335.0,unmatched,,,unmatched,,,,1,170.56,170.56,170.56,170.56,0.0,18.560000000000002,183.0,ESPN,18.560000000000002
153,31,3,Kyle Monangai,RB,CHI,2.0,ACT,False,"https://static.www.nfl.com/image/upload/f_auto,q_auto/league/bkkk3uuouhcobydqawro","https://static.www.nfl.com/image/upload/f_auto,q_auto/league/bkkk3uuouhcobydqawro",62.01428571428572,66.97542857142858,,,0.0,0.0,1331.0,9.0,0.0,0.0,0.0,0.0,0.0,kyle monangai,RB,CHI,153,exact_name_pos,Kyle Monangai,102.1,96.6,61.2,exact_name_pos,Kyle Monangai,123.8,124.0,exact_name_pos,Kyle Monangai,108.9,name_inside_cbs,K. Monangai  RB  CHI  Knee: Questionable for Week 1 at Carolina  Kyle Monangai  RB  CHI  Knee: Questionable for Week 1 at Carolina,112.24,112.0,4,111.75999999999999,110.57,102.1,123.8,21.700000000000003,-41.24000000000001,-29.0,ESPN,-29.200000000000003
154,30,5,Kirk Cousins,QB,LV,1.0,ACT,False,"https://static.www.nfl.com/image/upload/f_auto,q_auto/league/za7cynvpwlsro1tsaijk","https://static.www.nfl.com/image/upload/f_auto,q_auto/league/za7cynvpwlsro1tsaijk",75.69444444444444,66.61111111111111,,,3365.0,20.0,0.0,0.0,0.0,0.0,0.0,0.0,0.0,kirk cousins,QB,LV,154,exact_name_pos,Kirk Cousins,,685.6,,exact_name_pos,Kirk Cousins,169.98,430.0,unmatched,,,unmatched,,,,1,169.98,169.98,169.98,169.98,0.0,15.97999999999999,276.0,ESPN,15.97999999999999
155,32,3,RJ Harvey,RB,DEN,2.0,ACT,False,"https://static.www.nfl.com/image/upload/f_auto,q_auto/league/szxmro5enrxlscvv67xg","https://static.www.nfl.com/image/upload/f_auto,q_auto/league/szxmro5enrxlscvv67xg",61.48571428571429,66.40457142857143,,,0.0,0.0,874.0,11.0,0.0,0.0,0.0,0.0,0.0,rj harvey,RB,DEN,155,exact_name_pos,RJ Harvey,79.3,82.4,56.4,exact_name_pos,RJ Harvey,126.03,133.0,exact_name_pos,RJ Harvey,108.3,name_inside_cbs,R. Harvey  RB  DEN  RJ Harvey  RB  DEN,96.08,92.0,4,102.4275,102.19,79.3,126.03,46.730000000000004,-52.572500000000005,-22.0,ESPN,-28.97
156,33,3,Rhamondre Stevenson,RB,NE,1.0,ACT,False,"https://static.www.nfl.com/image/upload/f_auto,q_auto/league/zmpuirvuw4r04inxth5i","https://static.www.nfl.com/image/upload/f_auto,q_auto/league/zmpuirvuw4r04inxth5i",60.957142857142856,65.8337142857143,,,0.0,0.0,837.0,8.0,0.0,0.0,0.0,0.0,0.0,rhamondre stevenson,RB,NE,156,exact_name_pos,Rhamondre Stevenson,80.9,71.6,57.5,exact_name_pos,Rhamondre Stevenson,78.78,72.0,exact_name_pos,Rhamondre Stevenson,77.7,name_inside_cbs,R. Stevenson  RB  NE  Rhamondre Stevenson  RB  NE,72.81,70.0,4,77.5475,78.24000000000001,72.81,80.9,8.090000000000003,-78.4525,-84.0,Sleeper,-75.1
157,29,5,David Njoku,TE,LAC,2.0,ACT,False,"https://static.www.nfl.com/image/upload/f_auto,q_auto/league/y4g1iayqrbrhdvkqywpx","https://static.www.nfl.com/image/upload/f_auto,q_auto/league/y4g1iayqrbrhdvkqywpx",68.70696043426142,64.58454280820573,,,0.0,0.0,0.0,0.0,86.0,58.0,542.0,6.0,14.868135504640383,david njoku,TE,LAC,157,exact_name_pos,David Njoku,223.3,224.6,130.6,exact_name_pos,David Njoku,169.72,414.0,exact_name_pos,David Njoku,124.2,unmatched,,,,3,172.40666666666667,169.72,124.2,223.3,99.10000000000001,15.406666666666666,257.0,Sleeper,66.30000000000001
158,66,5,Darnell Mooney,WR,NYG,3.0,ACT,False,"https://static.www.nfl.com/image/upload/f_auto,q_auto/league/eaejonwaflt9drrs9ika","https://static.www.nfl.com/image/upload/f_auto,q_auto/league/eaejonwaflt9drrs9ika",59.58458862881644,64.35135571912176,,,0.0,0.0,0.0,0.0,121.0,51.0,686.0,1.0,33.90371237485145,darnell mooney,WR,NYG,158,exact_name_pos,Darnell Mooney,249.2,259.3,194.4,exact_name_pos,Darnell Mooney,170.38,419.0,unmatched,,,unmatched,,,,2,209.79,209.79,170.38,249.2,78.82,51.78999999999999,261.0,Sleeper,91.19999999999999
159,34,3,Chris Rodriguez Jr.,RB,JAX,2.0,ACT,False,"https://static.www.nfl.com/image/upload/f_auto,q_auto/league/pknd5uajvpvfd8c744im","https://static.www.nfl.com/image/upload/f_auto,q_auto/league/pknd5uajvpvfd8c744im",58.91428571428571,63.627428571428574,,,0.0,0.0,904.0,10.0,0.0,0.0,0.0,0.0,0.0,chris rodriguez,RB,JAX,159,exact_name_pos,Chris Rodriguez,139.9,125.8,142.5,exact_name_pos,Chris Rodriguez Jr.,164.44,188.0,exact_name_pos,Chris Rodriguez Jr.,130.8,name_inside_cbs,C. Rodriguez Jr.  RB  JAC  Chris Rodriguez Jr.  RB  JAC,137.62,140.0,4,143.19,138.76,130.8,164.44,33.639999999999986,-15.810000000000002,29.0,ESPN,5.439999999999998
160,67,5,Cooper Kupp,WR,SEA,3.0,ACT,False,"https://static.www.nfl.com/image/upload/f_auto,q_auto/league/kjixprihktsfog6wx9sq","https://static.www.nfl.com/image/upload/f_auto,q_auto/league/kjixprihktsfog6wx9sq",58.49314713968076,63.17259891085522,,,0.0,0.0,0.0,0.0,107.0,72.0,837.0,2.0,19.3311203137884,cooper kupp,WR,SEA,160,exact_name_pos,Cooper Kupp,198.0,203.7,206.4,exact_name_pos,Cooper Kupp,169.34,325.0,exact_name_pos,Cooper Kupp,120.2,name_inside_cbs,C. Kupp  WR  SEA  Cooper Kupp  WR  SEA,168.74,206.0,4,164.07,169.04000000000002,120.2,198.0,77.8,4.069999999999993,165.0,Sleeper,38.0
161,31,5,Michael Penix Jr.,QB,ATL,2.0,ACT,False,"https://static.www.nfl.com/image/upload/f_auto,q_auto/league/mip4kogkqxwkkya6mvmh","https://static.www.nfl.com/image/upload/f_auto,q_auto/league/mip4kogkqxwkkya6mvmh",70.42222222222222,61.971555555555554,,,3964.0,18.0,0.0,0.0,0.0,0.0,0.0,0.0,0.0,michael penix,QB,ATL,161,exact_name_pos,Michael Penix,227.9,694.7,230.6,exact_name_pos,Michael Penix Jr.,170.1,440.0,unmatched,,,unmatched,,,,2,199.0,199.0,170.1,227.9,57.80000000000001,38.0,279.0,Sleeper,66.9
162,68,5,Mack Hollins,WR,NE,4.0,ACT,False,"https://static.www.nfl.com/image/upload/f_auto,q_auto/league/qbz7whjzsittudcecezw","https://static.www.nfl.com/image/upload/f_auto,q_auto/league/qbz7whjzsittudcecezw",57.37805819738347,61.96830285317415,,,0.0,0.0,0.0,0.0,110.0,76.0,949.0,2.0,31.390290986917343,mack hollins,WR,NE,162,exact_name_pos,Mack Hollins,,697.0,,exact_name_pos,Mack Hollins,170.1,421.0,unmatched,,,unmatched,,,,1,170.1,170.1,170.1,170.1,0.0,8.099999999999994,259.0,ESPN,8.099999999999994
163,69,5,Dontayvion Wicks,WR,PHI,2.0,ACT,False,"https://static.www.nfl.com/image/upload/f_auto,q_auto/league/v1lt8kpvkn0qw5elyaoz","https://static.www.nfl.com/image/upload/f_auto,q_auto/league/v1lt8kpvkn0qw5elyaoz",57.28380427770455,61.866508619920914,,,0.0,0.0,0.0,0.0,67.0,44.0,508.0,4.0,23.592098311599667,dontayvion wicks,WR,PHI,163,exact_name_pos,Dontayvion Wicks,,202.8,,exact_name_pos,Dontayvion Wicks,170.99,236.0,unmatched,,,unmatched,,,,1,170.99,170.99,170.99,170.99,0.0,7.990000000000009,73.0,ESPN,7.990000000000009
164,70,5,Olamide Zaccheaus,WR,ATL,3.0,ACT,False,"https://static.www.nfl.com/image/upload/f_auto,q_auto/league/zsnzd30ysrewgufbv06y","https://static.www.nfl.com/image/upload/f_auto,q_auto/league/zsnzd30ysrewgufbv06y",56.790858211436806,61.33412686835175,,,0.0,0.0,0.0,0.0,109.0,67.0,556.0,3.0,14.935060287953275,olamide zaccheaus,WR,ATL,164,exact_name_pos,Olamide Zaccheaus,,697.7,,unmatched,,,,unmatched,,,unmatched,,,,0,,,,,,,,,
165,30,5,Gunnar Helm,TE,TEN,1.0,ACT,False,"https://static.www.nfl.com/image/upload/f_auto,q_auto/league/hewm6ztgka7xkbl6ybvb","https://static.www.nfl.com/image/upload/f_auto,q_auto/league/hewm6ztgka7xkbl6ybvb",63.77103773226829,59.94477546833219,,,0.0,0.0,0.0,0.0,84.0,68.0,530.0,2.0,12.688521994674774,gunnar helm,TE,TEN,165,exact_name_pos,Gunnar Helm,233.1,244.1,152.6,exact_name_pos,Gunnar Helm,170.78,313.0,unmatched,,,unmatched,,,,2,201.94,201.94,170.78,233.1,62.31999999999999,36.94,148.0,Sleeper,68.1
166,71,5,Malik Nabers,WR,NYG,1.0,ACT,False,"https://static.www.nfl.com/image/upload/f_auto,q_auto/league/w3edoyyuomqlovvp9ixc","https://static.www.nfl.com/image/upload/f_auto,q_auto/league/w3edoyyuomqlovvp9ixc",55.424568590553655,59.85853407779795,,,0.0,0.0,0.0,0.0,32.0,16.0,251.0,2.0,62.81515064507597,malik nabers,WR,NYG,166,exact_name_pos,Malik Nabers,26.0,28.5,30.3,exact_name_pos,Malik Nabers,34.84,33.0,exact_name_pos,Malik Nabers,30.6,name_inside_cbs,M. Nabers  WR  NYG  Knee - ACL: Questionable for Week 1 vs. Dallas  Malik Nabers  WR  NYG  Knee - ACL: Questionable for Week 1 vs. Dallas,31.26,29.0,4,30.675,30.93,26.0,34.84,8.840000000000003,-135.325,-133.0,ESPN,-131.16
167,72,5,Andrei Iosivas,WR,CIN,3.0,ACT,False,"https://static.www.nfl.com/image/upload/f_auto,q_auto/league/xhrvbt81iohroyftuyj2","https://static.www.nfl.com/image/upload/f_auto,q_auto/league/xhrvbt81iohroyftuyj2",55.32277895729307,59.74860127387652,,,0.0,0.0,0.0,0.0,90.0,52.0,697.0,3.0,20.49851017108072,andrei iosivas,WR,CIN,167,exact_name_pos,Andrei Iosivas,,700.9,,exact_name_pos,Andrei Iosivas,170.14,376.0,unmatched,,,unmatched,,,,1,170.14,170.14,170.14,170.14,0.0,3.1399999999999864,209.0,ESPN,3.1399999999999864
168,32,5,Jayden Daniels,QB,WAS,1.0,ACT,False,"https://static.www.nfl.com/image/upload/f_auto,q_auto/league/gfz8k5onuqjrche9ogqc","https://static.www.nfl.com/image/upload/f_auto,q_auto/league/gfz8k5onuqjrche9ogqc",67.02222222222223,58.97955555555556,,,2524.0,16.0,0.0,0.0,0.0,0.0,0.0,0.0,0.0,jayden daniels,QB,WAS,168,exact_name_pos,Jayden Daniels,66.7,69.9,65.7,exact_name_pos,Jayden Daniels,53.03,56.0,exact_name_pos,Jayden Daniels,55.0,name_inside_cbs,J. Daniels  QB  WAS  Jayden Daniels  QB  WAS,68.97,62.0,4,60.925000000000004,60.85,53.03,68.97,15.939999999999998,-107.07499999999999,-112.0,CBS,-99.03
169,35,3,Rachaad White,RB,WAS,2.0,ACT,False,"https://static.www.nfl.com/image/upload/f_auto,q_auto/league/wtdhs50gcl2p6vngsnre","https://static.www.nfl.com/image/upload/f_auto,q_auto/league/wtdhs50gcl2p6vngsnre",53.68571428571428,57.98057142857143,,,0.0,0.0,958.0,8.0,0.0,0.0,0.0,0.0,0.0,rachaad white,RB,WAS,169,exact_name_pos,Rachaad White,133.5,123.1,124.8,exact_name_pos,Rachaad White,125.63,121.0,exact_name_pos,Rachaad White,124.0,name_inside_cbs,R. White  RB  WAS  Hamstring: Questionable for Week 1 at Philadelphia  Rachaad White  RB  WAS  Hamstring: Questionable for Week 1 at Philadelphia,126.14,127.0,4,127.3175,125.88499999999999,124.0,133.5,9.5,-41.682500000000005,-48.0,Sleeper,-35.5
170,73,5,DeMario Douglas,WR,NE,3.0,ACT,False,"https://static.www.nfl.com/image/upload/f_auto,q_auto/league/cm9vnzqu5phlmsocjwgc","https://static.www.nfl.com/image/upload/f_auto,q_auto/league/cm9vnzqu5phlmsocjwgc",52.56898443116191,56.77450318565487,,,0.0,0.0,0.0,0.0,64.0,39.0,552.0,5.0,20.383383694271103,demario douglas,WR,NE,170,exact_name_pos,DeMario Douglas,,697.0,,exact_name_pos,DeMario Douglas,170.48,333.0,unmatched,,,unmatched,,,,1,170.48,170.48,170.48,170.48,0.0,0.47999999999998977,163.0,ESPN,0.47999999999998977
171,33,5,Marcus Mariota,QB,WAS,2.0,ACT,False,"https://static.www.nfl.com/image/upload/f_auto,q_auto/league/grx6m1fmu1odltjo3y31","https://static.www.nfl.com/image/upload/f_auto,q_auto/league/grx6m1fmu1odltjo3y31",63.38888888888889,55.782222222222224,,,3202.0,20.0,0.0,0.0,0.0,0.0,0.0,0.0,0.0,marcus mariota,QB,WAS,171,exact_name_pos,Marcus Mariota,,507.5,,exact_name_pos,Marcus Mariota,169.99,483.0,unmatched,,,unmatched,,,,1,169.99,169.99,169.99,169.99,0.0,-1.009999999999991,312.0,ESPN,-1.009999999999991
172,31,5,Dawson Knox,TE,BUF,2.0,ACT,False,"https://static.www.nfl.com/image/upload/f_auto,q_auto/league/k8bi9ppahwfmoxs8ij4w","https://static.www.nfl.com/image/upload/f_auto,q_auto/league/k8bi9ppahwfmoxs8ij4w",57.81828583417346,54.34918868412305,,,0.0,0.0,0.0,0.0,66.0,49.0,559.0,4.0,16.00809583753395,dawson knox,TE,BUF,172,exact_name_pos,Dawson Knox,,683.5,,exact_name_pos,Dawson Knox,169.81,459.0,unmatched,,,unmatched,,,,1,169.81,169.81,169.81,169.81,0.0,-2.1899999999999977,287.0,ESPN,-2.1899999999999977
173,36,3,Kenny Gainwell,RB,TB,2.0,ACT,False,"https://static.www.nfl.com/image/upload/f_auto,q_auto/league/eo62l8ec8e3lzt86ihth","https://static.www.nfl.com/image/upload/f_auto,q_auto/league/eo62l8ec8e3lzt86ihth",48.54285714285714,52.42628571428572,,,0.0,0.0,808.0,7.0,0.0,0.0,0.0,0.0,0.0,kenny gainwell,RB,TB,173,exact_name_pos,Kenny Gainwell,112.7,107.4,86.1,exact_name_pos,Kenny Gainwell,101.06,90.0,exact_name_pos,Kenny Gainwell,119.8,unmatched,,,,3,111.18666666666667,112.7,101.06,119.8,18.739999999999995,-61.81333333333333,-83.0,Yahoo,-53.2
174,74,5,Kendrick Bourne,WR,ARI,3.0,ACT,False,"https://static.www.nfl.com/image/upload/f_auto,q_auto/league/yzfa94cmhpcqamrwzdzk","https://static.www.nfl.com/image/upload/f_auto,q_auto/league/yzfa94cmhpcqamrwzdzk",48.403261680068674,52.27552261447417,,,0.0,0.0,0.0,0.0,84.0,59.0,900.0,0.0,22.785539169574125,kendrick bourne,WR,ARI,174,exact_name_pos,Kendrick Bourne,,672.6,,unmatched,,,,unmatched,,,unmatched,,,,0,,,,,,,,,
175,32,5,Jonnu Smith,TE,GB,2.0,ACT,False,"https://static.www.nfl.com/image/upload/f_auto,q_auto/league/egd6llghj3n5wfdrqacw","https://static.www.nfl.com/image/upload/f_auto,q_auto/league/egd6llghj3n5wfdrqacw",54.844442335230205,51.55377579511639,,,0.0,0.0,0.0,0.0,76.0,54.0,308.0,4.0,9.55554500948434,jonnu smith,TE,GB,175,exact_name_pos,Jonnu Smith,,661.4,,unmatched,,,,unmatched,,,unmatched,,,,0,,,,,,,,,
176,33,5,Michael Mayer,TE,LV,2.0,ACT,False,"https://static.www.nfl.com/image/upload/f_auto,q_auto/league/twnkr9uq1phvukxb5jmh","https://static.www.nfl.com/image/upload/f_auto,q_auto/league/twnkr9uq1phvukxb5jmh",54.75653858135723,51.4711462664758,,,0.0,0.0,0.0,0.0,79.0,55.0,540.0,2.0,18.032692906786178,michael mayer,TE,LV,176,exact_name_pos,Michael Mayer,,695.9,,exact_name_pos,Michael Mayer,170.22,418.0,unmatched,,,unmatched,,,,1,170.22,170.22,170.22,170.22,0.0,-5.780000000000001,242.0,ESPN,-5.780000000000001
177,37,4,Bucky Irving,RB,TB,1.0,ACT,False,"https://static.www.nfl.com/image/upload/f_auto,q_auto/league/vkc00rvnix3f2b96vkwo","https://static.www.nfl.com/image/upload/f_auto,q_auto/league/vkc00rvnix3f2b96vkwo",47.52857142857143,51.33085714285714,,,0.0,0.0,1157.0,2.0,0.0,0.0,0.0,0.0,0.0,bucky irving,RB,TB,177,exact_name_pos,Bucky Irving,43.9,47.3,32.3,exact_name_pos,Bucky Irving,56.89,50.0,exact_name_pos,Bucky Irving,54.4,name_inside_cbs,B. Irving  RB  TB  Bucky Irving  RB  TB,43.78,43.0,4,49.7425,49.15,43.78,56.89,13.11,-127.2575,-127.0,ESPN,-120.11
178,34,5,Tucker Kraft,TE,GB,1.0,ACT,False,"https://static.www.nfl.com/image/upload/f_auto,q_auto/league/n6vu44jbq31rydoaadaq","https://static.www.nfl.com/image/upload/f_auto,q_auto/league/n6vu44jbq31rydoaadaq",54.31909168395184,51.05994618291473,,,0.0,0.0,0.0,0.0,31.0,23.0,381.0,4.0,12.095458419759186,tucker kraft,TE,GB,178,exact_name_pos,Tucker Kraft,62.6,66.4,70.7,exact_name_pos,Tucker Kraft,91.26,110.0,exact_name_pos,Tucker Kraft,60.4,name_inside_cbs,T. Kraft  TE  GB  Knee - ACL: Questionable for Week 1 at Minnesota  Tucker Kraft  TE  GB  Knee - ACL: Questionable for Week 1 at Minnesota,74.79,72.0,4,72.2625,68.69500000000001,60.4,91.26,30.860000000000007,-105.7375,-68.0,ESPN,-86.74
179,38,4,Woody Marks,RB,HOU,2.0,ACT,False,"https://static.www.nfl.com/image/upload/f_auto,q_auto/league/y5ntpcenhhhv98uz2fys","https://static.www.nfl.com/image/upload/f_auto,q_auto/league/y5ntpcenhhhv98uz2fys",46.68571428571428,50.42057142857143,,,0.0,0.0,1308.0,4.0,0.0,0.0,0.0,0.0,0.0,woody marks,RB,HOU,179,exact_name_pos,Woody Marks,149.0,141.9,104.9,exact_name_pos,Woody Marks,151.72,165.0,exact_name_pos,Woody Marks,130.7,name_inside_cbs,W. Marks  RB  HOU  Woody Marks  RB  HOU,134.88,137.0,4,141.575,141.94,130.7,151.72,21.02000000000001,-37.42500000000001,-14.0,ESPN,-27.28
180,39,4,Aaron Jones,RB,MIN,1.0,ACT,False,"https://static.www.nfl.com/image/upload/f_auto,q_auto/league/bktkfvgfwujkdbzkcfim","https://static.www.nfl.com/image/upload/f_auto,q_auto/league/bktkfvgfwujkdbzkcfim",46.371428571428574,50.08114285714287,,,0.0,0.0,866.0,3.0,0.0,0.0,0.0,0.0,0.0,aaron jones,RB,MIN,180,exact_name_pos,Aaron Jones,127.6,116.9,84.7,exact_name_pos,Aaron Jones Sr.,114.41,117.0,exact_name_pos,Aaron Jones Sr.,124.1,name_inside_cbs,A. Jones  RB  MIN  Vikings' Aaron Jones: Listed as co-starter with Mason  Aaron Jones  RB  MIN  Vikings' Aaron Jones: Listed as co-starter with Mason,119.13,121.0,4,121.31,121.615,114.41,127.6,13.189999999999998,-58.69,-63.0,Sleeper,-52.400000000000006
181,34,5,Spencer Rattler,QB,NO,2.0,ACT,False,"https://static.www.nfl.com/image/upload/f_auto,q_auto/league/gcgmcf4kex3jsl4rlrng","https://static.www.nfl.com/image/upload/f_auto,q_auto/league/gcgmcf4kex3jsl4rlrng",56.82222222222222,50.00355555555556,,,3172.0,16.0,0.0,0.0,0.0,0.0,0.0,0.0,0.0,spencer rattler,QB,NO,181,exact_name_pos,Spencer Rattler,,686.3,,unmatched,,,,unmatched,,,unmatched,,,,0,,,,,,,,,
182,35,5,Justin Fields,QB,KC,2.0,ACT,False,"https://static.www.nfl.com/image/upload/f_auto,q_auto/league/npjrombgxkc5vjkctcgy","https://static.www.nfl.com/image/upload/f_auto,q_auto/league/npjrombgxkc5vjkctcgy",56.68333333333333,49.88133333333333,,,2391.0,13.0,0.0,0.0,0.0,0.0,0.0,0.0,0.0,justin fields,QB,KC,182,exact_name_pos,Justin Fields,,683.5,,exact_name_pos,Justin Fields,169.97,453.0,unmatched,,,unmatched,,,,1,169.97,169.97,169.97,169.97,0.0,-12.030000000000001,271.0,ESPN,-12.030000000000001
183,36,5,Kyler Murray,QB,MIN,1.0,ACT,False,"https://static.www.nfl.com/image/upload/f_auto,q_auto/league/btfruyf33adgnjzpcuen","https://static.www.nfl.com/image/upload/f_auto,q_auto/league/btfruyf33adgnjzpcuen",54.888888888888886,48.30222222222222,,,1924.0,12.0,0.0,0.0,0.0,0.0,0.0,0.0,0.0,kyler murray,QB,MIN,183,exact_name_pos,Kyler Murray,151.3,149.2,154.5,exact_name_pos,Kyler Murray,137.73,152.0,exact_name_pos,Kyler Murray,112.6,name_inside_cbs,K. Murray  QB  MIN  Kyler Murray  QB  MIN,134.89,138.0,4,134.13,136.31,112.6,151.3,38.70000000000002,-48.870000000000005,-31.0,Sleeper,-31.69999999999999
184,40,4,Tyrone Tracy Jr.,RB,NYG,2.0,ACT,False,"https://static.www.nfl.com/image/upload/f_auto,q_auto/league/b9nje50lohbprf06xoom","https://static.www.nfl.com/image/upload/f_auto,q_auto/league/b9nje50lohbprf06xoom",44.51428571428572,48.07542857142858,,,0.0,0.0,1366.0,3.0,0.0,0.0,0.0,0.0,0.0,tyrone tracy,RB,NYG,184,exact_name_pos,Tyrone Tracy,174.5,152.1,109.5,exact_name_pos,Tyrone Tracy Jr.,170.36,350.0,exact_name_pos,Tyrone Tracy Jr.,130.8,name_inside_cbs,T. Tracy Jr.  RB  NYG  Neck: Questionable for Week 1 vs. Dallas  Tyrone Tracy Jr.  RB  NYG  Neck: Questionable for Week 1 vs. Dallas,145.78,151.0,4,155.36,158.07,130.8,174.5,43.69999999999999,-28.639999999999986,166.0,Sleeper,-9.5
185,41,4,Kimani Vidal,RB,LAC,3.0,ACT,False,"https://static.www.nfl.com/image/upload/f_auto,q_auto/league/tqdctdun0bv60d5ziwtl","https://static.www.nfl.com/image/upload/f_auto,q_auto/league/tqdctdun0bv60d5ziwtl",44.31428571428572,47.85942857142858,,,0.0,0.0,1212.0,6.0,0.0,0.0,0.0,0.0,0.0,kimani vidal,RB,LAC,185,exact_name_pos,Kimani Vidal,237.8,228.2,140.7,exact_name_pos,Kimani Vidal,171.0,310.0,unmatched,,,unmatched,,,,2,204.4,204.4,171.0,237.8,66.80000000000001,19.400000000000006,125.0,Sleeper,52.80000000000001
186,37,5,J.J. McCarthy,QB,MIN,2.0,ACT,False,"https://static.www.nfl.com/image/upload/f_auto,q_auto/league/omybnfokapjw6jwb5dd3","https://static.www.nfl.com/image/upload/f_auto,q_auto/league/omybnfokapjw6jwb5dd3",54.33333333333334,47.81333333333334,,,3156.0,22.0,0.0,0.0,0.0,0.0,0.0,0.0,0.0,j j mccarthy,QB,MIN,186,exact_name_pos,J.J. McCarthy,224.2,653.9,227.1,exact_name_pos,J.J. McCarthy,169.9,447.0,unmatched,,,unmatched,,,,2,197.05,197.05,169.9,224.2,54.29999999999998,11.050000000000011,261.0,Sleeper,38.19999999999999
187,42,4,Chuba Hubbard,RB,CAR,1.0,ACT,False,"https://static.www.nfl.com/image/upload/f_auto,q_auto/league/rzsvnt0pxsaize2ndhxm","https://static.www.nfl.com/image/upload/f_auto,q_auto/league/rzsvnt0pxsaize2ndhxm",43.51428571428571,46.995428571428576,,,0.0,0.0,876.0,2.0,0.0,0.0,0.0,0.0,0.0,chuba hubbard,RB,CAR,187,exact_name_pos,Chuba Hubbard,78.7,79.3,66.3,exact_name_pos,Chuba Hubbard,108.39,111.0,exact_name_pos,Chuba Hubbard,90.1,name_inside_cbs,C. Hubbard  RB  CAR  Hamstring: Questionable for Week 1 vs. Chicago  Chuba Hubbard  RB  CAR  Hamstring: Questionable for Week 1 vs. Chicago,106.96,106.0,4,96.0375,98.53,78.7,108.39,29.689999999999998,-90.9625,-76.0,ESPN,-78.61
188,35,5,Cole Kmet,TE,CHI,2.0,ACT,False,"https://static.www.nfl.com/image/upload/f_auto,q_auto/league/ysnui8mzlu2fo70ub0yt","https://static.www.nfl.com/image/upload/f_auto,q_auto/league/ysnui8mzlu2fo70ub0yt",48.910293393946354,45.97567579030957,,,0.0,0.0,0.0,0.0,62.0,38.0,438.0,2.0,18.55146696973174,cole kmet,TE,CHI,188,exact_name_pos,Cole Kmet,,683.3,,exact_name_pos,Cole Kmet,169.75,466.0,unmatched,,,unmatched,,,,1,169.75,169.75,169.75,169.75,0.0,-18.25,278.0,ESPN,-18.25
189,75,5,John Metchie III,WR,CAR,4.0,ACT,False,"https://static.www.nfl.com/image/upload/f_auto,q_auto/league/nsjpnskeldxzbzckpfgg","https://static.www.nfl.com/image/upload/f_auto,q_auto/league/nsjpnskeldxzbzckpfgg",41.70815354905702,45.04480583298159,,,0.0,0.0,0.0,0.0,81.0,52.0,421.0,3.0,14.906152360669736,john metchie,WR,CAR,189,exact_name_pos,John Metchie,,696.9,,unmatched,,,,unmatched,,,unmatched,,,,0,,,,,,,,,
190,76,5,Travis Hunter,WR,JAX,4.0,ACT,False,"https://static.www.nfl.com/image/upload/f_auto,q_auto/league/absw1gfqoiztajjagmf6","https://static.www.nfl.com/image/upload/f_auto,q_auto/league/absw1gfqoiztajjagmf6",41.401563664872285,44.71368875806207,,,0.0,0.0,0.0,0.0,85.0,52.0,511.0,2.0,16.45012601666912,travis hunter,WR,JAX,190,exact_name_pos,Travis Hunter,169.0,188.3,157.4,exact_name_pos,Travis Hunter,118.88,109.0,exact_name_pos,Travis Hunter,125.5,unmatched,,,,3,137.79333333333332,125.5,118.88,169.0,50.120000000000005,-52.20666666666668,-81.0,Sleeper,-21.0
191,77,5,Pat Bryant,WR,DEN,5.0,ACT,False,"https://static.www.nfl.com/image/upload/f_auto,q_auto/league/n91hznzkfpftxhqt1qd9","https://static.www.nfl.com/image/upload/f_auto,q_auto/league/n91hznzkfpftxhqt1qd9",39.74042930284372,42.91966364707122,,,0.0,0.0,0.0,0.0,75.0,48.0,575.0,1.0,30.72137728344935,pat bryant,WR,DEN,191,exact_name_pos,Pat Bryant,227.2,226.5,171.6,exact_name_pos,Pat Bryant,170.38,371.0,unmatched,,,unmatched,,,,2,198.79,198.79,170.38,227.2,56.81999999999999,7.789999999999992,180.0,Sleeper,36.19999999999999
192,43,4,Emanuel Wilson,RB,SEA,3.0,ACT,False,"https://static.www.nfl.com/image/upload/f_auto,q_auto/league/uorruvczsxzvffpbxu8z","https://static.www.nfl.com/image/upload/f_auto,q_auto/league/uorruvczsxzvffpbxu8z",38.85714285714286,41.96571428571429,,,0.0,0.0,830.0,6.0,0.0,0.0,0.0,0.0,0.0,emanuel wilson,RB,SEA,192,exact_name_pos,Emanuel Wilson,250.3,265.7,160.6,exact_name_pos,Emanuel Wilson,170.2,356.0,unmatched,,,unmatched,,,,2,210.25,210.25,170.2,250.3,80.10000000000002,18.25,164.0,Sleeper,58.30000000000001
193,38,5,Davis Mills,QB,HOU,2.0,ACT,False,"https://static.www.nfl.com/image/upload/f_auto,q_auto/league/jh9e97vjzmeafx8jz0sn","https://static.www.nfl.com/image/upload/f_auto,q_auto/league/jh9e97vjzmeafx8jz0sn",45.43888888888889,39.986222222222224,,,1771.0,10.0,0.0,0.0,0.0,0.0,0.0,0.0,0.0,davis mills,QB,HOU,193,exact_name_pos,Davis Mills,,676.3,,unmatched,,,,unmatched,,,unmatched,,,,0,,,,,,,,,
194,78,5,Jalen Coker,WR,CAR,2.0,ACT,False,"https://static.www.nfl.com/image/upload/f_auto,q_auto/league/yynz8rxen6tsvhojggiv","https://static.www.nfl.com/image/upload/f_auto,q_auto/league/yynz8rxen6tsvhojggiv",36.84403321764919,39.79155587506113,,,0.0,0.0,0.0,0.0,18.0,13.0,168.0,2.0,38.79708916516904,jalen coker,WR,CAR,194,exact_name_pos,Jalen Coker,147.4,145.5,131.8,exact_name_pos,Jalen Coker,154.63,156.0,exact_name_pos,Jalen Coker,133.3,name_inside_cbs,J. Coker  WR  CAR  Jalen Coker  WR  CAR,141.43,143.0,4,144.19,144.41500000000002,133.3,154.63,21.329999999999984,-49.81,-38.0,ESPN,-39.370000000000005
195,79,5,Devaughn Vele,WR,NO,2.0,ACT,False,"https://static.www.nfl.com/image/upload/f_auto,q_auto/league/fa3dwsu8nxzkbf2knczm","https://static.www.nfl.com/image/upload/f_auto,q_auto/league/fa3dwsu8nxzkbf2knczm",36.435711606897534,39.35056853544934,,,0.0,0.0,0.0,0.0,31.0,20.0,249.0,1.0,29.274711880641508,devaughn vele,WR,NO,195,exact_name_pos,Devaughn Vele,239.8,680.1,208.6,exact_name_pos,Devaughn Vele,171.65,237.0,unmatched,,,unmatched,,,,2,205.72500000000002,205.72500000000002,171.65,239.8,68.15,10.725000000000023,42.0,Sleeper,44.80000000000001
196,44,4,Devin Singletary,RB,NYG,4.0,ACT,False,"https://static.www.nfl.com/image/upload/f_auto,q_auto/league/xy2r2msxjqneml2c1cdc","https://static.www.nfl.com/image/upload/f_auto,q_auto/league/xy2r2msxjqneml2c1cdc",36.18571428571428,39.08057142857143,,,0.0,0.0,643.0,8.0,0.0,0.0,0.0,0.0,0.0,devin singletary,RB,NYG,196,exact_name_pos,Devin Singletary,,660.1,,unmatched,,,,unmatched,,,unmatched,,,,0,,,,,,,,,
197,80,5,Marvin Mims Jr.,WR,DEN,4.0,ACT,False,"https://static.www.nfl.com/image/upload/f_auto,q_auto/league/zbdjtph5xplbf4yocz0l","https://static.www.nfl.com/image/upload/f_auto,q_auto/league/zbdjtph5xplbf4yocz0l",35.999152604219866,38.87908481255746,,,0.0,0.0,0.0,0.0,75.0,55.0,515.0,1.0,16.6303784057147,marvin mims,WR,DEN,197,exact_name_pos,Marvin Mims,219.5,700.8,192.2,exact_name_pos,Marvin Mims Jr.,170.16,372.0,unmatched,,,unmatched,,,,2,194.82999999999998,194.82999999999998,170.16,219.5,49.34,-2.170000000000016,175.0,Sleeper,22.5
198,45,4,Alvin Kamara,RB,NO,2.0,ACT,False,"https://static.www.nfl.com/image/upload/f_auto,q_auto/league/yxebpuskandivlh2iil4","https://static.www.nfl.com/image/upload/f_auto,q_auto/league/yxebpuskandivlh2iil4",34.41428571428571,37.16742857142857,,,0.0,0.0,869.0,2.0,0.0,0.0,0.0,0.0,0.0,alvin kamara,RB,NO,198,exact_name_pos,Alvin Kamara,166.4,159.5,119.3,exact_name_pos,Alvin Kamara,161.22,192.0,exact_name_pos,Alvin Kamara,125.9,name_inside_cbs,A. Kamara  RB  NO  Knee - MCL: Questionable for Week 1 at Detroit  Alvin Kamara  RB  NO  Knee - MCL: Questionable for Week 1 at Detroit,158.32,177.0,4,152.95999999999998,159.76999999999998,125.9,166.4,40.5,-45.04000000000002,-6.0,Sleeper,-31.599999999999994
199,36,5,Mike Gesicki,TE,CIN,1.0,ACT,False,"https://static.www.nfl.com/image/upload/f_auto,q_auto/league/dykckg6we3cnw9yhpggi","https://static.www.nfl.com/image/upload/f_auto,q_auto/league/dykckg6we3cnw9yhpggi",38.10285090748026,35.816679853031445,,,0.0,0.0,0.0,0.0,17.0,12.0,136.0,1.0,16.930921204067985,mike gesicki,TE,CIN,199,exact_name_pos,Mike Gesicki,,659.6,,exact_name_pos,Mike Gesicki,170.22,417.0,unmatched,,,unmatched,,,,1,170.22,170.22,170.22,170.22,0.0,-28.78,218.0,ESPN,-28.78
200,81,5,Tyquan Thornton,WR,KC,3.0,ACT,False,"https://static.www.nfl.com/image/upload/f_auto,q_auto/league/bjqzuempyiwxe0hl7e5a","https://static.www.nfl.com/image/upload/f_auto,q_auto/league/bjqzuempyiwxe0hl7e5a",32.73572334964484,35.35458121761643,,,0.0,0.0,0.0,0.0,19.0,10.0,220.0,2.0,48.00553982514725,tyquan thornton,WR,KC,200,exact_name_pos,Tyquan Thornton,,698.5,,exact_name_pos,Tyquan Thornton,170.35,358.0,unmatched,,,unmatched,,,,1,170.35,170.35,170.35,170.35,0.0,-29.650000000000006,158.0,ESPN,-29.650000000000006
201,46,4,Isiah Pacheco,RB,DET,2.0,ACT,False,"https://static.www.nfl.com/image/upload/f_auto,q_auto/league/hkqb4imkum3vxxkwuetl","https://static.www.nfl.com/image/upload/f_auto,q_auto/league/hkqb4imkum3vxxkwuetl",32.22857142857143,34.80685714285715,,,0.0,0.0,716.0,2.0,0.0,0.0,0.0,0.0,0.0,isiah pacheco,RB,DET,201,exact_name_pos,Isiah Pacheco,191.5,176.8,151.4,exact_name_pos,Isiah Pacheco,159.84,184.0,exact_name_pos,Isiah Pacheco,125.5,name_inside_cbs,I. Pacheco  RB  DET  Back: Injured Reserve. Expected Return - Week 5  Isiah Pacheco  RB  DET  Back: Injured Reserve. Expected Return - Week 5,150.86,158.0,4,156.925,155.35000000000002,125.5,191.5,66.0,-44.07499999999999,-17.0,Sleeper,-9.5
202,37,5,Isaiah Likely,TE,NYG,1.0,ACT,False,"https://static.www.nfl.com/image/upload/f_auto,q_auto/league/b1pahldt9ixp9lssxi2d","https://static.www.nfl.com/image/upload/f_auto,q_auto/league/b1pahldt9ixp9lssxi2d",36.34066209766307,34.160222371803286,,,0.0,0.0,0.0,0.0,12.0,9.0,120.0,1.0,15.703310488315338,isaiah likely,TE,NYG,202,exact_name_pos,Isaiah Likely,107.1,108.0,113.2,exact_name_pos,Isaiah Likely,122.6,145.0,exact_name_pos,Isaiah Likely,109.5,name_inside_cbs,I. Likely  TE  NYG  Isaiah Likely  TE  NYG,93.3,90.0,4,108.125,108.3,93.3,122.6,29.299999999999997,-93.875,-57.0,ESPN,-79.4
203,38,5,Tommy Tremble,TE,CAR,1.0,ACT,False,"https://static.www.nfl.com/image/upload/f_auto,q_auto/league/t7wjikfv09d3o1q7wjdx","https://static.www.nfl.com/image/upload/f_auto,q_auto/league/t7wjikfv09d3o1q7wjdx",35.945261891057505,33.78854617759405,,,0.0,0.0,0.0,0.0,8.0,5.0,42.0,1.0,25.22630945528752,tommy tremble,TE,CAR,203,exact_name_pos,Tommy Tremble,,597.0,,unmatched,,,,unmatched,,,unmatched,,,,0,,,,,,,,,
204,39,5,Shedeur Sanders,QB,CLE,2.0,ACT,False,"https://static.www.nfl.com/image/upload/f_auto,q_auto/league/joe08hz6to2madpko8zl","https://static.www.nfl.com/image/upload/f_auto,q_auto/league/joe08hz6to2madpko8zl",38.35555555555556,33.7528888888889,,,2800.0,14.0,0.0,0.0,0.0,0.0,0.0,0.0,0.0,shedeur sanders,QB,CLE,204,exact_name_pos,Shedeur Sanders,236.1,682.2,227.4,exact_name_pos,Shedeur Sanders,169.88,429.0,unmatched,,,unmatched,,,,2,202.99,202.99,169.88,236.1,66.22,-1.009999999999991,225.0,Sleeper,32.099999999999994
205,39,5,Greg Dulcich,TE,MIA,1.0,ACT,False,"https://static.www.nfl.com/image/upload/f_auto,q_auto/league/kw4cwgjl4kywh6le4sfh","https://static.www.nfl.com/image/upload/f_auto,q_auto/league/kw4cwgjl4kywh6le4sfh",35.523419284124685,33.3920141270772,,,0.0,0.0,0.0,0.0,11.0,10.0,107.0,1.0,13.950429753956769,greg dulcich,TE,MIA,205,exact_name_pos,Greg Dulcich,229.7,242.8,,exact_name_pos,Greg Dulcich,170.48,366.0,exact_name_pos,Greg Dulcich,131.4,name_inside_cbs,G. Dulcich  TE  MIA  Dolphins' Greg Dulcich: Minimal preseason action  Greg Dulcich  TE  MIA  Dolphins' Greg Dulcich: Minimal preseason action,167.04,199.0,4,174.65499999999997,168.76,131.4,229.7,98.29999999999998,-30.345000000000027,161.0,Sleeper,24.69999999999999
206,40,5,Carson Wentz,QB,MIN,3.0,ACT,False,"https://static.www.nfl.com/image/upload/f_auto,q_auto/league/vuolixdvigc8axelug66","https://static.www.nfl.com/image/upload/f_auto,q_auto/league/vuolixdvigc8axelug66",36.91111111111111,32.48177777777778,,,2432.0,12.0,0.0,0.0,0.0,0.0,0.0,0.0,0.0,carson wentz,QB,MIN,206,exact_name_pos,Carson Wentz,,633.3,,unmatched,,,,unmatched,,,unmatched,,,,0,,,,,,,,,
207,47,4,Bhayshul Tuten,RB,JAX,1.0,ACT,False,"https://static.www.nfl.com/image/upload/f_auto,q_auto/league/ryjnphuyjbedmgpx5qqj","https://static.www.nfl.com/image/upload/f_auto,q_auto/league/ryjnphuyjbedmgpx5qqj",29.057142857142857,31.38171428571429,,,0.0,0.0,74.0,1.0,0.0,0.0,0.0,0.0,0.0,bhayshul tuten,RB,JAX,207,exact_name_pos,Bhayshul Tuten,61.1,59.4,43.6,exact_name_pos,Bhayshul Tuten,61.69,48.0,exact_name_pos,Bhayshul Tuten,61.4,name_inside_cbs,B. Tuten  RB  JAC  Illness: Questionable for Week 1 vs. Cleveland  Bhayshul Tuten  RB  JAC  Illness: Questionable for Week 1 vs. Cleveland,56.23,53.0,4,60.105,61.25,56.23,61.69,5.460000000000001,-146.895,-159.0,ESPN,-145.31
208,82,5,Rashod Bateman,WR,BAL,2.0,ACT,False,"https://static.www.nfl.com/image/upload/f_auto,q_auto/league/gtktmsfcxc1eijwpwzyq","https://static.www.nfl.com/image/upload/f_auto,q_auto/league/gtktmsfcxc1eijwpwzyq",28.357591877393386,30.626199227584856,,,0.0,0.0,0.0,0.0,7.0,5.0,63.0,1.0,33.19180554081307,rashod bateman,WR,BAL,208,exact_name_pos,Rashod Bateman,232.7,700.9,203.3,exact_name_pos,Rashod Bateman,171.45,235.0,unmatched,,,unmatched,,,,2,202.075,202.075,171.45,232.7,61.25,-5.925000000000011,27.0,Sleeper,24.69999999999999
209,83,5,Calvin Ridley,WR,TEN,3.0,ACT,False,"https://static.www.nfl.com/image/upload/f_auto,q_auto/league/zrv8bjm7zdtboyka2jvr","https://static.www.nfl.com/image/upload/f_auto,q_auto/league/zrv8bjm7zdtboyka2jvr",27.924541850391584,30.15850519842291,,,0.0,0.0,0.0,0.0,31.0,13.0,242.0,0.0,37.2573246365733,calvin ridley,WR,TEN,209,exact_name_pos,Calvin Ridley,253.2,250.7,180.2,exact_name_pos,Calvin Ridley,168.5,218.0,unmatched,,,name_inside_cbs,C. Ridley  WR  TEN  Calvin Ridley  WR  TEN,165.92,196.0,3,195.87333333333333,168.5,165.92,253.2,87.28,-13.126666666666665,9.0,Sleeper,44.19999999999999
210,40,5,Darren Waller,TE,CAR,3.0,ACT,False,"https://static.www.nfl.com/image/upload/f_auto,q_auto/league/loyehiyzcu2lexjk7plq","https://static.www.nfl.com/image/upload/f_auto,q_auto/league/loyehiyzcu2lexjk7plq",31.88591942932131,29.972764263562027,,,0.0,0.0,0.0,0.0,18.0,15.0,184.0,3.0,28.5962638132732,darren waller,TE,CAR,210,exact_name_pos,Darren Waller,,680.2,,exact_name_pos,Darren Waller,170.39,367.0,unmatched,,,unmatched,,,,1,170.39,170.39,170.39,170.39,0.0,-39.610000000000014,157.0,ESPN,-39.610000000000014
211,48,4,Brian Robinson,RB,ATL,2.0,ACT,False,"https://static.www.nfl.com/image/upload/f_auto,q_auto/league/n1xhex1ytisxcbcggqu7","https://static.www.nfl.com/image/upload/f_auto,q_auto/league/n1xhex1ytisxcbcggqu7",27.714285714285715,29.931428571428576,,,0.0,0.0,400.0,2.0,0.0,0.0,0.0,0.0,0.0,brian robinson,RB,ATL,211,exact_name_pos,Brian Robinson,172.0,174.1,80.1,exact_name_pos,Brian Robinson Jr.,167.75,211.0,exact_name_pos,Brian Robinson,119.5,name_inside_cbs,B. Robinson Jr.  RB  ATL  Brian Robinson Jr.  RB  ATL,161.58,183.0,4,155.2075,164.66500000000002,119.5,172.0,52.5,-55.79249999999999,0.0,Sleeper,-39.0
212,84,5,Jalen Tolbert,WR,MIA,2.0,ACT,False,"https://static.www.nfl.com/image/upload/f_auto,q_auto/league/dthrzudnyh1mcrh1det2","https://static.www.nfl.com/image/upload/f_auto,q_auto/league/dthrzudnyh1mcrh1det2",27.64461657762869,29.856185903838988,,,0.0,0.0,0.0,0.0,20.0,11.0,116.0,0.0,24.30000596506653,jalen tolbert,WR,MIA,212,exact_name_pos,Jalen Tolbert,,617.2,,exact_name_pos,Jalen Tolbert,170.55,331.0,unmatched,,,unmatched,,,,1,170.55,170.55,170.55,170.55,0.0,-41.44999999999999,119.0,ESPN,-41.44999999999999
213,85,5,Jahan Dotson,WR,ATL,2.0,ACT,False,"https://static.www.nfl.com/image/upload/f_auto,q_auto/league/gwuibfw7ljxudxtldcvh","https://static.www.nfl.com/image/upload/f_auto,q_auto/league/gwuibfw7ljxudxtldcvh",27.165957505563213,29.339234106008277,,,0.0,0.0,0.0,0.0,8.0,3.0,40.0,0.0,42.75286445089298,jahan dotson,WR,ATL,213,exact_name_pos,Jahan Dotson,,686.3,,exact_name_pos,Jahan Dotson,170.67,329.0,unmatched,,,unmatched,,,,1,170.67,170.67,170.67,170.67,0.0,-42.33000000000001,116.0,ESPN,-42.33000000000001
214,86,5,Jayden Reed,WR,GB,2.0,ACT,False,"https://static.www.nfl.com/image/upload/f_auto,q_auto/league/uhb95fij1uo92ymqxpmg","https://static.www.nfl.com/image/upload/f_auto,q_auto/league/uhb95fij1uo92ymqxpmg",27.10427766196682,29.272619874924168,,,0.0,0.0,0.0,0.0,11.0,8.0,100.0,1.0,19.079080617526408,jayden reed,WR,GB,214,exact_name_pos,Jayden Reed,109.9,101.3,118.6,exact_name_pos,Jayden Reed,138.85,148.0,exact_name_pos,Jayden Reed,116.9,name_inside_cbs,J. Reed  WR  GB  Jayden Reed  WR  GB,124.83,126.0,4,122.61999999999999,120.86500000000001,109.9,138.85,28.94999999999999,-91.38000000000001,-66.0,ESPN,-75.15
215,41,5,Darnell Washington,TE,PIT,2.0,ACT,False,"https://static.www.nfl.com/image/upload/f_auto,q_auto/league/inwx7uipfktapaump5pj","https://static.www.nfl.com/image/upload/f_auto,q_auto/league/inwx7uipfktapaump5pj",31.095707973871804,29.22996549543949,,,0.0,0.0,0.0,0.0,21.0,14.0,174.0,1.0,18.728539869359,darnell washington,TE,PIT,215,exact_name_pos,Darnell Washington,,674.8,,exact_name_pos,Darnell Washington,169.84,445.0,unmatched,,,unmatched,,,,1,169.84,169.84,169.84,169.84,0.0,-45.16,230.0,ESPN,-45.16
216,42,5,Tyler Higbee,TE,LA,2.0,ACT,False,"https://static.www.nfl.com/image/upload/f_auto,q_auto/league/x1d4osiefibd04df6gow","https://static.www.nfl.com/image/upload/f_auto,q_auto/league/x1d4osiefibd04df6gow",28.8400727062211,27.109668343847837,,,0.0,0.0,0.0,0.0,17.0,10.0,135.0,1.0,15.700363531105504,tyler higbee,TE,LA,216,exact_name_pos,Tyler Higbee,,651.9,,exact_name_pos,Tyler Higbee,169.88,470.0,unmatched,,,unmatched,,,,1,169.88,169.88,169.88,169.88,0.0,-46.120000000000005,254.0,ESPN,-46.120000000000005
217,50,4,MarShawn Lloyd,RB,GB,1.0,ACT,False,"https://static.www.nfl.com/image/upload/f_auto,q_auto/league/xp8sd4enimuk4zd0aqgu","https://static.www.nfl.com/image/upload/f_auto,q_auto/league/xp8sd4enimuk4zd0aqgu",25.0,27.0,,,0.0,0.0,0.0,0.0,0.0,0.0,0.0,0.0,0.0,marshawn lloyd,RB,GB,217,exact_name_pos,MarShawn Lloyd,159.4,136.4,,exact_name_pos,MarShawn Lloyd,122.86,102.0,exact_name_pos,MarShawn Lloyd,100.2,name_inside_cbs,M. Lloyd  RB  GB  MarShawn Lloyd  RB  GB,101.56,100.0,4,121.005,112.21000000000001,100.2,159.4,59.2,-95.995,-115.0,Sleeper,-57.599999999999994
218,51,4,Jadarian Price,RB,SEA,1.0,ACT,True,"https://static.www.nfl.com/image/upload/f_auto,q_auto/league/toy90i08oumgbdlvctja","https://static.www.nfl.com/image/upload/f_auto,q_auto/league/toy90i08oumgbdlvctja",25.0,27.0,,,0.0,0.0,0.0,0.0,0.0,0.0,0.0,0.0,0.0,jadarian price,RB,SEA,218,exact_name_pos,Jadarian Price,64.5,57.4,80.0,exact_name_pos,Jadarian Price,67.53,62.0,exact_name_pos,Jadarian Price,64.1,name_inside_cbs,J. Price  RB  SEA  Jadarian Price  RB  SEA,56.01,52.0,4,63.035,64.3,56.01,67.53,11.520000000000003,-154.965,-156.0,ESPN,-150.47
219,49,4,Jeremiyah Love,RB,ARI,1.0,ACT,True,"https://static.www.nfl.com/image/upload/f_auto,q_auto/league/b12gtjsylmql5v7iyyla","https://static.www.nfl.com/image/upload/f_auto,q_auto/league/b12gtjsylmql5v7iyyla",25.0,27.0,,,0.0,0.0,0.0,0.0,0.0,0.0,0.0,0.0,0.0,jeremiyah love,RB,ARI,219,exact_name_pos,Jeremiyah Love,26.5,26.3,15.2,exact_name_pos,Jeremiyah Love,25.97,19.0,exact_name_pos,Jeremiyah Love,29.7,name_inside_cbs,J. Love  RB  ARI  Ankle: Questionable for Week 1 at L.A. Chargers  Jeremiyah Love  RB  ARI  Ankle: Questionable for Week 1 at L.A. Chargers,34.46,31.0,4,29.1575,28.1,25.97,34.46,8.490000000000002,-189.8425,-200.0,CBS,-184.54
220,87,5,Carnell Tate,WR,TEN,1.0,ACT,True,"https://static.www.nfl.com/image/upload/f_auto,q_auto/league/ghpmpzcnigxrdbyvcxke","https://static.www.nfl.com/image/upload/f_auto,q_auto/league/ghpmpzcnigxrdbyvcxke",25.0,27.0,,,0.0,0.0,0.0,0.0,0.0,0.0,0.0,0.0,0.0,carnell tate,WR,TEN,220,exact_name_pos,Carnell Tate,67.7,68.1,60.8,exact_name_pos,Carnell Tate,77.39,67.0,exact_name_pos,Carnell Tate,81.4,name_inside_cbs,C. Tate  WR  TEN  Undisclosed: Questionable for Week 1 vs. N.Y. Jets  Carnell Tate  WR  TEN  Undisclosed: Questionable for Week 1 vs. N.Y. Jets,88.71,87.0,4,78.8,79.39500000000001,67.7,88.71,21.00999999999999,-141.2,-153.0,CBS,-131.29000000000002
221,88,5,Tez Johnson,WR,TB,5.0,ACT,False,"https://static.www.nfl.com/image/upload/f_auto,q_auto/league/ajbnpagviw0glrhf5a2e","https://static.www.nfl.com/image/upload/f_auto,q_auto/league/ajbnpagviw0glrhf5a2e",24.028404298307425,25.95067664217202,,,0.0,0.0,0.0,0.0,20.0,13.0,143.0,3.0,24.142021491537133,tez johnson,WR,TB,221,exact_name_pos,Tez Johnson,,673.8,,unmatched,,,,unmatched,,,unmatched,,,,0,,,,,,,,,
222,41,5,Malik Willis,QB,MIA,1.0,ACT,False,"https://static.www.nfl.com/image/upload/f_auto,q_auto/league/txvgdbwbryzyyqq6gfet","https://static.www.nfl.com/image/upload/f_auto,q_auto/league/txvgdbwbryzyyqq6gfet",28.8,25.344,,,288.0,1.0,0.0,0.0,0.0,0.0,0.0,0.0,0.0,malik willis,QB,MIA,222,exact_name_pos,Malik Willis,209.5,191.3,139.9,exact_name_pos,Malik Willis,167.56,223.0,exact_name_pos,Malik Willis,125.1,name_inside_cbs,M. Willis  QB  MIA  Malik Willis  QB  MIA,154.08,165.0,4,164.06,160.82,125.1,209.5,84.4,-57.94,1.0,Sleeper,-12.5
223,89,5,Roman Wilson,WR,PIT,3.0,ACT,False,"https://static.www.nfl.com/image/upload/f_auto,q_auto/league/xuhjoscmhmmsutbvfmrs","https://static.www.nfl.com/image/upload/f_auto,q_auto/league/xuhjoscmhmmsutbvfmrs",23.11937012902247,24.96891973934427,,,0.0,0.0,0.0,0.0,5.0,4.0,74.0,1.0,43.65454295280467,roman wilson,WR,PIT,223,exact_name_pos,Roman Wilson,,688.0,,unmatched,,,,unmatched,,,unmatched,,,,0,,,,,,,,,
224,43,5,Noah Fant,TE,NO,2.0,ACT,False,"https://static.www.nfl.com/image/upload/f_auto,q_auto/league/lijnonbrcmplvkcb5kqv","https://static.www.nfl.com/image/upload/f_auto,q_auto/league/lijnonbrcmplvkcb5kqv",25.70307363397404,24.160889215935597,,,0.0,0.0,0.0,0.0,16.0,14.0,88.0,1.0,5.182034836536835,noah fant,TE,NO,224,exact_name_pos,Noah Fant,,642.2,,unmatched,,,,unmatched,,,unmatched,,,,0,,,,,,,,,
225,44,5,Charlie Kolar,TE,LAC,1.0,ACT,False,"https://static.www.nfl.com/image/upload/f_auto,q_auto/league/g75ws8vkqz9cqwifhcy7","https://static.www.nfl.com/image/upload/f_auto,q_auto/league/g75ws8vkqz9cqwifhcy7",25.0,23.5,,,0.0,0.0,0.0,0.0,0.0,0.0,0.0,0.0,0.0,charlie kolar,TE,LAC,225,exact_name_pos,Charlie Kolar,,660.8,,unmatched,,,,unmatched,,,unmatched,,,,0,,,,,,,,,
226,42,5,Mitchell Trubisky,QB,TEN,2.0,ACT,False,"https://static.www.nfl.com/image/upload/f_auto,q_auto/league/yxs7ix2pmcfv5k1qn1sk","https://static.www.nfl.com/image/upload/f_auto,q_auto/league/yxs7ix2pmcfv5k1qn1sk",26.238888888888887,23.09022222222222,,,259.0,4.0,0.0,0.0,0.0,0.0,0.0,0.0,0.0,mitchell trubisky,QB,TEN,226,exact_name_pos,Mitchell Trubisky,,654.8,,unmatched,,,,unmatched,,,unmatched,,,,0,,,,,,,,,
227,90,5,Matthew Golden,WR,GB,3.0,ACT,False,"https://static.www.nfl.com/image/upload/f_auto,q_auto/league/dbjki6b0swksr7mk17wk","https://static.www.nfl.com/image/upload/f_auto,q_auto/league/dbjki6b0swksr7mk17wk",21.056940347582906,22.741495575389536,,,0.0,0.0,0.0,0.0,11.0,8.0,144.0,0.0,35.45777866099142,matthew golden,WR,GB,227,exact_name_pos,Matthew Golden,125.5,119.7,158.4,exact_name_pos,Matthew Golden,112.05,126.0,exact_name_pos,Matthew Golden,126.0,name_inside_cbs,M. Golden  WR  GB  Matthew Golden  WR  GB,129.99,131.0,4,123.385,125.75,112.05,129.99,17.940000000000012,-103.615,-101.0,CBS,-97.00999999999999
228,52,4,Tank Bigsby,RB,PHI,2.0,ACT,False,"https://static.www.nfl.com/image/upload/f_auto,q_auto/league/vfkdjfpiyrcuzahrmfvn","https://static.www.nfl.com/image/upload/f_auto,q_auto/league/vfkdjfpiyrcuzahrmfvn",20.88571428571429,22.55657142857143,,,0.0,0.0,132.0,1.0,0.0,0.0,0.0,0.0,0.0,tank bigsby,RB,PHI,228,exact_name_pos,Tank Bigsby,179.5,163.0,146.5,exact_name_pos,Tank Bigsby,169.64,230.0,exact_name_pos,Tank Bigsby,129.6,name_inside_cbs,T. Bigsby  RB  PHI  Tank Bigsby  RB  PHI,154.86,170.0,4,158.4,162.25,129.6,179.5,49.900000000000006,-69.6,2.0,Sleeper,-48.5
229,53,4,Jaylen Wright,RB,MIA,2.0,ACT,False,"https://static.www.nfl.com/image/upload/f_auto,q_auto/league/feeuommtlmpvuxvtb1zt","https://static.www.nfl.com/image/upload/f_auto,q_auto/league/feeuommtlmpvuxvtb1zt",20.857142857142858,22.525714285714287,,,0.0,0.0,130.0,1.0,0.0,0.0,0.0,0.0,0.0,jaylen wright,RB,MIA,229,exact_name_pos,Jaylen Wright,247.9,225.0,173.8,exact_name_pos,Jaylen Wright,170.63,311.0,unmatched,,,unmatched,,,,2,209.265,209.265,170.63,247.9,77.27000000000001,-19.735000000000014,82.0,Sleeper,18.900000000000006
230,91,5,Tre Harris,WR,LAC,3.0,ACT,False,"https://static.www.nfl.com/image/upload/f_auto,q_auto/league/v5ofh8jggzo8rygtpwl7","https://static.www.nfl.com/image/upload/f_auto,q_auto/league/v5ofh8jggzo8rygtpwl7",20.84600127492043,22.513681376914064,,,0.0,0.0,0.0,0.0,21.0,13.0,158.0,0.0,20.826160220755984,tre harris,WR,LAC,230,exact_name_pos,Tre' Harris,230.5,229.3,178.7,exact_name_pos,Tre' Harris,171.16,297.0,unmatched,,,unmatched,,,,2,200.82999999999998,200.82999999999998,171.16,230.5,59.34,-29.170000000000016,67.0,Sleeper,0.5
231,54,4,Sean Tucker,RB,TB,3.0,ACT,False,"https://static.www.nfl.com/image/upload/f_auto,q_auto/league/wiarwjvy8p6bojlratp4","https://static.www.nfl.com/image/upload/f_auto,q_auto/league/wiarwjvy8p6bojlratp4",20.714285714285715,22.371428571428574,,,0.0,0.0,190.0,3.0,0.0,0.0,0.0,0.0,0.0,sean tucker,RB,TB,231,exact_name_pos,Sean Tucker,243.9,249.2,154.5,exact_name_pos,Sean Tucker,170.35,351.0,unmatched,,,unmatched,,,,2,207.125,207.125,170.35,243.9,73.55000000000001,-23.875,120.0,Sleeper,12.900000000000006
232,43,5,Deshaun Watson,QB,CLE,1.0,ACT,False,"https://static.www.nfl.com/image/private/f_auto,q_auto/league/otfs2docj6eahaebo5xn","https://static.www.nfl.com/image/private/f_auto,q_auto/league/otfs2docj6eahaebo5xn",25.0,22.0,,,0.0,0.0,0.0,0.0,0.0,0.0,0.0,0.0,0.0,deshaun watson,QB,CLE,232,exact_name_pos,Deshaun Watson,,655.5,,exact_name_pos,Deshaun Watson,170.11,390.0,unmatched,,,unmatched,,,,1,170.11,170.11,170.11,170.11,0.0,-61.889999999999986,158.0,ESPN,-61.889999999999986
233,92,5,Jaylin Noel,WR,HOU,3.0,ACT,False,"https://static.www.nfl.com/image/upload/f_auto,q_auto/league/ehlm8w4afdqoisx1e6as","https://static.www.nfl.com/image/upload/f_auto,q_auto/league/ehlm8w4afdqoisx1e6as",20.302770208402045,21.92699182507421,,,0.0,0.0,0.0,0.0,13.0,9.0,140.0,0.0,29.494620272779464,jaylin noel,WR,HOU,233,exact_name_pos,Jaylin Noel,213.7,664.2,190.1,exact_name_pos,Jaylin Noel,171.8,238.0,unmatched,,,unmatched,,,,2,192.75,192.75,171.8,213.7,41.89999999999998,-40.25,5.0,Sleeper,-19.30000000000001
234,45,5,Noah Gray,TE,KC,2.0,ACT,False,"https://static.www.nfl.com/image/upload/f_auto,q_auto/league/bpmlguml8jth2rbdfyp5","https://static.www.nfl.com/image/upload/f_auto,q_auto/league/bpmlguml8jth2rbdfyp5",22.951837023974687,21.574726802536205,,,0.0,0.0,0.0,0.0,16.0,7.0,48.0,0.0,10.759185119873438,noah gray,TE,KC,234,exact_name_pos,Noah Gray,,683.3,,exact_name_pos,Noah Gray,169.92,468.0,unmatched,,,unmatched,,,,1,169.92,169.92,169.92,169.92,0.0,-64.08000000000001,234.0,ESPN,-64.08000000000001
235,93,5,Jalen McMillan,WR,TB,3.0,ACT,False,"https://static.www.nfl.com/image/upload/f_auto,q_auto/league/s8tlj5wsi6cq8kjhp06v","https://static.www.nfl.com/image/upload/f_auto,q_auto/league/s8tlj5wsi6cq8kjhp06v",19.83209474141677,21.41866232073012,,,0.0,0.0,0.0,0.0,9.0,7.0,114.0,0.0,34.1412429378531,jalen mcmillan,WR,TB,235,exact_name_pos,Jalen McMillan,210.8,210.7,165.4,exact_name_pos,Jalen McMillan,164.07,173.0,unmatched,,,unmatched,,,,2,187.435,187.435,164.07,210.8,46.73000000000002,-47.565,-62.0,Sleeper,-24.19999999999999
236,55,4,Tyjae Spears,RB,TEN,2.0,ACT,False,"https://static.www.nfl.com/image/upload/f_auto,q_auto/league/pkly3nkohty1tuijtwty","https://static.www.nfl.com/image/upload/f_auto,q_auto/league/pkly3nkohty1tuijtwty",19.742857142857144,21.32228571428572,,,0.0,0.0,52.0,1.0,0.0,0.0,0.0,0.0,0.0,tyjae spears,RB,TEN,236,exact_name_pos,Tyjae Spears,164.3,168.6,122.1,exact_name_pos,Tyjae Spears,146.69,158.0,exact_name_pos,Tyjae Spears,132.6,name_inside_cbs,T. Spears  RB  TEN  Tyjae Spears  RB  TEN,146.0,152.0,4,147.3975,146.345,132.6,164.3,31.700000000000017,-88.60249999999999,-78.0,Sleeper,-71.69999999999999
237,46,5,Elijah Higgins,TE,ARI,2.0,ACT,False,"https://static.www.nfl.com/image/upload/f_auto,q_auto/league/qgvtaa0gekopg4ad6vqe","https://static.www.nfl.com/image/upload/f_auto,q_auto/league/qgvtaa0gekopg4ad6vqe",22.528541589623483,21.176829094246077,,,0.0,0.0,0.0,0.0,8.0,7.0,91.0,0.0,15.05937461478408,elijah higgins,TE,ARI,237,exact_name_pos,Elijah Higgins,,668.1,,unmatched,,,,unmatched,,,unmatched,,,,0,,,,,,,,,
238,44,5,Tyrod Taylor,QB,GB,2.0,ACT,False,"https://static.www.nfl.com/image/upload/f_auto,q_auto/league/whpztm9akd7yefplp37r","https://static.www.nfl.com/image/upload/f_auto,q_auto/league/whpztm9akd7yefplp37r",23.98333333333333,21.10533333333333,,,717.0,4.0,0.0,0.0,0.0,0.0,0.0,0.0,0.0,tyrod taylor,QB,GB,238,exact_name_pos,Tyrod Taylor,658.2,610.6,,unmatched,,,,unmatched,,,unmatched,,,,1,658.2,658.2,658.2,658.2,0.0,420.20000000000005,,Sleeper,420.20000000000005
239,94,5,Isaac TeSlaa,WR,DET,3.0,ACT,False,"https://static.www.nfl.com/image/upload/f_auto,q_auto/league/ducfhbiy2a8loytcjymn","https://static.www.nfl.com/image/upload/f_auto,q_auto/league/ducfhbiy2a8loytcjymn",18.63654136701517,20.127464676376384,,,0.0,0.0,0.0,0.0,7.0,4.0,52.0,1.0,20.43270683507584,isaac teslaa,WR,DET,239,exact_name_pos,Isaac TeSlaa,227.7,235.0,183.7,exact_name_pos,Isaac TeSlaa,170.29,370.0,exact_name_pos,Isaac TeSlaa,124.4,unmatched,,,,3,174.13,170.29,124.4,227.7,103.29999999999998,-64.87,131.0,Sleeper,-11.300000000000011
240,45,5,Tyler Huntley,QB,BAL,2.0,ACT,False,"https://static.www.nfl.com/image/upload/f_auto,q_auto/league/fxyjf9d5qkwqjdd8ypvv","https://static.www.nfl.com/image/upload/f_auto,q_auto/league/fxyjf9d5qkwqjdd8ypvv",22.405555555555555,19.71688888888889,,,361.0,2.0,0.0,0.0,0.0,0.0,0.0,0.0,0.0,tyler huntley,QB,BAL,240,exact_name_pos,Tyler Huntley,,690.0,,unmatched,,,,unmatched,,,unmatched,,,,0,,,,,,,,,
241,56,5,Ray Davis,RB,BUF,2.0,ACT,False,"https://static.www.nfl.com/image/upload/f_auto,q_auto/league/xibwzhrl6q5xkgh3utug","https://static.www.nfl.com/image/upload/f_auto,q_auto/league/xibwzhrl6q5xkgh3utug",18.15714285714286,19.60971428571429,,,0.0,0.0,151.0,0.0,0.0,0.0,0.0,0.0,0.0,ray davis,RB,BUF,241,exact_name_pos,Ray Davis,224.5,205.6,167.3,exact_name_pos,Ray Davis,171.03,239.0,exact_name_pos,Ray Davis,123.3,unmatched,,,,3,172.9433333333333,171.03,123.3,224.5,101.2,-68.0566666666667,-2.0,Sleeper,-16.5
242,46,5,Quinn Ewers,QB,JAX,2.0,ACT,False,"https://static.www.nfl.com/image/upload/f_auto,q_auto/league/bbcwyjuhyijtqe7jo274","https://static.www.nfl.com/image/upload/f_auto,q_auto/league/bbcwyjuhyijtqe7jo274",22.16111111111111,19.50177777777778,,,569.0,3.0,0.0,0.0,0.0,0.0,0.0,0.0,0.0,quinn ewers,QB,JAX,242,exact_name_pos,Quinn Ewers,,697.4,,unmatched,,,,unmatched,,,unmatched,,,,0,,,,,,,,,
243,57,5,Bam Knight,RB,ARI,3.0,ACT,False,"https://static.www.nfl.com/image/upload/f_auto,q_auto/league/mjxnlzlnnwlfqayeybut","https://static.www.nfl.com/image/upload/f_auto,q_auto/league/mjxnlzlnnwlfqayeybut",17.757142857142856,19.177714285714288,,,0.0,0.0,193.0,2.0,0.0,0.0,0.0,0.0,0.0,bam knight,RB,ARI,243,unmatched,,,,,exact_name_pos,Bam Knight,170.09,431.0,unmatched,,,unmatched,,,,1,170.09,170.09,170.09,170.09,0.0,-72.91,188.0,ESPN,-72.91
244,58,5,Malik Davis,RB,DAL,2.0,ACT,False,"https://static.www.nfl.com/image/upload/f_auto,q_auto/league/zvranxxyt8qeihn8c2q9","https://static.www.nfl.com/image/upload/f_auto,q_auto/league/zvranxxyt8qeihn8c2q9",17.47142857142857,18.869142857142855,,,0.0,0.0,103.0,0.0,0.0,0.0,0.0,0.0,0.0,malik davis,RB,DAL,244,exact_name_pos,Malik Davis,,629.7,,exact_name_pos,Malik Davis,170.28,327.0,unmatched,,,unmatched,,,,1,170.28,170.28,170.28,170.28,0.0,-73.72,83.0,ESPN,-73.72
245,95,5,Dyami Brown,WR,WAS,6.0,ACT,False,"https://static.www.nfl.com/image/upload/f_auto,q_auto/league/addv9eheok1jj7amfkpb","https://static.www.nfl.com/image/upload/f_auto,q_auto/league/addv9eheok1jj7amfkpb",17.397111506003846,18.788880426484155,,,0.0,0.0,0.0,0.0,19.0,10.0,95.0,1.0,25.92786522232693,dyami brown,WR,WAS,245,exact_name_pos,Dyami Brown,,515.3,,unmatched,,,,unmatched,,,unmatched,,,,0,,,,,,,,,
246,59,5,Dylan Sampson,RB,CLE,2.0,ACT,False,"https://static.www.nfl.com/image/upload/f_auto,q_auto/league/den1hzzomdxfcsgk88o5","https://static.www.nfl.com/image/upload/f_auto,q_auto/league/den1hzzomdxfcsgk88o5",17.257142857142856,18.637714285714285,,,0.0,0.0,88.0,0.0,0.0,0.0,0.0,0.0,0.0,dylan sampson,RB,CLE,246,exact_name_pos,Dylan Sampson,190.4,195.1,128.5,exact_name_pos,Dylan Sampson,169.17,199.0,unmatched,,,name_inside_cbs,D. Sampson  RB  CLE  Dylan Sampson  RB  CLE,157.98,175.0,3,172.51666666666665,169.17,157.98,190.4,32.420000000000016,-73.48333333333335,-47.0,Sleeper,-55.599999999999994
247,47,5,Jameis Winston,QB,NYG,2.0,ACT,False,"https://static.www.nfl.com/image/upload/f_auto,q_auto/league/e5qyxnibbyawi0pvfpjl","https://static.www.nfl.com/image/upload/f_auto,q_auto/league/e5qyxnibbyawi0pvfpjl",21.15,18.612,,,567.0,2.0,0.0,0.0,0.0,0.0,0.0,0.0,0.0,jameis winston,QB,NYG,247,exact_name_pos,Jameis Winston,,664.4,,exact_name_pos,Jameis Winston,169.96,477.0,unmatched,,,unmatched,,,,1,169.96,169.96,169.96,169.96,0.0,-77.03999999999999,230.0,ESPN,-77.03999999999999
248,96,5,Jack Bech,WR,LV,3.0,ACT,False,"https://static.www.nfl.com/image/upload/f_auto,q_auto/league/feplgtl0x1svqen9szwv","https://static.www.nfl.com/image/upload/f_auto,q_auto/league/feplgtl0x1svqen9szwv",17.19149801615021,18.566817857442228,,,0.0,0.0,0.0,0.0,11.0,9.0,77.0,0.0,21.284413157674123,jack bech,WR,LV,248,exact_name_pos,Jack Bech,238.2,676.7,207.7,exact_name_pos,Jack Bech,170.2,393.0,unmatched,,,unmatched,,,,2,204.2,204.2,170.2,238.2,68.0,-43.80000000000001,145.0,Sleeper,-9.800000000000011
249,60,5,Samaje Perine,RB,CIN,2.0,ACT,False,"https://static.www.nfl.com/image/upload/f_auto,q_auto/league/fllwhcdovol5i7xxahf6","https://static.www.nfl.com/image/upload/f_auto,q_auto/league/fllwhcdovol5i7xxahf6",17.15714285714286,18.529714285714288,,,0.0,0.0,81.0,0.0,0.0,0.0,0.0,0.0,0.0,samaje perine,RB,CIN,249,exact_name_pos,Samaje Perine,,629.6,,exact_name_pos,Samaje Perine,171.14,206.0,unmatched,,,unmatched,,,,1,171.14,171.14,171.14,171.14,0.0,-77.86000000000001,-43.0,ESPN,-77.86000000000001
250,48,5,Mason Rudolph,QB,PIT,2.0,ACT,False,"https://static.www.nfl.com/image/upload/f_auto,q_auto/league/oadtxde6hxz1jgrs618o","https://static.www.nfl.com/image/upload/f_auto,q_auto/league/oadtxde6hxz1jgrs618o",20.855555555555554,18.352888888888888,,,298.0,2.0,0.0,0.0,0.0,0.0,0.0,0.0,0.0,mason rudolph,QB,PIT,250,exact_name_pos,Mason Rudolph,,655.3,,unmatched,,,,unmatched,,,unmatched,,,,0,,,,,,,,,
251,61,5,Chris Brooks,RB,GB,2.0,ACT,False,"https://static.www.nfl.com/image/upload/f_auto,q_auto/league/ityat7ltppdxe9t0imjd","https://static.www.nfl.com/image/upload/f_auto,q_auto/league/ityat7ltppdxe9t0imjd",16.87142857142857,18.22114285714286,,,0.0,0.0,61.0,0.0,0.0,0.0,0.0,0.0,0.0,chris brooks,RB,GB,251,exact_name_pos,Chris Brooks,,695.2,,exact_name_pos,Chris Brooks,170.35,324.0,unmatched,,,unmatched,,,,1,170.35,170.35,170.35,170.35,0.0,-80.65,73.0,ESPN,-80.65
252,47,5,Brock Wright,TE,DET,2.0,ACT,False,"https://static.www.nfl.com/image/upload/f_auto,q_auto/league/ghmaeofuj87fm97yhvcp","https://static.www.nfl.com/image/upload/f_auto,q_auto/league/ghmaeofuj87fm97yhvcp",19.014083564886285,17.873238550993108,,,0.0,0.0,0.0,0.0,7.0,2.0,8.0,0.0,5.6537511577647495,brock wright,TE,DET,252,exact_name_pos,Brock Wright,690.8,697.6,,unmatched,,,,unmatched,,,unmatched,,,,1,690.8,690.8,690.8,690.8,0.0,438.79999999999995,,Sleeper,438.79999999999995
253,49,5,Riley Leonard,QB,IND,2.0,ACT,False,"https://static.www.nfl.com/image/upload/f_auto,q_auto/league/okxcrf19ylc0hwfefmwl","https://static.www.nfl.com/image/upload/f_auto,q_auto/league/okxcrf19ylc0hwfefmwl",20.30555555555556,17.86888888888889,,,415.0,2.0,0.0,0.0,0.0,0.0,0.0,0.0,0.0,riley leonard,QB,IND,253,exact_name_pos,Riley Leonard,,683.3,,unmatched,,,,unmatched,,,unmatched,,,,0,,,,,,,,,
254,62,5,George Holani,RB,SEA,2.0,ACT,False,"https://static.www.nfl.com/image/upload/f_auto,q_auto/league/pgwvv5qhcmnwf3tomy1a","https://static.www.nfl.com/image/upload/f_auto,q_auto/league/pgwvv5qhcmnwf3tomy1a",16.385714285714286,17.69657142857143,,,0.0,0.0,27.0,0.0,0.0,0.0,0.0,0.0,0.0,george holani,RB,SEA,254,exact_name_pos,George Holani,,700.0,,exact_name_pos,George Holani,170.32,349.0,unmatched,,,unmatched,,,,1,170.32,170.32,170.32,170.32,0.0,-83.68,95.0,ESPN,-83.68
255,97,5,Kevin Austin Jr.,WR,NO,5.0,ACT,False,"https://static.www.nfl.com/image/upload/f_auto,q_auto/league/fh2yaqaxkornxeb7d9ie","https://static.www.nfl.com/image/upload/f_auto,q_auto/league/fh2yaqaxkornxeb7d9ie",16.08294977278414,17.369585754606874,,,0.0,0.0,0.0,0.0,19.0,11.0,122.0,1.0,17.280133479305317,kevin austin,WR,NO,255,unmatched,,,,,unmatched,,,,unmatched,,,unmatched,,,,0,,,,,,,,,
256,69,5,Kaelon Black,RB,SF,2.0,ACT,True,"https://static.www.nfl.com/image/upload/f_auto,q_auto/league/nwgkzr1ysr32jc79zfnt","https://static.www.nfl.com/image/upload/f_auto,q_auto/league/nwgkzr1ysr32jc79zfnt",16.0,17.28,,,0.0,0.0,0.0,0.0,0.0,0.0,0.0,0.0,0.0,kaelon black,RB,SF,256,exact_name_pos,Kaelon Black,195.8,161.2,,exact_name_pos,Kaelon Black,170.35,281.0,exact_name_pos,Kaelon Black,130.5,name_inside_cbs,K. Black  RB  SF  Kaelon Black  RB  SF,156.34,174.0,4,163.2475,163.345,130.5,195.8,65.30000000000001,-92.7525,25.0,Sleeper,-60.19999999999999
257,65,5,Seth McGowan,RB,IND,2.0,ACT,True,"https://static.www.nfl.com/image/upload/f_auto,q_auto/league/qkwvvygwu9pan88sivzb","https://static.www.nfl.com/image/upload/f_auto,q_auto/league/qkwvvygwu9pan88sivzb",16.0,17.28,,,0.0,0.0,0.0,0.0,0.0,0.0,0.0,0.0,0.0,seth mcgowan,RB,IND,257,exact_name_pos,Seth McGowan,,692.6,,exact_name_pos,Seth McGowan,170.26,352.0,unmatched,,,unmatched,,,,1,170.26,170.26,170.26,170.26,0.0,-86.74000000000001,95.0,ESPN,-86.74000000000001
258,67,5,Keaton Mitchell,RB,LAC,2.0,ACT,False,"https://static.www.nfl.com/image/upload/f_auto,q_auto/league/ztciwwpbyaffmckwrzdk","https://static.www.nfl.com/image/upload/f_auto,q_auto/league/ztciwwpbyaffmckwrzdk",16.0,17.28,,,0.0,0.0,0.0,0.0,0.0,0.0,0.0,0.0,0.0,keaton mitchell,RB,LAC,258,exact_name_pos,Keaton Mitchell,185.8,165.7,148.2,exact_name_pos,Keaton Mitchell,169.35,203.0,exact_name_pos,Keaton Mitchell,131.7,name_inside_cbs,K. Mitchell  RB  LAC  Undisclosed: Questionable for Week 1 vs. Arizona  Keaton Mitchell  RB  LAC  Undisclosed: Questionable for Week 1 vs. Arizona,155.31,171.0,4,160.54,162.32999999999998,131.7,185.8,54.10000000000002,-97.46000000000001,-55.0,Sleeper,-72.19999999999999
259,64,5,Jonathon Brooks,RB,CAR,2.0,ACT,False,"https://static.www.nfl.com/image/upload/f_auto,q_auto/league/txl39rwjrs2fkm1shtxh","https://static.www.nfl.com/image/upload/f_auto,q_auto/league/txl39rwjrs2fkm1shtxh",16.0,17.28,,,0.0,0.0,0.0,0.0,0.0,0.0,0.0,0.0,0.0,jonathon brooks,RB,CAR,259,exact_name_pos,Jonathon Brooks,100.0,87.0,143.7,exact_name_pos,Jonathon Brooks,104.82,95.0,exact_name_pos,Jonathon Brooks,91.8,name_inside_cbs,J. Brooks  RB  CAR  General Soreness: Questionable for Week 1 vs. Chicago  Jonathon Brooks  RB  CAR  General Soreness: Questionable for Week 1 vs. Chicago,84.99,81.0,4,95.4025,95.9,84.99,104.82,19.83,-163.5975,-164.0,ESPN,-154.18
260,63,5,Justice Hill,RB,BAL,2.0,ACT,False,"https://static.www.nfl.com/image/upload/f_auto,q_auto/league/fuodbrwvianete2gy5ag","https://static.www.nfl.com/image/upload/f_auto,q_auto/league/fuodbrwvianete2gy5ag",16.0,17.28,,,0.0,0.0,0.0,0.0,0.0,0.0,0.0,0.0,0.0,justice hill,RB,BAL,260,exact_name_pos,Justice Hill,,218.2,,exact_name_pos,Justice Hill,168.78,276.0,unmatched,,,unmatched,,,,1,168.78,168.78,168.78,168.78,0.0,-91.22,16.0,ESPN,-91.22
261,66,5,Emmett Johnson,RB,KC,2.0,ACT,True,"https://static.www.nfl.com/image/upload/f_auto,q_auto/league/avdz4njz1slqn7ktqcuq","https://static.www.nfl.com/image/upload/f_auto,q_auto/league/avdz4njz1slqn7ktqcuq",16.0,17.28,,,0.0,0.0,0.0,0.0,0.0,0.0,0.0,0.0,0.0,emmett johnson,RB,KC,261,exact_name_pos,Emmett Johnson,208.1,183.3,112.5,exact_name_pos,Emmett Johnson,169.91,343.0,exact_name_pos,Emmett Johnson,126.6,name_inside_cbs,E. Johnson  RB  KC  Emmett Johnson  RB  KC,162.91,187.0,4,166.88,166.41,126.6,208.1,81.5,-94.12,82.0,Sleeper,-52.900000000000006
262,68,5,Braelon Allen,RB,NYJ,2.0,ACT,False,"https://static.www.nfl.com/image/upload/f_auto,q_auto/league/fmpzgmfjmcbrv1gmqbdn","https://static.www.nfl.com/image/upload/f_auto,q_auto/league/fmpzgmfjmcbrv1gmqbdn",16.0,17.28,,,0.0,0.0,0.0,0.0,0.0,0.0,0.0,0.0,0.0,braelon allen,RB,NYJ,262,exact_name_pos,Braelon Allen,205.0,186.6,134.7,exact_name_pos,Braelon Allen,170.94,229.0,exact_name_pos,Braelon Allen,127.9,name_inside_cbs,B. Allen  RB  NYJ  Braelon Allen  RB  NYJ,158.88,178.0,4,165.68,164.91,127.9,205.0,77.1,-96.32,-33.0,Sleeper,-57.0
263,98,5,KC Concepcion,WR,CLE,2.0,ACT,True,"https://static.www.nfl.com/image/upload/f_auto,q_auto/league/ztdyzyngqr1pexyghlt3","https://static.www.nfl.com/image/upload/f_auto,q_auto/league/ztdyzyngqr1pexyghlt3",16.0,17.28,,,0.0,0.0,0.0,0.0,0.0,0.0,0.0,0.0,0.0,kc concepcion,WR,CLE,263,exact_name_pos,KC Concepcion,120.2,111.9,129.3,exact_name_pos,KC Concepcion,146.67,171.0,exact_name_pos,KC Concepcion,123.8,name_inside_cbs,K. Concepcion  WR  CLE  KC Concepcion  WR  CLE,115.97,116.0,4,126.66,122.0,115.97,146.67,30.69999999999999,-136.34,-92.0,ESPN,-116.33000000000001
264,99,5,Kalif Raymond,WR,CHI,3.0,ACT,False,"https://static.www.nfl.com/image/upload/f_auto,q_auto/league/dpdv6dm0almcbjdppizx","https://static.www.nfl.com/image/upload/f_auto,q_auto/league/dpdv6dm0almcbjdppizx",15.179249550232203,16.39358951425078,,,0.0,0.0,0.0,0.0,5.0,4.0,62.0,1.0,4.877016981930257,kalif raymond,WR,CHI,264,exact_name_pos,Kalif Raymond,,645.2,,unmatched,,,,unmatched,,,unmatched,,,,0,,,,,,,,,
265,48,5,Tanner Hudson,TE,CIN,3.0,ACT,False,"https://static.www.nfl.com/image/upload/f_auto,q_auto/league/pyl2bpjw0vy4idcseama","https://static.www.nfl.com/image/upload/f_auto,q_auto/league/pyl2bpjw0vy4idcseama",16.92942997469015,15.91366417620874,,,0.0,0.0,0.0,0.0,10.0,7.0,26.0,1.0,8.980483206784083,tanner hudson,TE,CIN,265,exact_name_pos,Tanner Hudson,,632.1,,unmatched,,,,unmatched,,,unmatched,,,,0,,,,,,,,,
266,100,5,Lil'Jordan Humphrey,WR,DEN,6.0,ACT,False,"https://static.www.nfl.com/image/upload/f_auto,q_auto/league/otxrvkflhixz9akhmfqq","https://static.www.nfl.com/image/upload/f_auto,q_auto/league/otxrvkflhixz9akhmfqq",14.526274163647408,15.6883760967392,,,0.0,0.0,0.0,0.0,13.0,6.0,78.0,0.0,35.38137081823703,lil jordan humphrey,WR,DEN,266,exact_name_pos,Lil'Jordan Humphrey,,629.9,,unmatched,,,,unmatched,,,unmatched,,,,0,,,,,,,,,
267,101,5,Isaiah Bond,WR,CLE,4.0,ACT,False,"https://static.www.nfl.com/image/upload/f_auto,q_auto/league/piv889pkizjvgrtpfkxm","https://static.www.nfl.com/image/upload/f_auto,q_auto/league/piv889pkizjvgrtpfkxm",14.520832694894892,15.682499310486484,,,0.0,0.0,0.0,0.0,18.0,7.0,96.0,0.0,27.719548089859074,isaiah bond,WR,CLE,267,exact_name_pos,Isaiah Bond,,682.5,,unmatched,,,,unmatched,,,unmatched,,,,0,,,,,,,,,
268,102,5,Jaylin Lane,WR,WAS,7.0,ACT,False,"https://static.www.nfl.com/image/upload/f_auto,q_auto/league/fa5ufxqxs3hzioih3cfb","https://static.www.nfl.com/image/upload/f_auto,q_auto/league/fa5ufxqxs3hzioih3cfb",14.385111629190604,15.535920559525852,,,0.0,0.0,0.0,0.0,11.0,6.0,89.0,0.0,36.329404299799165,jaylin lane,WR,WAS,268,exact_name_pos,Jaylin Lane,,691.0,,unmatched,,,,unmatched,,,unmatched,,,,0,,,,,,,,,
269,103,5,Xavier Restrepo,WR,TEN,6.0,ACT,False,"https://static.www.nfl.com/image/upload/f_auto,q_auto/league/w4onu90fxjmlkmkchcg1","https://static.www.nfl.com/image/upload/f_auto,q_auto/league/w4onu90fxjmlkmkchcg1",14.048990806840944,15.17291007138822,,,0.0,0.0,0.0,0.0,6.0,2.0,26.0,0.0,45.74495403420472,xavier restrepo,WR,TEN,269,exact_name_pos,Xavier Restrepo,675.0,633.1,,unmatched,,,,unmatched,,,unmatched,,,,1,675.0,675.0,675.0,675.0,0.0,406.0,,Sleeper,406.0
270,50,5,Durham Smythe,TE,BAL,2.0,ACT,False,"https://static.www.nfl.com/image/upload/f_auto,q_auto/league/pwcuy1ntmris98x8xmxi","https://static.www.nfl.com/image/upload/f_auto,q_auto/league/pwcuy1ntmris98x8xmxi",16.0,15.04,,,0.0,0.0,0.0,0.0,0.0,0.0,0.0,0.0,0.0,durham smythe,TE,BAL,270,exact_name_pos,Durham Smythe,663.1,684.0,,unmatched,,,,unmatched,,,unmatched,,,,1,663.1,663.1,663.1,663.1,0.0,393.1,,Sleeper,393.1
271,62,5,Kenyon Sadiq,TE,NYJ,2.0,ACT,True,"https://static.www.nfl.com/image/upload/f_auto,q_auto/league/mnswulwto4yqkgmugoiq","https://static.www.nfl.com/image/upload/f_auto,q_auto/league/mnswulwto4yqkgmugoiq",16.0,15.04,,,0.0,0.0,0.0,0.0,0.0,0.0,0.0,0.0,0.0,kenyon sadiq,TE,NYJ,271,exact_name_pos,Kenyon Sadiq,173.3,193.7,108.5,exact_name_pos,Kenyon Sadiq,163.88,234.0,exact_name_pos,Kenyon Sadiq,130.0,name_inside_cbs,K. Sadiq  TE  NYJ  Abdomen: Questionable for Week 1 at Tennessee  Kenyon Sadiq  TE  NYJ  Abdomen: Questionable for Week 1 at Tennessee,162.88,186.0,4,157.515,163.38,130.0,173.3,43.30000000000001,-113.48500000000001,-37.0,Sleeper,-97.69999999999999
272,67,5,John Bates,TE,WAS,2.0,ACT,False,"https://static.www.nfl.com/image/upload/f_auto,q_auto/league/sqaiwpind6kk4ns4acql","https://static.www.nfl.com/image/upload/f_auto,q_auto/league/sqaiwpind6kk4ns4acql",16.0,15.04,,,0.0,0.0,0.0,0.0,0.0,0.0,0.0,0.0,0.0,john bates,TE,WAS,272,exact_name_pos,John Bates,,620.3,,unmatched,,,,unmatched,,,unmatched,,,,0,,,,,,,,,
273,63,5,Johnny Mundt,TE,PHI,2.0,ACT,False,"https://static.www.nfl.com/image/upload/f_auto,q_auto/league/gbsnomwbzavt5124vvaz","https://static.www.nfl.com/image/upload/f_auto,q_auto/league/gbsnomwbzavt5124vvaz",16.0,15.04,,,0.0,0.0,0.0,0.0,0.0,0.0,0.0,0.0,0.0,johnny mundt,TE,PHI,273,exact_name_pos,Johnny Mundt,699.8,698.6,,unmatched,,,,unmatched,,,unmatched,,,,1,699.8,699.8,699.8,699.8,0.0,426.79999999999995,,Sleeper,426.79999999999995
274,59,5,Will Kacmarek,TE,MIA,2.0,ACT,True,"https://static.www.nfl.com/image/upload/f_auto,q_auto/league/erqascuieblamkhf2vbs","https://static.www.nfl.com/image/upload/f_auto,q_auto/league/erqascuieblamkhf2vbs",16.0,15.04,,,0.0,0.0,0.0,0.0,0.0,0.0,0.0,0.0,0.0,will kacmarek,TE,MIA,274,exact_name_pos,Will Kacmarek,,537.3,,unmatched,,,,unmatched,,,unmatched,,,,0,,,,,,,,,
275,56,5,Foster Moreau,TE,HOU,2.0,ACT,False,"https://static.www.nfl.com/image/upload/f_auto,q_auto/league/daymhftrwf00siu0iviy","https://static.www.nfl.com/image/upload/f_auto,q_auto/league/daymhftrwf00siu0iviy",16.0,15.04,,,0.0,0.0,0.0,0.0,0.0,0.0,0.0,0.0,0.0,foster moreau,TE,HOU,275,exact_name_pos,Foster Moreau,638.3,689.5,,unmatched,,,,unmatched,,,unmatched,,,,1,638.3,638.3,638.3,638.3,0.0,363.29999999999995,,Sleeper,363.29999999999995
276,66,5,Daniel Bellinger,TE,TEN,2.0,ACT,False,"https://static.www.nfl.com/image/upload/f_auto,q_auto/league/nvabdu88h2cvroeygabo","https://static.www.nfl.com/image/upload/f_auto,q_auto/league/nvabdu88h2cvroeygabo",16.0,15.04,,,0.0,0.0,0.0,0.0,0.0,0.0,0.0,0.0,0.0,daniel bellinger,TE,TEN,276,exact_name_pos,Daniel Bellinger,,680.8,,unmatched,,,,unmatched,,,unmatched,,,,0,,,,,,,,,
277,58,5,Nate Boerkircher,TE,JAX,2.0,ACT,True,"https://static.www.nfl.com/image/upload/f_auto,q_auto/league/bxglkvzpx2y40u25xaso","https://static.www.nfl.com/image/upload/f_auto,q_auto/league/bxglkvzpx2y40u25xaso",16.0,15.04,,,0.0,0.0,0.0,0.0,0.0,0.0,0.0,0.0,0.0,nate boerkircher,TE,JAX,277,exact_name_pos,Nate Boerkircher,,673.5,,unmatched,,,,unmatched,,,unmatched,,,,0,,,,,,,,,
278,60,5,Josh Oliver,TE,MIN,2.0,ACT,False,"https://static.www.nfl.com/image/upload/f_auto,q_auto/league/awdb5xedlbq0ebpptgzb","https://static.www.nfl.com/image/upload/f_auto,q_auto/league/awdb5xedlbq0ebpptgzb",16.0,15.04,,,0.0,0.0,0.0,0.0,0.0,0.0,0.0,0.0,0.0,josh oliver,TE,MIN,278,exact_name_pos,Josh Oliver,,647.4,,unmatched,,,,unmatched,,,unmatched,,,,0,,,,,,,,,
279,49,5,Charlie Woerner,TE,ATL,2.0,ACT,False,"https://static.www.nfl.com/image/upload/f_auto,q_auto/league/tuzldnhk23mvsapfejqd","https://static.www.nfl.com/image/upload/f_auto,q_auto/league/tuzldnhk23mvsapfejqd",16.0,15.04,,,0.0,0.0,0.0,0.0,0.0,0.0,0.0,0.0,0.0,charlie woerner,TE,ATL,279,exact_name_pos,Charlie Woerner,641.5,611.5,,unmatched,,,,unmatched,,,unmatched,,,,1,641.5,641.5,641.5,641.5,0.0,362.5,,Sleeper,362.5
280,57,5,Mo Alie-Cox,TE,IND,2.0,ACT,False,"https://static.www.nfl.com/image/upload/f_auto,q_auto/league/ivdxijcqlhfwsydxh6ox","https://static.www.nfl.com/image/upload/f_auto,q_auto/league/ivdxijcqlhfwsydxh6ox",16.0,15.04,,,0.0,0.0,0.0,0.0,0.0,0.0,0.0,0.0,0.0,mo alie cox,TE,IND,280,exact_name_pos,Mo Alie-Cox,527.6,613.0,,unmatched,,,,unmatched,,,unmatched,,,,1,527.6,527.6,527.6,527.6,0.0,247.60000000000002,,Sleeper,247.60000000000002
281,54,5,Brevyn Spann-Ford,TE,DAL,2.0,ACT,False,"https://static.www.nfl.com/image/upload/f_auto,q_auto/league/sko2pmuqociwa92ep1ad","https://static.www.nfl.com/image/upload/f_auto,q_auto/league/sko2pmuqociwa92ep1ad",16.0,15.04,,,0.0,0.0,0.0,0.0,0.0,0.0,0.0,0.0,0.0,brevyn spann ford,TE,DAL,281,unmatched,,,,,unmatched,,,,unmatched,,,unmatched,,,,0,,,,,,,,,
282,53,5,Blake Whiteheart,TE,CLE,2.0,ACT,False,"https://static.www.nfl.com/image/upload/f_auto,q_auto/league/senw8edxu2ovkg1dbdxs","https://static.www.nfl.com/image/upload/f_auto,q_auto/league/senw8edxu2ovkg1dbdxs",16.0,15.04,,,0.0,0.0,0.0,0.0,0.0,0.0,0.0,0.0,0.0,blake whiteheart,TE,CLE,282,exact_name_pos,Blake Whiteheart,,617.8,,unmatched,,,,unmatched,,,unmatched,,,,0,,,,,,,,,
283,51,5,Mitchell Evans,TE,CAR,2.0,ACT,False,"https://static.www.nfl.com/image/upload/f_auto,q_auto/league/yruhsxdnyfaa7iswn1dp","https://static.www.nfl.com/image/upload/f_auto,q_auto/league/yruhsxdnyfaa7iswn1dp",16.0,15.04,,,0.0,0.0,0.0,0.0,0.0,0.0,0.0,0.0,0.0,mitchell evans,TE,CAR,283,exact_name_pos,Mitchell Evans,,626.3,,unmatched,,,,unmatched,,,unmatched,,,,0,,,,,,,,,
284,55,5,Adam Trautman,TE,DEN,2.0,ACT,False,"https://static.www.nfl.com/image/upload/f_auto,q_auto/league/bqsgkwkfolczyrxmdp1j","https://static.www.nfl.com/image/upload/f_auto,q_auto/league/bqsgkwkfolczyrxmdp1j",16.0,15.04,,,0.0,0.0,0.0,0.0,0.0,0.0,0.0,0.0,0.0,adam trautman,TE,DEN,284,exact_name_pos,Adam Trautman,682.8,675.3,,unmatched,,,,unmatched,,,unmatched,,,,1,682.8,682.8,682.8,682.8,0.0,398.79999999999995,,Sleeper,398.79999999999995
285,64,5,Eric Saubert,TE,SEA,2.0,ACT,False,"https://static.www.nfl.com/image/upload/f_auto,q_auto/league/czzieyox5rht6ae3g5tx","https://static.www.nfl.com/image/upload/f_auto,q_auto/league/czzieyox5rht6ae3g5tx",16.0,15.04,,,0.0,0.0,0.0,0.0,0.0,0.0,0.0,0.0,0.0,eric saubert,TE,SEA,285,exact_name_pos,Eric Saubert,575.5,538.5,,unmatched,,,,unmatched,,,unmatched,,,,1,575.5,575.5,575.5,575.5,0.0,290.5,,Sleeper,290.5
286,65,5,Payne Durham,TE,TB,2.0,ACT,False,"https://static.www.nfl.com/image/upload/f_auto,q_auto/league/emibbexzjbzvopbvo1at","https://static.www.nfl.com/image/upload/f_auto,q_auto/league/emibbexzjbzvopbvo1at",16.0,15.04,,,0.0,0.0,0.0,0.0,0.0,0.0,0.0,0.0,0.0,payne durham,TE,TB,286,exact_name_pos,Payne Durham,564.0,620.5,,unmatched,,,,unmatched,,,unmatched,,,,1,564.0,564.0,564.0,564.0,0.0,278.0,,Sleeper,278.0
287,52,5,Drew Sample,TE,CIN,2.0,ACT,False,"https://static.www.nfl.com/image/upload/f_auto,q_auto/league/mmxrr2k7gdfowqpyxtr7","https://static.www.nfl.com/image/upload/f_auto,q_auto/league/mmxrr2k7gdfowqpyxtr7",16.0,15.04,,,0.0,0.0,0.0,0.0,0.0,0.0,0.0,0.0,0.0,drew sample,TE,CIN,287,exact_name_pos,Drew Sample,,454.2,,exact_name_pos,Drew Sample,169.97,472.0,unmatched,,,unmatched,,,,1,169.97,169.97,169.97,169.97,0.0,-117.03,185.0,ESPN,-117.03
288,61,5,Eli Raridon,TE,NE,2.0,ACT,True,"https://static.www.nfl.com/image/upload/f_auto,q_auto/league/tglrg0yek3kwrt8rqz5t","https://static.www.nfl.com/image/upload/f_auto,q_auto/league/tglrg0yek3kwrt8rqz5t",16.0,15.04,,,0.0,0.0,0.0,0.0,0.0,0.0,0.0,0.0,0.0,eli raridon,TE,NE,288,exact_name_pos,Eli Raridon,,695.1,,exact_name_pos,Eli Raridon,169.98,473.0,unmatched,,,unmatched,,,,1,169.98,169.98,169.98,169.98,0.0,-118.02000000000001,185.0,ESPN,-118.02000000000001
289,70,5,Kendre Miller,RB,NO,3.0,ACT,False,"https://static.www.nfl.com/image/upload/f_auto,q_auto/league/vclaomtslw55smksopku","https://static.www.nfl.com/image/upload/f_auto,q_auto/league/vclaomtslw55smksopku",13.514285714285714,14.595428571428572,,,0.0,0.0,106.0,1.0,0.0,0.0,0.0,0.0,0.0,kendre miller,RB,NO,289,exact_name_pos,Kendre Miller,224.8,677.9,179.6,exact_name_pos,Kendre Miller,170.18,396.0,unmatched,,,unmatched,,,,2,197.49,197.49,170.18,224.8,54.620000000000005,-91.50999999999999,107.0,Sleeper,-64.19999999999999
290,104,5,Tim Patrick,WR,NYJ,5.0,ACT,False,"https://static.www.nfl.com/image/upload/f_auto,q_auto/league/hw06t7n00cfpt7euljza","https://static.www.nfl.com/image/upload/f_auto,q_auto/league/hw06t7n00cfpt7euljza",13.3469302840722,14.414684706797978,,,0.0,0.0,0.0,0.0,6.0,5.0,78.0,1.0,23.234651420361008,tim patrick,WR,NYJ,290,exact_name_pos,Tim Patrick,573.0,655.2,,unmatched,,,,unmatched,,,unmatched,,,,1,573.0,573.0,573.0,573.0,0.0,283.0,,Sleeper,283.0
291,105,5,Isaiah Williams,WR,NYJ,4.0,ACT,False,"https://static.www.nfl.com/image/upload/f_auto,q_auto/league/rj2etltwzmlxyz1cfkeo","https://static.www.nfl.com/image/upload/f_auto,q_auto/league/rj2etltwzmlxyz1cfkeo",13.30269894076927,14.366914856030812,,,0.0,0.0,0.0,0.0,19.0,15.0,107.0,0.0,19.53272547307712,isaiah williams,WR,NYJ,291,exact_name_pos,Isaiah Williams,,649.5,,unmatched,,,,unmatched,,,unmatched,,,,0,,,,,,,,,
292,106,5,Ashton Dulin,WR,IND,4.0,ACT,False,"https://static.www.nfl.com/image/upload/f_auto,q_auto/league/ux55cx0r9iwqwmfmaip6","https://static.www.nfl.com/image/upload/f_auto,q_auto/league/ux55cx0r9iwqwmfmaip6",13.133201461315624,14.183857578220874,,,0.0,0.0,0.0,0.0,5.0,2.0,55.0,0.0,40.18523807580888,ashton dulin,WR,IND,292,exact_name_pos,Ashton Dulin,,696.8,,unmatched,,,,unmatched,,,unmatched,,,,0,,,,,,,,,
293,59,5,Kyle McCord,QB,MIA,2.0,ACT,False,"https://static.www.nfl.com/image/upload/f_auto,q_auto/league/smdh2mmu457aammcblth","https://static.www.nfl.com/image/upload/f_auto,q_auto/league/smdh2mmu457aammcblth",16.0,14.08,,,0.0,0.0,0.0,0.0,0.0,0.0,0.0,0.0,0.0,kyle mccord,QB,MIA,293,exact_name_pos,Kyle McCord,,588.6,,unmatched,,,,unmatched,,,unmatched,,,,0,,,,,,,,,
294,50,5,Gardner Minshew,QB,ARI,2.0,ACT,False,"https://static.www.nfl.com/image/upload/f_auto,q_auto/league/knlacyr7rqfkcxiriudj","https://static.www.nfl.com/image/upload/f_auto,q_auto/league/knlacyr7rqfkcxiriudj",16.0,14.08,,,0.0,0.0,0.0,0.0,0.0,0.0,0.0,0.0,0.0,gardner minshew,QB,ARI,294,exact_name_pos,Gardner Minshew,677.8,650.1,,unmatched,,,,unmatched,,,unmatched,,,,1,677.8,677.8,677.8,677.8,0.0,383.79999999999995,,Sleeper,383.79999999999995
295,60,5,Tommy DeVito,QB,NE,2.0,ACT,False,"https://static.www.nfl.com/image/upload/f_auto,q_auto/league/hb3m2zbfb5aprw6vdqx8","https://static.www.nfl.com/image/upload/f_auto,q_auto/league/hb3m2zbfb5aprw6vdqx8",16.0,14.08,,,0.0,0.0,0.0,0.0,0.0,0.0,0.0,0.0,0.0,tommy devito,QB,NE,295,exact_name_pos,Tommy DeVito,,655.5,,exact_name_pos,Tommy DeVito,169.95,482.0,unmatched,,,unmatched,,,,1,169.95,169.95,169.95,169.95,0.0,-125.05000000000001,187.0,ESPN,-125.05000000000001
296,53,5,Joe Milton III,QB,DAL,2.0,ACT,False,"https://static.www.nfl.com/image/upload/f_auto,q_auto/league/tsj9lobse1gxzanf39dt","https://static.www.nfl.com/image/upload/f_auto,q_auto/league/tsj9lobse1gxzanf39dt",16.0,14.08,,,0.0,0.0,0.0,0.0,0.0,0.0,0.0,0.0,0.0,joe milton,QB,DAL,296,exact_name_pos,Joe Milton,,684.4,,unmatched,,,,unmatched,,,unmatched,,,,0,,,,,,,,,
297,61,5,Cade Klubnik,QB,NYJ,2.0,ACT,True,"https://static.www.nfl.com/image/upload/f_auto,q_auto/league/sqsxavkryojbysy4kq85","https://static.www.nfl.com/image/upload/f_auto,q_auto/league/sqsxavkryojbysy4kq85",16.0,14.08,,,0.0,0.0,0.0,0.0,0.0,0.0,0.0,0.0,0.0,cade klubnik,QB,NYJ,297,exact_name_pos,Cade Klubnik,,649.6,,unmatched,,,,unmatched,,,unmatched,,,,0,,,,,,,,,
298,62,5,Drew Lock,QB,SEA,2.0,ACT,False,"https://static.www.nfl.com/image/upload/f_auto,q_auto/league/vdixnkk1uglfpwowalf8","https://static.www.nfl.com/image/upload/f_auto,q_auto/league/vdixnkk1uglfpwowalf8",16.0,14.08,,,0.0,0.0,0.0,0.0,0.0,0.0,0.0,0.0,0.0,drew lock,QB,SEA,298,exact_name_pos,Drew Lock,692.7,691.4,,unmatched,,,,unmatched,,,unmatched,,,,1,692.7,692.7,692.7,692.7,0.0,394.70000000000005,,Sleeper,394.70000000000005
299,54,5,Sam Howell,QB,DAL,2.0,ACT,False,"https://static.www.nfl.com/image/upload/f_auto,q_auto/league/sx77bippywnl0dx6m8q9","https://static.www.nfl.com/image/upload/f_auto,q_auto/league/sx77bippywnl0dx6m8q9",16.0,14.08,,,0.0,0.0,0.0,0.0,0.0,0.0,0.0,0.0,0.0,sam howell,QB,DAL,299,exact_name_pos,Sam Howell,,689.0,,exact_name_pos,Sam Howell,169.97,485.0,unmatched,,,unmatched,,,,1,169.97,169.97,169.97,169.97,0.0,-129.03,186.0,ESPN,-129.03
300,56,5,Joshua Dobbs,QB,DET,2.0,ACT,False,"https://static.www.nfl.com/image/upload/f_auto,q_auto/league/twaqqjexyi0vgyfbvzis","https://static.www.nfl.com/image/upload/f_auto,q_auto/league/twaqqjexyi0vgyfbvzis",16.0,14.08,,,0.0,0.0,0.0,0.0,0.0,0.0,0.0,0.0,0.0,joshua dobbs,QB,DET,300,exact_name_pos,Joshua Dobbs,692.3,692.8,,unmatched,,,,unmatched,,,unmatched,,,,1,692.3,692.3,692.3,692.3,0.0,392.29999999999995,,Sleeper,392.29999999999995
301,57,5,Stetson Bennett,QB,LA,2.0,ACT,False,"https://static.www.nfl.com/image/upload/f_auto,q_auto/league/s0eo3fstv6rkitzbefzu","https://static.www.nfl.com/image/upload/f_auto,q_auto/league/s0eo3fstv6rkitzbefzu",16.0,14.08,,,0.0,0.0,0.0,0.0,0.0,0.0,0.0,0.0,0.0,stetson bennett,QB,LA,301,exact_name_pos,Stetson Bennett,,699.3,,unmatched,,,,unmatched,,,unmatched,,,,0,,,,,,,,,
302,58,5,Fernando Mendoza,QB,LV,2.0,ACT,True,"https://static.www.nfl.com/image/upload/f_auto,q_auto/league/umygvel2pumkyvxt3jm9","https://static.www.nfl.com/image/upload/f_auto,q_auto/league/umygvel2pumkyvxt3jm9",16.0,14.08,,,0.0,0.0,0.0,0.0,0.0,0.0,0.0,0.0,0.0,fernando mendoza,QB,LV,302,exact_name_pos,Fernando Mendoza,187.0,204.2,188.5,exact_name_pos,Fernando Mendoza,168.51,385.0,exact_name_pos,Fernando Mendoza,118.7,unmatched,,,,3,158.07,168.51,118.7,187.0,68.3,-143.93,83.0,Sleeper,-115.0
303,51,5,Kyle Allen,QB,BUF,2.0,ACT,False,"https://static.www.nfl.com/image/upload/f_auto,q_auto/league/s3vbqdcoc6oc6yh460v9","https://static.www.nfl.com/image/upload/f_auto,q_auto/league/s3vbqdcoc6oc6yh460v9",16.0,14.08,,,0.0,0.0,0.0,0.0,0.0,0.0,0.0,0.0,0.0,kyle allen,QB,BUF,303,exact_name_pos,Kyle Allen,665.6,672.0,,unmatched,,,,unmatched,,,unmatched,,,,1,665.6,665.6,665.6,665.6,0.0,362.6,,Sleeper,362.6
304,55,5,Jarrett Stidham,QB,DEN,2.0,ACT,False,"https://static.www.nfl.com/image/upload/f_auto,q_auto/league/uzdn86skeienyyqxyiuw","https://static.www.nfl.com/image/upload/f_auto,q_auto/league/uzdn86skeienyyqxyiuw",16.0,14.08,,,0.0,0.0,0.0,0.0,0.0,0.0,0.0,0.0,0.0,jarrett stidham,QB,DEN,304,exact_name_pos,Jarrett Stidham,,325.0,,exact_name_pos,Jarrett Stidham,169.99,480.0,unmatched,,,unmatched,,,,1,169.99,169.99,169.99,169.99,0.0,-134.01,176.0,ESPN,-134.01
305,52,5,Tyson Bagent,QB,CHI,2.0,ACT,False,"https://static.www.nfl.com/image/upload/f_auto,q_auto/league/ymimvligfyrucu0v3p6a","https://static.www.nfl.com/image/upload/f_auto,q_auto/league/ymimvligfyrucu0v3p6a",16.0,14.08,,,0.0,0.0,0.0,0.0,0.0,0.0,0.0,0.0,0.0,tyson bagent,QB,CHI,305,exact_name_pos,Tyson Bagent,,606.0,,exact_name_pos,Tyson Bagent,169.98,484.0,unmatched,,,unmatched,,,,1,169.98,169.98,169.98,169.98,0.0,-135.02,179.0,ESPN,-135.02
306,63,5,Jalon Daniels,QB,TB,2.0,ACT,True,"https://static.www.nfl.com/image/upload/f_auto,q_auto/league/hwhfl6i5drktwjvslfpn","https://static.www.nfl.com/image/upload/f_auto,q_auto/league/hwhfl6i5drktwjvslfpn",16.0,14.08,,,0.0,0.0,0.0,0.0,0.0,0.0,0.0,0.0,0.0,jalon daniels,QB,TB,306,exact_name_pos,Jalon Daniels,659.3,646.9,,exact_name_pos,Jalon Daniels,169.95,479.0,unmatched,,,unmatched,,,,2,414.625,414.625,169.95,659.3,489.34999999999997,108.625,173.0,Sleeper,353.29999999999995
307,64,5,Andy Dalton,QB,PHI,2.0,ACT,False,"https://static.www.nfl.com/image/upload/f_auto,q_auto/league/sfsneh0bn46e2kwve7sr","https://static.www.nfl.com/image/upload/f_auto,q_auto/league/sfsneh0bn46e2kwve7sr",15.772222222222222,13.879555555555555,,,175.0,0.0,0.0,0.0,0.0,0.0,0.0,0.0,0.0,andy dalton,QB,PHI,307,exact_name_pos,Andy Dalton,,657.2,,unmatched,,,,unmatched,,,unmatched,,,,0,,,,,,,,,
308,65,5,Trey Lance,QB,LAC,2.0,ACT,False,"https://static.www.nfl.com/image/upload/f_auto,q_auto/league/j3psmvvxo13kmbgi60ej","https://static.www.nfl.com/image/upload/f_auto,q_auto/league/j3psmvvxo13kmbgi60ej",15.555555555555555,13.688888888888888,,,136.0,0.0,0.0,0.0,0.0,0.0,0.0,0.0,0.0,trey lance,QB,LAC,308,exact_name_pos,Trey Lance,,639.6,,unmatched,,,,unmatched,,,unmatched,,,,0,,,,,,,,,
309,71,5,Ty Johnson,RB,BUF,3.0,ACT,False,"https://static.www.nfl.com/image/upload/f_auto,q_auto/league/zruhihypizhtgpvsaj3c","https://static.www.nfl.com/image/upload/f_auto,q_auto/league/zruhihypizhtgpvsaj3c",12.514285714285714,13.515428571428572,,,0.0,0.0,36.0,1.0,0.0,0.0,0.0,0.0,0.0,ty johnson,RB,BUF,309,exact_name_pos,Ty Johnson,,668.0,,exact_name_pos,Ty Johnson,170.75,322.0,unmatched,,,unmatched,,,,1,170.75,170.75,170.75,170.75,0.0,-138.25,13.0,ESPN,-138.25
310,107,5,Treylon Burks,WR,WAS,5.0,ACT,False,"https://static.www.nfl.com/image/upload/f_auto,q_auto/league/bmozbzdxgnnwdniuvgnn","https://static.www.nfl.com/image/upload/f_auto,q_auto/league/bmozbzdxgnnwdniuvgnn",12.467421377168844,13.464815087342352,,,0.0,0.0,0.0,0.0,5.0,2.0,30.0,0.0,38.77941457815192,treylon burks,WR,WAS,310,exact_name_pos,Treylon Burks,,678.8,,unmatched,,,,unmatched,,,unmatched,,,,0,,,,,,,,,
311,66,5,Kenny Pickett,QB,CAR,2.0,ACT,False,"https://static.www.nfl.com/image/upload/f_auto,q_auto/league/gw6lyiuevyuspfkglnmj","https://static.www.nfl.com/image/upload/f_auto,q_auto/league/gw6lyiuevyuspfkglnmj",15.155555555555557,13.336888888888888,,,64.0,0.0,0.0,0.0,0.0,0.0,0.0,0.0,0.0,kenny pickett,QB,CAR,311,exact_name_pos,Kenny Pickett,,665.5,,unmatched,,,,unmatched,,,unmatched,,,,0,,,,,,,,,
312,108,5,Demarcus Robinson,WR,SF,4.0,ACT,False,"https://static.www.nfl.com/image/upload/f_auto,q_auto/league/cokassoz2z7hb4wk2krh","https://static.www.nfl.com/image/upload/f_auto,q_auto/league/cokassoz2z7hb4wk2krh",12.148821135358924,13.12072682618764,,,0.0,0.0,0.0,0.0,7.0,3.0,39.0,0.0,33.99410567679462,demarcus robinson,WR,SF,312,exact_name_pos,Demarcus Robinson,,679.0,,unmatched,,,,unmatched,,,unmatched,,,,0,,,,,,,,,
313,68,5,Elijah Arroyo,TE,SEA,3.0,ACT,False,"https://static.www.nfl.com/image/upload/f_auto,q_auto/league/m5rdyemjoxl4cuz9yun8","https://static.www.nfl.com/image/upload/f_auto,q_auto/league/m5rdyemjoxl4cuz9yun8",13.38052982586143,12.577698036309744,,,0.0,0.0,0.0,0.0,5.0,4.0,42.0,0.0,12.152649129307152,elijah arroyo,TE,SEA,313,exact_name_pos,Elijah Arroyo,,667.7,,exact_name_pos,Elijah Arroyo,169.93,460.0,unmatched,,,unmatched,,,,1,169.93,169.93,169.93,169.93,0.0,-143.07,147.0,ESPN,-143.07
314,109,5,Josh Palmer,WR,BUF,4.0,ACT,False,"https://static.www.nfl.com/image/upload/f_auto,q_auto/league/woswdfrtxnsfgzsjvsxx","https://static.www.nfl.com/image/upload/f_auto,q_auto/league/woswdfrtxnsfgzsjvsxx",11.525567094309242,12.447612461853982,,,0.0,0.0,0.0,0.0,14.0,7.0,78.0,0.0,19.127835471546213,josh palmer,WR,BUF,314,fuzzy_0.957,Joshua Palmer,,624.0,,unmatched,,,,unmatched,,,unmatched,,,,0,,,,,,,,,
315,69,5,Kylen Granson,TE,TEN,3.0,ACT,False,"https://static.www.nfl.com/image/upload/f_auto,q_auto/league/ysbxmdw4da30q3kjb571","https://static.www.nfl.com/image/upload/f_auto,q_auto/league/ysbxmdw4da30q3kjb571",12.672996380171718,11.912616597361414,,,0.0,0.0,0.0,0.0,5.0,4.0,30.0,0.0,9.614981900858584,kylen granson,TE,TEN,315,exact_name_pos,Kylen Granson,505.0,,,unmatched,,,,unmatched,,,unmatched,,,,1,505.0,505.0,505.0,505.0,0.0,190.0,,Sleeper,190.0
316,70,5,Jeremy Ruckert,TE,NYJ,3.0,ACT,False,"https://static.www.nfl.com/image/upload/f_auto,q_auto/league/bcqcta7r1uee3rqhejdh","https://static.www.nfl.com/image/upload/f_auto,q_auto/league/bcqcta7r1uee3rqhejdh",12.35122143420016,11.610148148148149,,,0.0,0.0,0.0,0.0,5.0,4.0,23.0,0.0,8.589440504334124,jeremy ruckert,TE,NYJ,316,exact_name_pos,Jeremy Ruckert,,576.0,,unmatched,,,,unmatched,,,unmatched,,,,0,,,,,,,,,
317,110,5,Konata Mumpfield,WR,LA,4.0,ACT,False,"https://static.www.nfl.com/image/upload/f_auto,q_auto/league/cehkowkvb4aujslmppbj","https://static.www.nfl.com/image/upload/f_auto,q_auto/league/cehkowkvb4aujslmppbj",10.70676123933048,11.56330213847692,,,0.0,0.0,0.0,0.0,13.0,5.0,50.0,0.0,18.437652350498546,konata mumpfield,WR,LA,317,exact_name_pos,Konata Mumpfield,,678.2,,unmatched,,,,unmatched,,,unmatched,,,,0,,,,,,,,,
318,111,5,Kyle Williams,WR,NE,5.0,ACT,False,"https://static.www.nfl.com/image/upload/f_auto,q_auto/league/xkicyhizq6sm86wr5osk","https://static.www.nfl.com/image/upload/f_auto,q_auto/league/xkicyhizq6sm86wr5osk",10.525134770665662,11.367145552318917,,,0.0,0.0,0.0,0.0,5.0,3.0,20.0,0.0,29.83721231486678,kyle williams,WR,NE,318,exact_name_pos,Kyle Williams,222.1,683.8,195.2,unmatched,,,,unmatched,,,unmatched,,,,1,222.1,222.1,222.1,222.1,0.0,-95.9,,Sleeper,-95.9
319,72,5,Brashard Smith,RB,KC,3.0,ACT,False,"https://static.www.nfl.com/image/upload/f_auto,q_auto/league/xnf4x6b9a2yunsc0gaej","https://static.www.nfl.com/image/upload/f_auto,q_auto/league/xnf4x6b9a2yunsc0gaej",10.357142857142858,11.185714285714289,,,0.0,0.0,95.0,0.0,0.0,0.0,0.0,0.0,0.0,brashard smith,RB,KC,319,exact_name_pos,Brashard Smith,226.3,669.4,182.4,exact_name_pos,Brashard Smith,170.25,326.0,unmatched,,,unmatched,,,,2,198.275,198.275,170.25,226.3,56.05000000000001,-120.725,7.0,Sleeper,-92.69999999999999
320,112,5,Xavier Smith,WR,LA,6.0,ACT,False,"https://static.www.nfl.com/image/upload/f_auto,q_auto/league/hqvwpitewijx8bjrcofe","https://static.www.nfl.com/image/upload/f_auto,q_auto/league/hqvwpitewijx8bjrcofe",10.264478146673708,11.085636398407605,,,0.0,0.0,0.0,0.0,6.0,4.0,67.0,0.0,23.668544579522376,xavier smith,WR,LA,320,exact_name_pos,Xavier Smith,551.0,588.8,,unmatched,,,,unmatched,,,unmatched,,,,1,551.0,551.0,551.0,551.0,0.0,231.0,,Sleeper,231.0
321,73,5,British Brooks,RB,HOU,3.0,ACT,False,"https://static.www.nfl.com/image/upload/f_auto,q_auto/league/jethzcwj6oeitvdprnk8","https://static.www.nfl.com/image/upload/f_auto,q_auto/league/jethzcwj6oeitvdprnk8",9.9,10.692000000000002,,,0.0,0.0,63.0,0.0,0.0,0.0,0.0,0.0,0.0,british brooks,RB,HOU,321,exact_name_pos,British Brooks,390.3,668.9,,unmatched,,,,unmatched,,,unmatched,,,,1,390.3,390.3,390.3,390.3,0.0,69.30000000000001,,Sleeper,69.30000000000001
322,74,5,Ollie Gordon II,RB,MIA,3.0,ACT,False,"https://static.www.nfl.com/image/upload/f_auto,q_auto/league/bv33rgypaauv7sealwkr","https://static.www.nfl.com/image/upload/f_auto,q_auto/league/bv33rgypaauv7sealwkr",9.657142857142857,10.429714285714288,,,0.0,0.0,46.0,0.0,0.0,0.0,0.0,0.0,0.0,ollie gordon,RB,MIA,322,exact_name_pos,Ollie Gordon,,665.9,,exact_name_pos,Ollie Gordon II,170.68,312.0,unmatched,,,unmatched,,,,1,170.68,170.68,170.68,170.68,0.0,-151.32,-10.0,ESPN,-151.32
323,75,5,Raheim Sanders,RB,CLE,3.0,ACT,False,"https://static.www.nfl.com/image/upload/f_auto,q_auto/league/bopoof9uczgpvpggeahp","https://static.www.nfl.com/image/upload/f_auto,q_auto/league/bopoof9uczgpvpggeahp",9.6,10.368,,,0.0,0.0,42.0,0.0,0.0,0.0,0.0,0.0,0.0,raheim sanders,RB,CLE,323,exact_name_pos,Raheim Sanders,,690.0,,unmatched,,,,unmatched,,,unmatched,,,,0,,,,,,,,,
324,76,5,DJ Giddens,RB,IND,3.0,ACT,False,"https://static.www.nfl.com/image/upload/f_auto,q_auto/league/y2vrgvb9kbvfpmyb3yzu","https://static.www.nfl.com/image/upload/f_auto,q_auto/league/y2vrgvb9kbvfpmyb3yzu",9.585714285714284,10.352571428571428,,,0.0,0.0,41.0,0.0,0.0,0.0,0.0,0.0,0.0,dj giddens,RB,IND,324,exact_name_pos,DJ Giddens,,694.0,,exact_name_pos,DJ Giddens,170.13,403.0,unmatched,,,unmatched,,,,1,170.13,170.13,170.13,170.13,0.0,-153.87,79.0,ESPN,-153.87
325,67,5,Tanner McKee,QB,PHI,3.0,ACT,False,"https://static.www.nfl.com/image/upload/f_auto,q_auto/league/oveivzhzv13jrfvkp8zg","https://static.www.nfl.com/image/upload/f_auto,q_auto/league/oveivzhzv13jrfvkp8zg",11.338888888888889,9.978222222222222,,,241.0,1.0,0.0,0.0,0.0,0.0,0.0,0.0,0.0,tanner mckee,QB,PHI,325,exact_name_pos,Tanner McKee,,676.6,,exact_name_pos,Tanner McKee,169.98,486.0,unmatched,,,unmatched,,,,1,169.98,169.98,169.98,169.98,0.0,-155.02,161.0,ESPN,-155.02
326,83,5,Kaleb Johnson,RB,GB,3.0,ACT,False,"https://static.www.nfl.com/image/upload/f_auto,q_auto/league/zpzc4oobxi8nr5dyonob","https://static.www.nfl.com/image/upload/f_auto,q_auto/league/zpzc4oobxi8nr5dyonob",9.0,9.72,,,0.0,0.0,0.0,0.0,0.0,0.0,0.0,0.0,0.0,kaleb johnson,RB,GB,326,exact_name_pos,Kaleb Johnson,215.5,638.1,172.7,exact_name_pos,Kaleb Johnson,169.95,378.0,unmatched,,,unmatched,,,,2,192.725,192.725,169.95,215.5,45.55000000000001,-133.275,52.0,Sleeper,-110.5
327,82,5,Sione Vaki,RB,DET,3.0,ACT,False,"https://static.www.nfl.com/image/upload/f_auto,q_auto/league/abqcluf2gbejhiyjjtoz","https://static.www.nfl.com/image/upload/f_auto,q_auto/league/abqcluf2gbejhiyjjtoz",9.0,9.72,,,0.0,0.0,0.0,0.0,0.0,0.0,0.0,0.0,0.0,sione vaki,RB,DET,327,exact_name_pos,Sione Vaki,,527.3,,exact_name_pos,Sione Vaki,170.03,404.0,unmatched,,,unmatched,,,,1,170.03,170.03,170.03,170.03,0.0,-156.97,77.0,ESPN,-156.97
328,77,5,Rasheen Ali,RB,BAL,3.0,ACT,False,"https://static.www.nfl.com/image/upload/f_auto,q_auto/league/zwjrkzu3ia3cfrwgotqt","https://static.www.nfl.com/image/upload/f_auto,q_auto/league/zwjrkzu3ia3cfrwgotqt",9.0,9.72,,,0.0,0.0,0.0,0.0,0.0,0.0,0.0,0.0,0.0,rasheen ali,RB,BAL,328,exact_name_pos,Rasheen Ali,,682.0,,exact_name_pos,Rasheen Ali,170.09,399.0,unmatched,,,unmatched,,,,1,170.09,170.09,170.09,170.09,0.0,-157.91,71.0,ESPN,-157.91
329,92,5,Eli Heidenreich,RB,PIT,3.0,ACT,True,"https://static.www.nfl.com/image/upload/f_auto,q_auto/league/jhiyjb8jmjyzehmrrjoy","https://static.www.nfl.com/image/upload/f_auto,q_auto/league/jhiyjb8jmjyzehmrrjoy",9.0,9.72,,,0.0,0.0,0.0,0.0,0.0,0.0,0.0,0.0,0.0,eli heidenreich,RB,PIT,329,exact_name_pos,Eli Heidenreich,,691.4,,exact_name_pos,Eli Heidenreich,169.99,438.0,unmatched,,,unmatched,,,,1,169.99,169.99,169.99,169.99,0.0,-159.01,109.0,ESPN,-159.01
330,81,5,Jonah Coleman,RB,DEN,3.0,ACT,True,"https://static.www.nfl.com/image/upload/f_auto,q_auto/league/qbauucaxakkhtxihuvmr","https://static.www.nfl.com/image/upload/f_auto,q_auto/league/qbauucaxakkhtxihuvmr",9.0,9.72,,,0.0,0.0,0.0,0.0,0.0,0.0,0.0,0.0,0.0,jonah coleman,RB,DEN,330,exact_name_pos,Jonah Coleman,168.4,147.9,117.5,exact_name_pos,Jonah Coleman,166.75,181.0,exact_name_pos,Jonah Coleman,129.2,name_inside_cbs,J. Coleman  RB  DEN  Jonah Coleman  RB  DEN,147.07,153.0,4,152.855,156.91,129.2,168.4,39.20000000000002,-177.145,-149.0,Sleeper,-161.6
331,91,5,Will Shipley,RB,PHI,3.0,ACT,False,"https://static.www.nfl.com/image/upload/f_auto,q_auto/league/pvpaepncsdfgzdubkuhg","https://static.www.nfl.com/image/upload/f_auto,q_auto/league/pvpaepncsdfgzdubkuhg",9.0,9.72,,,0.0,0.0,0.0,0.0,0.0,0.0,0.0,0.0,0.0,will shipley,RB,PHI,331,exact_name_pos,Will Shipley,,685.8,,exact_name_pos,Will Shipley,170.15,355.0,unmatched,,,unmatched,,,,1,170.15,170.15,170.15,170.15,0.0,-160.85,24.0,ESPN,-160.85
332,78,5,AJ Dillon,RB,CAR,3.0,ACT,False,"https://static.www.nfl.com/image/upload/f_auto,q_auto/league/imxxt8yrbrxptoxr1hw5","https://static.www.nfl.com/image/upload/f_auto,q_auto/league/imxxt8yrbrxptoxr1hw5",9.0,9.72,,,0.0,0.0,0.0,0.0,0.0,0.0,0.0,0.0,0.0,aj dillon,RB,CAR,332,exact_name_pos,AJ Dillon,,688.3,,unmatched,,,,unmatched,,,unmatched,,,,0,,,,,,,,,
333,115,5,Jordan Whittington,WR,LA,3.0,ACT,False,"https://static.www.nfl.com/image/upload/f_auto,q_auto/league/enqcg1lgjkuk0hqz3qjc","https://static.www.nfl.com/image/upload/f_auto,q_auto/league/enqcg1lgjkuk0hqz3qjc",9.0,9.72,,,0.0,0.0,0.0,0.0,0.0,0.0,0.0,0.0,0.0,jordan whittington,WR,LA,333,exact_name_pos,Jordan Whittington,,647.5,,unmatched,,,,unmatched,,,unmatched,,,,0,,,,,,,,,
334,117,5,Bryce Lance,WR,NO,3.0,ACT,True,"https://static.www.nfl.com/image/upload/f_auto,q_auto/league/lzh0hbhllbouh97ffpp6","https://static.www.nfl.com/image/upload/f_auto,q_auto/league/lzh0hbhllbouh97ffpp6",9.0,9.72,,,0.0,0.0,0.0,0.0,0.0,0.0,0.0,0.0,0.0,bryce lance,WR,NO,334,exact_name_pos,Bryce Lance,,571.1,,unmatched,,,,unmatched,,,unmatched,,,,0,,,,,,,,,
335,89,5,Najee Harris,RB,NYG,3.0,ACT,False,"https://static.www.nfl.com/image/upload/f_auto,q_auto/league/grfxgbvqnzz40r7rdtvk","https://static.www.nfl.com/image/upload/f_auto,q_auto/league/grfxgbvqnzz40r7rdtvk",9.0,9.72,,,0.0,0.0,0.0,0.0,0.0,0.0,0.0,0.0,0.0,najee harris,RB,NYG,335,exact_name_pos,Najee Harris,220.3,657.2,169.8,exact_name_pos,Najee Harris,170.2,240.0,unmatched,,,unmatched,,,,2,195.25,195.25,170.2,220.3,50.10000000000002,-139.75,-95.0,Sleeper,-114.69999999999999
336,84,5,LeQuint Allen Jr.,RB,JAX,3.0,ACT,False,"https://static.www.nfl.com/image/upload/f_auto,q_auto/league/i0utigksuuvo2njb9wtk","https://static.www.nfl.com/image/upload/f_auto,q_auto/league/i0utigksuuvo2njb9wtk",9.0,9.72,,,0.0,0.0,0.0,0.0,0.0,0.0,0.0,0.0,0.0,lequint allen,RB,JAX,336,exact_name_pos,LeQuint Allen,,690.0,,exact_name_pos,LeQuint Allen Jr.,170.35,346.0,unmatched,,,unmatched,,,,1,170.35,170.35,170.35,170.35,0.0,-165.65,10.0,ESPN,-165.65
337,79,5,Roschon Johnson,RB,CHI,3.0,ACT,False,"https://static.www.nfl.com/image/upload/f_auto,q_auto/league/xbham6uvckkshpntb8oj","https://static.www.nfl.com/image/upload/f_auto,q_auto/league/xbham6uvckkshpntb8oj",9.0,9.72,,,0.0,0.0,0.0,0.0,0.0,0.0,0.0,0.0,0.0,roschon johnson,RB,CHI,337,exact_name_pos,Roschon Johnson,,670.7,,unmatched,,,,unmatched,,,unmatched,,,,0,,,,,,,,,
338,93,5,Jordan James,RB,SF,3.0,ACT,False,"https://static.www.nfl.com/image/upload/f_auto,q_auto/league/un9cfqnwdzugrcy8caoh","https://static.www.nfl.com/image/upload/f_auto,q_auto/league/un9cfqnwdzugrcy8caoh",9.0,9.72,,,0.0,0.0,0.0,0.0,0.0,0.0,0.0,0.0,0.0,jordan james,RB,SF,338,exact_name_pos,Jordan James,,222.0,,exact_name_pos,Jordan James,170.77,353.0,unmatched,,,name_inside_cbs,J. James  RB  SF  Jordan James  RB  SF,170.02,210.0,2,170.395,170.395,170.02,170.77,0.75,-167.605,15.0,ESPN,-167.23
339,119,5,Makai Lemon,WR,PHI,3.0,ACT,True,"https://static.www.nfl.com/image/upload/f_auto,q_auto/league/ys2i2o7c0bl36xvlrojz","https://static.www.nfl.com/image/upload/f_auto,q_auto/league/ys2i2o7c0bl36xvlrojz",9.0,9.72,,,0.0,0.0,0.0,0.0,0.0,0.0,0.0,0.0,0.0,makai lemon,WR,PHI,339,exact_name_pos,Makai Lemon,90.0,88.6,,exact_name_pos,Makai Lemon,132.35,144.0,exact_name_pos,Makai Lemon,116.6,name_inside_cbs,M. Lemon  WR  PHI  Makai Lemon  WR  PHI,128.72,130.0,4,116.91749999999999,122.66,90.0,132.35,42.349999999999994,-222.0825,-195.0,ESPN,-206.65
340,120,5,De'Zhaun Stribling,WR,SF,3.0,ACT,True,"https://static.www.nfl.com/image/upload/f_auto,q_auto/league/eu1nxtlztiwr5ko48iwz","https://static.www.nfl.com/image/upload/f_auto,q_auto/league/eu1nxtlztiwr5ko48iwz",9.0,9.72,,,0.0,0.0,0.0,0.0,0.0,0.0,0.0,0.0,0.0,de zhaun stribling,WR,SF,340,exact_name_pos,De'Zhaun Stribling,137.7,116.4,213.9,exact_name_pos,De'Zhaun Stribling,139.28,151.0,exact_name_pos,De'Zhaun Stribling,109.2,name_inside_cbs,D. Stribling  WR  SF  Shoulder: Questionable for Week 1 at L.A. Rams  De'Zhaun Stribling  WR  SF  Shoulder: Questionable for Week 1 at L.A. Rams,115.14,115.0,4,125.33,126.41999999999999,109.2,139.28,30.08,-214.67000000000002,-189.0,ESPN,-200.72
341,88,5,Corey Kiner,RB,NE,3.0,ACT,False,"https://static.www.nfl.com/image/upload/f_auto,q_auto/league/tpnamrgzfbytwlzhhyf8","https://static.www.nfl.com/image/upload/f_auto,q_auto/league/tpnamrgzfbytwlzhhyf8",9.0,9.72,,,0.0,0.0,0.0,0.0,0.0,0.0,0.0,0.0,0.0,corey kiner,RB,NE,341,exact_name_pos,Corey Kiner,487.0,695.2,,unmatched,,,,unmatched,,,unmatched,,,,1,487.0,487.0,487.0,487.0,0.0,146.0,,Sleeper,146.0
342,90,5,Isaiah Davis,RB,NYJ,3.0,ACT,False,"https://static.www.nfl.com/image/upload/f_auto,q_auto/league/x6r9a5xhtaklbvnqmtw7","https://static.www.nfl.com/image/upload/f_auto,q_auto/league/x6r9a5xhtaklbvnqmtw7",9.0,9.72,,,0.0,0.0,0.0,0.0,0.0,0.0,0.0,0.0,0.0,isaiah davis,RB,NYJ,342,exact_name_pos,Isaiah Davis,,695.4,,exact_name_pos,Isaiah Davis,170.54,344.0,unmatched,,,unmatched,,,,1,170.54,170.54,170.54,170.54,0.0,-171.46,2.0,ESPN,-171.46
343,114,5,Denzel Boston,WR,CLE,3.0,ACT,True,"https://static.www.nfl.com/image/upload/f_auto,q_auto/league/ybkny6eh5eegq3bqmony","https://static.www.nfl.com/image/upload/f_auto,q_auto/league/ybkny6eh5eegq3bqmony",9.0,9.72,,,0.0,0.0,0.0,0.0,0.0,0.0,0.0,0.0,0.0,denzel boston,WR,CLE,343,exact_name_pos,Denzel Boston,170.1,170.2,153.3,exact_name_pos,Denzel Boston,169.07,215.0,exact_name_pos,Denzel Boston,131.4,name_inside_cbs,D. Boston  WR  CLE  Denzel Boston  WR  CLE,154.7,169.0,4,156.3175,161.885,131.4,170.1,38.69999999999999,-186.6825,-128.0,Sleeper,-172.9
344,118,5,Omar Cooper Jr.,WR,NYJ,3.0,ACT,True,"https://static.www.nfl.com/image/upload/f_auto,q_auto/league/lmua2lbg0m77ibvydvaq","https://static.www.nfl.com/image/upload/f_auto,q_auto/league/lmua2lbg0m77ibvydvaq",9.0,9.72,,,0.0,0.0,0.0,0.0,0.0,0.0,0.0,0.0,0.0,omar cooper,WR,NYJ,344,exact_name_pos,Omar Cooper,194.9,197.5,150.9,exact_name_pos,Omar Cooper Jr.,171.16,306.0,unmatched,,,unmatched,,,,2,183.03,183.03,171.16,194.9,23.74000000000001,-160.97,-38.0,Sleeper,-149.1
345,80,5,Tahj Brooks,RB,CIN,3.0,ACT,False,"https://static.www.nfl.com/image/upload/f_auto,q_auto/league/s89clgkij0ytcmrkdydt","https://static.www.nfl.com/image/upload/f_auto,q_auto/league/s89clgkij0ytcmrkdydt",9.0,9.72,,,0.0,0.0,0.0,0.0,0.0,0.0,0.0,0.0,0.0,tahj brooks,RB,CIN,345,exact_name_pos,Tahj Brooks,,686.8,,exact_name_pos,Tahj Brooks,170.15,397.0,unmatched,,,unmatched,,,,1,170.15,170.15,170.15,170.15,0.0,-174.85,52.0,ESPN,-174.85
346,85,5,Ronnie Rivers,RB,LA,3.0,ACT,False,"https://static.www.nfl.com/image/upload/f_auto,q_auto/league/t9l7jhs1jw1joy8jpxee","https://static.www.nfl.com/image/upload/f_auto,q_auto/league/t9l7jhs1jw1joy8jpxee",9.0,9.72,,,0.0,0.0,0.0,0.0,0.0,0.0,0.0,0.0,0.0,ronnie rivers,RB,LA,346,exact_name_pos,Ronnie Rivers,,494.8,,unmatched,,,,unmatched,,,unmatched,,,,0,,,,,,,,,
347,113,5,Ja'Kobi Lane,WR,BAL,3.0,ACT,True,"https://static.www.nfl.com/image/upload/f_auto,q_auto/league/gjezd2a8imfrxyv16wuj","https://static.www.nfl.com/image/upload/f_auto,q_auto/league/gjezd2a8imfrxyv16wuj",9.0,9.72,,,0.0,0.0,0.0,0.0,0.0,0.0,0.0,0.0,0.0,ja kobi lane,WR,BAL,347,exact_name_pos,Ja'Kobi Lane,161.8,143.4,168.3,exact_name_pos,Ja'Kobi Lane,168.85,283.0,exact_name_pos,Ja'Kobi Lane,126.9,name_inside_cbs,J. Lane  WR  BAL  Ja'Kobi Lane  WR  BAL,154.29,167.0,4,152.95999999999998,158.04500000000002,126.9,168.85,41.94999999999999,-194.04000000000002,-64.0,ESPN,-178.15
348,116,5,Caleb Douglas,WR,MIA,3.0,ACT,True,"https://static.www.nfl.com/image/upload/f_auto,q_auto/league/stwypvmutplwvi1zzbmu","https://static.www.nfl.com/image/upload/f_auto,q_auto/league/stwypvmutplwvi1zzbmu",9.0,9.72,,,0.0,0.0,0.0,0.0,0.0,0.0,0.0,0.0,0.0,caleb douglas,WR,MIA,348,exact_name_pos,Caleb Douglas,197.4,201.5,,exact_name_pos,Caleb Douglas,170.83,222.0,unmatched,,,unmatched,,,,2,184.115,184.115,170.83,197.4,26.569999999999993,-163.885,-126.0,Sleeper,-150.6
349,86,5,Dylan Laube,RB,LV,3.0,ACT,False,"https://static.www.nfl.com/image/upload/f_auto,q_auto/league/lpizdza73bgksstymv5t","https://static.www.nfl.com/image/upload/f_auto,q_auto/league/lpizdza73bgksstymv5t",9.0,9.72,,,0.0,0.0,0.0,0.0,0.0,0.0,0.0,0.0,0.0,dylan laube,RB,LV,349,exact_name_pos,Dylan Laube,,606.8,,exact_name_pos,Dylan Laube,170.06,432.0,unmatched,,,unmatched,,,,1,170.06,170.06,170.06,170.06,0.0,-178.94,83.0,ESPN,-178.94
350,121,5,Antonio Williams,WR,WAS,3.0,ACT,True,"https://static.www.nfl.com/image/upload/f_auto,q_auto/league/noywrsgaqoqlv64c12yw","https://static.www.nfl.com/image/upload/f_auto,q_auto/league/noywrsgaqoqlv64c12yw",9.0,9.72,,,0.0,0.0,0.0,0.0,0.0,0.0,0.0,0.0,0.0,antonio williams,WR,WAS,350,exact_name_pos,Antonio Williams,235.8,238.2,155.5,exact_name_pos,Antonio Williams,170.44,337.0,unmatched,,,unmatched,,,,2,203.12,203.12,170.44,235.8,65.36000000000001,-146.88,-13.0,Sleeper,-114.19999999999999
351,94,5,Nicholas Singleton,RB,TEN,3.0,ACT,True,"https://static.www.nfl.com/image/upload/f_auto,q_auto/league/ztwqbc0s69cbz5ow0r0q","https://static.www.nfl.com/image/upload/f_auto,q_auto/league/ztwqbc0s69cbz5ow0r0q",9.0,9.72,,,0.0,0.0,0.0,0.0,0.0,0.0,0.0,0.0,0.0,nicholas singleton,RB,TEN,351,exact_name_pos,Nicholas Singleton,212.8,212.4,166.7,exact_name_pos,Nicholas Singleton,170.34,380.0,unmatched,,,unmatched,,,,2,191.57,191.57,170.34,212.8,42.46000000000001,-159.43,29.0,Sleeper,-138.2
352,95,5,Kaytron Allen,RB,WAS,3.0,ACT,True,"https://static.www.nfl.com/image/upload/f_auto,q_auto/league/vbhwkqty94alwjyz8cin","https://static.www.nfl.com/image/upload/f_auto,q_auto/league/vbhwkqty94alwjyz8cin",9.0,9.72,,,0.0,0.0,0.0,0.0,0.0,0.0,0.0,0.0,0.0,kaytron allen,RB,WAS,352,exact_name_pos,Kaytron Allen,239.1,233.6,156.6,exact_name_pos,Kaytron Allen,170.35,402.0,unmatched,,,unmatched,,,,2,204.725,204.725,170.35,239.1,68.75,-147.275,50.0,Sleeper,-112.9
353,87,5,Demond Claiborne,RB,MIN,3.0,ACT,True,"https://static.www.nfl.com/image/upload/f_auto,q_auto/league/vmozbbdzgcaqq1yrixeb","https://static.www.nfl.com/image/upload/f_auto,q_auto/league/vmozbbdzgcaqq1yrixeb",9.0,9.72,,,0.0,0.0,0.0,0.0,0.0,0.0,0.0,0.0,0.0,demond claiborne,RB,MIN,353,exact_name_pos,Demond Claiborne,242.0,243.6,175.7,exact_name_pos,Demond Claiborne,170.3,398.0,unmatched,,,unmatched,,,,2,206.15,206.15,170.3,242.0,71.69999999999999,-146.85,45.0,Sleeper,-111.0
354,71,5,Ja'Tavion Sanders,TE,CAR,4.0,ACT,False,"https://static.www.nfl.com/image/upload/f_auto,q_auto/league/le2akm1cbou170ioctxl","https://static.www.nfl.com/image/upload/f_auto,q_auto/league/le2akm1cbou170ioctxl",10.31522331008824,9.696309911482944,,,0.0,0.0,0.0,0.0,14.0,12.0,86.0,0.0,11.909449883774528,ja tavion sanders,TE,CAR,354,exact_name_pos,Ja'Tavion Sanders,,694.3,,exact_name_pos,Ja'Tavion Sanders,169.95,467.0,unmatched,,,unmatched,,,,1,169.95,169.95,169.95,169.95,0.0,-184.05,113.0,ESPN,-184.05
355,122,5,KeAndre Lambert-Smith,WR,LAC,5.0,ACT,False,"https://static.www.nfl.com/image/upload/f_auto,q_auto/league/xhhzgylwh0ptvpaghnuu","https://static.www.nfl.com/image/upload/f_auto,q_auto/league/xhhzgylwh0ptvpaghnuu",8.957668837645954,9.674282344657632,,,0.0,0.0,0.0,0.0,5.0,2.0,24.0,0.0,21.69219034207593,keandre lambert smith,WR,LAC,355,exact_name_pos,KeAndre Lambert-Smith,,647.5,,unmatched,,,,unmatched,,,unmatched,,,,0,,,,,,,,,
356,123,5,Darius Cooper,WR,PHI,6.0,ACT,False,"https://static.www.nfl.com/image/upload/f_auto,q_auto/league/pe71oe4eoyyfnq80fkxc","https://static.www.nfl.com/image/upload/f_auto,q_auto/league/pe71oe4eoyyfnq80fkxc",8.722750494188253,9.420570533723314,,,0.0,0.0,0.0,0.0,5.0,3.0,33.0,0.0,19.825290932479724,darius cooper,WR,PHI,356,exact_name_pos,Darius Cooper,,657.8,,unmatched,,,,unmatched,,,unmatched,,,,0,,,,,,,,,
357,96,5,Audric Estimé,RB,NO,4.0,ACT,False,"https://static.www.nfl.com/image/upload/f_auto,q_auto/league/lcoend1mysjfhl8f4rrt","https://static.www.nfl.com/image/upload/f_auto,q_auto/league/lcoend1mysjfhl8f4rrt",8.242857142857144,8.902285714285716,,,0.0,0.0,157.0,1.0,0.0,0.0,0.0,0.0,0.0,audric estime,RB,NO,357,exact_name_pos,Audric Estime,237.4,692.6,189.8,unmatched,,,,unmatched,,,unmatched,,,,1,237.4,237.4,237.4,237.4,0.0,-119.6,,Sleeper,-119.6
358,124,5,Brycen Tremayne,WR,CAR,6.0,ACT,False,"https://static.www.nfl.com/image/upload/f_auto,q_auto/league/isc094ihkf69vzrlkiql","https://static.www.nfl.com/image/upload/f_auto,q_auto/league/isc094ihkf69vzrlkiql",8.025705164593779,8.667761577761281,,,0.0,0.0,0.0,0.0,5.0,3.0,48.0,0.0,15.186218130661205,brycen tremayne,WR,CAR,358,exact_name_pos,Brycen Tremayne,675.5,613.5,,unmatched,,,,unmatched,,,unmatched,,,,1,675.5,675.5,675.5,675.5,0.0,317.5,,Sleeper,317.5
359,95,5,Luke Farrell,TE,SF,3.0,ACT,False,"https://static.www.nfl.com/image/upload/f_auto,q_auto/league/kdq2zratulrdsv4ykugy","https://static.www.nfl.com/image/upload/f_auto,q_auto/league/kdq2zratulrdsv4ykugy",9.0,8.459999999999999,,,0.0,0.0,0.0,0.0,0.0,0.0,0.0,0.0,0.0,luke farrell,TE,SF,359,exact_name_pos,Luke Farrell,491.0,,,unmatched,,,,unmatched,,,unmatched,,,,1,491.0,491.0,491.0,491.0,0.0,132.0,,Sleeper,132.0
360,97,5,Ben Sinnott,TE,WAS,3.0,ACT,False,"https://static.www.nfl.com/image/upload/f_auto,q_auto/league/ilkrv6dqajndnlsbmv8f","https://static.www.nfl.com/image/upload/f_auto,q_auto/league/ilkrv6dqajndnlsbmv8f",9.0,8.459999999999999,,,0.0,0.0,0.0,0.0,0.0,0.0,0.0,0.0,0.0,ben sinnott,TE,WAS,360,exact_name_pos,Ben Sinnott,,671.5,,unmatched,,,,unmatched,,,unmatched,,,,0,,,,,,,,,
361,77,5,Erick All,TE,CIN,3.0,ACT,False,"https://static.www.nfl.com/image/upload/f_auto,q_auto/league/ifkhcxze7lnxkpzjvsmk","https://static.www.nfl.com/image/upload/f_auto,q_auto/league/ifkhcxze7lnxkpzjvsmk",9.0,8.459999999999999,,,0.0,0.0,0.0,0.0,0.0,0.0,0.0,0.0,0.0,erick all,TE,CIN,361,exact_name_pos,Erick All,,565.3,,exact_name_pos,Erick All Jr.,170.04,443.0,unmatched,,,unmatched,,,,1,170.04,170.04,170.04,170.04,0.0,-190.96,82.0,ESPN,-190.96
362,84,5,Andrew Ogletree,TE,IND,3.0,ACT,False,"https://static.www.nfl.com/image/upload/f_auto,q_auto/league/wvcrk0ygv3coprxj4cnt","https://static.www.nfl.com/image/upload/f_auto,q_auto/league/wvcrk0ygv3coprxj4cnt",9.0,8.459999999999999,,,0.0,0.0,0.0,0.0,0.0,0.0,0.0,0.0,0.0,andrew ogletree,TE,IND,362,fuzzy_0.969,Drew Ogletree,,494.0,,unmatched,,,,unmatched,,,unmatched,,,,0,,,,,,,,,
363,76,5,Sam Roush,TE,CHI,3.0,ACT,True,"https://static.www.nfl.com/image/upload/f_auto,q_auto/league/jqkmmguw4934lyjgvuip","https://static.www.nfl.com/image/upload/f_auto,q_auto/league/jqkmmguw4934lyjgvuip",9.0,8.459999999999999,,,0.0,0.0,0.0,0.0,0.0,0.0,0.0,0.0,0.0,sam roush,TE,CHI,363,exact_name_pos,Sam Roush,,630.0,,unmatched,,,,unmatched,,,unmatched,,,,0,,,,,,,,,
364,94,5,Robert Tonyan,TE,PIT,3.0,ACT,False,"https://static.www.nfl.com/image/upload/f_auto,q_auto/league/m8h8rzmxq4sjywitqnyb","https://static.www.nfl.com/image/upload/f_auto,q_auto/league/m8h8rzmxq4sjywitqnyb",9.0,8.459999999999999,,,0.0,0.0,0.0,0.0,0.0,0.0,0.0,0.0,0.0,robert tonyan,TE,PIT,364,exact_name_pos,Robert Tonyan,687.9,517.0,,unmatched,,,,unmatched,,,unmatched,,,,1,687.9,687.9,687.9,687.9,0.0,323.9,,Sleeper,323.9
365,74,5,Matthew Hibner,TE,BAL,3.0,ACT,True,"https://static.www.nfl.com/image/upload/f_auto,q_auto/league/kkkia0wl2sqsjiwecde0","https://static.www.nfl.com/image/upload/f_auto,q_auto/league/kkkia0wl2sqsjiwecde0",9.0,8.459999999999999,,,0.0,0.0,0.0,0.0,0.0,0.0,0.0,0.0,0.0,matthew hibner,TE,BAL,365,fuzzy_0.920,Matt Hibner,,685.5,,unmatched,,,,unmatched,,,unmatched,,,,0,,,,,,,,,
366,92,5,Eli Stowers,TE,PHI,3.0,ACT,True,"https://static.www.nfl.com/image/upload/f_auto,q_auto/league/c9rjqit3q5tm9hzkm5ay","https://static.www.nfl.com/image/upload/f_auto,q_auto/league/c9rjqit3q5tm9hzkm5ay",9.0,8.459999999999999,,,0.0,0.0,0.0,0.0,0.0,0.0,0.0,0.0,0.0,eli stowers,TE,PHI,366,exact_name_pos,Eli Stowers,238.9,248.9,139.8,exact_name_pos,Eli Stowers,169.97,469.0,unmatched,,,unmatched,,,,2,204.435,204.435,169.97,238.9,68.93,-161.565,103.0,Sleeper,-127.1
367,85,5,Tanner Koziol,TE,JAX,3.0,ACT,True,"https://static.www.nfl.com/image/upload/f_auto,q_auto/league/yx0na9fufgv3snuyecbd","https://static.www.nfl.com/image/upload/f_auto,q_auto/league/yx0na9fufgv3snuyecbd",9.0,8.459999999999999,,,0.0,0.0,0.0,0.0,0.0,0.0,0.0,0.0,0.0,tanner koziol,TE,JAX,367,unmatched,,,,,unmatched,,,,unmatched,,,unmatched,,,,0,,,,,,,,,
368,83,5,Cade Stover,TE,HOU,3.0,ACT,False,"https://static.www.nfl.com/image/upload/f_auto,q_auto/league/ur3ihcg0rkeqbfiksj5y","https://static.www.nfl.com/image/upload/f_auto,q_auto/league/ur3ihcg0rkeqbfiksj5y",9.0,8.459999999999999,,,0.0,0.0,0.0,0.0,0.0,0.0,0.0,0.0,0.0,cade stover,TE,HOU,368,exact_name_pos,Cade Stover,,592.7,,unmatched,,,,unmatched,,,unmatched,,,,0,,,,,,,,,
369,73,5,Austin Hooper,TE,ATL,3.0,ACT,False,"https://static.www.nfl.com/image/upload/f_auto,q_auto/league/dd0j9ccd8fxokl48alzg","https://static.www.nfl.com/image/upload/f_auto,q_auto/league/dd0j9ccd8fxokl48alzg",9.0,8.459999999999999,,,0.0,0.0,0.0,0.0,0.0,0.0,0.0,0.0,0.0,austin hooper,TE,ATL,369,exact_name_pos,Austin Hooper,430.0,629.7,,unmatched,,,,unmatched,,,unmatched,,,,1,430.0,430.0,430.0,430.0,0.0,61.0,,Sleeper,61.0
370,78,5,Carsen Ryan,TE,CLE,3.0,ACT,True,"https://static.www.nfl.com/image/upload/f_auto,q_auto/league/qiqiqjw4vyhv2xpxt2np","https://static.www.nfl.com/image/upload/f_auto,q_auto/league/qiqiqjw4vyhv2xpxt2np",9.0,8.459999999999999,,,0.0,0.0,0.0,0.0,0.0,0.0,0.0,0.0,0.0,carsen ryan,TE,CLE,370,exact_name_pos,Carsen Ryan,539.5,,,unmatched,,,,unmatched,,,unmatched,,,,1,539.5,539.5,539.5,539.5,0.0,169.5,,Sleeper,169.5
371,82,5,Josh Whyle,TE,GB,3.0,ACT,False,"https://static.www.nfl.com/image/upload/f_auto,q_auto/league/an9hxzbzmg6kgkdai022","https://static.www.nfl.com/image/upload/f_auto,q_auto/league/an9hxzbzmg6kgkdai022",9.0,8.459999999999999,,,0.0,0.0,0.0,0.0,0.0,0.0,0.0,0.0,0.0,josh whyle,TE,GB,371,exact_name_pos,Josh Whyle,695.5,685.2,,unmatched,,,,unmatched,,,unmatched,,,,1,695.5,695.5,695.5,695.5,0.0,324.5,,Sleeper,324.5
372,90,5,Ben Yurosek,TE,MIN,3.0,ACT,False,"https://static.www.nfl.com/image/upload/f_auto,q_auto/league/q6ea6dqd4nn27aeihiv7","https://static.www.nfl.com/image/upload/f_auto,q_auto/league/q6ea6dqd4nn27aeihiv7",9.0,8.459999999999999,,,0.0,0.0,0.0,0.0,0.0,0.0,0.0,0.0,0.0,ben yurosek,TE,MIN,372,unmatched,,,,,unmatched,,,,unmatched,,,unmatched,,,,0,,,,,,,,,
373,89,5,Seydou Traore,TE,MIA,3.0,ACT,True,"https://static.www.nfl.com/image/upload/f_auto,q_auto/league/kzpmm2zoctywb276zqt4","https://static.www.nfl.com/image/upload/f_auto,q_auto/league/kzpmm2zoctywb276zqt4",9.0,8.459999999999999,,,0.0,0.0,0.0,0.0,0.0,0.0,0.0,0.0,0.0,seydou traore,TE,MIA,373,exact_name_pos,Seydou Traore,668.6,699.0,,unmatched,,,,unmatched,,,unmatched,,,,1,668.6,668.6,668.6,668.6,0.0,295.6,,Sleeper,295.6
374,81,5,Jackson Meeks,TE,DET,3.0,ACT,False,"https://static.www.nfl.com/image/upload/f_auto,q_auto/league/ot3dsyhfhos9epmkqdip","https://static.www.nfl.com/image/upload/f_auto,q_auto/league/ot3dsyhfhos9epmkqdip",9.0,8.459999999999999,,,0.0,0.0,0.0,0.0,0.0,0.0,0.0,0.0,0.0,jackson meeks,TE,DET,374,exact_name_pos,Jackson Meeks,677.8,602.2,,unmatched,,,,unmatched,,,unmatched,,,,1,677.8,677.8,677.8,677.8,0.0,303.79999999999995,,Sleeper,303.79999999999995
375,88,5,Ian Thomas,TE,LV,3.0,ACT,False,"https://static.www.nfl.com/image/upload/f_auto,q_auto/league/gvpwnq0mjefjlekgzxro","https://static.www.nfl.com/image/upload/f_auto,q_auto/league/gvpwnq0mjefjlekgzxro",9.0,8.459999999999999,,,0.0,0.0,0.0,0.0,0.0,0.0,0.0,0.0,0.0,ian thomas,TE,LV,375,exact_name_pos,Ian Thomas,377.6,612.9,,unmatched,,,,unmatched,,,unmatched,,,,1,377.6,377.6,377.6,377.6,0.0,2.6000000000000227,,Sleeper,2.6000000000000227
376,91,5,Oscar Delp,TE,NO,3.0,ACT,True,"https://static.www.nfl.com/image/upload/f_auto,q_auto/league/a7tu8cb3rnd5ncgbtok5","https://static.www.nfl.com/image/upload/f_auto,q_auto/league/a7tu8cb3rnd5ncgbtok5",9.0,8.459999999999999,,,0.0,0.0,0.0,0.0,0.0,0.0,0.0,0.0,0.0,oscar delp,TE,NO,376,exact_name_pos,Oscar Delp,,677.9,,unmatched,,,,unmatched,,,unmatched,,,,0,,,,,,,,,
377,79,5,Luke Schoonmaker,TE,DAL,3.0,ACT,False,"https://static.www.nfl.com/image/upload/f_auto,q_auto/league/g1slhy5joxxfeudlzrh9","https://static.www.nfl.com/image/upload/f_auto,q_auto/league/g1slhy5joxxfeudlzrh9",9.0,8.459999999999999,,,0.0,0.0,0.0,0.0,0.0,0.0,0.0,0.0,0.0,luke schoonmaker,TE,DAL,377,exact_name_pos,Luke Schoonmaker,,668.8,,unmatched,,,,unmatched,,,unmatched,,,,0,,,,,,,,,
378,86,5,Jared Wiley,TE,KC,3.0,ACT,False,"https://static.www.nfl.com/image/upload/f_auto,q_auto/league/qbu14rgh4wchepqsrgb0","https://static.www.nfl.com/image/upload/f_auto,q_auto/league/qbu14rgh4wchepqsrgb0",9.0,8.459999999999999,,,0.0,0.0,0.0,0.0,0.0,0.0,0.0,0.0,0.0,jared wiley,TE,KC,378,exact_name_pos,Jared Wiley,677.5,435.0,,unmatched,,,,unmatched,,,unmatched,,,,1,677.5,677.5,677.5,677.5,0.0,299.5,,Sleeper,299.5
379,93,5,Riley Nowakowski,TE,PIT,3.0,ACT,True,"https://static.www.nfl.com/image/upload/f_auto,q_auto/league/nhyd8plaetjoosbq1btb","https://static.www.nfl.com/image/upload/f_auto,q_auto/league/nhyd8plaetjoosbq1btb",9.0,8.459999999999999,,,0.0,0.0,0.0,0.0,0.0,0.0,0.0,0.0,0.0,riley nowakowski,TE,PIT,379,exact_name_pos,Riley Nowakowski,643.4,640.4,,exact_name,Riley Nowakowski,169.99,458.0,unmatched,,,unmatched,,,,2,406.695,406.695,169.99,643.4,473.40999999999997,27.694999999999993,79.0,Sleeper,264.4
380,75,5,Jackson Hawes,TE,BUF,3.0,ACT,False,"https://static.www.nfl.com/image/upload/f_auto,q_auto/league/gl3easmpg7rn6e5siya2","https://static.www.nfl.com/image/upload/f_auto,q_auto/league/gl3easmpg7rn6e5siya2",9.0,8.459999999999999,,,0.0,0.0,0.0,0.0,0.0,0.0,0.0,0.0,0.0,jackson hawes,TE,BUF,380,exact_name_pos,Jackson Hawes,613.5,661.1,,unmatched,,,,unmatched,,,unmatched,,,,1,613.5,613.5,613.5,613.5,0.0,233.5,,Sleeper,233.5
381,80,5,Nate Adkins,TE,DEN,3.0,ACT,False,"https://static.www.nfl.com/image/upload/f_auto,q_auto/league/hedaw0ksq5qdzp9uhe3w","https://static.www.nfl.com/image/upload/f_auto,q_auto/league/hedaw0ksq5qdzp9uhe3w",9.0,8.459999999999999,,,0.0,0.0,0.0,0.0,0.0,0.0,0.0,0.0,0.0,nate adkins,TE,DEN,381,exact_name_pos,Nate Adkins,627.5,651.7,,unmatched,,,,unmatched,,,unmatched,,,,1,627.5,627.5,627.5,627.5,0.0,246.5,,Sleeper,246.5
382,87,5,Terrance Ferguson,TE,LA,3.0,ACT,False,"https://static.www.nfl.com/image/upload/f_auto,q_auto/league/w5o0s5yf6j5dsmiwdtfg","https://static.www.nfl.com/image/upload/f_auto,q_auto/league/w5o0s5yf6j5dsmiwdtfg",9.0,8.459999999999999,,,0.0,0.0,0.0,0.0,0.0,0.0,0.0,0.0,0.0,terrance ferguson,TE,LA,382,exact_name_pos,Terrance Ferguson,206.8,206.2,141.1,exact_name_pos,Terrance Ferguson,168.61,213.0,exact_name_pos,Terrance Ferguson,127.3,unmatched,,,,3,167.57000000000002,168.61,127.3,206.8,79.50000000000001,-214.42999999999998,-169.0,Sleeper,-175.2
383,72,5,Hunter Long,TE,ARI,3.0,ACT,False,"https://static.www.nfl.com/image/upload/f_auto,q_auto/league/wlj6sdfj5qcy8bt2qyxb","https://static.www.nfl.com/image/upload/f_auto,q_auto/league/wlj6sdfj5qcy8bt2qyxb",9.0,8.459999999999999,,,0.0,0.0,0.0,0.0,0.0,0.0,0.0,0.0,0.0,hunter long,TE,ARI,383,exact_name_pos,Hunter Long,673.3,566.7,,unmatched,,,,unmatched,,,unmatched,,,,1,673.3,673.3,673.3,673.3,0.0,290.29999999999995,,Sleeper,290.29999999999995
384,96,5,Ko Kieft,TE,TB,3.0,ACT,False,"https://static.www.nfl.com/image/upload/f_auto,q_auto/league/whd4f9mav6qqckqltqwu","https://static.www.nfl.com/image/upload/f_auto,q_auto/league/whd4f9mav6qqckqltqwu",9.0,8.459999999999999,,,0.0,0.0,0.0,0.0,0.0,0.0,0.0,0.0,0.0,ko kieft,TE,TB,384,exact_name_pos,Ko Kieft,,641.0,,unmatched,,,,unmatched,,,unmatched,,,,0,,,,,,,,,
385,68,5,Aidan O'Connell,QB,LV,3.0,ACT,False,"https://static.www.nfl.com/image/upload/f_auto,q_auto/league/bcejxo7ofgk5pszhup12","https://static.www.nfl.com/image/upload/f_auto,q_auto/league/bcejxo7ofgk5pszhup12",9.566666666666666,8.418666666666667,,,102.0,0.0,0.0,0.0,0.0,0.0,0.0,0.0,0.0,aidan o connell,QB,LV,385,exact_name_pos,Aidan O'Connell,662.3,620.0,,unmatched,,,,unmatched,,,unmatched,,,,1,662.3,662.3,662.3,662.3,0.0,277.29999999999995,,Sleeper,277.29999999999995
386,74,5,Sam Ehlinger,QB,DEN,3.0,ACT,False,"https://static.www.nfl.com/image/upload/f_auto,q_auto/league/imtb2ia03w2ujrl9dprs","https://static.www.nfl.com/image/upload/f_auto,q_auto/league/imtb2ia03w2ujrl9dprs",9.0,7.92,,,0.0,0.0,0.0,0.0,0.0,0.0,0.0,0.0,0.0,sam ehlinger,QB,DEN,386,exact_name_pos,Sam Ehlinger,666.3,,,unmatched,,,,unmatched,,,unmatched,,,,1,666.3,666.3,666.3,666.3,0.0,280.29999999999995,,Sleeper,280.29999999999995
387,70,5,Joe Fagnano,QB,BAL,3.0,ACT,True,"https://static.www.nfl.com/image/upload/f_auto,q_auto/league/p8uqfsnpx153mn3gjtd3","https://static.www.nfl.com/image/upload/f_auto,q_auto/league/p8uqfsnpx153mn3gjtd3",9.0,7.92,,,0.0,0.0,0.0,0.0,0.0,0.0,0.0,0.0,0.0,joe fagnano,QB,BAL,387,exact_name_pos,Joe Fagnano,664.0,655.6,,unmatched,,,,unmatched,,,unmatched,,,,1,664.0,664.0,664.0,664.0,0.0,277.0,,Sleeper,277.0
388,69,5,Carson Beck,QB,ARI,3.0,ACT,True,"https://static.www.nfl.com/image/upload/f_auto,q_auto/league/yvybqpgnezk75h9rpobv","https://static.www.nfl.com/image/upload/f_auto,q_auto/league/yvybqpgnezk75h9rpobv",9.0,7.92,,,0.0,0.0,0.0,0.0,0.0,0.0,0.0,0.0,0.0,carson beck,QB,ARI,388,exact_name_pos,Carson Beck,,692.7,,exact_name_pos,Carson Beck,170.01,451.0,unmatched,,,unmatched,,,,1,170.01,170.01,170.01,170.01,0.0,-217.99,63.0,ESPN,-217.99
389,72,5,Case Keenum,QB,CHI,3.0,ACT,False,"https://static.www.nfl.com/image/upload/f_auto,q_auto/league/weixhyzal4ntsyszyepu","https://static.www.nfl.com/image/upload/f_auto,q_auto/league/weixhyzal4ntsyszyepu",9.0,7.92,,,0.0,0.0,0.0,0.0,0.0,0.0,0.0,0.0,0.0,case keenum,QB,CHI,389,exact_name_pos,Case Keenum,662.0,664.7,,unmatched,,,,unmatched,,,unmatched,,,,1,662.0,662.0,662.0,662.0,0.0,273.0,,Sleeper,273.0
390,78,5,Ty Simpson,QB,LA,3.0,ACT,True,,,9.0,7.92,,,0.0,0.0,0.0,0.0,0.0,0.0,0.0,0.0,0.0,ty simpson,QB,LA,390,exact_name_pos,Ty Simpson,241.8,673.1,243.2,exact_name_pos,Ty Simpson,169.97,476.0,unmatched,,,unmatched,,,,2,205.885,205.885,169.97,241.8,71.83000000000001,-184.115,86.0,Sleeper,-148.2
391,82,5,Jalen Milroe,QB,SEA,3.0,ACT,False,"https://static.www.nfl.com/image/upload/f_auto,q_auto/league/hohqoqpdyquxn1sr1fm2","https://static.www.nfl.com/image/upload/f_auto,q_auto/league/hohqoqpdyquxn1sr1fm2",9.0,7.92,,,0.0,0.0,0.0,0.0,0.0,0.0,0.0,0.0,0.0,jalen milroe,QB,SEA,391,exact_name_pos,Jalen Milroe,,663.0,,unmatched,,,,unmatched,,,unmatched,,,,0,,,,,,,,,
392,75,5,Anthony Richardson,QB,IND,3.0,ACT,False,"https://static.www.nfl.com/image/upload/f_auto,q_auto/league/wrddeyklfcgk9qybgofq","https://static.www.nfl.com/image/upload/f_auto,q_auto/league/wrddeyklfcgk9qybgofq",9.0,7.92,,,0.0,0.0,0.0,0.0,0.0,0.0,0.0,0.0,0.0,anthony richardson,QB,IND,392,exact_name_pos,Anthony Richardson,,657.4,,exact_name_pos,Anthony Richardson Sr.,169.98,478.0,unmatched,,,unmatched,,,,1,169.98,169.98,169.98,169.98,0.0,-222.02,86.0,ESPN,-222.02
393,71,5,Haynes King,QB,CAR,3.0,ACT,True,"https://static.www.nfl.com/image/upload/f_auto,q_auto/league/qcloyq4ahyh0hfzo6i0i","https://static.www.nfl.com/image/upload/f_auto,q_auto/league/qcloyq4ahyh0hfzo6i0i",9.0,7.92,,,0.0,0.0,0.0,0.0,0.0,0.0,0.0,0.0,0.0,haynes king,QB,CAR,393,exact_name_pos,Haynes King,,691.9,,unmatched,,,,unmatched,,,unmatched,,,,0,,,,,,,,,
394,81,5,Will Howard,QB,PIT,3.0,ACT,False,"https://static.www.nfl.com/image/upload/f_auto,q_auto/league/wzt7xj9ownxfit5igpcd","https://static.www.nfl.com/image/upload/f_auto,q_auto/league/wzt7xj9ownxfit5igpcd",9.0,7.92,,,0.0,0.0,0.0,0.0,0.0,0.0,0.0,0.0,0.0,will howard,QB,PIT,394,exact_name_pos,Will Howard,,609.5,,unmatched,,,,unmatched,,,unmatched,,,,0,,,,,,,,,
395,76,5,Carter Bradley,QB,JAX,3.0,W04,False,"https://static.www.nfl.com/image/upload/f_auto,q_auto/league/ystkos8c5gnjtsgxg7vg","https://static.www.nfl.com/image/upload/f_auto,q_auto/league/ystkos8c5gnjtsgxg7vg",9.0,7.92,,,0.0,0.0,0.0,0.0,0.0,0.0,0.0,0.0,0.0,carter bradley,QB,JAX,395,exact_name_pos,Carter Bradley,418.5,278.0,,unmatched,,,,unmatched,,,unmatched,,,,1,418.5,418.5,418.5,418.5,0.0,23.5,,Sleeper,23.5
396,79,5,Behren Morton,QB,NE,3.0,ACT,True,"https://static.www.nfl.com/image/upload/f_auto,q_auto/league/st5s1urflg14hwvx8uzl","https://static.www.nfl.com/image/upload/f_auto,q_auto/league/st5s1urflg14hwvx8uzl",9.0,7.92,,,0.0,0.0,0.0,0.0,0.0,0.0,0.0,0.0,0.0,behren morton,QB,NE,396,exact_name_pos,Behren Morton,,684.0,,unmatched,,,,unmatched,,,unmatched,,,,0,,,,,,,,,
397,80,5,Zach Wilson,QB,NO,3.0,ACT,False,"https://static.www.nfl.com/image/upload/f_auto,q_auto/league/i17xpbsar7evcypbhtel","https://static.www.nfl.com/image/upload/f_auto,q_auto/league/i17xpbsar7evcypbhtel",9.0,7.92,,,0.0,0.0,0.0,0.0,0.0,0.0,0.0,0.0,0.0,zach wilson,QB,NO,397,exact_name_pos,Zach Wilson,,684.2,,unmatched,,,,unmatched,,,unmatched,,,,0,,,,,,,,,
398,73,5,Taylen Green,QB,CLE,3.0,ACT,True,,,9.0,7.92,,,0.0,0.0,0.0,0.0,0.0,0.0,0.0,0.0,0.0,taylen green,QB,CLE,398,exact_name_pos,Taylen Green,,641.0,,unmatched,,,,unmatched,,,unmatched,,,,0,,,,,,,,,
399,83,5,Kurtis Rourke,QB,SF,3.0,ACT,False,"https://static.www.nfl.com/image/upload/f_auto,q_auto/league/rq4swf5c2ar45ljuc0w2","https://static.www.nfl.com/image/upload/f_auto,q_auto/league/rq4swf5c2ar45ljuc0w2",9.0,7.92,,,0.0,0.0,0.0,0.0,0.0,0.0,0.0,0.0,0.0,kurtis rourke,QB,SF,399,exact_name_pos,Kurtis Rourke,649.1,615.5,,unmatched,,,,unmatched,,,unmatched,,,,1,649.1,649.1,649.1,649.1,0.0,250.10000000000002,,Sleeper,250.10000000000002
400,84,5,Athan Kaliakmanis,QB,WAS,3.0,ACT,True,"https://static.www.nfl.com/image/upload/f_auto,q_auto/league/ahtbv63jyg8ampmyrxn9","https://static.www.nfl.com/image/upload/f_auto,q_auto/league/ahtbv63jyg8ampmyrxn9",9.0,7.92,,,0.0,0.0,0.0,0.0,0.0,0.0,0.0,0.0,0.0,athan kaliakmanis,QB,WAS,400,exact_name_pos,Athan Kaliakmanis,670.2,641.7,,unmatched,,,,unmatched,,,unmatched,,,,1,670.2,670.2,670.2,670.2,0.0,270.20000000000005,,Sleeper,270.20000000000005
401,77,5,Garrett Nussmeier,QB,KC,3.0,ACT,True,"https://static.www.nfl.com/image/upload/f_auto,q_auto/league/uyidfkzfhuqaks3pmdeo","https://static.www.nfl.com/image/upload/f_auto,q_auto/league/uyidfkzfhuqaks3pmdeo",9.0,7.92,,,0.0,0.0,0.0,0.0,0.0,0.0,0.0,0.0,0.0,garrett nussmeier,QB,KC,401,exact_name_pos,Garrett Nussmeier,668.0,677.9,,unmatched,,,,unmatched,,,unmatched,,,,1,668.0,668.0,668.0,668.0,0.0,267.0,,Sleeper,267.0
402,85,5,Chris Oladokun,QB,KC,4.0,W04,False,"https://static.www.nfl.com/image/upload/f_auto,q_auto/league/zlcmvcyi6laaklmjv1j2","https://static.www.nfl.com/image/upload/f_auto,q_auto/league/zlcmvcyi6laaklmjv1j2",6.505555555555556,5.724888888888889,,,235.0,1.0,0.0,0.0,0.0,0.0,0.0,0.0,0.0,chris oladokun,QB,KC,402,unmatched,,,,,unmatched,,,,unmatched,,,unmatched,,,,0,,,,,,,,,
403,125,5,KaVontae Turpin,WR,DAL,4.0,ACT,False,"https://static.www.nfl.com/image/upload/f_auto,q_auto/league/tayjlp1hgmm6rewgl1k4","https://static.www.nfl.com/image/upload/f_auto,q_auto/league/tayjlp1hgmm6rewgl1k4",4.797621638217535,5.1814313692749385,,,0.0,0.0,0.0,0.0,5.0,1.0,-2.0,0.0,2.8919543449338305,kavontae turpin,WR,DAL,403,exact_name_pos,KaVontae Turpin,,693.4,,exact_name_pos,KaVontae Turpin,169.78,392.0,unmatched,,,unmatched,,,,1,169.78,169.78,169.78,169.78,0.0,-233.22,-11.0,ESPN,-233.22
404,98,5,Davis Allen,TE,LA,5.0,ACT,False,"https://static.www.nfl.com/image/upload/f_auto,q_auto/league/iweydtcrfchsl3mt6jtd","https://static.www.nfl.com/image/upload/f_auto,q_auto/league/iweydtcrfchsl3mt6jtd",5.435593117654187,5.109457530594935,,,0.0,0.0,0.0,0.0,5.0,2.0,34.0,0.0,3.0946322549376,davis allen,TE,LA,404,exact_name_pos,Davis Allen,660.7,676.6,,unmatched,,,,unmatched,,,unmatched,,,,1,660.7,660.7,660.7,660.7,0.0,256.70000000000005,,Sleeper,256.70000000000005
405,86,5,Cooper Rush,QB,ATL,3.0,ACT,False,"https://static.www.nfl.com/image/upload/f_auto,q_auto/league/mwrtykpswz7nbfisqlmj","https://static.www.nfl.com/image/upload/f_auto,q_auto/league/mwrtykpswz7nbfisqlmj",5.594444444444445,4.923111111111112,,,251.0,0.0,0.0,0.0,0.0,0.0,0.0,0.0,0.0,cooper rush,QB,ATL,405,exact_name_pos,Cooper Rush,681.8,698.0,,unmatched,,,,unmatched,,,unmatched,,,,1,681.8,681.8,681.8,681.8,0.0,276.79999999999995,,Sleeper,276.79999999999995
406,126,5,Devin Duvernay,WR,ARI,6.0,ACT,False,"https://static.www.nfl.com/image/upload/f_auto,q_auto/league/tj3t166iwsxbnyzxcyyl","https://static.www.nfl.com/image/upload/f_auto,q_auto/league/tj3t166iwsxbnyzxcyyl",3.0,3.24,,,0.0,0.0,0.0,0.0,0.0,0.0,0.0,0.0,0.0,devin duvernay,WR,ARI,406,exact_name_pos,Devin Duvernay,,636.2,,unmatched,,,,unmatched,,,unmatched,,,,0,,,,,,,,,
407,128,5,Reggie Virgil,WR,ARI,5.0,ACT,True,"https://static.www.nfl.com/image/upload/f_auto,q_auto/league/hmaylhc9nc2zmqjdw1ib","https://static.www.nfl.com/image/upload/f_auto,q_auto/league/hmaylhc9nc2zmqjdw1ib",3.0,3.24,,,0.0,0.0,0.0,0.0,0.0,0.0,0.0,0.0,0.0,reggie virgil,WR,ARI,407,exact_name_pos,Reggie Virgil,,698.6,,unmatched,,,,unmatched,,,unmatched,,,,0,,,,,,,,,
408,145,5,Jonathan Mingo,WR,DAL,5.0,ACT,False,"https://static.www.nfl.com/image/upload/f_auto,q_auto/league/u2b8s2s0ix5hntyg3eog","https://static.www.nfl.com/image/upload/f_auto,q_auto/league/u2b8s2s0ix5hntyg3eog",3.0,3.24,,,0.0,0.0,0.0,0.0,0.0,0.0,0.0,0.0,0.0,jonathan mingo,WR,DAL,408,exact_name_pos,Jonathan Mingo,699.9,693.3,,unmatched,,,,unmatched,,,unmatched,,,,1,699.9,699.9,699.9,699.9,0.0,291.9,,Sleeper,291.9
409,143,5,Tylan Wallace,WR,CLE,5.0,ACT,False,"https://static.www.nfl.com/image/upload/f_auto,q_auto/league/rifnnpeub6okv41offnd","https://static.www.nfl.com/image/upload/f_auto,q_auto/league/rifnnpeub6okv41offnd",3.0,3.24,,,0.0,0.0,0.0,0.0,0.0,0.0,0.0,0.0,0.0,tylan wallace,WR,CLE,409,exact_name_pos,Tylan Wallace,669.8,,,unmatched,,,,unmatched,,,unmatched,,,,1,669.8,669.8,669.8,669.8,0.0,260.79999999999995,,Sleeper,260.79999999999995
410,192,5,Luke McCaffrey,WR,WAS,4.0,ACT,False,"https://static.www.nfl.com/image/upload/f_auto,q_auto/league/xtxiwlkniuldrqg65n3q","https://static.www.nfl.com/image/upload/f_auto,q_auto/league/xtxiwlkniuldrqg65n3q",3.0,3.24,,,0.0,0.0,0.0,0.0,0.0,0.0,0.0,0.0,0.0,luke mccaffrey,WR,WAS,410,exact_name_pos,Luke McCaffrey,,620.4,,unmatched,,,,unmatched,,,unmatched,,,,0,,,,,,,,,
411,144,5,Camden Brown,WR,DAL,6.0,ACT,True,"https://static.www.nfl.com/image/upload/f_auto,q_auto/league/tvoztpalnmmattxhdaoa","https://static.www.nfl.com/image/upload/f_auto,q_auto/league/tvoztpalnmmattxhdaoa",3.0,3.24,,,0.0,0.0,0.0,0.0,0.0,0.0,0.0,0.0,0.0,camden brown,WR,DAL,411,exact_name_pos,Camden Brown,637.3,608.2,,unmatched,,,,unmatched,,,unmatched,,,,1,637.3,637.3,637.3,637.3,0.0,226.29999999999995,,Sleeper,226.29999999999995
412,127,5,Jalen Brooks,WR,ARI,4.0,ACT,False,"https://static.www.nfl.com/image/upload/f_auto,q_auto/league/xeg0tvg6klf0afgddkq6","https://static.www.nfl.com/image/upload/f_auto,q_auto/league/xeg0tvg6klf0afgddkq6",3.0,3.24,,,0.0,0.0,0.0,0.0,0.0,0.0,0.0,0.0,0.0,jalen brooks,WR,ARI,412,exact_name_pos,Jalen Brooks,691.3,661.0,,unmatched,,,,unmatched,,,unmatched,,,,1,691.3,691.3,691.3,691.3,0.0,279.29999999999995,,Sleeper,279.29999999999995
413,140,5,Dohnte Meyers,WR,CIN,5.0,ACT,True,"https://static.www.nfl.com/image/upload/f_auto,q_auto/league/xkxpqhtebubkbv1irlkc","https://static.www.nfl.com/image/upload/f_auto,q_auto/league/xkxpqhtebubkbv1irlkc",3.0,3.24,,,0.0,0.0,0.0,0.0,0.0,0.0,0.0,0.0,0.0,dohnte meyers,WR,CIN,413,exact_name_pos,Dohnte Meyers,627.5,686.4,,unmatched,,,,unmatched,,,unmatched,,,,1,627.5,627.5,627.5,627.5,0.0,214.5,,Sleeper,214.5
414,142,5,Malachi Corley,WR,CLE,6.0,ACT,False,"https://static.www.nfl.com/image/upload/f_auto,q_auto/league/lay1p8pvwrglmqorc6ev","https://static.www.nfl.com/image/upload/f_auto,q_auto/league/lay1p8pvwrglmqorc6ev",3.0,3.24,,,0.0,0.0,0.0,0.0,0.0,0.0,0.0,0.0,0.0,malachi corley,WR,CLE,414,exact_name_pos,Malachi Corley,242.0,564.2,,unmatched,,,,unmatched,,,unmatched,,,,1,242.0,242.0,242.0,242.0,0.0,-172.0,,Sleeper,-172.0
415,185,5,Montorie Foster Jr,WR,SEA,5.0,ACT,False,"https://static.www.nfl.com/image/upload/f_auto,q_auto/league/qkyl0pfhi4pmzdtodu9k","https://static.www.nfl.com/image/upload/f_auto,q_auto/league/qkyl0pfhi4pmzdtodu9k",3.0,3.24,,,0.0,0.0,0.0,0.0,0.0,0.0,0.0,0.0,0.0,montorie foster,WR,SEA,415,exact_name_pos,Montorie Foster,647.0,693.5,,unmatched,,,,unmatched,,,unmatched,,,,1,647.0,647.0,647.0,647.0,0.0,232.0,,Sleeper,232.0
416,134,5,LaJohntay Wester,WR,BAL,6.0,ACT,False,"https://static.www.nfl.com/image/upload/f_auto,q_auto/league/t6cyhtqoihm88xppswud","https://static.www.nfl.com/image/upload/f_auto,q_auto/league/t6cyhtqoihm88xppswud",3.0,3.24,,,0.0,0.0,0.0,0.0,0.0,0.0,0.0,0.0,0.0,lajohntay wester,WR,BAL,416,exact_name_pos,LaJohntay Wester,,688.9,,unmatched,,,,unmatched,,,unmatched,,,,0,,,,,,,,,
417,105,5,Julius Chestnut,RB,TEN,4.0,ACT,False,"https://static.www.nfl.com/image/upload/f_auto,q_auto/league/bkhv6hpjogvs5b31wwrs","https://static.www.nfl.com/image/upload/f_auto,q_auto/league/bkhv6hpjogvs5b31wwrs",3.0,3.24,,,0.0,0.0,0.0,0.0,0.0,0.0,0.0,0.0,0.0,julius chestnut,RB,TEN,417,exact_name_pos,Julius Chestnut,,650.8,,unmatched,,,,unmatched,,,unmatched,,,,0,,,,,,,,,
418,135,5,Skyler Bell,WR,BUF,5.0,ACT,True,"https://static.www.nfl.com/image/upload/f_auto,q_auto/league/oac3geuuhazbznztufzk","https://static.www.nfl.com/image/upload/f_auto,q_auto/league/oac3geuuhazbznztufzk",3.0,3.24,,,0.0,0.0,0.0,0.0,0.0,0.0,0.0,0.0,0.0,skyler bell,WR,BUF,418,exact_name_pos,Skyler Bell,,691.0,,unmatched,,,,unmatched,,,unmatched,,,,0,,,,,,,,,
419,133,5,Elijah Sarratt,WR,BAL,5.0,ACT,True,"https://static.www.nfl.com/image/upload/f_auto,q_auto/league/rbtitvma6hjyotcajqtv","https://static.www.nfl.com/image/upload/f_auto,q_auto/league/rbtitvma6hjyotcajqtv",3.0,3.24,,,0.0,0.0,0.0,0.0,0.0,0.0,0.0,0.0,0.0,elijah sarratt,WR,BAL,419,exact_name_pos,Elijah Sarratt,229.2,695.8,200.6,unmatched,,,,unmatched,,,unmatched,,,,1,229.2,229.2,229.2,229.2,0.0,-189.8,,Sleeper,-189.8
420,190,5,Ted Hurst III,WR,TB,4.0,ACT,True,"https://static.www.nfl.com/image/upload/f_auto,q_auto/league/mmf6qmo6a2evw4feupcm","https://static.www.nfl.com/image/upload/f_auto,q_auto/league/mmf6qmo6a2evw4feupcm",3.0,3.24,,,0.0,0.0,0.0,0.0,0.0,0.0,0.0,0.0,0.0,ted hurst,WR,TB,420,exact_name_pos,Ted Hurst,239.6,239.6,196.2,exact_name_pos,Ted Hurst III,170.17,406.0,unmatched,,,unmatched,,,,2,204.885,204.885,170.17,239.6,69.43,-215.115,-14.0,Sleeper,-180.4
421,189,5,Kameron Johnson,WR,TB,6.0,ACT,False,"https://static.www.nfl.com/image/upload/f_auto,q_auto/league/ms7auybbkq1nwbd2ev0d","https://static.www.nfl.com/image/upload/f_auto,q_auto/league/ms7auybbkq1nwbd2ev0d",3.0,3.24,,,0.0,0.0,0.0,0.0,0.0,0.0,0.0,0.0,0.0,kameron johnson,WR,TB,421,exact_name_pos,Kameron Johnson,,652.0,,unmatched,,,,unmatched,,,unmatched,,,,0,,,,,,,,,
422,136,5,Jimmy Horn Jr.,WR,CAR,5.0,ACT,False,"https://static.www.nfl.com/image/upload/f_auto,q_auto/league/gggcgfbghcft0xwxtrhk","https://static.www.nfl.com/image/upload/f_auto,q_auto/league/gggcgfbghcft0xwxtrhk",3.0,3.24,,,0.0,0.0,0.0,0.0,0.0,0.0,0.0,0.0,0.0,jimmy horn,WR,CAR,422,exact_name_pos,Jimmy Horn,,663.1,,unmatched,,,,unmatched,,,unmatched,,,,0,,,,,,,,,
423,132,5,Devontez Walker,WR,BAL,4.0,ACT,False,"https://static.www.nfl.com/image/upload/f_auto,q_auto/league/x3x3k5ispk44ms0f7vrv","https://static.www.nfl.com/image/upload/f_auto,q_auto/league/x3x3k5ispk44ms0f7vrv",3.0,3.24,,,0.0,0.0,0.0,0.0,0.0,0.0,0.0,0.0,0.0,devontez walker,WR,BAL,423,exact_name_pos,Devontez Walker,,650.1,,unmatched,,,,unmatched,,,unmatched,,,,0,,,,,,,,,
424,137,5,Jahdae Walker,WR,CHI,5.0,ACT,False,"https://static.www.nfl.com/image/upload/f_auto,q_auto/league/cr13mo2xrpdkksy8fveq","https://static.www.nfl.com/image/upload/f_auto,q_auto/league/cr13mo2xrpdkksy8fveq",3.0,3.24,,,0.0,0.0,0.0,0.0,0.0,0.0,0.0,0.0,0.0,jahdae walker,WR,CHI,424,exact_name_pos,Jahdae Walker,,663.9,,unmatched,,,,unmatched,,,unmatched,,,,0,,,,,,,,,
425,138,5,Zavion Thomas,WR,CHI,4.0,ACT,True,"https://static.www.nfl.com/image/upload/f_auto,q_auto/league/lhodk54zsmznu4yxjoux","https://static.www.nfl.com/image/upload/f_auto,q_auto/league/lhodk54zsmznu4yxjoux",3.0,3.24,,,0.0,0.0,0.0,0.0,0.0,0.0,0.0,0.0,0.0,zavion thomas,WR,CHI,425,exact_name_pos,Zavion Thomas,,673.4,,unmatched,,,,unmatched,,,unmatched,,,,0,,,,,,,,,
426,139,5,Colbie Young,WR,CIN,4.0,ACT,True,"https://static.www.nfl.com/image/upload/f_auto,q_auto/league/n4irmipxyl87b6jmudte","https://static.www.nfl.com/image/upload/f_auto,q_auto/league/n4irmipxyl87b6jmudte",3.0,3.24,,,0.0,0.0,0.0,0.0,0.0,0.0,0.0,0.0,0.0,colbie young,WR,CIN,426,exact_name_pos,Colbie Young,,643.8,,unmatched,,,,unmatched,,,unmatched,,,,0,,,,,,,,,
427,188,5,Jordan Watkins,WR,SF,5.0,ACT,False,"https://static.www.nfl.com/image/upload/f_auto,q_auto/league/agcwewjrj4dfssqkzksp","https://static.www.nfl.com/image/upload/f_auto,q_auto/league/agcwewjrj4dfssqkzksp",3.0,3.24,,,0.0,0.0,0.0,0.0,0.0,0.0,0.0,0.0,0.0,jordan watkins,WR,SF,427,unmatched,,,,,unmatched,,,,unmatched,,,unmatched,,,,0,,,,,,,,,
428,131,5,Zachariah Branch,WR,ATL,4.0,ACT,True,"https://static.www.nfl.com/image/upload/f_auto,q_auto/league/qwbo8lgyd85dlwnbznsc","https://static.www.nfl.com/image/upload/f_auto,q_auto/league/qwbo8lgyd85dlwnbznsc",3.0,3.24,,,0.0,0.0,0.0,0.0,0.0,0.0,0.0,0.0,0.0,zachariah branch,WR,ATL,428,exact_name_pos,Zachariah Branch,211.9,231.0,185.1,exact_name_pos,Zachariah Branch,170.85,305.0,unmatched,,,unmatched,,,,2,191.375,191.375,170.85,211.9,41.05000000000001,-236.625,-123.0,Sleeper,-216.1
429,187,5,Jacob Cowing,WR,SF,6.0,ACT,False,"https://static.www.nfl.com/image/upload/f_auto,q_auto/league/uarciagmnzmyzs102dv6","https://static.www.nfl.com/image/upload/f_auto,q_auto/league/uarciagmnzmyzs102dv6",3.0,3.24,,,0.0,0.0,0.0,0.0,0.0,0.0,0.0,0.0,0.0,jacob cowing,WR,SF,429,exact_name_pos,Jacob Cowing,,693.9,,unmatched,,,,unmatched,,,unmatched,,,,0,,,,,,,,,
430,191,5,Jacoby Jones,WR,WAS,8.0,W04,False,"https://static.www.nfl.com/image/upload/f_auto,q_auto/league/bc74vque05mi8tg5xzxu","https://static.www.nfl.com/image/upload/f_auto,q_auto/league/bc74vque05mi8tg5xzxu",3.0,3.24,,,0.0,0.0,0.0,0.0,0.0,0.0,0.0,0.0,0.0,jacoby jones,WR,WAS,430,exact_name_pos,Jacoby Jones,604.6,,,unmatched,,,,unmatched,,,unmatched,,,,1,604.6,604.6,604.6,604.6,0.0,174.60000000000002,,Sleeper,174.60000000000002
431,141,5,Ke'Shawn Williams,WR,CIN,6.0,ACT,False,"https://static.www.nfl.com/image/upload/f_auto,q_auto/league/r7enwgccqv93feuoeurz","https://static.www.nfl.com/image/upload/f_auto,q_auto/league/r7enwgccqv93feuoeurz",3.0,3.24,,,0.0,0.0,0.0,0.0,0.0,0.0,0.0,0.0,0.0,ke shawn williams,WR,CIN,431,exact_name_pos,Ke'Shawn Williams,636.0,660.3,,unmatched,,,,unmatched,,,unmatched,,,,1,636.0,636.0,636.0,636.0,0.0,205.0,,Sleeper,205.0
432,130,5,Chris Blair,WR,ATL,5.0,ACT,False,"https://static.www.nfl.com/image/upload/f_auto,q_auto/league/gfkhv6k1wr45fnhl0p1d","https://static.www.nfl.com/image/upload/f_auto,q_auto/league/gfkhv6k1wr45fnhl0p1d",3.0,3.24,,,0.0,0.0,0.0,0.0,0.0,0.0,0.0,0.0,0.0,chris blair,WR,ATL,432,exact_name_pos,Chris Blair,634.5,,,unmatched,,,,unmatched,,,unmatched,,,,1,634.5,634.5,634.5,634.5,0.0,202.5,,Sleeper,202.5
433,186,5,Tory Horton,WR,SEA,4.0,ACT,False,"https://static.www.nfl.com/image/upload/f_auto,q_auto/league/lmsun4qzmk1rkgt4kw76","https://static.www.nfl.com/image/upload/f_auto,q_auto/league/lmsun4qzmk1rkgt4kw76",3.0,3.24,,,0.0,0.0,0.0,0.0,0.0,0.0,0.0,0.0,0.0,tory horton,WR,SEA,433,exact_name_pos,Tory Horton,228.7,260.2,199.4,exact_name_pos,Tory Horton,170.19,395.0,unmatched,,,unmatched,,,,2,199.445,199.445,170.19,228.7,58.50999999999999,-233.555,-38.0,Sleeper,-204.3
434,129,5,Simi Fehoko,WR,ARI,7.0,ACT,False,"https://static.www.nfl.com/image/upload/f_auto,q_auto/league/eep30drknwucjdj6tivh","https://static.www.nfl.com/image/upload/f_auto,q_auto/league/eep30drknwucjdj6tivh",3.0,3.24,,,0.0,0.0,0.0,0.0,0.0,0.0,0.0,0.0,0.0,simi fehoko,WR,ARI,434,exact_name_pos,Simi Fehoko,,426.7,,unmatched,,,,unmatched,,,unmatched,,,,0,,,,,,,,,
435,184,5,Kaden Wetjen,WR,PIT,6.0,ACT,True,"https://static.www.nfl.com/image/upload/f_auto,q_auto/league/s44clgjdvd1tuslyqimk","https://static.www.nfl.com/image/upload/f_auto,q_auto/league/s44clgjdvd1tuslyqimk",3.0,3.24,,,0.0,0.0,0.0,0.0,0.0,0.0,0.0,0.0,0.0,kaden wetjen,WR,PIT,435,exact_name_pos,Kaden Wetjen,,635.6,,unmatched,,,,unmatched,,,unmatched,,,,0,,,,,,,,,
436,181,5,Elijah Moore,WR,PHI,5.0,ACT,False,"https://static.www.nfl.com/image/upload/f_auto,q_auto/league/wax90oyx9vs0x9j4nt5n","https://static.www.nfl.com/image/upload/f_auto,q_auto/league/wax90oyx9vs0x9j4nt5n",3.0,3.24,,,0.0,0.0,0.0,0.0,0.0,0.0,0.0,0.0,0.0,elijah moore,WR,PHI,436,exact_name_pos,Elijah Moore,700.0,467.4,,unmatched,,,,unmatched,,,unmatched,,,,1,700.0,700.0,700.0,700.0,0.0,264.0,,Sleeper,264.0
437,183,5,Germie Bernard,WR,PIT,4.0,ACT,True,"https://static.www.nfl.com/image/upload/f_auto,q_auto/league/rsbtypbsvxux94vokb5q","https://static.www.nfl.com/image/upload/f_auto,q_auto/league/rsbtypbsvxux94vokb5q",3.0,3.24,,,0.0,0.0,0.0,0.0,0.0,0.0,0.0,0.0,0.0,germie bernard,WR,PIT,437,exact_name_pos,Germie Bernard,229.8,241.4,193.6,exact_name_pos,Germie Bernard,171.31,296.0,unmatched,,,unmatched,,,,2,200.555,200.555,171.31,229.8,58.49000000000001,-236.445,-141.0,Sleeper,-207.2
438,179,5,Odell Beckham Jr.,WR,NYG,5.0,ACT,False,"https://static.www.nfl.com/image/upload/f_auto,q_auto/league/ffmalg3wr7lwnsz59i7v","https://static.www.nfl.com/image/upload/f_auto,q_auto/league/ffmalg3wr7lwnsz59i7v",3.0,3.24,,,0.0,0.0,0.0,0.0,0.0,0.0,0.0,0.0,0.0,odell beckham,WR,NYG,438,exact_name_pos,Odell Beckham,,690.4,,unmatched,,,,unmatched,,,unmatched,,,,0,,,,,,,,,
439,158,5,CJ Daniels,WR,LA,7.0,ACT,True,"https://static.www.nfl.com/image/upload/f_auto,q_auto/league/jqx2xj6xmri9hrjm8azc","https://static.www.nfl.com/image/upload/f_auto,q_auto/league/jqx2xj6xmri9hrjm8azc",3.0,3.24,,,0.0,0.0,0.0,0.0,0.0,0.0,0.0,0.0,0.0,cj daniels,WR,LA,439,exact_name_pos,CJ Daniels,,649.6,,unmatched,,,,unmatched,,,unmatched,,,,0,,,,,,,,,
440,164,5,Chase Roberts,WR,LV,9.0,W04,True,"https://static.www.nfl.com/image/upload/f_auto,q_auto/league/bqncmkjxb7rcvfuhe1ss","https://static.www.nfl.com/image/upload/f_auto,q_auto/league/bqncmkjxb7rcvfuhe1ss",3.0,3.24,,,0.0,0.0,0.0,0.0,0.0,0.0,0.0,0.0,0.0,chase roberts,WR,LV,440,exact_name_pos,Chase Roberts,350.0,673.3,,unmatched,,,,unmatched,,,unmatched,,,,1,350.0,350.0,350.0,350.0,0.0,-90.0,,Sleeper,-90.0
441,163,5,Sincere Brown,WR,LAC,8.0,W04,True,"https://static.www.nfl.com/image/upload/f_auto,q_auto/league/tczbze6iof5vyvxp9omu","https://static.www.nfl.com/image/upload/f_auto,q_auto/league/tczbze6iof5vyvxp9omu",3.0,3.24,,,0.0,0.0,0.0,0.0,0.0,0.0,0.0,0.0,0.0,sincere brown,WR,LAC,441,exact_name_pos,Sincere Brown,611.6,,,unmatched,,,,unmatched,,,unmatched,,,,1,611.6,611.6,611.6,611.6,0.0,170.60000000000002,,Sleeper,170.60000000000002
442,162,5,Derius Davis,WR,LAC,6.0,ACT,False,"https://static.www.nfl.com/image/upload/f_auto,q_auto/league/ykmeihbr6903smvblzgc","https://static.www.nfl.com/image/upload/f_auto,q_auto/league/ykmeihbr6903smvblzgc",3.0,3.24,,,0.0,0.0,0.0,0.0,0.0,0.0,0.0,0.0,0.0,derius davis,WR,LAC,442,exact_name_pos,Derius Davis,,615.3,,unmatched,,,,unmatched,,,unmatched,,,,0,,,,,,,,,
443,174,5,Myles Price,WR,MIN,5.0,ACT,False,"https://static.www.nfl.com/image/upload/f_auto,q_auto/league/yi2pgwujy0lv9l3m3sig","https://static.www.nfl.com/image/upload/f_auto,q_auto/league/yi2pgwujy0lv9l3m3sig",3.0,3.24,,,0.0,0.0,0.0,0.0,0.0,0.0,0.0,0.0,0.0,myles price,WR,MIN,443,exact_name_pos,Myles Price,,699.5,,unmatched,,,,unmatched,,,unmatched,,,,0,,,,,,,,,
444,180,5,Arian Smith,WR,NYJ,6.0,ACT,False,"https://static.www.nfl.com/image/upload/f_auto,q_auto/league/asywvwrn6zhlidxothqn","https://static.www.nfl.com/image/upload/f_auto,q_auto/league/asywvwrn6zhlidxothqn",3.0,3.24,,,0.0,0.0,0.0,0.0,0.0,0.0,0.0,0.0,0.0,arian smith,WR,NYJ,444,exact_name_pos,Arian Smith,438.4,,,unmatched,,,,unmatched,,,unmatched,,,,1,438.4,438.4,438.4,438.4,0.0,-5.600000000000023,,Sleeper,-5.600000000000023
445,151,5,Deion Burks,WR,IND,6.0,ACT,True,"https://static.www.nfl.com/image/upload/f_auto,q_auto/league/mbejyq733jilg3bkpzur","https://static.www.nfl.com/image/upload/f_auto,q_auto/league/mbejyq733jilg3bkpzur",3.0,3.24,,,0.0,0.0,0.0,0.0,0.0,0.0,0.0,0.0,0.0,deion burks,WR,IND,445,exact_name_pos,Deion Burks,,670.0,,unmatched,,,,unmatched,,,unmatched,,,,0,,,,,,,,,
446,161,5,Dalevon Campbell,WR,LAC,7.0,W04,False,"https://static.www.nfl.com/image/upload/f_auto,q_auto/league/dgfltlpm8wahq2trfxag","https://static.www.nfl.com/image/upload/f_auto,q_auto/league/dgfltlpm8wahq2trfxag",3.0,3.24,,,0.0,0.0,0.0,0.0,0.0,0.0,0.0,0.0,0.0,dalevon campbell,WR,LAC,446,unmatched,,,,,unmatched,,,,unmatched,,,unmatched,,,,0,,,,,,,,,
447,152,5,Laquon Treadwell,WR,IND,5.0,ACT,False,"https://static.www.nfl.com/image/upload/f_auto,q_auto/league/xspi3oy2wlnszorzn6vk","https://static.www.nfl.com/image/upload/f_auto,q_auto/league/xspi3oy2wlnszorzn6vk",3.0,3.24,,,0.0,0.0,0.0,0.0,0.0,0.0,0.0,0.0,0.0,laquon treadwell,WR,IND,447,exact_name_pos,Laquon Treadwell,645.4,676.3,,unmatched,,,,unmatched,,,unmatched,,,,1,645.4,645.4,645.4,645.4,0.0,198.39999999999998,,Sleeper,198.39999999999998
448,175,5,Tai Felton,WR,MIN,4.0,ACT,False,"https://static.www.nfl.com/image/upload/f_auto,q_auto/league/pyritorbaz2enqayclln","https://static.www.nfl.com/image/upload/f_auto,q_auto/league/pyritorbaz2enqayclln",3.0,3.24,,,0.0,0.0,0.0,0.0,0.0,0.0,0.0,0.0,0.0,tai felton,WR,MIN,448,exact_name_pos,Tai Felton,692.7,700.0,,unmatched,,,,unmatched,,,unmatched,,,,1,692.7,692.7,692.7,692.7,0.0,244.70000000000005,,Sleeper,244.70000000000005
449,160,5,Brenen Thompson,WR,LAC,4.0,ACT,True,"https://static.www.nfl.com/image/upload/f_auto,q_auto/league/khlvgjk60vz6ghkwpmak","https://static.www.nfl.com/image/upload/f_auto,q_auto/league/khlvgjk60vz6ghkwpmak",3.0,3.24,,,0.0,0.0,0.0,0.0,0.0,0.0,0.0,0.0,0.0,brenen thompson,WR,LAC,449,exact_name_pos,Brenen Thompson,,662.8,,unmatched,,,,unmatched,,,unmatched,,,,0,,,,,,,,,
450,150,5,Jared Wayne,WR,HOU,5.0,ACT,False,"https://static.www.nfl.com/image/upload/f_auto,q_auto/league/ykhrjnmqsqyprplhy6pl","https://static.www.nfl.com/image/upload/f_auto,q_auto/league/ykhrjnmqsqyprplhy6pl",3.0,3.24,,,0.0,0.0,0.0,0.0,0.0,0.0,0.0,0.0,0.0,jared wayne,WR,HOU,450,exact_name_pos,Jared Wayne,682.0,675.0,,unmatched,,,,unmatched,,,unmatched,,,,1,682.0,682.0,682.0,682.0,0.0,232.0,,Sleeper,232.0
451,100,5,Ameer Abdullah,RB,JAX,4.0,ACT,False,"https://static.www.nfl.com/image/upload/f_auto,q_auto/league/k8teyeiqchljlm0h5te4","https://static.www.nfl.com/image/upload/f_auto,q_auto/league/k8teyeiqchljlm0h5te4",3.0,3.24,,,0.0,0.0,0.0,0.0,0.0,0.0,0.0,0.0,0.0,ameer abdullah,RB,JAX,451,exact_name_pos,Ameer Abdullah,612.4,598.8,,exact_name_pos,Ameer Abdullah,170.0,435.0,unmatched,,,unmatched,,,,2,391.2,391.2,170.0,612.4,442.4,-59.80000000000001,-16.0,Sleeper,161.39999999999998
452,178,5,Malachi Fields,WR,NYG,4.0,ACT,True,"https://static.www.nfl.com/image/upload/f_auto,q_auto/league/tpls1aptxx9x8xaqvjtj","https://static.www.nfl.com/image/upload/f_auto,q_auto/league/tpls1aptxx9x8xaqvjtj",3.0,3.24,,,0.0,0.0,0.0,0.0,0.0,0.0,0.0,0.0,0.0,malachi fields,WR,NYG,452,exact_name_pos,Malachi Fields,218.2,199.2,210.2,exact_name_pos,Malachi Fields,170.41,293.0,unmatched,,,unmatched,,,,2,194.305,194.305,170.41,218.2,47.78999999999999,-257.695,-159.0,Sleeper,-233.8
453,153,5,C.J. Williams,WR,JAX,6.0,ACT,True,"https://static.www.nfl.com/image/upload/f_auto,q_auto/league/svmb2citno2f6zqc9qbm","https://static.www.nfl.com/image/upload/f_auto,q_auto/league/svmb2citno2f6zqc9qbm",3.0,3.24,,,0.0,0.0,0.0,0.0,0.0,0.0,0.0,0.0,0.0,c j williams,WR,JAX,453,fuzzy_0.997,CJ Williams,,285.0,,unmatched,,,,unmatched,,,unmatched,,,,0,,,,,,,,,
454,154,5,Josh Cameron,WR,JAX,5.0,ACT,True,"https://static.www.nfl.com/image/upload/f_auto,q_auto/league/jwb3wyhoqqq52mfiyxxc","https://static.www.nfl.com/image/upload/f_auto,q_auto/league/jwb3wyhoqqq52mfiyxxc",3.0,3.24,,,0.0,0.0,0.0,0.0,0.0,0.0,0.0,0.0,0.0,josh cameron,WR,JAX,454,exact_name_pos,Josh Cameron,,655.8,,unmatched,,,,unmatched,,,unmatched,,,,0,,,,,,,,,
455,176,5,Efton Chism III,WR,NE,6.0,ACT,False,"https://static.www.nfl.com/image/upload/f_auto,q_auto/league/zbnf3ujmwprzgjnwdtlo","https://static.www.nfl.com/image/upload/f_auto,q_auto/league/zbnf3ujmwprzgjnwdtlo",3.0,3.24,,,0.0,0.0,0.0,0.0,0.0,0.0,0.0,0.0,0.0,efton chism,WR,NE,455,exact_name_pos,Efton Chism,,572.4,,unmatched,,,,unmatched,,,unmatched,,,,0,,,,,,,,,
456,159,5,Tutu Atwell,WR,LA,5.0,ACT,False,"https://static.www.nfl.com/image/upload/f_auto,q_auto/league/tl2aa9ucbtcwhr1yk3tf","https://static.www.nfl.com/image/upload/f_auto,q_auto/league/tl2aa9ucbtcwhr1yk3tf",3.0,3.24,,,0.0,0.0,0.0,0.0,0.0,0.0,0.0,0.0,0.0,tutu atwell,WR,LA,456,exact_name_pos,Tutu Atwell,,690.5,,unmatched,,,,unmatched,,,unmatched,,,,0,,,,,,,,,
457,155,5,Cyrus Allen,WR,KC,5.0,ACT,True,"https://static.www.nfl.com/image/upload/f_auto,q_auto/league/qput6hanukjbatuao8ca","https://static.www.nfl.com/image/upload/f_auto,q_auto/league/qput6hanukjbatuao8ca",3.0,3.24,,,0.0,0.0,0.0,0.0,0.0,0.0,0.0,0.0,0.0,cyrus allen,WR,KC,457,exact_name_pos,Cyrus Allen,177.1,182.0,,unmatched,,,,unmatched,,,unmatched,,,,1,177.1,177.1,177.1,177.1,0.0,-279.9,,Sleeper,-279.9
458,101,5,EJ Smith,RB,KC,4.0,W04,True,"https://static.www.nfl.com/image/upload/f_auto,q_auto/league/cbrhecognbp6bxwgtqyh","https://static.www.nfl.com/image/upload/f_auto,q_auto/league/cbrhecognbp6bxwgtqyh",3.0,3.24,,,0.0,0.0,0.0,0.0,0.0,0.0,0.0,0.0,0.0,ej smith,RB,KC,458,exact_name_pos,EJ Smith,,639.0,,unmatched,,,,unmatched,,,unmatched,,,,0,,,,,,,,,
459,156,5,Jalen Royals,WR,KC,4.0,ACT,False,"https://static.www.nfl.com/image/upload/f_auto,q_auto/league/sqrid1hnmwqymcp2vxfx","https://static.www.nfl.com/image/upload/f_auto,q_auto/league/sqrid1hnmwqymcp2vxfx",3.0,3.24,,,0.0,0.0,0.0,0.0,0.0,0.0,0.0,0.0,0.0,jalen royals,WR,KC,459,exact_name_pos,Jalen Royals,,686.3,,unmatched,,,,unmatched,,,unmatched,,,,0,,,,,,,,,
460,157,5,Nikko Remigio,WR,KC,6.0,ACT,False,"https://static.www.nfl.com/image/upload/f_auto,q_auto/league/n6b1tsy32fswbd0xgsim","https://static.www.nfl.com/image/upload/f_auto,q_auto/league/n6b1tsy32fswbd0xgsim",3.0,3.24,,,0.0,0.0,0.0,0.0,0.0,0.0,0.0,0.0,0.0,nikko remigio,WR,KC,460,exact_name_pos,Nikko Remigio,,498.0,,unmatched,,,,unmatched,,,unmatched,,,,0,,,,,,,,,
461,102,5,Jermar Jefferson,RB,MIN,5.0,W04,False,"https://static.www.nfl.com/image/upload/f_auto,q_auto/league/bkgrgirrdwlm05vqg74b","https://static.www.nfl.com/image/upload/f_auto,q_auto/league/bkgrgirrdwlm05vqg74b",3.0,3.24,,,0.0,0.0,0.0,0.0,0.0,0.0,0.0,0.0,0.0,jermar jefferson,RB,MIN,461,exact_name_pos,Jermar Jefferson,653.9,611.5,,unmatched,,,,unmatched,,,unmatched,,,,1,653.9,653.9,653.9,653.9,0.0,192.89999999999998,,Sleeper,192.89999999999998
462,103,5,Dominic Richardson,RB,NYJ,6.0,W04,True,"https://static.www.nfl.com/image/upload/f_auto,q_auto/league/o3embvhnbegqqvltpyug","https://static.www.nfl.com/image/upload/f_auto,q_auto/league/o3embvhnbegqqvltpyug",3.0,3.24,,,0.0,0.0,0.0,0.0,0.0,0.0,0.0,0.0,0.0,dominic richardson,RB,NYJ,462,exact_name_pos,Dominic Richardson,417.3,,,unmatched,,,,unmatched,,,unmatched,,,,1,417.3,417.3,417.3,417.3,0.0,-44.69999999999999,,Sleeper,-44.69999999999999
463,165,5,Dareke Young,WR,LV,5.0,ACT,False,"https://static.www.nfl.com/image/upload/f_auto,q_auto/league/xd0585sr1fy1wpry0ued","https://static.www.nfl.com/image/upload/f_auto,q_auto/league/xd0585sr1fy1wpry0ued",3.0,3.24,,,0.0,0.0,0.0,0.0,0.0,0.0,0.0,0.0,0.0,dareke young,WR,LV,463,exact_name_pos,Dareke Young,676.0,,,unmatched,,,,unmatched,,,unmatched,,,,1,676.0,676.0,676.0,676.0,0.0,213.0,,Sleeper,213.0
464,169,5,Chris Bell,WR,MIA,4.0,ACT,True,"https://static.www.nfl.com/image/upload/f_auto,q_auto/league/zgbku18zemqyryvyahd4","https://static.www.nfl.com/image/upload/f_auto,q_auto/league/zgbku18zemqyryvyahd4",3.0,3.24,,,0.0,0.0,0.0,0.0,0.0,0.0,0.0,0.0,0.0,chris bell,WR,MIA,464,exact_name_pos,Chris Bell,240.9,215.3,202.9,exact_name_pos,Chris Bell,170.54,332.0,unmatched,,,unmatched,,,,2,205.72,205.72,170.54,240.9,70.36000000000001,-258.28,-132.0,Sleeper,-223.1
465,97,5,Tyler Badie,RB,DEN,4.0,ACT,False,"https://static.www.nfl.com/image/upload/f_auto,q_auto/league/ghhul5piv9vzeih6atsj","https://static.www.nfl.com/image/upload/f_auto,q_auto/league/ghhul5piv9vzeih6atsj",3.0,3.24,,,0.0,0.0,0.0,0.0,0.0,0.0,0.0,0.0,0.0,tyler badie,RB,DEN,465,exact_name_pos,Tyler Badie,,474.5,,exact_name_pos,Tyler Badie,170.05,433.0,unmatched,,,unmatched,,,,1,170.05,170.05,170.05,170.05,0.0,-294.95,-32.0,ESPN,-294.95
466,182,5,Ben Skowronek,WR,PIT,5.0,ACT,False,"https://static.www.nfl.com/image/upload/f_auto,q_auto/league/etozk8ja4u8lpjcvvo6l","https://static.www.nfl.com/image/upload/f_auto,q_auto/league/etozk8ja4u8lpjcvvo6l",3.0,3.24,,,0.0,0.0,0.0,0.0,0.0,0.0,0.0,0.0,0.0,ben skowronek,WR,PIT,466,exact_name_pos,Ben Skowronek,667.7,654.6,,unmatched,,,,unmatched,,,unmatched,,,,1,667.7,667.7,667.7,667.7,0.0,201.70000000000005,,Sleeper,201.70000000000005
467,98,5,Jabari Small,RB,DET,5.0,ACT,False,"https://static.www.nfl.com/image/upload/f_auto,q_auto/league/jevnypgyk9xm7tcfldvi","https://static.www.nfl.com/image/upload/f_auto,q_auto/league/jevnypgyk9xm7tcfldvi",3.0,3.24,,,0.0,0.0,0.0,0.0,0.0,0.0,0.0,0.0,0.0,jabari small,RB,DET,467,exact_name_pos,Jabari Small,491.0,,,unmatched,,,,unmatched,,,unmatched,,,,1,491.0,491.0,491.0,491.0,0.0,24.0,,Sleeper,24.0
468,99,5,Jacob Saylors,RB,DET,4.0,ACT,False,"https://static.www.nfl.com/image/upload/f_auto,q_auto/league/wunm6abfmikwaewmwkp7","https://static.www.nfl.com/image/upload/f_auto,q_auto/league/wunm6abfmikwaewmwkp7",3.0,3.24,,,0.0,0.0,0.0,0.0,0.0,0.0,0.0,0.0,0.0,jacob saylors,RB,DET,468,exact_name_pos,Jacob Saylors,556.7,492.8,,exact_name_pos,Jacob Saylors,170.09,345.0,unmatched,,,unmatched,,,,2,363.39500000000004,363.39500000000004,170.09,556.7,386.61,-104.60499999999996,-123.0,Sleeper,88.70000000000005
469,146,5,Tay Martin,WR,DET,4.0,ACT,False,"https://static.www.nfl.com/image/upload/f_auto,q_auto/league/ttdp5v9tl0zqmb0dmmuv","https://static.www.nfl.com/image/upload/f_auto,q_auto/league/ttdp5v9tl0zqmb0dmmuv",3.0,3.24,,,0.0,0.0,0.0,0.0,0.0,0.0,0.0,0.0,0.0,tay martin,WR,DET,469,exact_name_pos,Tay Martin,534.0,,,unmatched,,,,unmatched,,,unmatched,,,,1,534.0,534.0,534.0,534.0,0.0,65.0,,Sleeper,65.0
470,147,5,Bo Melton,WR,GB,4.0,ACT,False,"https://static.www.nfl.com/image/upload/f_auto,q_auto/league/d7hxvsyeufobjykcxhls","https://static.www.nfl.com/image/upload/f_auto,q_auto/league/d7hxvsyeufobjykcxhls",3.0,3.24,,,0.0,0.0,0.0,0.0,0.0,0.0,0.0,0.0,0.0,bo melton,WR,GB,470,exact_name_pos,Bo Melton,695.0,667.8,,unmatched,,,,unmatched,,,unmatched,,,,1,695.0,695.0,695.0,695.0,0.0,225.0,,Sleeper,225.0
471,170,5,Kevin Coleman Jr.,WR,MIA,5.0,ACT,True,"https://static.www.nfl.com/image/upload/f_auto,q_auto/league/nqqd4zjnxephjb4qziww","https://static.www.nfl.com/image/upload/f_auto,q_auto/league/nqqd4zjnxephjb4qziww",3.0,3.24,,,0.0,0.0,0.0,0.0,0.0,0.0,0.0,0.0,0.0,kevin coleman,WR,MIA,471,exact_name_pos,Kevin Coleman,,674.7,,exact_name_pos,Kevin Coleman Jr.,170.06,391.0,unmatched,,,unmatched,,,,1,170.06,170.06,170.06,170.06,0.0,-300.94,-80.0,ESPN,-300.94
472,168,5,A.J. Henning,WR,MIA,8.0,ACT,False,"https://static.www.nfl.com/image/upload/f_auto,q_auto/league/ijwatff81qf3jmikcryt","https://static.www.nfl.com/image/upload/f_auto,q_auto/league/ijwatff81qf3jmikcryt",3.0,3.24,,,0.0,0.0,0.0,0.0,0.0,0.0,0.0,0.0,0.0,a j henning,WR,MIA,472,fuzzy_0.992,AJ Henning,686.6,489.0,,unmatched,,,,unmatched,,,unmatched,,,,1,686.6,686.6,686.6,686.6,0.0,214.60000000000002,,Sleeper,214.60000000000002
473,104,5,Kene Nwangwu,RB,NYJ,4.0,ACT,False,"https://static.www.nfl.com/image/upload/f_auto,q_auto/league/rlnqgz517fsohrndgjrb","https://static.www.nfl.com/image/upload/f_auto,q_auto/league/rlnqgz517fsohrndgjrb",3.0,3.24,,,0.0,0.0,0.0,0.0,0.0,0.0,0.0,0.0,0.0,kene nwangwu,RB,NYJ,473,exact_name_pos,Kene Nwangwu,,696.0,,exact_name_pos,Kene Nwangwu,170.1,405.0,unmatched,,,unmatched,,,,1,170.1,170.1,170.1,170.1,0.0,-302.9,-68.0,ESPN,-302.9
474,167,5,Malik Benson,WR,LV,4.0,ACT,True,"https://static.www.nfl.com/image/upload/f_auto,q_auto/league/tndlq4zmq6r9nsvmzih6","https://static.www.nfl.com/image/upload/f_auto,q_auto/league/tndlq4zmq6r9nsvmzih6",3.0,3.24,,,0.0,0.0,0.0,0.0,0.0,0.0,0.0,0.0,0.0,malik benson,WR,LV,474,exact_name_pos,Malik Benson,,543.5,,unmatched,,,,unmatched,,,unmatched,,,,0,,,,,,,,,
475,177,5,Barion Brown,WR,NO,4.0,ACT,True,"https://static.www.nfl.com/image/upload/f_auto,q_auto/league/zakfmezzed4qotdrmbpc","https://static.www.nfl.com/image/upload/f_auto,q_auto/league/zakfmezzed4qotdrmbpc",3.0,3.24,,,0.0,0.0,0.0,0.0,0.0,0.0,0.0,0.0,0.0,barion brown,WR,NO,475,exact_name_pos,Barion Brown,,668.3,,unmatched,,,,unmatched,,,unmatched,,,,0,,,,,,,,,
476,171,5,Ryan Miller,WR,MIA,6.0,ACT,False,"https://static.www.nfl.com/image/upload/f_auto,q_auto/league/cyn2sjaozsadlvgarg6p","https://static.www.nfl.com/image/upload/f_auto,q_auto/league/cyn2sjaozsadlvgarg6p",3.0,3.24,,,0.0,0.0,0.0,0.0,0.0,0.0,0.0,0.0,0.0,ryan miller,WR,MIA,476,exact_name_pos,Ryan Miller,639.7,399.0,,unmatched,,,,unmatched,,,unmatched,,,,1,639.7,639.7,639.7,639.7,0.0,163.70000000000005,,Sleeper,163.70000000000005
477,148,5,J. Michael Sturdivant,WR,GB,6.0,ACT,True,"https://static.www.nfl.com/image/upload/f_auto,q_auto/league/jpcewjixipg3iuu2ucyq","https://static.www.nfl.com/image/upload/f_auto,q_auto/league/jpcewjixipg3iuu2ucyq",3.0,3.24,,,0.0,0.0,0.0,0.0,0.0,0.0,0.0,0.0,0.0,j michael sturdivant,WR,GB,477,exact_name_pos,J. Michael Sturdivant,683.9,601.3,,unmatched,,,,unmatched,,,unmatched,,,,1,683.9,683.9,683.9,683.9,0.0,206.89999999999998,,Sleeper,206.89999999999998
478,166,5,Dont'e Thornton Jr.,WR,LV,6.0,ACT,False,"https://static.www.nfl.com/image/upload/f_auto,q_auto/league/hlxztd3lpjaxtzojuxwh","https://static.www.nfl.com/image/upload/f_auto,q_auto/league/hlxztd3lpjaxtzojuxwh",3.0,3.24,,,0.0,0.0,0.0,0.0,0.0,0.0,0.0,0.0,0.0,dont e thornton,WR,LV,478,exact_name_pos,Dont'e Thornton,,677.0,,unmatched,,,,unmatched,,,unmatched,,,,0,,,,,,,,,
479,172,5,Dillon Bell,WR,MIN,6.0,ACT,True,"https://static.www.nfl.com/image/upload/f_auto,q_auto/league/b9v5ex8bfoum15d8v2gf","https://static.www.nfl.com/image/upload/f_auto,q_auto/league/b9v5ex8bfoum15d8v2gf",3.0,3.24,,,0.0,0.0,0.0,0.0,0.0,0.0,0.0,0.0,0.0,dillon bell,WR,MIN,479,exact_name_pos,Dillon Bell,,633.0,,unmatched,,,,unmatched,,,unmatched,,,,0,,,,,,,,,
480,173,5,Dontae Fleming,WR,MIN,7.0,W04,False,"https://static.www.nfl.com/image/upload/f_auto,q_auto/league/z31bqmrgzn9t5wsqtqoy","https://static.www.nfl.com/image/upload/f_auto,q_auto/league/z31bqmrgzn9t5wsqtqoy",3.0,3.24,,,0.0,0.0,0.0,0.0,0.0,0.0,0.0,0.0,0.0,dontae fleming,WR,MIN,480,exact_name_pos,Dontae Fleming,534.8,,,unmatched,,,,unmatched,,,unmatched,,,,1,534.8,534.8,534.8,534.8,0.0,54.799999999999955,,Sleeper,54.799999999999955
481,149,5,Skyy Moore,WR,GB,5.0,ACT,False,"https://static.www.nfl.com/image/upload/f_auto,q_auto/league/id9k0aylvgyq8lulabe3","https://static.www.nfl.com/image/upload/f_auto,q_auto/league/id9k0aylvgyq8lulabe3",3.0,3.24,,,0.0,0.0,0.0,0.0,0.0,0.0,0.0,0.0,0.0,skyy moore,WR,GB,481,exact_name_pos,Skyy Moore,685.4,608.2,,unmatched,,,,unmatched,,,unmatched,,,,1,685.4,685.4,685.4,685.4,0.0,204.39999999999998,,Sleeper,204.39999999999998
482,114,5,Bryson Nesbit,TE,MIN,5.0,W04,False,"https://static.www.nfl.com/image/upload/f_auto,q_auto/league/xv1e25hi4dhzfzni0gui","https://static.www.nfl.com/image/upload/f_auto,q_auto/league/xv1e25hi4dhzfzni0gui",3.0,2.82,,,0.0,0.0,0.0,0.0,0.0,0.0,0.0,0.0,0.0,bryson nesbit,TE,MIN,482,exact_name_pos,Bryson Nesbit,651.0,,,unmatched,,,,unmatched,,,unmatched,,,,1,651.0,651.0,651.0,651.0,0.0,169.0,,Sleeper,169.0
483,99,5,Josh Cuevas,TE,BAL,4.0,ACT,True,"https://static.www.nfl.com/image/upload/f_auto,q_auto/league/maktufaiogxfm5ewjsi9","https://static.www.nfl.com/image/upload/f_auto,q_auto/league/maktufaiogxfm5ewjsi9",3.0,2.82,,,0.0,0.0,0.0,0.0,0.0,0.0,0.0,0.0,0.0,josh cuevas,TE,BAL,483,exact_name_pos,Josh Cuevas,697.1,671.5,,unmatched,,,,unmatched,,,unmatched,,,,1,697.1,697.1,697.1,697.1,0.0,214.10000000000002,,Sleeper,214.10000000000002
484,125,5,David Martin-Robinson,TE,TEN,4.0,ACT,False,"https://static.www.nfl.com/image/upload/f_auto,q_auto/league/imh2h5q6jmoqno5xlpwm","https://static.www.nfl.com/image/upload/f_auto,q_auto/league/imh2h5q6jmoqno5xlpwm",3.0,2.82,,,0.0,0.0,0.0,0.0,0.0,0.0,0.0,0.0,0.0,david martin robinson,TE,TEN,484,unmatched,,,,,unmatched,,,,unmatched,,,unmatched,,,,0,,,,,,,,,
485,100,5,Keleki Latu,TE,BUF,4.0,ACT,False,"https://static.www.nfl.com/image/upload/f_auto,q_auto/league/vebjjfyrrrbwaqjlyvun","https://static.www.nfl.com/image/upload/f_auto,q_auto/league/vebjjfyrrrbwaqjlyvun",3.0,2.82,,,0.0,0.0,0.0,0.0,0.0,0.0,0.0,0.0,0.0,keleki latu,TE,BUF,485,exact_name_pos,Keleki Latu,676.0,,,unmatched,,,,unmatched,,,unmatched,,,,1,676.0,676.0,676.0,676.0,0.0,191.0,,Sleeper,191.0
486,112,5,Max Klare,TE,LA,4.0,ACT,True,,,3.0,2.82,,,0.0,0.0,0.0,0.0,0.0,0.0,0.0,0.0,0.0,max klare,TE,LA,486,exact_name_pos,Max Klare,248.8,694.2,211.5,exact_name_pos,Max Klare,169.99,471.0,unmatched,,,unmatched,,,,2,209.395,209.395,169.99,248.8,78.81,-276.605,-15.0,Sleeper,-237.2
487,115,5,Gavin Bartholomew,TE,MIN,4.0,ACT,False,"https://static.www.nfl.com/image/upload/f_auto,q_auto/league/vezjblfvo9gduiyonlum","https://static.www.nfl.com/image/upload/f_auto,q_auto/league/vezjblfvo9gduiyonlum",3.0,2.82,,,0.0,0.0,0.0,0.0,0.0,0.0,0.0,0.0,0.0,gavin bartholomew,TE,MIN,487,exact_name_pos,Gavin Bartholomew,667.2,,,unmatched,,,,unmatched,,,unmatched,,,,1,667.2,667.2,667.2,667.2,0.0,180.20000000000005,,Sleeper,180.20000000000005
488,116,5,Tanner Arkin,TE,NE,4.0,ACT,True,"https://static.www.nfl.com/image/upload/f_auto,q_auto/league/vgc4lne9seywphzadlav","https://static.www.nfl.com/image/upload/f_auto,q_auto/league/vgc4lne9seywphzadlav",3.0,2.82,,,0.0,0.0,0.0,0.0,0.0,0.0,0.0,0.0,0.0,tanner arkin,TE,NE,488,exact_name_pos,Tanner Arkin,593.5,,,unmatched,,,,unmatched,,,unmatched,,,,1,593.5,593.5,593.5,593.5,0.0,105.5,,Sleeper,105.5
489,126,5,Colson Yankoff,TE,WAS,4.0,ACT,False,"https://static.www.nfl.com/image/upload/f_auto,q_auto/league/cgsxdjqy6l2zuqaftbd6","https://static.www.nfl.com/image/upload/f_auto,q_auto/league/cgsxdjqy6l2zuqaftbd6",3.0,2.82,,,0.0,0.0,0.0,0.0,0.0,0.0,0.0,0.0,0.0,colson yankoff,TE,WAS,489,exact_name_pos,Colson Yankoff,,678.1,,unmatched,,,,unmatched,,,unmatched,,,,0,,,,,,,,,
490,113,5,Ben Sims,TE,MIA,4.0,ACT,False,"https://static.www.nfl.com/image/upload/f_auto,q_auto/league/rigksrncrdjmbhvfuclp","https://static.www.nfl.com/image/upload/f_auto,q_auto/league/rigksrncrdjmbhvfuclp",3.0,2.82,,,0.0,0.0,0.0,0.0,0.0,0.0,0.0,0.0,0.0,ben sims,TE,MIA,490,exact_name_pos,Ben Sims,468.0,677.2,,unmatched,,,,unmatched,,,unmatched,,,,1,468.0,468.0,468.0,468.0,0.0,-22.0,,Sleeper,-22.0
491,127,5,Quentin Moore,TE,WAS,5.0,W04,True,"https://static.www.nfl.com/image/upload/f_auto,q_auto/league/uavxcxg6tgw0pchu2osh","https://static.www.nfl.com/image/upload/f_auto,q_auto/league/uavxcxg6tgw0pchu2osh",3.0,2.82,,,0.0,0.0,0.0,0.0,0.0,0.0,0.0,0.0,0.0,quentin moore,TE,WAS,491,exact_name_pos,Quentin Moore,545.0,,,unmatched,,,,unmatched,,,unmatched,,,,1,545.0,545.0,545.0,545.0,0.0,54.0,,Sleeper,54.0
492,102,5,Hayden Large,TE,CHI,4.0,ACT,True,"https://static.www.nfl.com/image/upload/f_auto,q_auto/league/gbhffvvzh3nnzpno5hhw","https://static.www.nfl.com/image/upload/f_auto,q_auto/league/gbhffvvzh3nnzpno5hhw",3.0,2.82,,,0.0,0.0,0.0,0.0,0.0,0.0,0.0,0.0,0.0,hayden large,TE,CHI,492,exact_name_pos,Hayden Large,632.5,,,unmatched,,,,unmatched,,,unmatched,,,,1,632.5,632.5,632.5,632.5,0.0,140.5,,Sleeper,140.5
493,101,5,Feleipe Franks,TE,CAR,5.0,ACT,False,"https://static.www.nfl.com/image/upload/f_auto,q_auto/league/nbn1wxlh6los4y2am3ro","https://static.www.nfl.com/image/upload/f_auto,q_auto/league/nbn1wxlh6los4y2am3ro",3.0,2.82,,,0.0,0.0,0.0,0.0,0.0,0.0,0.0,0.0,0.0,feleipe franks,TE,CAR,493,exact_name_pos,Feleipe Franks,,396.0,,unmatched,,,,unmatched,,,unmatched,,,,0,,,,,,,,,
494,104,5,DJ Rogers,TE,DAL,5.0,W04,True,"https://static.www.nfl.com/image/upload/f_auto,q_auto/league/wzblmzyldhnpb4kvraci","https://static.www.nfl.com/image/upload/f_auto,q_auto/league/wzblmzyldhnpb4kvraci",3.0,2.82,,,0.0,0.0,0.0,0.0,0.0,0.0,0.0,0.0,0.0,dj rogers,TE,DAL,494,unmatched,,,,,unmatched,,,,unmatched,,,unmatched,,,,0,,,,,,,,,
495,108,5,Thomas Yassmin,TE,GB,6.0,W04,False,"https://static.www.nfl.com/image/upload/f_auto,q_auto/league/dojmdkrk14lr14g8wr3o","https://static.www.nfl.com/image/upload/f_auto,q_auto/league/dojmdkrk14lr14g8wr3o",3.0,2.82,,,0.0,0.0,0.0,0.0,0.0,0.0,0.0,0.0,0.0,thomas yassmin,TE,GB,495,exact_name_pos,Thomas Yassmin,628.9,,,unmatched,,,,unmatched,,,unmatched,,,,1,628.9,628.9,628.9,628.9,0.0,133.89999999999998,,Sleeper,133.89999999999998
496,122,5,Nick Kallerup,TE,SEA,4.0,ACT,False,"https://static.www.nfl.com/image/upload/f_auto,q_auto/league/eetx8ba2ztsmk9wabbzp","https://static.www.nfl.com/image/upload/f_auto,q_auto/league/eetx8ba2ztsmk9wabbzp",3.0,2.82,,,0.0,0.0,0.0,0.0,0.0,0.0,0.0,0.0,0.0,nick kallerup,TE,SEA,496,exact_name_pos,Nick Kallerup,414.0,,,unmatched,,,,unmatched,,,unmatched,,,,1,414.0,414.0,414.0,414.0,0.0,-82.0,,Sleeper,-82.0
497,120,5,Jelani Woods,TE,NYJ,4.0,ACT,False,"https://static.www.nfl.com/image/upload/f_auto,q_auto/league/bnezem4laynlarqnpyc5","https://static.www.nfl.com/image/upload/f_auto,q_auto/league/bnezem4laynlarqnpyc5",3.0,2.82,,,0.0,0.0,0.0,0.0,0.0,0.0,0.0,0.0,0.0,jelani woods,TE,NYJ,497,exact_name_pos,Jelani Woods,243.0,307.0,,unmatched,,,,unmatched,,,unmatched,,,,1,243.0,243.0,243.0,243.0,0.0,-254.0,,Sleeper,-254.0
498,106,5,Mark Redman,TE,GB,4.0,ACT,False,"https://static.www.nfl.com/image/upload/f_auto,q_auto/league/m20wrukxvkgbvs70qpai","https://static.www.nfl.com/image/upload/f_auto,q_auto/league/m20wrukxvkgbvs70qpai",3.0,2.82,,,0.0,0.0,0.0,0.0,0.0,0.0,0.0,0.0,0.0,mark redman,TE,GB,498,exact_name_pos,Mark Redman,323.1,,,unmatched,,,,unmatched,,,unmatched,,,,1,323.1,323.1,323.1,323.1,0.0,-174.89999999999998,,Sleeper,-174.89999999999998
499,123,5,Brayden Willis,TE,SF,4.0,ACT,False,"https://static.www.nfl.com/image/upload/f_auto,q_auto/league/sdifjifrgrvunhiigdub","https://static.www.nfl.com/image/upload/f_auto,q_auto/league/sdifjifrgrvunhiigdub",3.0,2.82,,,0.0,0.0,0.0,0.0,0.0,0.0,0.0,0.0,0.0,brayden willis,TE,SF,499,exact_name_pos,Brayden Willis,682.8,695.5,,unmatched,,,,unmatched,,,unmatched,,,,1,682.8,682.8,682.8,682.8,0.0,183.79999999999995,,Sleeper,183.79999999999995
500,111,5,Jake Briningstool,TE,KC,4.0,ACT,False,"https://static.www.nfl.com/image/upload/f_auto,q_auto/league/q7n84oth87v1glz5a5sz","https://static.www.nfl.com/image/upload/f_auto,q_auto/league/q7n84oth87v1glz5a5sz",3.0,2.82,,,0.0,0.0,0.0,0.0,0.0,0.0,0.0,0.0,0.0,jake briningstool,TE,KC,500,exact_name_pos,Jake Briningstool,536.6,692.8,,unmatched,,,,unmatched,,,unmatched,,,,1,536.6,536.6,536.6,536.6,0.0,36.60000000000002,,Sleeper,36.60000000000002
501,119,5,Chase Curtis,TE,NYJ,5.0,W04,True,"https://static.www.nfl.com/image/upload/f_auto,q_auto/league/ewonqlb329xgpuskooap","https://static.www.nfl.com/image/upload/f_auto,q_auto/league/ewonqlb329xgpuskooap",3.0,2.82,,,0.0,0.0,0.0,0.0,0.0,0.0,0.0,0.0,0.0,chase curtis,TE,NYJ,501,unmatched,,,,,unmatched,,,,unmatched,,,unmatched,,,,0,,,,,,,,,
502,103,5,Jack Endries,TE,CIN,4.0,ACT,True,"https://static.www.nfl.com/image/upload/f_auto,q_auto/league/wxtev9zj048yzxk8ebfu","https://static.www.nfl.com/image/upload/f_auto,q_auto/league/wxtev9zj048yzxk8ebfu",3.0,2.82,,,0.0,0.0,0.0,0.0,0.0,0.0,0.0,0.0,0.0,jack endries,TE,CIN,502,exact_name_pos,Jack Endries,,508.3,,unmatched,,,,unmatched,,,unmatched,,,,0,,,,,,,,,
503,121,5,E.J. Jenkins,TE,PHI,4.0,ACT,False,"https://static.www.nfl.com/image/upload/f_auto,q_auto/league/jmhuk0gcnyotcjhdxo6v","https://static.www.nfl.com/image/upload/f_auto,q_auto/league/jmhuk0gcnyotcjhdxo6v",3.0,2.82,,,0.0,0.0,0.0,0.0,0.0,0.0,0.0,0.0,0.0,e j jenkins,TE,PHI,503,exact_name_pos,E.J. Jenkins,359.3,593.5,,unmatched,,,,unmatched,,,unmatched,,,,1,359.3,359.3,359.3,359.3,0.0,-143.7,,Sleeper,-143.7
504,109,5,Marlin Klein,TE,HOU,4.0,ACT,True,"https://static.www.nfl.com/image/upload/f_auto,q_auto/league/ek2nzhrwqxl6psbm2iic","https://static.www.nfl.com/image/upload/f_auto,q_auto/league/ek2nzhrwqxl6psbm2iic",3.0,2.82,,,0.0,0.0,0.0,0.0,0.0,0.0,0.0,0.0,0.0,marlin klein,TE,HOU,504,exact_name_pos,Marlin Klein,,663.1,,unmatched,,,,unmatched,,,unmatched,,,,0,,,,,,,,,
505,118,5,Thomas Fidone II,TE,NYG,4.0,ACT,False,"https://static.www.nfl.com/image/upload/f_auto,q_auto/league/vbaqpkcxcfwh9dhzescy","https://static.www.nfl.com/image/upload/f_auto,q_auto/league/vbaqpkcxcfwh9dhzescy",3.0,2.82,,,0.0,0.0,0.0,0.0,0.0,0.0,0.0,0.0,0.0,thomas fidone,TE,NYG,505,exact_name_pos,Thomas Fidone,365.0,,,unmatched,,,,unmatched,,,unmatched,,,,1,365.0,365.0,365.0,365.0,0.0,-140.0,,Sleeper,-140.0
506,124,5,Bauer Sharp,TE,TB,4.0,ACT,True,"https://static.www.nfl.com/image/upload/f_auto,q_auto/league/xqj8rk6okp7eobbv5hps","https://static.www.nfl.com/image/upload/f_auto,q_auto/league/xqj8rk6okp7eobbv5hps",3.0,2.82,,,0.0,0.0,0.0,0.0,0.0,0.0,0.0,0.0,0.0,bauer sharp,TE,TB,506,exact_name_pos,Bauer Sharp,588.2,472.3,,unmatched,,,,unmatched,,,unmatched,,,,1,588.2,588.2,588.2,588.2,0.0,82.20000000000005,,Sleeper,82.20000000000005
507,110,5,Quintin Morris,TE,JAX,4.0,ACT,False,"https://static.www.nfl.com/image/upload/f_auto,q_auto/league/auqtvapzdtpdxg6myw6b","https://static.www.nfl.com/image/upload/f_auto,q_auto/league/auqtvapzdtpdxg6myw6b",3.0,2.82,,,0.0,0.0,0.0,0.0,0.0,0.0,0.0,0.0,0.0,quintin morris,TE,JAX,507,exact_name_pos,Quintin Morris,484.5,,,unmatched,,,,unmatched,,,unmatched,,,,1,484.5,484.5,484.5,484.5,0.0,-22.5,,Sleeper,-22.5
508,105,5,Dallen Bentley,TE,DEN,4.0,ACT,True,"https://static.www.nfl.com/image/upload/f_auto,q_auto/league/vaiszquqlgric9cfbwjf","https://static.www.nfl.com/image/upload/f_auto,q_auto/league/vaiszquqlgric9cfbwjf",3.0,2.82,,,0.0,0.0,0.0,0.0,0.0,0.0,0.0,0.0,0.0,dallen bentley,TE,DEN,508,exact_name_pos,Dallen Bentley,298.6,436.8,,unmatched,,,,unmatched,,,unmatched,,,,1,298.6,298.6,298.6,298.6,0.0,-209.39999999999998,,Sleeper,-209.39999999999998
509,117,5,Treyton Welch,TE,NO,4.0,ACT,False,"https://static.www.nfl.com/image/upload/f_auto,q_auto/league/rutsetwerjfsym9ohqrs","https://static.www.nfl.com/image/upload/f_auto,q_auto/league/rutsetwerjfsym9ohqrs",3.0,2.82,,,0.0,0.0,0.0,0.0,0.0,0.0,0.0,0.0,0.0,treyton welch,TE,NO,509,exact_name_pos,Treyton Welch,516.5,,,unmatched,,,,unmatched,,,unmatched,,,,1,516.5,516.5,516.5,516.5,0.0,7.5,,Sleeper,7.5
510,107,5,McCallan Castles,TE,GB,7.0,W04,False,"https://static.www.nfl.com/image/upload/f_auto,q_auto/league/r3amk2t7xokcd4rsohns","https://static.www.nfl.com/image/upload/f_auto,q_auto/league/r3amk2t7xokcd4rsohns",3.0,2.82,,,0.0,0.0,0.0,0.0,0.0,0.0,0.0,0.0,0.0,mccallan castles,TE,GB,510,exact_name_pos,McCallan Castles,,250.0,,unmatched,,,,unmatched,,,unmatched,,,,0,,,,,,,,,
511,88,5,Cole Payton,QB,PHI,4.0,ACT,True,"https://static.www.nfl.com/image/upload/f_auto,q_auto/league/qt8hajjwkvpynr8nwepz","https://static.www.nfl.com/image/upload/f_auto,q_auto/league/qt8hajjwkvpynr8nwepz",3.0,2.64,,,0.0,0.0,0.0,0.0,0.0,0.0,0.0,0.0,0.0,cole payton,QB,PHI,511,exact_name_pos,Cole Payton,,643.2,,unmatched,,,,unmatched,,,unmatched,,,,0,,,,,,,,,
512,89,5,Drew Allar,QB,PIT,4.0,ACT,True,"https://static.www.nfl.com/image/upload/f_auto,q_auto/league/sphuqnfrtzwsgeugeycz","https://static.www.nfl.com/image/upload/f_auto,q_auto/league/sphuqnfrtzwsgeugeycz",3.0,2.64,,,0.0,0.0,0.0,0.0,0.0,0.0,0.0,0.0,0.0,drew allar,QB,PIT,512,exact_name_pos,Drew Allar,699.6,656.9,,unmatched,,,,unmatched,,,unmatched,,,,1,699.6,699.6,699.6,699.6,0.0,187.60000000000002,,Sleeper,187.60000000000002
513,87,5,Jack Strand,QB,ATL,4.0,ACT,True,"https://static.www.nfl.com/image/upload/f_auto,q_auto/league/oadw9h9otuauaiv1vxvz","https://static.www.nfl.com/image/upload/f_auto,q_auto/league/oadw9h9otuauaiv1vxvz",3.0,2.64,,,0.0,0.0,0.0,0.0,0.0,0.0,0.0,0.0,0.0,jack strand,QB,ATL,513,exact_name_pos,Jack Strand,,687.7,,unmatched,,,,unmatched,,,unmatched,,,,0,,,,,,,,,
514,106,5,Michael Burton,RB,CLE,,ACT,False,"https://static.www.nfl.com/image/upload/f_auto,q_auto/league/ibyeabk3yu68mgipxklr","https://static.www.nfl.com/image/upload/f_auto,q_auto/league/ibyeabk3yu68mgipxklr",0.0,0.0,,,0.0,0.0,0.0,0.0,0.0,0.0,0.0,0.0,0.0,michael burton,RB,CLE,514,unmatched,,,,,unmatched,,,,unmatched,,,unmatched,,,,0,,,,,,,,,
515,110,5,Mike Washington Jr.,RB,LV,,ACT,True,"https://static.www.nfl.com/image/upload/f_auto,q_auto/league/ocdjq5ohmtgdghqdh5m4","https://static.www.nfl.com/image/upload/f_auto,q_auto/league/ocdjq5ohmtgdghqdh5m4",0.0,0.0,,,0.0,0.0,0.0,0.0,0.0,0.0,0.0,0.0,0.0,mike washington,RB,LV,515,exact_name_pos,Mike Washington,160.2,137.0,138.5,exact_name_pos,Mike Washington Jr.,163.97,198.0,exact_name_pos,Mike Washington Jr.,123.3,name_inside_cbs,M. Washington Jr.  RB  LV  Mike Washington Jr.  RB  LV,123.27,124.0,4,142.685,141.75,123.27,163.97,40.7,-372.315,-317.0,ESPN,-351.03
516,117,5,Brock Lampe,RB,SEA,,W04,False,"https://static.www.nfl.com/image/upload/f_auto,q_auto/league/qjprz2xsfvwi0zqrpyh1","https://static.www.nfl.com/image/upload/f_auto,q_auto/league/qjprz2xsfvwi0zqrpyh1",0.0,0.0,,,0.0,0.0,0.0,0.0,0.0,0.0,0.0,0.0,0.0,brock lampe,RB,SEA,516,unmatched,,,,,unmatched,,,,unmatched,,,unmatched,,,,0,,,,,,,,,
517,116,5,Brady Russell,RB,SEA,,ACT,False,"https://static.www.nfl.com/image/upload/f_auto,q_auto/league/vfz3osmr3fgeoyu5us80","https://static.www.nfl.com/image/upload/f_auto,q_auto/league/vfz3osmr3fgeoyu5us80",0.0,0.0,,,0.0,0.0,0.0,0.0,0.0,0.0,0.0,0.0,0.0,brady russell,RB,SEA,517,exact_name_pos,Brady Russell,636.0,540.9,,unmatched,,,,unmatched,,,unmatched,,,,1,636.0,636.0,636.0,636.0,0.0,119.0,,Sleeper,119.0
518,107,5,Hunter Luepke,RB,DAL,,ACT,False,"https://static.www.nfl.com/image/upload/f_auto,q_auto/league/m28qafff4o5vb3aaumiv","https://static.www.nfl.com/image/upload/f_auto,q_auto/league/m28qafff4o5vb3aaumiv",0.0,0.0,,,0.0,0.0,0.0,0.0,0.0,0.0,0.0,0.0,0.0,hunter luepke,RB,DAL,518,unmatched,,,,,unmatched,,,,unmatched,,,unmatched,,,,0,,,,,,,,,
519,129,5,Connor Hulstein,TE,NYJ,,W04,True,,,0.0,0.0,,,0.0,0.0,0.0,0.0,0.0,0.0,0.0,0.0,0.0,connor hulstein,TE,NYJ,519,exact_name_pos,Connor Hulstein,,661.7,,unmatched,,,,unmatched,,,unmatched,,,,0,,,,,,,,,
520,109,5,Connor Heyward,RB,LV,,ACT,False,"https://static.www.nfl.com/image/upload/f_auto,q_auto/league/nbbhxtutzvbj0ejljyyp","https://static.www.nfl.com/image/upload/f_auto,q_auto/league/nbbhxtutzvbj0ejljyyp",0.0,0.0,,,0.0,0.0,0.0,0.0,0.0,0.0,0.0,0.0,0.0,connor heyward,RB,LV,520,exact_name_team,Connor Heyward,682.0,612.2,,unmatched,,,,unmatched,,,unmatched,,,,1,682.0,682.0,682.0,682.0,0.0,162.0,,Sleeper,162.0
521,112,5,Max Bredeson,RB,MIN,,ACT,True,"https://static.www.nfl.com/image/upload/f_auto,q_auto/league/fl3inwpzgb7fgzpaezw1","https://static.www.nfl.com/image/upload/f_auto,q_auto/league/fl3inwpzgb7fgzpaezw1",0.0,0.0,,,0.0,0.0,0.0,0.0,0.0,0.0,0.0,0.0,0.0,max bredeson,RB,MIN,521,exact_name_pos,Max Bredeson,667.3,452.4,,unmatched,,,,unmatched,,,unmatched,,,,1,667.3,667.3,667.3,667.3,0.0,146.29999999999995,,Sleeper,146.29999999999995
522,115,5,Andrew Beck,RB,NYJ,,ACT,False,"https://static.www.nfl.com/image/upload/f_auto,q_auto/league/zv8xb3nfxamq7sqa1xqt","https://static.www.nfl.com/image/upload/f_auto,q_auto/league/zv8xb3nfxamq7sqa1xqt",0.0,0.0,,,0.0,0.0,0.0,0.0,0.0,0.0,0.0,0.0,0.0,andrew beck,RB,NYJ,522,exact_name_pos,Andrew Beck,614.0,664.3,,unmatched,,,,unmatched,,,unmatched,,,,1,614.0,614.0,614.0,614.0,0.0,92.0,,Sleeper,92.0
523,114,5,Patrick Ricard,RB,NYG,,ACT,False,"https://static.www.nfl.com/image/upload/f_auto,q_auto/league/nm7ezh46zd5bdxaxz6a9","https://static.www.nfl.com/image/upload/f_auto,q_auto/league/nm7ezh46zd5bdxaxz6a9",0.0,0.0,,,0.0,0.0,0.0,0.0,0.0,0.0,0.0,0.0,0.0,patrick ricard,RB,NYG,523,unmatched,,,,,unmatched,,,,unmatched,,,unmatched,,,,0,,,,,,,,,
524,118,5,Kyle Juszczyk,RB,SF,,ACT,False,"https://static.www.nfl.com/image/upload/f_auto,q_auto/league/tsejiiddtouukwyyqr9q","https://static.www.nfl.com/image/upload/f_auto,q_auto/league/tsejiiddtouukwyyqr9q",0.0,0.0,,,0.0,0.0,0.0,0.0,0.0,0.0,0.0,0.0,0.0,kyle juszczyk,RB,SF,524,unmatched,,,,,unmatched,,,,unmatched,,,unmatched,,,,0,,,,,,,,,
525,108,5,Alec Ingold,RB,LAC,,ACT,False,"https://static.www.nfl.com/image/upload/f_auto,q_auto/league/saqgxmq3xrr68byket0r","https://static.www.nfl.com/image/upload/f_auto,q_auto/league/saqgxmq3xrr68byket0r",0.0,0.0,,,0.0,0.0,0.0,0.0,0.0,0.0,0.0,0.0,0.0,alec ingold,RB,LAC,525,unmatched,,,,,unmatched,,,,unmatched,,,unmatched,,,,0,,,,,,,,,
526,113,5,Reggie Gilliam,RB,NE,,ACT,False,"https://static.www.nfl.com/image/upload/f_auto,q_auto/league/jjntivnnkczvlclkiwwm","https://static.www.nfl.com/image/upload/f_auto,q_auto/league/jjntivnnkczvlclkiwwm",0.0,0.0,,,0.0,0.0,0.0,0.0,0.0,0.0,0.0,0.0,0.0,reggie gilliam,RB,NE,526,exact_name_pos,Reggie Gilliam,,625.0,,unmatched,,,,unmatched,,,unmatched,,,,0,,,,,,,,,
527,128,5,Chris Manhertz,TE,NYG,,ACT,False,"https://static.www.nfl.com/image/upload/f_auto,q_auto/league/bw0kytk1nwrdln9t3wzg","https://static.www.nfl.com/image/upload/f_auto,q_auto/league/bw0kytk1nwrdln9t3wzg",0.0,0.0,,,0.0,0.0,0.0,0.0,0.0,0.0,0.0,0.0,0.0,chris manhertz,TE,NYG,527,exact_name_pos,Chris Manhertz,625.3,665.0,,unmatched,,,,unmatched,,,unmatched,,,,1,625.3,625.3,625.3,625.3,0.0,98.29999999999995,,Sleeper,98.29999999999995
528,111,5,DJ Herman,RB,MIA,,ACT,True,"https://static.www.nfl.com/image/upload/f_auto,q_auto/league/snacspvu9hic30y1vd8m","https://static.www.nfl.com/image/upload/f_auto,q_auto/league/snacspvu9hic30y1vd8m",0.0,0.0,,,0.0,0.0,0.0,0.0,0.0,0.0,0.0,0.0,0.0,dj herman,RB,MIA,528,unmatched,,,,,unmatched,,,,unmatched,,,unmatched,,,,0,,,,,,,,,
529,90,5,Max Brosmer,QB,MIN,4.0,ACT,False,"https://static.www.nfl.com/image/upload/f_auto,q_auto/league/fpveluufmy7buwrhpiny","https://static.www.nfl.com/image/upload/f_auto,q_auto/league/fpveluufmy7buwrhpiny",-0.8166666666666664,-0.7186666666666665,,,177.0,0.0,0.0,0.0,0.0,0.0,0.0,0.0,0.0,max brosmer,QB,MIN,529,exact_name_pos,Max Brosmer,,559.9,,unmatched,,,,unmatched,,,unmatched,,,,0,,,,,,,,,
